competition_group,electric_utility,gas_utility,building_type,time,remaining_below_baseline_stock,remaining_baseline_stock,remaining_efficient_stock,remaining_top10_stock,ret_er_below_baseline_stock,ret_er_baseline_stock,ret_er_efficient_stock,ret_er_top10_stock,rob_below_baseline_stock,rob_baseline_stock,rob_efficient_stock,rob_top10_stock
refrigeration,test_utility_1,test_utility_1,multifamily,0,0.0,0.0,0.0,0.0,0.0,0.0,0.0,0.0,0.0,0.0,0.0,0.0
refrigeration,test_utility_1,test_utility_1,multifamily,1,0.0,-3000.0,3000.0,0.0,0.0,-120.0,120.0,0.0,0.0,-60.0,60.0,0.0
refrigeration,test_utility_1,test_utility_1,multifamily,2,0.0,-5500.0,5500.0,0.0,0.0,-698.4000000000001,698.4000000000005,0.0,0.0,-99.19999999999993,99.20000000000016,0.0
refrigeration,test_utility_1,test_utility_1,multifamily,3,0.0,-7583.333333333333,7583.333333333334,0.0,0.0,-1492.9546666666665,1492.954666666667,0.0,0.0,-288.144,288.14400000000023,0.0
refrigeration,test_utility_1,test_utility_1,multifamily,4,0.0,-9319.444444444445,9319.444444444445,0.0,0.0,-2359.2859377777772,2359.2859377777786,0.0,0.0,-547.6985244444443,547.6985244444445,0.0
refrigeration,test_utility_1,test_utility_1,multifamily,5,0.0,-10766.203703703703,10766.203703703704,0.0,0.0,-3214.640886755555,3214.6408867555556,0.0,0.0,-830.7000730074071,830.7000730074075,0.0
refrigeration,test_utility_1,test_utility_1,multifamily,6,0.0,-11971.836419753085,11971.836419753086,0.0,0.0,-4014.599329964246,4014.599329964247,0.0,0.0,-1110.1160230068147,1110.1160230068149,0.0
refrigeration,test_utility_1,test_utility_1,multifamily,7,0.0,-12976.530349794239,12976.530349794239,0.0,0.0,-4738.177632202154,4738.177632202155,0.0,0.0,-1371.4357811216537,1371.4357811216537,0.0
refrigeration,test_utility_1,test_utility_1,multifamily,8,0.0,-13813.7752914952,13813.7752914952,0.0,0.0,-5378.364444671114,5378.364444671114,0.0,0.0,-1607.8046931860372,1607.8046931860372,0.0
refrigeration,test_utility_1,test_utility_1,multifamily,9,0.0,-14511.479409579333,14511.479409579335,0.0,0.0,-5936.160652434328,5936.160652434327,0.0,0.0,-1816.9323852592304,1816.9323852592304,0.0
refrigeration,test_utility_1,test_utility_1,multifamily,10,0.0,-15092.899507982776,15092.89950798278,0.0,0.0,-6416.871527853649,6416.871527853649,0.0,0.0,-1999.1458131285467,1999.1458131285465,0.0
refrigeration,test_utility_1,test_utility_1,multifamily,11,0.0,-15577.416256652315,15577.416256652315,0.0,0.0,-6827.839316194846,6827.839316194846,0.0,0.0,-2156.1780324321917,2156.1780324321917,0.0
refrigeration,test_utility_1,test_utility_1,multifamily,12,0.0,-15981.180213876927,15981.18021387693,0.0,0.0,-7177.091062689351,7177.091062689353,0.0,0.0,-2290.4275099569827,2290.427509956983,0.0
refrigeration,test_utility_1,test_utility_1,multifamily,13,0.0,-16317.650178230771,16317.650178230775,0.0,0.0,-7472.562863269864,7472.562863269865,0.0,0.0,-2404.5164138118544,2404.5164138118553,0.0
refrigeration,test_utility_1,test_utility_1,multifamily,14,0.0,-16598.041815192308,16598.041815192315,0.0,0.0,-7721.68276704144,7721.682767041441,0.0,0.0,-2501.037202001489,2501.0372020014893,0.0
refrigeration,test_utility_1,test_utility_1,multifamily,15,0.0,-16831.701512660256,16831.70151266026,0.0,0.0,-7931.173043665792,7931.173043665794,0.0,0.0,-2582.4163705668702,2582.4163705668707,0.0
refrigeration,test_utility_1,test_utility_1,multifamily,16,0.0,-17026.41792721688,17026.417927216888,0.0,0.0,-8106.983307305026,8106.983307305028,0.0,0.0,-2650.8498609308253,2650.8498609308253,0.0
refrigeration,test_utility_1,test_utility_1,multifamily,17,0.0,-17188.681606014066,17188.681606014074,0.0,0.0,-8254.298748642095,8254.298748642099,0.0,0.0,-2708.2812137196415,2708.281213719642,0.0
refrigeration,test_utility_1,test_utility_1,multifamily,18,0.0,-17323.901338345055,17323.901338345062,0.0,0.0,-8377.588783448513,8377.588783448517,0.0,0.0,-2756.4042578897506,2756.404257889752,0.0
refrigeration,test_utility_1,test_utility_1,multifamily,19,0.0,-17436.58444862088,17436.584448620884,0.0,0.0,-8480.674894910537,8480.67489491054,0.0,0.0,-2796.6790025931805,2796.679002593182,0.0
refrigeration,test_utility_1,test_utility_1,single_family,0,0.0,0.0,0.0,0.0,0.0,0.0,0.0,0.0,0.0,0.0,0.0,0.0
refrigeration,test_utility_1,test_utility_1,single_family,1,0.0,-4999.444444444444,2506.3642924993574,2493.080151945086,0.0,-199.9555555555553,100.24343106527067,99.71212449028508,0.0,-99.93333333333317,50.09943426322752,49.83389907010587
refrigeration,test_utility_1,test_utility_1,single_family,2,0.0,-9162.852158780286,4593.599493587246,4569.252665193043,0.0,-1163.6152911073464,583.3535802320102,580.2617108753361,0.0,-165.20637908167532,82.82267640428495,82.38370267739015
refrigeration,test_utility_1,test_utility_1,single_family,3,0.0,-12631.86197695462,6332.713196163452,6299.148780791168,0.0,-2486.8164660925854,1246.7121220919016,1240.1043440006856,0.0,-479.793509591585,240.53419006377794,239.2593195278073
refrigeration,test_utility_1,test_utility_1,single_family,4,0.0,-15522.456344458551,7781.850712805404,7740.6056316531485,0.0,-3929.1573509781692,1969.7988033543165,1959.358547623854,0.0,-911.7519296852493,457.08728351204513,454.664646173205
refrigeration,test_utility_1,test_utility_1,single_family,5,0.0,-17931.060535405755,8989.35278749347,8941.70774791229,0.0,-5352.936700914266,2683.580056998055,2669.356643916213,0.0,-1382.6028621303055,693.1383042372997,689.4645578930065
refrigeration,test_utility_1,test_utility_1,single_family,6,0.0,-19938.025159111196,9995.501475625095,9942.523683486104,0.0,-6684.277584853904,3351.0192674404943,3333.258317413411,0.0,-1847.3941787725848,926.1514664878551,921.2427122847305
refrigeration,test_utility_1,test_utility_1,single_family,7,0.0,-21610.316189205383,10833.868732441526,10776.447456763859,0.0,-7888.313539249778,3954.636880660826,3933.6766585889527,0.0,-2282.0089774577377,1144.036278394653,1137.9726990630852
refrigeration,test_utility_1,test_utility_1,single_family,8,0.0,-23003.739403588555,11532.431588310556,11471.307815278004,0.0,-8953.428826409252,4488.609595588825,4464.819230820427,0.0,-2675.0651938542874,1341.0865860175204,1333.9786078367674
refrigeration,test_utility_1,test_utility_1,single_family,9,0.0,-24164.797140564504,12114.502993608468,12050.294146956037,0.0,-9881.335118576664,4953.795522408802,4927.539596167861,0.0,-3022.7709025459317,1515.4013888415288,1507.3695137044028
refrigeration,test_utility_1,test_utility_1,single_family,10,0.0,-25132.237999294834,12599.508727819817,12532.72927147502,0.0,-10680.899140419682,5354.639803445155,5326.259336974528,0.0,-3325.684883680894,1667.2608193146802,1658.4240643662138
refrigeration,test_utility_1,test_utility_1,single_family,11,0.0,-25938.349219916694,13003.635306602955,12934.713913313743,0.0,-11364.369200671003,5697.282865697775,5667.086334973228,0.0,-3586.7016719427274,1798.1159903465932,1788.5856815961345
refrigeration,test_utility_1,test_utility_1,single_family,12,0.0,-26610.03395750007,13340.370049993599,13269.663907506476,0.0,-11945.12576188016,5988.432717211148,5956.693044669015,0.0,-3809.819714885062,1909.9714378982558,1899.848276986807
refrigeration,test_utility_1,test_utility_1,single_family,13,0.0,-27169.709054216535,13620.951161234882,13548.75789298166,0.0,-12436.391646952954,6234.718336773897,6201.67331017906,0.0,-3999.4070499140876,2005.016983879849,1994.3900660342397
refrigeration,test_utility_1,test_utility_1,single_family,14,0.0,-27636.053148706313,13854.742775370321,13781.310373335995,0.0,-12850.539157452025,6442.342312533014,6408.196844919015,0.0,-4159.780252979792,2085.416651103734,2074.3636018760603
refrigeration,test_utility_1,test_utility_1,single_family,15,0.0,-28024.63004781223,14049.547473298597,13975.082574513635,0.0,-13198.762148889815,6616.916443972125,6581.845704917692,0.0,-4294.978248226745,2153.1952676020146,2141.7829806247314
refrigeration,test_utility_1,test_utility_1,single_family,16,0.0,-28348.408150846637,14211.866683994176,14136.541466852465,0.0,-13490.965706471228,6763.4064332102635,6727.559273260967,0.0,-4408.655257375128,2210.1847990937063,2198.470458281423
refrigeration,test_utility_1,test_utility_1,single_family,17,0.0,-28618.19325690443,14347.117663175033,14271.075593729402,0.0,-13735.780634094446,6886.1391487517885,6849.641485342662,0.0,-4504.04478450199,2258.006293526921,2246.03849097507
refrigeration,test_utility_1,test_utility_1,single_family,18,0.0,-28842.989198166968,14459.814289078198,14383.174909088775,0.0,-13940.645036925634,6988.8435251612245,6951.801511764412,0.0,-4583.964345963702,2298.0722523240897,2285.8920936396134
refrigeration,test_utility_1,test_utility_1,single_family,19,0.0,-29030.298334469193,14553.71770896888,14476.580625500323,0.0,-14111.91770236715,7074.707404180986,7037.210298186164,0.0,-4650.84210293835,2331.5999820361308,2319.2421209022177
refrigeration,test_utility_1,test_utility_1,multifamily_li,0,0.0,0.0,0.0,0.0,0.0,0.0,0.0,0.0,0.0,0.0,0.0,0.0
refrigeration,test_utility_1,test_utility_1,multifamily_li,1,0.0,-300.0,300.0,0.0,0.0,-12.0,12.0,0.0,0.0,-6.0,6.0,0.0
refrigeration,test_utility_1,test_utility_1,multifamily_li,2,0.0,-550.0,550.0,0.0,0.0,-69.84,69.83999999999997,0.0,0.0,-9.920000000000002,9.919999999999987,0.0
refrigeration,test_utility_1,test_utility_1,multifamily_li,3,0.0,-758.3333333333333,758.3333333333335,0.0,0.0,-149.29546666666664,149.2954666666666,0.0,0.0,-28.814400000000006,28.814399999999992,0.0
refrigeration,test_utility_1,test_utility_1,multifamily_li,4,0.0,-931.9444444444446,931.9444444444446,0.0,0.0,-235.9285937777777,235.9285937777778,0.0,0.0,-54.76985244444443,54.76985244444444,0.0
refrigeration,test_utility_1,test_utility_1,multifamily_li,5,0.0,-1076.6203703703704,1076.6203703703704,0.0,0.0,-321.46408867555544,321.46408867555556,0.0,0.0,-83.0700073007407,83.07000730074073,0.0
refrigeration,test_utility_1,test_utility_1,multifamily_li,6,0.0,-1197.1836419753083,1197.1836419753088,0.0,0.0,-401.4599329964246,401.45993299642464,0.0,0.0,-111.01160230068143,111.01160230068147,0.0
refrigeration,test_utility_1,test_utility_1,multifamily_li,7,0.0,-1297.6530349794236,1297.6530349794239,0.0,0.0,-473.8177632202154,473.81776322021557,0.0,0.0,-137.14357811216536,137.14357811216541,0.0
refrigeration,test_utility_1,test_utility_1,multifamily_li,8,0.0,-1381.3775291495197,1381.3775291495201,0.0,0.0,-537.8364444671113,537.8364444671115,0.0,0.0,-160.7804693186037,160.78046931860374,0.0
refrigeration,test_utility_1,test_utility_1,multifamily_li,9,0.0,-1451.1479409579333,1451.1479409579333,0.0,0.0,-593.6160652434326,593.6160652434328,0.0,0.0,-181.693238525923,181.69323852592308,0.0
refrigeration,test_utility_1,test_utility_1,multifamily_li,10,0.0,-1509.2899507982777,1509.289950798278,0.0,0.0,-641.6871527853648,641.6871527853649,0.0,0.0,-199.9145813128546,199.9145813128547,0.0
refrigeration,test_utility_1,test_utility_1,multifamily_li,11,0.0,-1557.7416256652316,1557.7416256652316,0.0,0.0,-682.7839316194845,682.7839316194847,0.0,0.0,-215.61780324321916,215.6178032432192,0.0
refrigeration,test_utility_1,test_utility_1,multifamily_li,12,0.0,-1598.118021387693,1598.118021387693,0.0,0.0,-717.7091062689351,717.7091062689352,0.0,0.0,-229.0427509956983,229.04275099569833,0.0
refrigeration,test_utility_1,test_utility_1,multifamily_li,13,0.0,-1631.7650178230776,1631.7650178230774,0.0,0.0,-747.2562863269865,747.2562863269865,0.0,0.0,-240.45164138118545,240.45164138118548,0.0
refrigeration,test_utility_1,test_utility_1,multifamily_li,14,0.0,-1659.8041815192314,1659.8041815192312,0.0,0.0,-772.1682767041441,772.168276704144,0.0,0.0,-250.10372020014893,250.10372020014887,0.0
refrigeration,test_utility_1,test_utility_1,multifamily_li,15,0.0,-1683.170151266026,1683.170151266026,0.0,0.0,-793.1173043665794,793.1173043665792,0.0,0.0,-258.24163705668707,258.24163705668707,0.0
refrigeration,test_utility_1,test_utility_1,multifamily_li,16,0.0,-1702.6417927216885,1702.6417927216885,0.0,0.0,-810.6983307305029,810.6983307305028,0.0,0.0,-265.0849860930826,265.08498609308253,0.0
refrigeration,test_utility_1,test_utility_1,multifamily_li,17,0.0,-1718.8681606014072,1718.8681606014072,0.0,0.0,-825.4298748642099,825.4298748642099,0.0,0.0,-270.82812137196424,270.82812137196424,0.0
refrigeration,test_utility_1,test_utility_1,multifamily_li,18,0.0,-1732.390133834506,1732.390133834506,0.0,0.0,-837.7588783448515,837.7588783448515,0.0,0.0,-275.6404257889752,275.64042578897516,0.0
refrigeration,test_utility_1,test_utility_1,multifamily_li,19,0.0,-1743.6584448620883,1743.6584448620883,0.0,0.0,-848.067489491054,848.0674894910541,0.0,0.0,-279.6679002593182,279.6679002593182,0.0
refrigeration,test_utility_1,test_utility_1,single_family_li,0,0.0,0.0,0.0,0.0,0.0,0.0,0.0,0.0,0.0,0.0,0.0,0.0
refrigeration,test_utility_1,test_utility_1,single_family_li,1,0.0,-499.44444444444446,250.3857649690991,249.05867947534534,0.0,-19.95555555555552,10.004289964060092,9.951265591495371,0.0,-9.933333333333337,4.979863712622318,4.953469620710976
refrigeration,test_utility_1,test_utility_1,single_family_li,2,0.0,-912.8549212385095,457.6402446809785,455.214676557531,0.0,-116.01557769767987,58.161922698885405,57.85365499879447,0.0,-16.406457500843814,8.225025741053656,8.18143175979013
refrigeration,test_utility_1,test_utility_1,single_family_li,3,0.0,-1256.869767649595,630.1047128265404,626.7650548230545,0.0,-247.3870056988314,124.02217174368212,123.36483395514932,0.0,-47.57833977685871,23.85238064714048,23.725959129718262
refrigeration,test_utility_1,test_utility_1,single_family_li,4,0.0,-1543.3041776278362,773.7024635946984,769.6017140331375,0.0,-390.23583118784694,195.6363679628235,194.5994632250235,0.0,-90.20779804608739,45.22374564616872,44.98405239991865
refrigeration,test_utility_1,test_utility_1,single_family_li,5,0.0,-1781.7774036585008,893.2559029982647,888.5215006602355,0.0,-530.990114193819,266.2005102115769,264.78960398224206,0.0,-136.5610380683283,68.46194879542023,68.09908927290807
refrigeration,test_utility_1,test_utility_1,single_family_li,6,0.0,-1980.3017113357212,992.7818086232912,987.519902712429,0.0,-662.4027812577783,332.08143357641575,330.32134768136257,0.0,-182.23439503065026,91.35930714813642,90.87508788251384
refrigeration,test_utility_1,test_utility_1,single_family_li,7,0.0,-2145.5611211297132,1075.6310708383066,1069.930050291406,0.0,-781.082288607119,391.5788602959675,389.50342831115154,0.0,-224.87641288432144,112.73696862556851,112.13944425875299
refrigeration,test_utility_1,test_utility_1,single_family_li,8,0.0,-2283.12645107992,1144.5964998383695,1138.5299512415502,0.0,-885.9293875570701,444.1417056081742,441.7876819488961,0.0,-263.38662850487657,132.04323963235356,131.34338887252304
refrigeration,test_utility_1,test_utility_1,single_family_li,9,0.0,-2397.637577458423,1202.0041981213042,1195.6333793371184,0.0,-977.153943655106,489.87518110609585,487.27876254900997,0.0,-297.4083681987135,149.09930945869135,148.3090587400222
refrigeration,test_utility_1,test_utility_1,single_family_li,10,0.0,-2492.957722008606,1249.7909090871476,1243.1668129214588,0.0,-1055.6643726138502,529.2347015323439,526.429671081506,0.0,-327.00973828386407,163.9393217470415,163.07041653682242
refrigeration,test_utility_1,test_utility_1,single_family_li,11,0.0,-2572.3029868095405,1289.5689565653943,1282.7340302441467,0.0,-1122.6952986385193,562.8392192639268,559.8560793745924,0.0,-352.4855122188575,176.7110548513882,175.77445736746918
refrigeration,test_utility_1,test_utility_1,single_family_li,12,0.0,-2638.350589652427,1322.6805063005936,1315.6700833518335,0.0,-1179.5863786493433,591.3603425777991,588.2260360715442,0.0,-374.2363128868222,187.6153524655036,186.62096042131856
refrigeration,test_utility_1,test_utility_1,single_family_li,13,0.0,-2693.3291033666815,1350.2428055039018,1343.0862978627802,0.0,-1227.656122951737,615.4590783489258,612.1970446028113,0.0,-392.6968445640366,196.87014425896763,195.82670030506898
refrigeration,test_utility_1,test_utility_1,single_family_li,14,0.0,-2739.0936206394654,1373.1858651239431,1365.907755515522,0.0,-1268.134648368707,635.752119274875,632.3825290938319,0.0,-408.29494948660346,204.68991976462866,203.60502972197477
refrigeration,test_utility_1,test_utility_1,single_family_li,15,0.0,-2777.188338264337,1392.2838351181742,1384.9045031461628,0.0,-1302.1323410924683,652.7961336682922,649.3362074241761,0.0,-421.42978710830727,211.27478901733093,210.1549980909763
refrigeration,test_utility_1,test_utility_1,single_family_li,16,0.0,-2808.898658258409,1408.1811242310055,1400.7175340274039,0.0,-1330.6298361766394,667.0827418901342,663.5470942865053,0.0,-432.46166558361443,216.80538478591237,215.6562807977021
refrigeration,test_utility_1,test_utility_1,single_family_li,17,0.0,-2835.294559060628,1421.4141432142553,1413.880415846373,0.0,-1354.480149602597,679.0395852154292,675.4405643871681,0.0,-441.7087902377235,221.44123248837136,220.2675577493521
refrigeration,test_utility_1,test_utility_1,single_family_li,18,0.0,-2857.2666986497625,1432.4294043513632,1424.8372942983995,0.0,-1374.4172806178012,689.0346384311754,685.382642186626,0.0,-449.4479554037778,225.3210970296222,224.12685837415563
refrigeration,test_utility_1,test_utility_1,single_family_li,19,0.0,-2875.5564672480255,1441.5985877360697,1433.9578795119564,0.0,-1391.0678232659848,697.3820310280706,693.6857922379143,0.0,-455.9173357890279,228.56438219307768,227.35295359595028
refrigeration,test_utility_1,none,multifamily,0,0.0,0.0,0.0,0.0,0.0,0.0,0.0,0.0,0.0,0.0,0.0,0.0
refrigeration,test_utility_1,none,multifamily,1,0.0,-5640.0,5640.0,0.0,0.0,-225.60000000000036,225.60000000000036,0.0,0.0,-112.80000000000018,112.80000000000018,0.0
refrigeration,test_utility_1,none,multifamily,2,0.0,-10340.0,10340.0,0.0,0.0,-1312.9920000000002,1312.9920000000002,0.0,0.0,-186.4960000000001,186.4960000000001,0.0
refrigeration,test_utility_1,none,multifamily,3,0.0,-14256.666666666666,14256.666666666668,0.0,0.0,-2806.7547733333336,2806.754773333333,0.0,0.0,-541.71072,541.7107199999998,0.0
refrigeration,test_utility_1,none,multifamily,4,0.0,-17520.555555555555,17520.555555555555,0.0,0.0,-4435.457563022222,4435.457563022222,0.0,0.0,-1029.6732259555554,1029.6732259555554,0.0
refrigeration,test_utility_1,none,multifamily,5,0.0,-20240.462962962964,20240.462962962964,0.0,0.0,-6043.524867100443,6043.524867100445,0.0,0.0,-1561.7161372539258,1561.7161372539256,0.0
refrigeration,test_utility_1,none,multifamily,6,0.0,-22507.052469135804,22507.052469135804,0.0,0.0,-7547.446740332783,7547.446740332785,0.0,0.0,-2087.018123252811,2087.018123252812,0.0
refrigeration,test_utility_1,none,multifamily,7,0.0,-24395.877057613172,24395.877057613172,0.0,0.0,-8907.773948540053,8907.773948540053,0.0,0.0,-2578.2992685087092,2578.2992685087097,0.0
refrigeration,test_utility_1,none,multifamily,8,0.0,-25969.897548010977,25969.897548010977,0.0,0.0,-10111.325155981694,10111.325155981696,0.0,0.0,-3022.6728231897505,3022.6728231897505,0.0
refrigeration,test_utility_1,none,multifamily,9,0.0,-27281.581290009148,27281.581290009148,0.0,0.0,-11159.982026576537,11159.982026576537,0.0,0.0,-3415.832884287354,3415.8328842873534,0.0
refrigeration,test_utility_1,none,multifamily,10,0.0,-28374.651075007623,28374.651075007623,0.0,0.0,-12063.718472364862,12063.718472364862,0.0,0.0,-3758.3941286816685,3758.394128681669,0.0
refrigeration,test_utility_1,none,multifamily,11,0.0,-29285.542562506354,29285.54256250635,0.0,0.0,-12836.337914446314,12836.337914446314,0.0,0.0,-4053.614700972522,4053.614700972521,0.0
refrigeration,test_utility_1,none,multifamily,12,0.0,-30044.61880208863,30044.61880208863,0.0,0.0,-13492.931197855984,13492.931197855984,0.0,0.0,-4306.003718719129,4306.003718719128,0.0
refrigeration,test_utility_1,none,multifamily,13,0.0,-30677.18233507386,30677.182335073856,0.0,0.0,-14048.418182947347,14048.418182947347,0.0,0.0,-4520.490857966288,4520.490857966288,0.0
refrigeration,test_utility_1,none,multifamily,14,0.0,-31204.31861256155,31204.31861256155,0.0,0.0,-14516.763602037909,14516.763602037909,0.0,0.0,-4701.9499397628,4701.9499397628,0.0
refrigeration,test_utility_1,none,multifamily,15,0.0,-31643.598843801294,31643.598843801294,0.0,0.0,-14910.605322091691,14910.605322091691,0.0,0.0,-4854.942776665717,4854.942776665717,0.0
refrigeration,test_utility_1,none,multifamily,16,0.0,-32009.665703167746,32009.665703167746,0.0,0.0,-15241.128617733455,15241.128617733455,0.0,0.0,-4983.597738549953,4983.597738549953,0.0
refrigeration,test_utility_1,none,multifamily,17,0.0,-32314.721419306454,32314.721419306457,0.0,0.0,-15518.081647447147,15518.081647447147,0.0,0.0,-5091.568681792928,5091.568681792928,0.0
refrigeration,test_utility_1,none,multifamily,18,0.0,-32568.934516088713,32568.934516088717,0.0,0.0,-15749.866912883212,15749.866912883212,0.0,0.0,-5182.040004832735,5182.040004832735,0.0
refrigeration,test_utility_1,none,multifamily,19,0.0,-32780.77876340726,32780.77876340727,0.0,0.0,-15943.668802431817,15943.668802431817,0.0,0.0,-5257.756524875183,5257.756524875183,0.0
refrigeration,test_utility_1,none,single_family,0,0.0,0.0,0.0,0.0,0.0,0.0,0.0,0.0,0.0,0.0,0.0,0.0
refrigeration,test_utility_1,none,single_family,1,0.0,-27499.444444444445,13786.256930150652,13713.1875142938,0.0,-1099.9555555555562,551.43913657132,548.516418984229,0.0,-549.9333333333334,275.6972870162517,274.23604631707894
refrigeration,test_utility_1,none,single_family,2,0.0,-50412.85190765685,25273.402536719266,25139.44937093759,0.0,-6401.615265049892,3209.3125732138833,3192.3026918360047,0.0,-909.2063719542148,455.8111227160862,453.39524923812587
refrigeration,test_utility_1,none,single_family,3,0.0,-69506.86126854034,34845.77478618924,34661.08648235109,0.0,-13683.976235050264,6860.168123890613,6823.808111159655,0.0,-2640.8734340681203,1323.9452802628402,1316.928153805281
refrigeration,test_utility_1,none,single_family,4,0.0,-85418.28835893785,42822.62764358925,42595.66071534859,0.0,-21623.801211945447,10840.629159495944,10783.172052449512,0.0,-5019.490530191384,2516.4139678340553,2503.0765623573325
refrigeration,test_utility_1,none,single_family,5,0.0,-98677.58627302208,49469.8923956561,49207.69387736601,0.0,-29462.74200898718,14770.514074319739,14692.227934667451,0.0,-7612.852654730845,3816.5404716276707,3796.3121831031767
refrigeration,test_utility_1,none,single_family,6,0.0,-109726.79546950197,55009.17654975575,54717.61891974622,0.0,-36793.77035567937,18445.767970953784,18348.002384725587,0.0,-10173.263052137096,5100.147333452941,5073.1157186841565
refrigeration,test_utility_1,none,single_family,7,0.0,-118934.29012987486,59625.15660445594,59309.13352541895,0.0,-43424.64257287488,21770.013602240455,21654.628970634425,0.0,-12567.775410731043,6300.584770096003,6267.190640635043
refrigeration,test_utility_1,none,single_family,8,0.0,-126607.04953852361,63471.73004285978,63135.319495663825,0.0,-49291.15785551186,24711.065270919826,24580.092584592043,0.0,-14733.597794576563,7386.373390629311,7347.224403947253
refrigeration,test_utility_1,none,single_family,9,0.0,-133000.88728876566,66677.14352576164,66323.743763004,0.0,-54402.53455748385,27273.544401090323,27128.990156393535,0.0,-16649.76050193167,8347.000484639839,8302.760017291834
refrigeration,test_utility_1,none,single_family,10,0.0,-138328.9780249338,69348.26759099014,68980.71043394365,0.0,-58807.42898273052,29481.843787622376,29325.585195108157,0.0,-18319.274503313707,9183.975537646285,9135.298965667425
refrigeration,test_utility_1,none,single_family,11,0.0,-142768.9640239322,71574.159385718,71194.80463821418,0.0,-62573.156308432655,31369.71045147081,31203.44585696185,0.0,-19758.032266982646,9905.265897902858,9852.76636907979
refrigeration,test_utility_1,none,single_family,12,0.0,-146468.8776371385,73429.03175574253,73039.84588139599,0.0,-65773.29985815947,32974.03381440373,32799.26604375575,0.0,-20988.020752827757,10521.89425638642,10466.12649644134
refrigeration,test_utility_1,none,single_family,13,0.0,-149552.07670259004,74974.72750857809,74577.34919401196,0.0,-68480.60318980242,34331.282299669874,34149.320890132556,0.0,-22033.274266533706,11045.909696996678,10987.36456953703
refrigeration,test_utility_1,none,single_family,14,0.0,-152121.3573544122,76262.78128229135,75858.57607212084,0.0,-70763.1489834452,35475.58769935045,35287.56128409475,0.0,-22917.552823414673,11489.223794036434,11428.32902937824
refrigeration,test_utility_1,none,single_family,15,0.0,-154262.38131130367,77336.13774310802,76926.24356819563,0.0,-72682.54812306957,36437.83730929548,36244.71081377409,0.0,-23663.09406986351,11862.984914786817,11800.109155076694
refrigeration,test_utility_1,none,single_family,16,0.0,-156046.53189811864,78230.5833906047,77815.94850751391,0.0,-74293.32780281565,37245.3671693153,37047.960633500334,0.0,-24290.021788451155,12177.281686219536,12112.74010223161
refrigeration,test_utility_1,none,single_family,17,0.0,-157533.29401762382,78975.93970552672,78557.35431209707,0.0,-75643.00775694677,37922.000279439264,37721.0074775075,0.0,-24816.146036879174,12441.042798945451,12375.103237933716
refrigeration,test_utility_1,none,single_family,18,0.0,-158772.2374208474,79597.05741985953,79175.18000098785,0.0,-76772.54670735546,38488.270416801715,38284.27629055372,0.0,-25256.988046754115,12662.04948968126,12594.938557072843
refrigeration,test_utility_1,none,single_family,19,0.0,-159804.66939918796,80114.6450585866,79690.0243406013,0.0,-77716.96456252135,38961.73406175071,38755.23050077063,0.0,-25625.926045429936,12847.00864590407,12778.917399525859
refrigeration,test_utility_1,none,multifamily_li,0,0.0,0.0,0.0,0.0,0.0,0.0,0.0,0.0,0.0,0.0,0.0,0.0
refrigeration,test_utility_1,none,multifamily_li,1,0.0,-840.0,840.0,0.0,0.0,-33.60000000000002,33.60000000000002,0.0,0.0,-16.799999999999983,16.80000000000001,0.0
refrigeration,test_utility_1,none,multifamily_li,2,0.0,-1540.0,1540.0,0.0,0.0,-195.55200000000013,195.55200000000002,0.0,0.0,-27.77600000000004,27.77600000000001,0.0
refrigeration,test_utility_1,none,multifamily_li,3,0.0,-2123.333333333333,2123.333333333333,0.0,0.0,-418.02730666666673,418.0273066666666,0.0,0.0,-80.68032000000002,80.68032000000002,0.0
refrigeration,test_utility_1,none,multifamily_li,4,0.0,-2609.444444444444,2609.4444444444434,0.0,0.0,-660.6000625777776,660.6000625777777,0.0,0.0,-153.35558684444442,153.35558684444445,0.0
refrigeration,test_utility_1,none,multifamily_li,5,0.0,-3014.5370370370365,3014.537037037036,0.0,0.0,-900.0994482915553,900.0994482915553,0.0,0.0,-232.596020442074,232.59602044207404,0.0
refrigeration,test_utility_1,none,multifamily_li,6,0.0,-3352.1141975308637,3352.1141975308637,0.0,0.0,-1124.0878123899888,1124.0878123899888,0.0,0.0,-310.8324864419081,310.83248644190803,0.0
refrigeration,test_utility_1,none,multifamily_li,7,0.0,-3633.4284979423865,3633.4284979423865,0.0,0.0,-1326.6897370166032,1326.6897370166032,0.0,0.0,-384.00201871406296,384.00201871406296,0.0
refrigeration,test_utility_1,none,multifamily_li,8,0.0,-3867.857081618655,3867.8570816186557,0.0,0.0,-1505.9420445079118,1505.9420445079118,0.0,0.0,-450.1853140920903,450.1853140920903,0.0
refrigeration,test_utility_1,none,multifamily_li,9,0.0,-4063.2142346822125,4063.214234682213,0.0,0.0,-1662.1249826816113,1662.1249826816115,0.0,0.0,-508.7410678725844,508.7410678725845,0.0
refrigeration,test_utility_1,none,multifamily_li,10,0.0,-4226.0118622351765,4226.011862235177,0.0,0.0,-1796.7240277990213,1796.7240277990218,0.0,0.0,-559.760827675993,559.7608276759931,0.0
refrigeration,test_utility_1,none,multifamily_li,11,0.0,-4361.676551862647,4361.676551862648,0.0,0.0,-1911.7950085345567,1911.7950085345574,0.0,0.0,-603.7298490810136,603.7298490810138,0.0
refrigeration,test_utility_1,none,multifamily_li,12,0.0,-4474.730459885539,4474.730459885541,0.0,0.0,-2009.5854975530178,2009.5854975530185,0.0,0.0,-641.3197027879552,641.3197027879553,0.0
refrigeration,test_utility_1,none,multifamily_li,13,0.0,-4568.9420499046155,4568.942049904617,0.0,0.0,-2092.3176017155615,2092.3176017155624,0.0,0.0,-673.2645958673191,673.2645958673194,0.0
refrigeration,test_utility_1,none,multifamily_li,14,0.0,-4647.451708253846,4647.451708253848,0.0,0.0,-2162.0711747716027,2162.0711747716036,0.0,0.0,-700.2904165604167,700.2904165604169,0.0
refrigeration,test_utility_1,none,multifamily_li,15,0.0,-4712.876423544872,4712.876423544873,0.0,0.0,-2220.7284522264213,2220.7284522264217,0.0,0.0,-723.0765837587236,723.0765837587238,0.0
refrigeration,test_utility_1,none,multifamily_li,16,0.0,-4767.3970196207265,4767.397019620727,0.0,0.0,-2269.955326045407,2269.9553260454077,0.0,0.0,-742.2379610606309,742.237961060631,0.0
refrigeration,test_utility_1,none,multifamily_li,17,0.0,-4812.830849683938,4812.830849683939,0.0,0.0,-2311.203649619787,2311.2036496197875,0.0,0.0,-758.3187398414996,758.3187398414998,0.0
refrigeration,test_utility_1,none,multifamily_li,18,0.0,-4850.692374736615,4850.692374736615,0.0,0.0,-2345.7248593655836,2345.724859365584,0.0,0.0,-771.7931922091304,771.7931922091307,0.0
refrigeration,test_utility_1,none,multifamily_li,19,0.0,-4882.243645613846,4882.243645613847,0.0,0.0,-2374.5889705749505,2374.5889705749505,0.0,0.0,-783.0701207260906,783.0701207260907,0.0
refrigeration,test_utility_1,none,single_family_li,0,0.0,0.0,0.0,0.0,0.0,0.0,0.0,0.0,0.0,0.0,0.0,0.0
refrigeration,test_utility_1,none,single_family_li,1,0.0,-1899.4444444444443,952.2457513118466,947.1986931325982,0.0,-75.95555555555575,38.07868941777019,37.876866137785555,0.0,-37.93333333333334,19.017063439477397,18.916269893856054
refrigeration,test_utility_1,none,single_family_li,2,0.0,-3479.519326229806,1744.3824191335548,1735.136907096252,0.0,-441.93534306799097,221.55480989291232,220.38053317507843,0.0,-62.69972662902103,31.43316376824191,31.266562860779118
refrigeration,test_utility_1,none,single_family_li,3,0.0,-4795.7522784450775,2404.2475918947575,2391.504686550321,0.0,-944.0971045197603,473.3028434889047,470.7942610308562,0.0,-182.04486017094285,91.2642879095323,90.78057226141044
refrigeration,test_utility_1,none,single_family_li,4,0.0,-5892.366381519517,2954.011562899822,2938.3548186196954,0.0,-1491.2298889938518,747.5961353736584,743.633753620194,0.0,-345.79745119257734,173.3581388366996,172.43931235587803
refrigeration,test_utility_1,none,single_family_li,5,0.0,-6805.987442491108,3412.0358953112273,3393.9515471798813,0.0,-2031.1437941325726,1018.2703968643166,1012.8733972682562,0.0,-524.2142913216892,262.80359667693835,261.41069464475095
refrigeration,test_utility_1,none,single_family_li,6,0.0,-7567.133182771121,3793.619994509636,3773.5131882614887,0.0,-2535.86266981134,1271.3003848577637,1264.5622849535757,0.0,-700.2768772834736,351.0687996616573,349.2080776218161
refrigeration,test_utility_1,none,single_family_li,7,0.0,-8201.242169343133,4111.516940691954,4089.725228651183,0.0,-2992.2030456262496,1500.0768490985474,1492.1261965277022,0.0,-864.8625061740108,433.5802762654609,431.28222990854965
refrigeration,test_utility_1,none,single_family_li,8,0.0,-8729.514008061173,4376.354701769025,4353.159306292151,0.0,-3395.7941473864644,1702.4085956481754,1693.3855517382904,0.0,-1013.6721872682119,508.1828196514929,505.48936761671916
refrigeration,test_utility_1,none,single_family_li,9,0.0,-9169.61256130961,4596.988676463606,4572.62388484601,0.0,-3747.3133124025335,1878.6351930463127,1868.6781193562224,0.0,-1145.280658654539,574.1619053156338,571.1187533389054
refrigeration,test_utility_1,none,single_family_li,10,0.0,-9536.254366336078,4780.79668522686,4755.457681109221,0.0,-4050.1450777438677,2030.453406393897,2019.6916713499716,0.0,-1259.9088024335394,631.6282677636508,628.280534669889
refrigeration,test_utility_1,none,single_family_li,11,0.0,-9841.699946769406,4933.925278734995,4907.774668034415,0.0,-4308.9507077130675,2160.200060619332,2148.750647093737,0.0,-1358.6602967092028,681.1352123519671,677.5250843572359
refrigeration,test_utility_1,none,single_family_li,12,0.0,-10096.163529252084,5061.495140539294,5034.668388712794,0.0,-4528.816008096801,2270.424815422598,2258.3911926742057,0.0,-1443.0551506117642,723.4447630715744,719.6103875401905
refrigeration,test_utility_1,none,single_family_li,13,0.0,-10308.154517712144,5167.772277871697,5140.382239840451,0.0,-4714.7631385236045,2363.645422866762,2351.1177156568456,0.0,-1514.751813005935,759.3883477064269,755.3634652995091
refrigeration,test_utility_1,none,single_family_li,14,0.0,-10484.762021056129,5256.310663503865,5228.451357552267,0.0,-4871.488729475157,2442.2164379559163,2429.2722915192435,0.0,-1575.3879779788335,789.7869890776806,785.600988901154
refrigeration,test_utility_1,none,single_family_li,15,0.0,-10631.891906774985,5330.071077490469,5301.820829284518,0.0,-5003.240279225376,2508.267252890433,2494.973026334945,0.0,-1626.4951865950245,815.4084924643776,811.0866941306479
refrigeration,test_utility_1,none,single_family_li,16,0.0,-10754.464293392639,5391.520115774372,5362.944177618269,0.0,-5113.774932967812,2563.681431866194,2550.0935011016186,0.0,-1669.4585207711293,836.9472389915773,832.5112817795527
refrigeration,test_utility_1,none,single_family_li,17,0.0,-10856.578081234844,5442.712674160325,5413.865407074518,0.0,-5206.36546377922,2610.0997095024536,2596.2657542767683,0.0,-1705.5031614270747,855.0174468476564,850.4857145794189
refrigeration,test_utility_1,none,single_family_li,18,0.0,-10941.64802192954,5485.360665170438,5456.287356759102,0.0,-5283.8315836657075,2648.9356879635648,2634.895895702144,0.0,-1735.6963388442748,870.1541490545711,865.5421897897046
refrigeration,test_utility_1,none,single_family_li,19,0.0,-11012.518909796396,5520.890265449244,5491.628644347152,0.0,-5348.583219711813,2681.3975325285573,2667.185687183256,0.0,-1760.9575429981417,882.8183121991668,878.1392307989752
refrigeration,test_utility_1,test_utility_2,multifamily,0,0.0,0.0,0.0,0.0,0.0,0.0,0.0,0.0,0.0,0.0,0.0,0.0
refrigeration,test_utility_1,test_utility_2,multifamily,1,0.0,-6000.0,6000.0,0.0,0.0,-240.0,240.0,0.0,0.0,-120.0,120.0,0.0
refrigeration,test_utility_1,test_utility_2,multifamily,2,0.0,-11000.0,11000.0,0.0,0.0,-1396.8000000000002,1396.800000000001,0.0,0.0,-198.39999999999986,198.40000000000032,0.0
refrigeration,test_utility_1,test_utility_2,multifamily,3,0.0,-15166.666666666666,15166.666666666668,0.0,0.0,-2985.909333333333,2985.909333333334,0.0,0.0,-576.288,576.2880000000005,0.0
refrigeration,test_utility_1,test_utility_2,multifamily,4,0.0,-18638.88888888889,18638.88888888889,0.0,0.0,-4718.5718755555545,4718.571875555557,0.0,0.0,-1095.3970488888885,1095.397048888889,0.0
refrigeration,test_utility_1,test_utility_2,multifamily,5,0.0,-21532.407407407405,21532.40740740741,0.0,0.0,-6429.28177351111,6429.281773511111,0.0,0.0,-1661.4001460148143,1661.400146014815,0.0
refrigeration,test_utility_1,test_utility_2,multifamily,6,0.0,-23943.67283950617,23943.672839506173,0.0,0.0,-8029.198659928492,8029.198659928494,0.0,0.0,-2220.2320460136293,2220.2320460136298,0.0
refrigeration,test_utility_1,test_utility_2,multifamily,7,0.0,-25953.060699588477,25953.060699588477,0.0,0.0,-9476.355264404308,9476.35526440431,0.0,0.0,-2742.8715622433074,2742.8715622433074,0.0
refrigeration,test_utility_1,test_utility_2,multifamily,8,0.0,-27627.5505829904,27627.5505829904,0.0,0.0,-10756.728889342228,10756.728889342228,0.0,0.0,-3215.6093863720744,3215.6093863720744,0.0
refrigeration,test_utility_1,test_utility_2,multifamily,9,0.0,-29022.958819158666,29022.95881915867,0.0,0.0,-11872.321304868656,11872.321304868654,0.0,0.0,-3633.864770518461,3633.864770518461,0.0
refrigeration,test_utility_1,test_utility_2,multifamily,10,0.0,-30185.799015965553,30185.79901596556,0.0,0.0,-12833.743055707298,12833.743055707298,0.0,0.0,-3998.2916262570934,3998.291626257093,0.0
refrigeration,test_utility_1,test_utility_2,multifamily,11,0.0,-31154.83251330463,31154.83251330463,0.0,0.0,-13655.678632389692,13655.678632389692,0.0,0.0,-4312.356064864383,4312.356064864383,0.0
refrigeration,test_utility_1,test_utility_2,multifamily,12,0.0,-31962.360427753854,31962.36042775386,0.0,0.0,-14354.182125378702,14354.182125378706,0.0,0.0,-4580.855019913965,4580.855019913966,0.0
refrigeration,test_utility_1,test_utility_2,multifamily,13,0.0,-32635.300356461543,32635.30035646155,0.0,0.0,-14945.125726539727,14945.12572653973,0.0,0.0,-4809.032827623709,4809.032827623711,0.0
refrigeration,test_utility_1,test_utility_2,multifamily,14,0.0,-33196.083630384615,33196.08363038463,0.0,0.0,-15443.36553408288,15443.365534082883,0.0,0.0,-5002.074404002978,5002.074404002979,0.0
refrigeration,test_utility_1,test_utility_2,multifamily,15,0.0,-33663.40302532051,33663.40302532052,0.0,0.0,-15862.346087331583,15862.346087331587,0.0,0.0,-5164.8327411337405,5164.832741133741,0.0
refrigeration,test_utility_1,test_utility_2,multifamily,16,0.0,-34052.83585443376,34052.835854433775,0.0,0.0,-16213.966614610052,16213.966614610055,0.0,0.0,-5301.699721861651,5301.699721861651,0.0
refrigeration,test_utility_1,test_utility_2,multifamily,17,0.0,-34377.36321202813,34377.36321202815,0.0,0.0,-16508.59749728419,16508.597497284198,0.0,0.0,-5416.562427439283,5416.562427439284,0.0
refrigeration,test_utility_1,test_utility_2,multifamily,18,0.0,-34647.80267669011,34647.802676690124,0.0,0.0,-16755.177566897026,16755.177566897033,0.0,0.0,-5512.808515779501,5512.808515779504,0.0
refrigeration,test_utility_1,test_utility_2,multifamily,19,0.0,-34873.16889724176,34873.16889724177,0.0,0.0,-16961.349789821074,16961.34978982108,0.0,0.0,-5593.358005186361,5593.358005186364,0.0
refrigeration,test_utility_1,test_utility_2,single_family,0,0.0,0.0,0.0,0.0,0.0,0.0,0.0,0.0,0.0,0.0,0.0,0.0
refrigeration,test_utility_1,test_utility_2,single_family,1,0.0,-9999.444444444445,5015.187325022149,4984.257119422298,0.0,-399.9555555555553,200.59634752096827,199.3592080345852,0.0,-199.9333333333334,100.27588280065356,99.65745053267938
refrigeration,test_utility_1,test_utility_2,single_family,2,0.0,-18329.518671982456,9193.107699953873,9136.410972028583,0.0,-2327.6152751834206,1167.4075185360343,1160.2077566473863,0.0,-330.53970805930794,165.78106548674896,164.75864257255807
refrigeration,test_utility_1,test_utility_2,single_family,3,0.0,-25270.75043292703,12674.45886310486,12596.291569822164,0.0,-4975.074102681184,2495.2314820524853,2479.8426206286986,0.0,-960.0334634393885,481.5015158280462,478.5319476113423
refrigeration,test_utility_1,test_utility_2,single_family,4,0.0,-31054.862945913224,15575.460806042502,15479.402139870715,0.0,-7861.300169733919,3942.80834185228,3918.4918278816385,0.0,-1824.5826003758639,915.1131927079145,909.4694076679493
refrigeration,test_utility_1,test_utility_2,single_family,5,0.0,-35874.73212817898,17992.849788546824,17881.88233963215,0.0,-10710.67069174484,5371.9004284851835,5338.770263259655,0.0,-2767.1025224822665,1387.830851492959,1379.2716709893077
refrigeration,test_utility_1,test_utility_2,single_family,6,0.0,-39891.08412457493,20007.237461488337,19883.846663086588,0.0,-13375.275121389033,6708.323710398009,6666.951410991021,0.0,-3697.5867565758845,1854.5120519222417,1843.0747046536428
refrigeration,test_utility_1,test_utility_2,single_family,7,0.0,-43237.864521700925,21685.803777902474,21552.060743798458,0.0,-15785.274299369588,7917.050594963782,7868.223704405802,0.0,-4567.734102978493,2290.9314917046745,2276.802611273816
refrigeration,test_utility_1,test_utility_2,single_family,8,0.0,-46026.69544155308,23084.532433137225,22942.163008415857,0.0,-17917.36693637294,8986.394399840166,8930.972536532769,0.0,-5354.738094915615,2685.650665058127,2669.0874298574868
refrigeration,test_utility_1,test_utility_2,single_family,9,0.0,-48350.592842277205,24250.07526439309,24100.51757788412,0.0,-19774.932873103433,9918.050272628134,9856.882600475297,0.0,-6050.989534318872,3034.8532045915763,3016.1363297272937
refrigeration,test_utility_1,test_utility_2,single_family,10,0.0,-50287.06667249132,25221.307122571234,25065.759549920083,0.0,-21375.680977169788,10720.900035599425,10654.78094157036,0.0,-6657.5921410686615,3339.092677254196,3318.499463814465
refrigeration,test_utility_1,test_utility_2,single_family,11,0.0,-51900.70529634417,26030.622081864716,25870.08321447945,0.0,-22744.09665043887,11407.224258717008,11336.872391721865,0.0,-7180.328885864569,3601.2695123163003,3579.059373548269
refrigeration,test_utility_1,test_utility_2,single_family,12,0.0,-53245.32947163852,26705.01376015452,26540.315711483992,0.0,-23906.93877748837,11990.443769458981,11916.495008029391,0.0,-7627.195667890348,3825.394025797072,3801.8016420932777
refrigeration,test_utility_1,test_utility_2,single_family,13,0.0,-54365.78737551026,27266.975608029028,27098.81176748124,0.0,-24890.657017241887,12483.824304229183,12406.832713012707,0.0,-8006.930809291526,4015.8488934251195,3991.0819158664085
refrigeration,test_utility_1,test_utility_2,single_family,14,0.0,-55299.45042508284,27735.251132541736,27564.199292541107,0.0,-25720.003759354706,12899.780339807086,12820.22341954762,0.0,-8328.171652003124,4176.966144648183,4151.205507354941
refrigeration,test_utility_1,test_utility_2,single_family,15,0.0,-56077.459741960905,28125.459057235374,27952.00068472553,0.0,-26417.376645777185,13249.545337275846,13167.831308501336,0.0,-8599.001281422808,4312.799823434275,4286.201457988532
refrigeration,test_utility_1,test_utility_2,single_family,16,0.0,-56725.76482047766,28450.614262665928,28275.150557811732,0.0,-27002.596786977763,13543.060507123855,13459.53627985391,0.0,-8826.733821750882,4427.018303880256,4399.715517870624
refrigeration,test_utility_1,test_utility_2,single_family,17,0.0,-57265.989038333646,28721.561880317488,28544.427158016155,0.0,-27492.93697147331,13788.98895763866,13703.948013834648,0.0,-9017.842010785338,4522.867965596818,4494.97404518852
refrigeration,test_utility_1,test_utility_2,single_family,18,0.0,-57716.150876010695,28947.339017744456,28768.811858266243,0.0,-27903.284329761467,13994.797278448566,13908.487051312895,0.0,-9177.966411967585,4603.1778139786575,4574.788597988926
refrigeration,test_utility_1,test_utility_2,single_family,19,0.0,-58091.26489976656,29135.476179546844,28955.78872021972,0.0,-28246.366786164486,14166.869116674128,14079.497669490362,0.0,-9311.968533556175,4670.386121945262,4641.582411610912
refrigeration,test_utility_1,test_utility_2,multifamily_li,0,0.0,0.0,0.0,0.0,0.0,0.0,0.0,0.0,0.0,0.0,0.0,0.0
refrigeration,test_utility_1,test_utility_2,multifamily_li,1,0.0,-1200.0,1200.0,0.0,0.0,-48.0,48.0,0.0,0.0,-24.0,24.0,0.0
refrigeration,test_utility_1,test_utility_2,multifamily_li,2,0.0,-2200.0,2200.0,0.0,0.0,-279.36,279.3599999999999,0.0,0.0,-39.68000000000001,39.67999999999995,0.0
refrigeration,test_utility_1,test_utility_2,multifamily_li,3,0.0,-3033.333333333333,3033.333333333334,0.0,0.0,-597.1818666666666,597.1818666666665,0.0,0.0,-115.25760000000002,115.25759999999997,0.0
refrigeration,test_utility_1,test_utility_2,multifamily_li,4,0.0,-3727.7777777777783,3727.7777777777783,0.0,0.0,-943.7143751111108,943.7143751111112,0.0,0.0,-219.07940977777773,219.07940977777776,0.0
refrigeration,test_utility_1,test_utility_2,multifamily_li,5,0.0,-4306.481481481482,4306.481481481482,0.0,0.0,-1285.8563547022218,1285.8563547022222,0.0,0.0,-332.2800292029628,332.2800292029629,0.0
refrigeration,test_utility_1,test_utility_2,multifamily_li,6,0.0,-4788.734567901233,4788.734567901235,0.0,0.0,-1605.8397319856983,1605.8397319856986,0.0,0.0,-444.0464092027257,444.0464092027259,0.0
refrigeration,test_utility_1,test_utility_2,multifamily_li,7,0.0,-5190.612139917695,5190.6121399176955,0.0,0.0,-1895.2710528808616,1895.2710528808623,0.0,0.0,-548.5743124486614,548.5743124486617,0.0
refrigeration,test_utility_1,test_utility_2,multifamily_li,8,0.0,-5525.510116598079,5525.5101165980805,0.0,0.0,-2151.345777868445,2151.345777868446,0.0,0.0,-643.1218772744148,643.1218772744149,0.0
refrigeration,test_utility_1,test_utility_2,multifamily_li,9,0.0,-5804.591763831733,5804.591763831733,0.0,0.0,-2374.4642609737302,2374.464260973731,0.0,0.0,-726.772954103692,726.7729541036923,0.0
refrigeration,test_utility_1,test_utility_2,multifamily_li,10,0.0,-6037.159803193111,6037.159803193112,0.0,0.0,-2566.748611141459,2566.7486111414596,0.0,0.0,-799.6583252514184,799.6583252514188,0.0
refrigeration,test_utility_1,test_utility_2,multifamily_li,11,0.0,-6230.966502660926,6230.966502660926,0.0,0.0,-2731.135726477938,2731.135726477939,0.0,0.0,-862.4712129728766,862.4712129728769,0.0
refrigeration,test_utility_1,test_utility_2,multifamily_li,12,0.0,-6392.472085550772,6392.472085550772,0.0,0.0,-2870.8364250757404,2870.836425075741,0.0,0.0,-916.1710039827932,916.1710039827933,0.0
refrigeration,test_utility_1,test_utility_2,multifamily_li,13,0.0,-6527.060071292311,6527.06007129231,0.0,0.0,-2989.025145307946,2989.025145307946,0.0,0.0,-961.8065655247418,961.8065655247419,0.0
refrigeration,test_utility_1,test_utility_2,multifamily_li,14,0.0,-6639.216726076926,6639.216726076925,0.0,0.0,-3088.6731068165764,3088.673106816576,0.0,0.0,-1000.4148808005957,1000.4148808005955,0.0
refrigeration,test_utility_1,test_utility_2,multifamily_li,15,0.0,-6732.680605064104,6732.680605064104,0.0,0.0,-3172.469217466318,3172.469217466317,0.0,0.0,-1032.9665482267483,1032.9665482267483,0.0
refrigeration,test_utility_1,test_utility_2,multifamily_li,16,0.0,-6810.567170886754,6810.567170886754,0.0,0.0,-3242.7933229220116,3242.793322922011,0.0,0.0,-1060.3399443723304,1060.3399443723301,0.0
refrigeration,test_utility_1,test_utility_2,multifamily_li,17,0.0,-6875.472642405629,6875.472642405629,0.0,0.0,-3301.7194994568395,3301.7194994568395,0.0,0.0,-1083.312485487857,1083.312485487857,0.0
refrigeration,test_utility_1,test_utility_2,multifamily_li,18,0.0,-6929.560535338024,6929.560535338024,0.0,0.0,-3351.035513379406,3351.035513379406,0.0,0.0,-1102.561703155901,1102.5617031559007,0.0
refrigeration,test_utility_1,test_utility_2,multifamily_li,19,0.0,-6974.633779448353,6974.633779448353,0.0,0.0,-3392.269957964216,3392.2699579642162,0.0,0.0,-1118.6716010372727,1118.6716010372727,0.0
refrigeration,test_utility_1,test_utility_2,single_family_li,0,0.0,0.0,0.0,0.0,0.0,0.0,0.0,0.0,0.0,0.0,0.0,0.0
refrigeration,test_utility_1,test_utility_2,single_family_li,1,0.0,-1999.4444444444443,1002.814555406117,996.6298890383273,0.0,-79.95555555555575,40.10143673632888,39.854118819226414,0.0,-39.93333333333334,20.0284274083333,19.904905924999923
refrigeration,test_utility_1,test_utility_2,single_family_li,2,0.0,-3662.8526191772007,1837.0912635379186,1825.7613556392826,0.0,-465.21533887770966,233.3271697150767,231.88816916263272,0.0,-66.00639214935813,33.10528131008516,32.90111083927286
refrigeration,test_utility_1,test_utility_2,single_family_li,3,0.0,-5048.529942307533,2532.07300838824,2516.456933919293,0.0,-993.8622229303246,498.4682150044612,495.39400792586366,0.0,-191.64964802872584,96.12122863211948,95.52841939660641
refrigeration,test_utility_1,test_utility_2,single_family_li,4,0.0,-6203.0143176157135,3111.100717192455,3091.9136004232596,0.0,-1569.8726455112392,787.3642818267963,782.5083636844429,0.0,-364.05401518494364,182.59005214968096,181.46396303526262
refrigeration,test_utility_1,test_utility_2,single_family_li,5,0.0,-7164.860571290791,3593.511431792839,3571.349139497953,0.0,-2138.298274591386,1072.4562212859266,1065.8420533054598,0.0,-551.9041724565379,276.80565912526004,275.0985133312779
refrigeration,test_utility_1,test_utility_2,single_family_li,6,0.0,-7966.193940595366,3995.417455590632,3970.7764850047356,0.0,-2669.682293351291,1338.9700671710984,1330.7122261801928,0.0,-737.2805360206935,369.78054328716735,367.49999273352626
refrigeration,test_utility_1,test_utility_2,single_family_li,7,0.0,-8633.792589059849,4330.249285357052,4303.543303702799,0.0,-3150.1417846689264,1579.942889654405,1570.1988950145223,0.0,-910.57672302183,456.69665601237335,453.8800670094568
refrigeration,test_utility_1,test_utility_2,single_family_li,8,0.0,-9189.97245298043,4609.199402982514,4580.773049997919,0.0,-3575.0722705418902,1793.065328466454,1782.0069420754376,0.0,-1067.2652598275224,535.2832583111408,531.9820015163821
refrigeration,test_utility_1,test_utility_2,single_family_li,9,0.0,-9653.327670046023,4841.593634934203,4811.734035111824,0.0,-3945.184458132182,1978.693836365242,1966.4906217669409,0.0,-1205.8445432602161,604.7872262209213,601.0573170392954
refrigeration,test_utility_1,test_utility_2,single_family_li,10,0.0,-10039.350006815224,5035.201823998737,5004.148182816487,0.0,-4264.039732790347,2138.614614051101,2125.425118739249,0.0,-1326.5463574703906,665.3248102934409,661.2215471769501
refrigeration,test_utility_1,test_utility_2,single_family_li,11,0.0,-10360.946011200915,5196.497205350545,5164.448805850369,0.0,-4536.544104973294,2275.2882543696214,2261.255850603674,0.0,-1430.5321516946542,717.4785314399824,713.0536202546722
refrigeration,test_utility_1,test_utility_2,single_family_li,12,0.0,-10628.868263254371,5330.872698914731,5297.995564339639,0.0,-4768.050952134489,2391.3997255607765,2376.651226573714,0.0,-1519.401885787418,762.0508440795851,757.351041707833
refrigeration,test_utility_1,test_utility_2,single_family_li,13,0.0,-10852.074794573697,5442.821174947995,5409.2536196257015,0.0,-4963.846972914727,2489.6005533330012,2474.246419581727,0.0,-1594.9014154104198,799.9173761768541,794.9840392335661
refrigeration,test_utility_1,test_utility_2,single_family_li,14,0.0,-11038.028570284756,5536.085658206788,5501.94291207797,0.0,-5128.876401069451,2572.370501297166,2556.5058997722863,0.0,-1658.7548506084072,831.9428492562098,826.8120013521977
refrigeration,test_utility_1,test_utility_2,single_family_li,15,0.0,-11192.947004559055,5613.784471606007,5579.162532953051,0.0,-5267.610811486587,2641.952272617972,2625.6585388686162,0.0,-1712.5746159551836,858.9359693742762,853.6386465809081
refrigeration,test_utility_1,test_utility_2,single_family_li,16,0.0,-11322.009837992575,5678.515496410775,5643.4943415818025,0.0,-5384.005670263148,2700.3297178527696,2683.6759524103804,0.0,-1757.8189914404584,881.628131896201,876.1908595442579
refrigeration,test_utility_1,test_utility_2,single_family_li,17,0.0,-11429.532322485504,5732.443032523387,5697.089289962121,0.0,-5481.506590199783,2749.230972373553,2732.2756178262325,0.0,-1795.7779424968992,900.6663145939574,895.1116279029426
refrigeration,test_utility_1,test_utility_2,single_family_li,18,0.0,-11519.109502503012,5777.370162258542,5741.739340244473,0.0,-5563.082263574018,2790.1449736872864,2772.937289886733,0.0,-1827.5751600603385,916.6141008315948,910.9610592287443
refrigeration,test_utility_1,test_utility_2,single_family_li,19,0.0,-11593.736416265754,5814.799036841307,5778.937379424451,0.0,-5631.2699997874115,2824.3443006878338,2806.9256990995787,0.0,-1854.1788006807217,929.9570662313292,924.2217344493929
refrigeration,none,test_utility_1,multifamily,0,0.0,0.0,0.0,0.0,0.0,0.0,0.0,0.0,0.0,0.0,0.0,0.0
refrigeration,none,test_utility_1,multifamily,1,0.0,0.0,0.0,0.0,0.0,0.0,0.0,0.0,0.0,0.0,0.0,0.0
refrigeration,none,test_utility_1,multifamily,2,0.0,0.0,0.0,0.0,0.0,0.0,0.0,0.0,0.0,0.0,0.0,0.0
refrigeration,none,test_utility_1,multifamily,3,0.0,0.0,0.0,0.0,0.0,0.0,0.0,0.0,0.0,0.0,0.0,0.0
refrigeration,none,test_utility_1,multifamily,4,0.0,0.0,0.0,0.0,0.0,0.0,0.0,0.0,0.0,0.0,0.0,0.0
refrigeration,none,test_utility_1,multifamily,5,0.0,0.0,0.0,0.0,0.0,0.0,0.0,0.0,0.0,0.0,0.0,0.0
refrigeration,none,test_utility_1,multifamily,6,0.0,0.0,0.0,0.0,0.0,0.0,0.0,0.0,0.0,0.0,0.0,0.0
refrigeration,none,test_utility_1,multifamily,7,0.0,0.0,0.0,0.0,0.0,0.0,0.0,0.0,0.0,0.0,0.0,0.0
refrigeration,none,test_utility_1,multifamily,8,0.0,0.0,0.0,0.0,0.0,0.0,0.0,0.0,0.0,0.0,0.0,0.0
refrigeration,none,test_utility_1,multifamily,9,0.0,0.0,0.0,0.0,0.0,0.0,0.0,0.0,0.0,0.0,0.0,0.0
refrigeration,none,test_utility_1,multifamily,10,0.0,0.0,0.0,0.0,0.0,0.0,0.0,0.0,0.0,0.0,0.0,0.0
refrigeration,none,test_utility_1,multifamily,11,0.0,0.0,0.0,0.0,0.0,0.0,0.0,0.0,0.0,0.0,0.0,0.0
refrigeration,none,test_utility_1,multifamily,12,0.0,0.0,0.0,0.0,0.0,0.0,0.0,0.0,0.0,0.0,0.0,0.0
refrigeration,none,test_utility_1,multifamily,13,0.0,0.0,0.0,0.0,0.0,0.0,0.0,0.0,0.0,0.0,0.0,0.0
refrigeration,none,test_utility_1,multifamily,14,0.0,0.0,0.0,0.0,0.0,0.0,0.0,0.0,0.0,0.0,0.0,0.0
refrigeration,none,test_utility_1,multifamily,15,0.0,0.0,0.0,0.0,0.0,0.0,0.0,0.0,0.0,0.0,0.0,0.0
refrigeration,none,test_utility_1,multifamily,16,0.0,0.0,0.0,0.0,0.0,0.0,0.0,0.0,0.0,0.0,0.0,0.0
refrigeration,none,test_utility_1,multifamily,17,0.0,0.0,0.0,0.0,0.0,0.0,0.0,0.0,0.0,0.0,0.0,0.0
refrigeration,none,test_utility_1,multifamily,18,0.0,0.0,0.0,0.0,0.0,0.0,0.0,0.0,0.0,0.0,0.0,0.0
refrigeration,none,test_utility_1,multifamily,19,0.0,0.0,0.0,0.0,0.0,0.0,0.0,0.0,0.0,0.0,0.0,0.0
refrigeration,none,test_utility_1,single_family,0,0.0,0.0,0.0,0.0,0.0,0.0,0.0,0.0,0.0,0.0,0.0,0.0
refrigeration,none,test_utility_1,single_family,1,0.0,0.0,0.0,0.0,0.0,0.0,0.0,0.0,0.0,0.0,0.0,0.0
refrigeration,none,test_utility_1,single_family,2,0.0,0.0,0.0,0.0,0.0,0.0,0.0,0.0,0.0,0.0,0.0,0.0
refrigeration,none,test_utility_1,single_family,3,0.0,0.0,0.0,0.0,0.0,0.0,0.0,0.0,0.0,0.0,0.0,0.0
refrigeration,none,test_utility_1,single_family,4,0.0,0.0,0.0,0.0,0.0,0.0,0.0,0.0,0.0,0.0,0.0,0.0
refrigeration,none,test_utility_1,single_family,5,0.0,0.0,0.0,0.0,0.0,0.0,0.0,0.0,0.0,0.0,0.0,0.0
refrigeration,none,test_utility_1,single_family,6,0.0,0.0,0.0,0.0,0.0,0.0,0.0,0.0,0.0,0.0,0.0,0.0
refrigeration,none,test_utility_1,single_family,7,0.0,0.0,0.0,0.0,0.0,0.0,0.0,0.0,0.0,0.0,0.0,0.0
refrigeration,none,test_utility_1,single_family,8,0.0,0.0,0.0,0.0,0.0,0.0,0.0,0.0,0.0,0.0,0.0,0.0
refrigeration,none,test_utility_1,single_family,9,0.0,0.0,0.0,0.0,0.0,0.0,0.0,0.0,0.0,0.0,0.0,0.0
refrigeration,none,test_utility_1,single_family,10,0.0,0.0,0.0,0.0,0.0,0.0,0.0,0.0,0.0,0.0,0.0,0.0
refrigeration,none,test_utility_1,single_family,11,0.0,0.0,0.0,0.0,0.0,0.0,0.0,0.0,0.0,0.0,0.0,0.0
refrigeration,none,test_utility_1,single_family,12,0.0,0.0,0.0,0.0,0.0,0.0,0.0,0.0,0.0,0.0,0.0,0.0
refrigeration,none,test_utility_1,single_family,13,0.0,0.0,0.0,0.0,0.0,0.0,0.0,0.0,0.0,0.0,0.0,0.0
refrigeration,none,test_utility_1,single_family,14,0.0,0.0,0.0,0.0,0.0,0.0,0.0,0.0,0.0,0.0,0.0,0.0
refrigeration,none,test_utility_1,single_family,15,0.0,0.0,0.0,0.0,0.0,0.0,0.0,0.0,0.0,0.0,0.0,0.0
refrigeration,none,test_utility_1,single_family,16,0.0,0.0,0.0,0.0,0.0,0.0,0.0,0.0,0.0,0.0,0.0,0.0
refrigeration,none,test_utility_1,single_family,17,0.0,0.0,0.0,0.0,0.0,0.0,0.0,0.0,0.0,0.0,0.0,0.0
refrigeration,none,test_utility_1,single_family,18,0.0,0.0,0.0,0.0,0.0,0.0,0.0,0.0,0.0,0.0,0.0,0.0
refrigeration,none,test_utility_1,single_family,19,0.0,0.0,0.0,0.0,0.0,0.0,0.0,0.0,0.0,0.0,0.0,0.0
refrigeration,none,test_utility_1,multifamily_li,0,0.0,0.0,0.0,0.0,0.0,0.0,0.0,0.0,0.0,0.0,0.0,0.0
refrigeration,none,test_utility_1,multifamily_li,1,0.0,0.0,0.0,0.0,0.0,0.0,0.0,0.0,0.0,0.0,0.0,0.0
refrigeration,none,test_utility_1,multifamily_li,2,0.0,0.0,0.0,0.0,0.0,0.0,0.0,0.0,0.0,0.0,0.0,0.0
refrigeration,none,test_utility_1,multifamily_li,3,0.0,0.0,0.0,0.0,0.0,0.0,0.0,0.0,0.0,0.0,0.0,0.0
refrigeration,none,test_utility_1,multifamily_li,4,0.0,0.0,0.0,0.0,0.0,0.0,0.0,0.0,0.0,0.0,0.0,0.0
refrigeration,none,test_utility_1,multifamily_li,5,0.0,0.0,0.0,0.0,0.0,0.0,0.0,0.0,0.0,0.0,0.0,0.0
refrigeration,none,test_utility_1,multifamily_li,6,0.0,0.0,0.0,0.0,0.0,0.0,0.0,0.0,0.0,0.0,0.0,0.0
refrigeration,none,test_utility_1,multifamily_li,7,0.0,0.0,0.0,0.0,0.0,0.0,0.0,0.0,0.0,0.0,0.0,0.0
refrigeration,none,test_utility_1,multifamily_li,8,0.0,0.0,0.0,0.0,0.0,0.0,0.0,0.0,0.0,0.0,0.0,0.0
refrigeration,none,test_utility_1,multifamily_li,9,0.0,0.0,0.0,0.0,0.0,0.0,0.0,0.0,0.0,0.0,0.0,0.0
refrigeration,none,test_utility_1,multifamily_li,10,0.0,0.0,0.0,0.0,0.0,0.0,0.0,0.0,0.0,0.0,0.0,0.0
refrigeration,none,test_utility_1,multifamily_li,11,0.0,0.0,0.0,0.0,0.0,0.0,0.0,0.0,0.0,0.0,0.0,0.0
refrigeration,none,test_utility_1,multifamily_li,12,0.0,0.0,0.0,0.0,0.0,0.0,0.0,0.0,0.0,0.0,0.0,0.0
refrigeration,none,test_utility_1,multifamily_li,13,0.0,0.0,0.0,0.0,0.0,0.0,0.0,0.0,0.0,0.0,0.0,0.0
refrigeration,none,test_utility_1,multifamily_li,14,0.0,0.0,0.0,0.0,0.0,0.0,0.0,0.0,0.0,0.0,0.0,0.0
refrigeration,none,test_utility_1,multifamily_li,15,0.0,0.0,0.0,0.0,0.0,0.0,0.0,0.0,0.0,0.0,0.0,0.0
refrigeration,none,test_utility_1,multifamily_li,16,0.0,0.0,0.0,0.0,0.0,0.0,0.0,0.0,0.0,0.0,0.0,0.0
refrigeration,none,test_utility_1,multifamily_li,17,0.0,0.0,0.0,0.0,0.0,0.0,0.0,0.0,0.0,0.0,0.0,0.0
refrigeration,none,test_utility_1,multifamily_li,18,0.0,0.0,0.0,0.0,0.0,0.0,0.0,0.0,0.0,0.0,0.0,0.0
refrigeration,none,test_utility_1,multifamily_li,19,0.0,0.0,0.0,0.0,0.0,0.0,0.0,0.0,0.0,0.0,0.0,0.0
refrigeration,none,test_utility_1,single_family_li,0,0.0,0.0,0.0,0.0,0.0,0.0,0.0,0.0,0.0,0.0,0.0,0.0
refrigeration,none,test_utility_1,single_family_li,1,0.0,0.0,0.0,0.0,0.0,0.0,0.0,0.0,0.0,0.0,0.0,0.0
refrigeration,none,test_utility_1,single_family_li,2,0.0,0.0,0.0,0.0,0.0,0.0,0.0,0.0,0.0,0.0,0.0,0.0
refrigeration,none,test_utility_1,single_family_li,3,0.0,0.0,0.0,0.0,0.0,0.0,0.0,0.0,0.0,0.0,0.0,0.0
refrigeration,none,test_utility_1,single_family_li,4,0.0,0.0,0.0,0.0,0.0,0.0,0.0,0.0,0.0,0.0,0.0,0.0
refrigeration,none,test_utility_1,single_family_li,5,0.0,0.0,0.0,0.0,0.0,0.0,0.0,0.0,0.0,0.0,0.0,0.0
refrigeration,none,test_utility_1,single_family_li,6,0.0,0.0,0.0,0.0,0.0,0.0,0.0,0.0,0.0,0.0,0.0,0.0
refrigeration,none,test_utility_1,single_family_li,7,0.0,0.0,0.0,0.0,0.0,0.0,0.0,0.0,0.0,0.0,0.0,0.0
refrigeration,none,test_utility_1,single_family_li,8,0.0,0.0,0.0,0.0,0.0,0.0,0.0,0.0,0.0,0.0,0.0,0.0
refrigeration,none,test_utility_1,single_family_li,9,0.0,0.0,0.0,0.0,0.0,0.0,0.0,0.0,0.0,0.0,0.0,0.0
refrigeration,none,test_utility_1,single_family_li,10,0.0,0.0,0.0,0.0,0.0,0.0,0.0,0.0,0.0,0.0,0.0,0.0
refrigeration,none,test_utility_1,single_family_li,11,0.0,0.0,0.0,0.0,0.0,0.0,0.0,0.0,0.0,0.0,0.0,0.0
refrigeration,none,test_utility_1,single_family_li,12,0.0,0.0,0.0,0.0,0.0,0.0,0.0,0.0,0.0,0.0,0.0,0.0
refrigeration,none,test_utility_1,single_family_li,13,0.0,0.0,0.0,0.0,0.0,0.0,0.0,0.0,0.0,0.0,0.0,0.0
refrigeration,none,test_utility_1,single_family_li,14,0.0,0.0,0.0,0.0,0.0,0.0,0.0,0.0,0.0,0.0,0.0,0.0
refrigeration,none,test_utility_1,single_family_li,15,0.0,0.0,0.0,0.0,0.0,0.0,0.0,0.0,0.0,0.0,0.0,0.0
refrigeration,none,test_utility_1,single_family_li,16,0.0,0.0,0.0,0.0,0.0,0.0,0.0,0.0,0.0,0.0,0.0,0.0
refrigeration,none,test_utility_1,single_family_li,17,0.0,0.0,0.0,0.0,0.0,0.0,0.0,0.0,0.0,0.0,0.0,0.0
refrigeration,none,test_utility_1,single_family_li,18,0.0,0.0,0.0,0.0,0.0,0.0,0.0,0.0,0.0,0.0,0.0,0.0
refrigeration,none,test_utility_1,single_family_li,19,0.0,0.0,0.0,0.0,0.0,0.0,0.0,0.0,0.0,0.0,0.0,0.0
refrigeration,none,none,multifamily,0,0.0,0.0,0.0,0.0,0.0,0.0,0.0,0.0,0.0,0.0,0.0,0.0
refrigeration,none,none,multifamily,1,0.0,0.0,0.0,0.0,0.0,0.0,0.0,0.0,0.0,0.0,0.0,0.0
refrigeration,none,none,multifamily,2,0.0,0.0,0.0,0.0,0.0,0.0,0.0,0.0,0.0,0.0,0.0,0.0
refrigeration,none,none,multifamily,3,0.0,0.0,0.0,0.0,0.0,0.0,0.0,0.0,0.0,0.0,0.0,0.0
refrigeration,none,none,multifamily,4,0.0,0.0,0.0,0.0,0.0,0.0,0.0,0.0,0.0,0.0,0.0,0.0
refrigeration,none,none,multifamily,5,0.0,0.0,0.0,0.0,0.0,0.0,0.0,0.0,0.0,0.0,0.0,0.0
refrigeration,none,none,multifamily,6,0.0,0.0,0.0,0.0,0.0,0.0,0.0,0.0,0.0,0.0,0.0,0.0
refrigeration,none,none,multifamily,7,0.0,0.0,0.0,0.0,0.0,0.0,0.0,0.0,0.0,0.0,0.0,0.0
refrigeration,none,none,multifamily,8,0.0,0.0,0.0,0.0,0.0,0.0,0.0,0.0,0.0,0.0,0.0,0.0
refrigeration,none,none,multifamily,9,0.0,0.0,0.0,0.0,0.0,0.0,0.0,0.0,0.0,0.0,0.0,0.0
refrigeration,none,none,multifamily,10,0.0,0.0,0.0,0.0,0.0,0.0,0.0,0.0,0.0,0.0,0.0,0.0
refrigeration,none,none,multifamily,11,0.0,0.0,0.0,0.0,0.0,0.0,0.0,0.0,0.0,0.0,0.0,0.0
refrigeration,none,none,multifamily,12,0.0,0.0,0.0,0.0,0.0,0.0,0.0,0.0,0.0,0.0,0.0,0.0
refrigeration,none,none,multifamily,13,0.0,0.0,0.0,0.0,0.0,0.0,0.0,0.0,0.0,0.0,0.0,0.0
refrigeration,none,none,multifamily,14,0.0,0.0,0.0,0.0,0.0,0.0,0.0,0.0,0.0,0.0,0.0,0.0
refrigeration,none,none,multifamily,15,0.0,0.0,0.0,0.0,0.0,0.0,0.0,0.0,0.0,0.0,0.0,0.0
refrigeration,none,none,multifamily,16,0.0,0.0,0.0,0.0,0.0,0.0,0.0,0.0,0.0,0.0,0.0,0.0
refrigeration,none,none,multifamily,17,0.0,0.0,0.0,0.0,0.0,0.0,0.0,0.0,0.0,0.0,0.0,0.0
refrigeration,none,none,multifamily,18,0.0,0.0,0.0,0.0,0.0,0.0,0.0,0.0,0.0,0.0,0.0,0.0
refrigeration,none,none,multifamily,19,0.0,0.0,0.0,0.0,0.0,0.0,0.0,0.0,0.0,0.0,0.0,0.0
refrigeration,none,none,single_family,0,0.0,0.0,0.0,0.0,0.0,0.0,0.0,0.0,0.0,0.0,0.0,0.0
refrigeration,none,none,single_family,1,0.0,0.0,0.0,0.0,0.0,0.0,0.0,0.0,0.0,0.0,0.0,0.0
refrigeration,none,none,single_family,2,0.0,0.0,0.0,0.0,0.0,0.0,0.0,0.0,0.0,0.0,0.0,0.0
refrigeration,none,none,single_family,3,0.0,0.0,0.0,0.0,0.0,0.0,0.0,0.0,0.0,0.0,0.0,0.0
refrigeration,none,none,single_family,4,0.0,0.0,0.0,0.0,0.0,0.0,0.0,0.0,0.0,0.0,0.0,0.0
refrigeration,none,none,single_family,5,0.0,0.0,0.0,0.0,0.0,0.0,0.0,0.0,0.0,0.0,0.0,0.0
refrigeration,none,none,single_family,6,0.0,0.0,0.0,0.0,0.0,0.0,0.0,0.0,0.0,0.0,0.0,0.0
refrigeration,none,none,single_family,7,0.0,0.0,0.0,0.0,0.0,0.0,0.0,0.0,0.0,0.0,0.0,0.0
refrigeration,none,none,single_family,8,0.0,0.0,0.0,0.0,0.0,0.0,0.0,0.0,0.0,0.0,0.0,0.0
refrigeration,none,none,single_family,9,0.0,0.0,0.0,0.0,0.0,0.0,0.0,0.0,0.0,0.0,0.0,0.0
refrigeration,none,none,single_family,10,0.0,0.0,0.0,0.0,0.0,0.0,0.0,0.0,0.0,0.0,0.0,0.0
refrigeration,none,none,single_family,11,0.0,0.0,0.0,0.0,0.0,0.0,0.0,0.0,0.0,0.0,0.0,0.0
refrigeration,none,none,single_family,12,0.0,0.0,0.0,0.0,0.0,0.0,0.0,0.0,0.0,0.0,0.0,0.0
refrigeration,none,none,single_family,13,0.0,0.0,0.0,0.0,0.0,0.0,0.0,0.0,0.0,0.0,0.0,0.0
refrigeration,none,none,single_family,14,0.0,0.0,0.0,0.0,0.0,0.0,0.0,0.0,0.0,0.0,0.0,0.0
refrigeration,none,none,single_family,15,0.0,0.0,0.0,0.0,0.0,0.0,0.0,0.0,0.0,0.0,0.0,0.0
refrigeration,none,none,single_family,16,0.0,0.0,0.0,0.0,0.0,0.0,0.0,0.0,0.0,0.0,0.0,0.0
refrigeration,none,none,single_family,17,0.0,0.0,0.0,0.0,0.0,0.0,0.0,0.0,0.0,0.0,0.0,0.0
refrigeration,none,none,single_family,18,0.0,0.0,0.0,0.0,0.0,0.0,0.0,0.0,0.0,0.0,0.0,0.0
refrigeration,none,none,single_family,19,0.0,0.0,0.0,0.0,0.0,0.0,0.0,0.0,0.0,0.0,0.0,0.0
refrigeration,none,none,multifamily_li,0,0.0,0.0,0.0,0.0,0.0,0.0,0.0,0.0,0.0,0.0,0.0,0.0
refrigeration,none,none,multifamily_li,1,0.0,0.0,0.0,0.0,0.0,0.0,0.0,0.0,0.0,0.0,0.0,0.0
refrigeration,none,none,multifamily_li,2,0.0,0.0,0.0,0.0,0.0,0.0,0.0,0.0,0.0,0.0,0.0,0.0
refrigeration,none,none,multifamily_li,3,0.0,0.0,0.0,0.0,0.0,0.0,0.0,0.0,0.0,0.0,0.0,0.0
refrigeration,none,none,multifamily_li,4,0.0,0.0,0.0,0.0,0.0,0.0,0.0,0.0,0.0,0.0,0.0,0.0
refrigeration,none,none,multifamily_li,5,0.0,0.0,0.0,0.0,0.0,0.0,0.0,0.0,0.0,0.0,0.0,0.0
refrigeration,none,none,multifamily_li,6,0.0,0.0,0.0,0.0,0.0,0.0,0.0,0.0,0.0,0.0,0.0,0.0
refrigeration,none,none,multifamily_li,7,0.0,0.0,0.0,0.0,0.0,0.0,0.0,0.0,0.0,0.0,0.0,0.0
refrigeration,none,none,multifamily_li,8,0.0,0.0,0.0,0.0,0.0,0.0,0.0,0.0,0.0,0.0,0.0,0.0
refrigeration,none,none,multifamily_li,9,0.0,0.0,0.0,0.0,0.0,0.0,0.0,0.0,0.0,0.0,0.0,0.0
refrigeration,none,none,multifamily_li,10,0.0,0.0,0.0,0.0,0.0,0.0,0.0,0.0,0.0,0.0,0.0,0.0
refrigeration,none,none,multifamily_li,11,0.0,0.0,0.0,0.0,0.0,0.0,0.0,0.0,0.0,0.0,0.0,0.0
refrigeration,none,none,multifamily_li,12,0.0,0.0,0.0,0.0,0.0,0.0,0.0,0.0,0.0,0.0,0.0,0.0
refrigeration,none,none,multifamily_li,13,0.0,0.0,0.0,0.0,0.0,0.0,0.0,0.0,0.0,0.0,0.0,0.0
refrigeration,none,none,multifamily_li,14,0.0,0.0,0.0,0.0,0.0,0.0,0.0,0.0,0.0,0.0,0.0,0.0
refrigeration,none,none,multifamily_li,15,0.0,0.0,0.0,0.0,0.0,0.0,0.0,0.0,0.0,0.0,0.0,0.0
refrigeration,none,none,multifamily_li,16,0.0,0.0,0.0,0.0,0.0,0.0,0.0,0.0,0.0,0.0,0.0,0.0
refrigeration,none,none,multifamily_li,17,0.0,0.0,0.0,0.0,0.0,0.0,0.0,0.0,0.0,0.0,0.0,0.0
refrigeration,none,none,multifamily_li,18,0.0,0.0,0.0,0.0,0.0,0.0,0.0,0.0,0.0,0.0,0.0,0.0
refrigeration,none,none,multifamily_li,19,0.0,0.0,0.0,0.0,0.0,0.0,0.0,0.0,0.0,0.0,0.0,0.0
refrigeration,none,none,single_family_li,0,0.0,0.0,0.0,0.0,0.0,0.0,0.0,0.0,0.0,0.0,0.0,0.0
refrigeration,none,none,single_family_li,1,0.0,0.0,0.0,0.0,0.0,0.0,0.0,0.0,0.0,0.0,0.0,0.0
refrigeration,none,none,single_family_li,2,0.0,0.0,0.0,0.0,0.0,0.0,0.0,0.0,0.0,0.0,0.0,0.0
refrigeration,none,none,single_family_li,3,0.0,0.0,0.0,0.0,0.0,0.0,0.0,0.0,0.0,0.0,0.0,0.0
refrigeration,none,none,single_family_li,4,0.0,0.0,0.0,0.0,0.0,0.0,0.0,0.0,0.0,0.0,0.0,0.0
refrigeration,none,none,single_family_li,5,0.0,0.0,0.0,0.0,0.0,0.0,0.0,0.0,0.0,0.0,0.0,0.0
refrigeration,none,none,single_family_li,6,0.0,0.0,0.0,0.0,0.0,0.0,0.0,0.0,0.0,0.0,0.0,0.0
refrigeration,none,none,single_family_li,7,0.0,0.0,0.0,0.0,0.0,0.0,0.0,0.0,0.0,0.0,0.0,0.0
refrigeration,none,none,single_family_li,8,0.0,0.0,0.0,0.0,0.0,0.0,0.0,0.0,0.0,0.0,0.0,0.0
refrigeration,none,none,single_family_li,9,0.0,0.0,0.0,0.0,0.0,0.0,0.0,0.0,0.0,0.0,0.0,0.0
refrigeration,none,none,single_family_li,10,0.0,0.0,0.0,0.0,0.0,0.0,0.0,0.0,0.0,0.0,0.0,0.0
refrigeration,none,none,single_family_li,11,0.0,0.0,0.0,0.0,0.0,0.0,0.0,0.0,0.0,0.0,0.0,0.0
refrigeration,none,none,single_family_li,12,0.0,0.0,0.0,0.0,0.0,0.0,0.0,0.0,0.0,0.0,0.0,0.0
refrigeration,none,none,single_family_li,13,0.0,0.0,0.0,0.0,0.0,0.0,0.0,0.0,0.0,0.0,0.0,0.0
refrigeration,none,none,single_family_li,14,0.0,0.0,0.0,0.0,0.0,0.0,0.0,0.0,0.0,0.0,0.0,0.0
refrigeration,none,none,single_family_li,15,0.0,0.0,0.0,0.0,0.0,0.0,0.0,0.0,0.0,0.0,0.0,0.0
refrigeration,none,none,single_family_li,16,0.0,0.0,0.0,0.0,0.0,0.0,0.0,0.0,0.0,0.0,0.0,0.0
refrigeration,none,none,single_family_li,17,0.0,0.0,0.0,0.0,0.0,0.0,0.0,0.0,0.0,0.0,0.0,0.0
refrigeration,none,none,single_family_li,18,0.0,0.0,0.0,0.0,0.0,0.0,0.0,0.0,0.0,0.0,0.0,0.0
refrigeration,none,none,single_family_li,19,0.0,0.0,0.0,0.0,0.0,0.0,0.0,0.0,0.0,0.0,0.0,0.0
refrigeration,none,test_utility_2,multifamily,0,0.0,0.0,0.0,0.0,0.0,0.0,0.0,0.0,0.0,0.0,0.0,0.0
refrigeration,none,test_utility_2,multifamily,1,0.0,0.0,0.0,0.0,0.0,0.0,0.0,0.0,0.0,0.0,0.0,0.0
refrigeration,none,test_utility_2,multifamily,2,0.0,0.0,0.0,0.0,0.0,0.0,0.0,0.0,0.0,0.0,0.0,0.0
refrigeration,none,test_utility_2,multifamily,3,0.0,0.0,0.0,0.0,0.0,0.0,0.0,0.0,0.0,0.0,0.0,0.0
refrigeration,none,test_utility_2,multifamily,4,0.0,0.0,0.0,0.0,0.0,0.0,0.0,0.0,0.0,0.0,0.0,0.0
refrigeration,none,test_utility_2,multifamily,5,0.0,0.0,0.0,0.0,0.0,0.0,0.0,0.0,0.0,0.0,0.0,0.0
refrigeration,none,test_utility_2,multifamily,6,0.0,0.0,0.0,0.0,0.0,0.0,0.0,0.0,0.0,0.0,0.0,0.0
refrigeration,none,test_utility_2,multifamily,7,0.0,0.0,0.0,0.0,0.0,0.0,0.0,0.0,0.0,0.0,0.0,0.0
refrigeration,none,test_utility_2,multifamily,8,0.0,0.0,0.0,0.0,0.0,0.0,0.0,0.0,0.0,0.0,0.0,0.0
refrigeration,none,test_utility_2,multifamily,9,0.0,0.0,0.0,0.0,0.0,0.0,0.0,0.0,0.0,0.0,0.0,0.0
refrigeration,none,test_utility_2,multifamily,10,0.0,0.0,0.0,0.0,0.0,0.0,0.0,0.0,0.0,0.0,0.0,0.0
refrigeration,none,test_utility_2,multifamily,11,0.0,0.0,0.0,0.0,0.0,0.0,0.0,0.0,0.0,0.0,0.0,0.0
refrigeration,none,test_utility_2,multifamily,12,0.0,0.0,0.0,0.0,0.0,0.0,0.0,0.0,0.0,0.0,0.0,0.0
refrigeration,none,test_utility_2,multifamily,13,0.0,0.0,0.0,0.0,0.0,0.0,0.0,0.0,0.0,0.0,0.0,0.0
refrigeration,none,test_utility_2,multifamily,14,0.0,0.0,0.0,0.0,0.0,0.0,0.0,0.0,0.0,0.0,0.0,0.0
refrigeration,none,test_utility_2,multifamily,15,0.0,0.0,0.0,0.0,0.0,0.0,0.0,0.0,0.0,0.0,0.0,0.0
refrigeration,none,test_utility_2,multifamily,16,0.0,0.0,0.0,0.0,0.0,0.0,0.0,0.0,0.0,0.0,0.0,0.0
refrigeration,none,test_utility_2,multifamily,17,0.0,0.0,0.0,0.0,0.0,0.0,0.0,0.0,0.0,0.0,0.0,0.0
refrigeration,none,test_utility_2,multifamily,18,0.0,0.0,0.0,0.0,0.0,0.0,0.0,0.0,0.0,0.0,0.0,0.0
refrigeration,none,test_utility_2,multifamily,19,0.0,0.0,0.0,0.0,0.0,0.0,0.0,0.0,0.0,0.0,0.0,0.0
refrigeration,none,test_utility_2,single_family,0,0.0,0.0,0.0,0.0,0.0,0.0,0.0,0.0,0.0,0.0,0.0,0.0
refrigeration,none,test_utility_2,single_family,1,0.0,0.0,0.0,0.0,0.0,0.0,0.0,0.0,0.0,0.0,0.0,0.0
refrigeration,none,test_utility_2,single_family,2,0.0,0.0,0.0,0.0,0.0,0.0,0.0,0.0,0.0,0.0,0.0,0.0
refrigeration,none,test_utility_2,single_family,3,0.0,0.0,0.0,0.0,0.0,0.0,0.0,0.0,0.0,0.0,0.0,0.0
refrigeration,none,test_utility_2,single_family,4,0.0,0.0,0.0,0.0,0.0,0.0,0.0,0.0,0.0,0.0,0.0,0.0
refrigeration,none,test_utility_2,single_family,5,0.0,0.0,0.0,0.0,0.0,0.0,0.0,0.0,0.0,0.0,0.0,0.0
refrigeration,none,test_utility_2,single_family,6,0.0,0.0,0.0,0.0,0.0,0.0,0.0,0.0,0.0,0.0,0.0,0.0
refrigeration,none,test_utility_2,single_family,7,0.0,0.0,0.0,0.0,0.0,0.0,0.0,0.0,0.0,0.0,0.0,0.0
refrigeration,none,test_utility_2,single_family,8,0.0,0.0,0.0,0.0,0.0,0.0,0.0,0.0,0.0,0.0,0.0,0.0
refrigeration,none,test_utility_2,single_family,9,0.0,0.0,0.0,0.0,0.0,0.0,0.0,0.0,0.0,0.0,0.0,0.0
refrigeration,none,test_utility_2,single_family,10,0.0,0.0,0.0,0.0,0.0,0.0,0.0,0.0,0.0,0.0,0.0,0.0
refrigeration,none,test_utility_2,single_family,11,0.0,0.0,0.0,0.0,0.0,0.0,0.0,0.0,0.0,0.0,0.0,0.0
refrigeration,none,test_utility_2,single_family,12,0.0,0.0,0.0,0.0,0.0,0.0,0.0,0.0,0.0,0.0,0.0,0.0
refrigeration,none,test_utility_2,single_family,13,0.0,0.0,0.0,0.0,0.0,0.0,0.0,0.0,0.0,0.0,0.0,0.0
refrigeration,none,test_utility_2,single_family,14,0.0,0.0,0.0,0.0,0.0,0.0,0.0,0.0,0.0,0.0,0.0,0.0
refrigeration,none,test_utility_2,single_family,15,0.0,0.0,0.0,0.0,0.0,0.0,0.0,0.0,0.0,0.0,0.0,0.0
refrigeration,none,test_utility_2,single_family,16,0.0,0.0,0.0,0.0,0.0,0.0,0.0,0.0,0.0,0.0,0.0,0.0
refrigeration,none,test_utility_2,single_family,17,0.0,0.0,0.0,0.0,0.0,0.0,0.0,0.0,0.0,0.0,0.0,0.0
refrigeration,none,test_utility_2,single_family,18,0.0,0.0,0.0,0.0,0.0,0.0,0.0,0.0,0.0,0.0,0.0,0.0
refrigeration,none,test_utility_2,single_family,19,0.0,0.0,0.0,0.0,0.0,0.0,0.0,0.0,0.0,0.0,0.0,0.0
refrigeration,none,test_utility_2,multifamily_li,0,0.0,0.0,0.0,0.0,0.0,0.0,0.0,0.0,0.0,0.0,0.0,0.0
refrigeration,none,test_utility_2,multifamily_li,1,0.0,0.0,0.0,0.0,0.0,0.0,0.0,0.0,0.0,0.0,0.0,0.0
refrigeration,none,test_utility_2,multifamily_li,2,0.0,0.0,0.0,0.0,0.0,0.0,0.0,0.0,0.0,0.0,0.0,0.0
refrigeration,none,test_utility_2,multifamily_li,3,0.0,0.0,0.0,0.0,0.0,0.0,0.0,0.0,0.0,0.0,0.0,0.0
refrigeration,none,test_utility_2,multifamily_li,4,0.0,0.0,0.0,0.0,0.0,0.0,0.0,0.0,0.0,0.0,0.0,0.0
refrigeration,none,test_utility_2,multifamily_li,5,0.0,0.0,0.0,0.0,0.0,0.0,0.0,0.0,0.0,0.0,0.0,0.0
refrigeration,none,test_utility_2,multifamily_li,6,0.0,0.0,0.0,0.0,0.0,0.0,0.0,0.0,0.0,0.0,0.0,0.0
refrigeration,none,test_utility_2,multifamily_li,7,0.0,0.0,0.0,0.0,0.0,0.0,0.0,0.0,0.0,0.0,0.0,0.0
refrigeration,none,test_utility_2,multifamily_li,8,0.0,0.0,0.0,0.0,0.0,0.0,0.0,0.0,0.0,0.0,0.0,0.0
refrigeration,none,test_utility_2,multifamily_li,9,0.0,0.0,0.0,0.0,0.0,0.0,0.0,0.0,0.0,0.0,0.0,0.0
refrigeration,none,test_utility_2,multifamily_li,10,0.0,0.0,0.0,0.0,0.0,0.0,0.0,0.0,0.0,0.0,0.0,0.0
refrigeration,none,test_utility_2,multifamily_li,11,0.0,0.0,0.0,0.0,0.0,0.0,0.0,0.0,0.0,0.0,0.0,0.0
refrigeration,none,test_utility_2,multifamily_li,12,0.0,0.0,0.0,0.0,0.0,0.0,0.0,0.0,0.0,0.0,0.0,0.0
refrigeration,none,test_utility_2,multifamily_li,13,0.0,0.0,0.0,0.0,0.0,0.0,0.0,0.0,0.0,0.0,0.0,0.0
refrigeration,none,test_utility_2,multifamily_li,14,0.0,0.0,0.0,0.0,0.0,0.0,0.0,0.0,0.0,0.0,0.0,0.0
refrigeration,none,test_utility_2,multifamily_li,15,0.0,0.0,0.0,0.0,0.0,0.0,0.0,0.0,0.0,0.0,0.0,0.0
refrigeration,none,test_utility_2,multifamily_li,16,0.0,0.0,0.0,0.0,0.0,0.0,0.0,0.0,0.0,0.0,0.0,0.0
refrigeration,none,test_utility_2,multifamily_li,17,0.0,0.0,0.0,0.0,0.0,0.0,0.0,0.0,0.0,0.0,0.0,0.0
refrigeration,none,test_utility_2,multifamily_li,18,0.0,0.0,0.0,0.0,0.0,0.0,0.0,0.0,0.0,0.0,0.0,0.0
refrigeration,none,test_utility_2,multifamily_li,19,0.0,0.0,0.0,0.0,0.0,0.0,0.0,0.0,0.0,0.0,0.0,0.0
refrigeration,none,test_utility_2,single_family_li,0,0.0,0.0,0.0,0.0,0.0,0.0,0.0,0.0,0.0,0.0,0.0,0.0
refrigeration,none,test_utility_2,single_family_li,1,0.0,0.0,0.0,0.0,0.0,0.0,0.0,0.0,0.0,0.0,0.0,0.0
refrigeration,none,test_utility_2,single_family_li,2,0.0,0.0,0.0,0.0,0.0,0.0,0.0,0.0,0.0,0.0,0.0,0.0
refrigeration,none,test_utility_2,single_family_li,3,0.0,0.0,0.0,0.0,0.0,0.0,0.0,0.0,0.0,0.0,0.0,0.0
refrigeration,none,test_utility_2,single_family_li,4,0.0,0.0,0.0,0.0,0.0,0.0,0.0,0.0,0.0,0.0,0.0,0.0
refrigeration,none,test_utility_2,single_family_li,5,0.0,0.0,0.0,0.0,0.0,0.0,0.0,0.0,0.0,0.0,0.0,0.0
refrigeration,none,test_utility_2,single_family_li,6,0.0,0.0,0.0,0.0,0.0,0.0,0.0,0.0,0.0,0.0,0.0,0.0
refrigeration,none,test_utility_2,single_family_li,7,0.0,0.0,0.0,0.0,0.0,0.0,0.0,0.0,0.0,0.0,0.0,0.0
refrigeration,none,test_utility_2,single_family_li,8,0.0,0.0,0.0,0.0,0.0,0.0,0.0,0.0,0.0,0.0,0.0,0.0
refrigeration,none,test_utility_2,single_family_li,9,0.0,0.0,0.0,0.0,0.0,0.0,0.0,0.0,0.0,0.0,0.0,0.0
refrigeration,none,test_utility_2,single_family_li,10,0.0,0.0,0.0,0.0,0.0,0.0,0.0,0.0,0.0,0.0,0.0,0.0
refrigeration,none,test_utility_2,single_family_li,11,0.0,0.0,0.0,0.0,0.0,0.0,0.0,0.0,0.0,0.0,0.0,0.0
refrigeration,none,test_utility_2,single_family_li,12,0.0,0.0,0.0,0.0,0.0,0.0,0.0,0.0,0.0,0.0,0.0,0.0
refrigeration,none,test_utility_2,single_family_li,13,0.0,0.0,0.0,0.0,0.0,0.0,0.0,0.0,0.0,0.0,0.0,0.0
refrigeration,none,test_utility_2,single_family_li,14,0.0,0.0,0.0,0.0,0.0,0.0,0.0,0.0,0.0,0.0,0.0,0.0
refrigeration,none,test_utility_2,single_family_li,15,0.0,0.0,0.0,0.0,0.0,0.0,0.0,0.0,0.0,0.0,0.0,0.0
refrigeration,none,test_utility_2,single_family_li,16,0.0,0.0,0.0,0.0,0.0,0.0,0.0,0.0,0.0,0.0,0.0,0.0
refrigeration,none,test_utility_2,single_family_li,17,0.0,0.0,0.0,0.0,0.0,0.0,0.0,0.0,0.0,0.0,0.0,0.0
refrigeration,none,test_utility_2,single_family_li,18,0.0,0.0,0.0,0.0,0.0,0.0,0.0,0.0,0.0,0.0,0.0,0.0
refrigeration,none,test_utility_2,single_family_li,19,0.0,0.0,0.0,0.0,0.0,0.0,0.0,0.0,0.0,0.0,0.0,0.0
refrigeration,test_utility_2,test_utility_1,multifamily,0,0.0,0.0,0.0,0.0,0.0,0.0,0.0,0.0,0.0,0.0,0.0,0.0
refrigeration,test_utility_2,test_utility_1,multifamily,1,0.0,0.0,0.0,0.0,0.0,0.0,0.0,0.0,0.0,0.0,0.0,0.0
refrigeration,test_utility_2,test_utility_1,multifamily,2,0.0,0.0,0.0,0.0,0.0,0.0,0.0,0.0,0.0,0.0,0.0,0.0
refrigeration,test_utility_2,test_utility_1,multifamily,3,0.0,0.0,0.0,0.0,0.0,0.0,0.0,0.0,0.0,0.0,0.0,0.0
refrigeration,test_utility_2,test_utility_1,multifamily,4,0.0,0.0,0.0,0.0,0.0,0.0,0.0,0.0,0.0,0.0,0.0,0.0
refrigeration,test_utility_2,test_utility_1,multifamily,5,0.0,0.0,0.0,0.0,0.0,0.0,0.0,0.0,0.0,0.0,0.0,0.0
refrigeration,test_utility_2,test_utility_1,multifamily,6,0.0,0.0,0.0,0.0,0.0,0.0,0.0,0.0,0.0,0.0,0.0,0.0
refrigeration,test_utility_2,test_utility_1,multifamily,7,0.0,0.0,0.0,0.0,0.0,0.0,0.0,0.0,0.0,0.0,0.0,0.0
refrigeration,test_utility_2,test_utility_1,multifamily,8,0.0,0.0,0.0,0.0,0.0,0.0,0.0,0.0,0.0,0.0,0.0,0.0
refrigeration,test_utility_2,test_utility_1,multifamily,9,0.0,0.0,0.0,0.0,0.0,0.0,0.0,0.0,0.0,0.0,0.0,0.0
refrigeration,test_utility_2,test_utility_1,multifamily,10,0.0,0.0,0.0,0.0,0.0,0.0,0.0,0.0,0.0,0.0,0.0,0.0
refrigeration,test_utility_2,test_utility_1,multifamily,11,0.0,0.0,0.0,0.0,0.0,0.0,0.0,0.0,0.0,0.0,0.0,0.0
refrigeration,test_utility_2,test_utility_1,multifamily,12,0.0,0.0,0.0,0.0,0.0,0.0,0.0,0.0,0.0,0.0,0.0,0.0
refrigeration,test_utility_2,test_utility_1,multifamily,13,0.0,0.0,0.0,0.0,0.0,0.0,0.0,0.0,0.0,0.0,0.0,0.0
refrigeration,test_utility_2,test_utility_1,multifamily,14,0.0,0.0,0.0,0.0,0.0,0.0,0.0,0.0,0.0,0.0,0.0,0.0
refrigeration,test_utility_2,test_utility_1,multifamily,15,0.0,0.0,0.0,0.0,0.0,0.0,0.0,0.0,0.0,0.0,0.0,0.0
refrigeration,test_utility_2,test_utility_1,multifamily,16,0.0,0.0,0.0,0.0,0.0,0.0,0.0,0.0,0.0,0.0,0.0,0.0
refrigeration,test_utility_2,test_utility_1,multifamily,17,0.0,0.0,0.0,0.0,0.0,0.0,0.0,0.0,0.0,0.0,0.0,0.0
refrigeration,test_utility_2,test_utility_1,multifamily,18,0.0,0.0,0.0,0.0,0.0,0.0,0.0,0.0,0.0,0.0,0.0,0.0
refrigeration,test_utility_2,test_utility_1,multifamily,19,0.0,0.0,0.0,0.0,0.0,0.0,0.0,0.0,0.0,0.0,0.0,0.0
refrigeration,test_utility_2,test_utility_1,single_family,0,0.0,0.0,0.0,0.0,0.0,0.0,0.0,0.0,0.0,0.0,0.0,0.0
refrigeration,test_utility_2,test_utility_1,single_family,1,0.0,0.0,0.0,0.0,0.0,0.0,0.0,0.0,0.0,0.0,0.0,0.0
refrigeration,test_utility_2,test_utility_1,single_family,2,0.0,0.0,0.0,0.0,0.0,0.0,0.0,0.0,0.0,0.0,0.0,0.0
refrigeration,test_utility_2,test_utility_1,single_family,3,0.0,0.0,0.0,0.0,0.0,0.0,0.0,0.0,0.0,0.0,0.0,0.0
refrigeration,test_utility_2,test_utility_1,single_family,4,0.0,0.0,0.0,0.0,0.0,0.0,0.0,0.0,0.0,0.0,0.0,0.0
refrigeration,test_utility_2,test_utility_1,single_family,5,0.0,0.0,0.0,0.0,0.0,0.0,0.0,0.0,0.0,0.0,0.0,0.0
refrigeration,test_utility_2,test_utility_1,single_family,6,0.0,0.0,0.0,0.0,0.0,0.0,0.0,0.0,0.0,0.0,0.0,0.0
refrigeration,test_utility_2,test_utility_1,single_family,7,0.0,0.0,0.0,0.0,0.0,0.0,0.0,0.0,0.0,0.0,0.0,0.0
refrigeration,test_utility_2,test_utility_1,single_family,8,0.0,0.0,0.0,0.0,0.0,0.0,0.0,0.0,0.0,0.0,0.0,0.0
refrigeration,test_utility_2,test_utility_1,single_family,9,0.0,0.0,0.0,0.0,0.0,0.0,0.0,0.0,0.0,0.0,0.0,0.0
refrigeration,test_utility_2,test_utility_1,single_family,10,0.0,0.0,0.0,0.0,0.0,0.0,0.0,0.0,0.0,0.0,0.0,0.0
refrigeration,test_utility_2,test_utility_1,single_family,11,0.0,0.0,0.0,0.0,0.0,0.0,0.0,0.0,0.0,0.0,0.0,0.0
refrigeration,test_utility_2,test_utility_1,single_family,12,0.0,0.0,0.0,0.0,0.0,0.0,0.0,0.0,0.0,0.0,0.0,0.0
refrigeration,test_utility_2,test_utility_1,single_family,13,0.0,0.0,0.0,0.0,0.0,0.0,0.0,0.0,0.0,0.0,0.0,0.0
refrigeration,test_utility_2,test_utility_1,single_family,14,0.0,0.0,0.0,0.0,0.0,0.0,0.0,0.0,0.0,0.0,0.0,0.0
refrigeration,test_utility_2,test_utility_1,single_family,15,0.0,0.0,0.0,0.0,0.0,0.0,0.0,0.0,0.0,0.0,0.0,0.0
refrigeration,test_utility_2,test_utility_1,single_family,16,0.0,0.0,0.0,0.0,0.0,0.0,0.0,0.0,0.0,0.0,0.0,0.0
refrigeration,test_utility_2,test_utility_1,single_family,17,0.0,0.0,0.0,0.0,0.0,0.0,0.0,0.0,0.0,0.0,0.0,0.0
refrigeration,test_utility_2,test_utility_1,single_family,18,0.0,0.0,0.0,0.0,0.0,0.0,0.0,0.0,0.0,0.0,0.0,0.0
refrigeration,test_utility_2,test_utility_1,single_family,19,0.0,0.0,0.0,0.0,0.0,0.0,0.0,0.0,0.0,0.0,0.0,0.0
refrigeration,test_utility_2,test_utility_1,multifamily_li,0,0.0,0.0,0.0,0.0,0.0,0.0,0.0,0.0,0.0,0.0,0.0,0.0
refrigeration,test_utility_2,test_utility_1,multifamily_li,1,0.0,0.0,0.0,0.0,0.0,0.0,0.0,0.0,0.0,0.0,0.0,0.0
refrigeration,test_utility_2,test_utility_1,multifamily_li,2,0.0,0.0,0.0,0.0,0.0,0.0,0.0,0.0,0.0,0.0,0.0,0.0
refrigeration,test_utility_2,test_utility_1,multifamily_li,3,0.0,0.0,0.0,0.0,0.0,0.0,0.0,0.0,0.0,0.0,0.0,0.0
refrigeration,test_utility_2,test_utility_1,multifamily_li,4,0.0,0.0,0.0,0.0,0.0,0.0,0.0,0.0,0.0,0.0,0.0,0.0
refrigeration,test_utility_2,test_utility_1,multifamily_li,5,0.0,0.0,0.0,0.0,0.0,0.0,0.0,0.0,0.0,0.0,0.0,0.0
refrigeration,test_utility_2,test_utility_1,multifamily_li,6,0.0,0.0,0.0,0.0,0.0,0.0,0.0,0.0,0.0,0.0,0.0,0.0
refrigeration,test_utility_2,test_utility_1,multifamily_li,7,0.0,0.0,0.0,0.0,0.0,0.0,0.0,0.0,0.0,0.0,0.0,0.0
refrigeration,test_utility_2,test_utility_1,multifamily_li,8,0.0,0.0,0.0,0.0,0.0,0.0,0.0,0.0,0.0,0.0,0.0,0.0
refrigeration,test_utility_2,test_utility_1,multifamily_li,9,0.0,0.0,0.0,0.0,0.0,0.0,0.0,0.0,0.0,0.0,0.0,0.0
refrigeration,test_utility_2,test_utility_1,multifamily_li,10,0.0,0.0,0.0,0.0,0.0,0.0,0.0,0.0,0.0,0.0,0.0,0.0
refrigeration,test_utility_2,test_utility_1,multifamily_li,11,0.0,0.0,0.0,0.0,0.0,0.0,0.0,0.0,0.0,0.0,0.0,0.0
refrigeration,test_utility_2,test_utility_1,multifamily_li,12,0.0,0.0,0.0,0.0,0.0,0.0,0.0,0.0,0.0,0.0,0.0,0.0
refrigeration,test_utility_2,test_utility_1,multifamily_li,13,0.0,0.0,0.0,0.0,0.0,0.0,0.0,0.0,0.0,0.0,0.0,0.0
refrigeration,test_utility_2,test_utility_1,multifamily_li,14,0.0,0.0,0.0,0.0,0.0,0.0,0.0,0.0,0.0,0.0,0.0,0.0
refrigeration,test_utility_2,test_utility_1,multifamily_li,15,0.0,0.0,0.0,0.0,0.0,0.0,0.0,0.0,0.0,0.0,0.0,0.0
refrigeration,test_utility_2,test_utility_1,multifamily_li,16,0.0,0.0,0.0,0.0,0.0,0.0,0.0,0.0,0.0,0.0,0.0,0.0
refrigeration,test_utility_2,test_utility_1,multifamily_li,17,0.0,0.0,0.0,0.0,0.0,0.0,0.0,0.0,0.0,0.0,0.0,0.0
refrigeration,test_utility_2,test_utility_1,multifamily_li,18,0.0,0.0,0.0,0.0,0.0,0.0,0.0,0.0,0.0,0.0,0.0,0.0
refrigeration,test_utility_2,test_utility_1,multifamily_li,19,0.0,0.0,0.0,0.0,0.0,0.0,0.0,0.0,0.0,0.0,0.0,0.0
refrigeration,test_utility_2,test_utility_1,single_family_li,0,0.0,0.0,0.0,0.0,0.0,0.0,0.0,0.0,0.0,0.0,0.0,0.0
refrigeration,test_utility_2,test_utility_1,single_family_li,1,0.0,0.0,0.0,0.0,0.0,0.0,0.0,0.0,0.0,0.0,0.0,0.0
refrigeration,test_utility_2,test_utility_1,single_family_li,2,0.0,0.0,0.0,0.0,0.0,0.0,0.0,0.0,0.0,0.0,0.0,0.0
refrigeration,test_utility_2,test_utility_1,single_family_li,3,0.0,0.0,0.0,0.0,0.0,0.0,0.0,0.0,0.0,0.0,0.0,0.0
refrigeration,test_utility_2,test_utility_1,single_family_li,4,0.0,0.0,0.0,0.0,0.0,0.0,0.0,0.0,0.0,0.0,0.0,0.0
refrigeration,test_utility_2,test_utility_1,single_family_li,5,0.0,0.0,0.0,0.0,0.0,0.0,0.0,0.0,0.0,0.0,0.0,0.0
refrigeration,test_utility_2,test_utility_1,single_family_li,6,0.0,0.0,0.0,0.0,0.0,0.0,0.0,0.0,0.0,0.0,0.0,0.0
refrigeration,test_utility_2,test_utility_1,single_family_li,7,0.0,0.0,0.0,0.0,0.0,0.0,0.0,0.0,0.0,0.0,0.0,0.0
refrigeration,test_utility_2,test_utility_1,single_family_li,8,0.0,0.0,0.0,0.0,0.0,0.0,0.0,0.0,0.0,0.0,0.0,0.0
refrigeration,test_utility_2,test_utility_1,single_family_li,9,0.0,0.0,0.0,0.0,0.0,0.0,0.0,0.0,0.0,0.0,0.0,0.0
refrigeration,test_utility_2,test_utility_1,single_family_li,10,0.0,0.0,0.0,0.0,0.0,0.0,0.0,0.0,0.0,0.0,0.0,0.0
refrigeration,test_utility_2,test_utility_1,single_family_li,11,0.0,0.0,0.0,0.0,0.0,0.0,0.0,0.0,0.0,0.0,0.0,0.0
refrigeration,test_utility_2,test_utility_1,single_family_li,12,0.0,0.0,0.0,0.0,0.0,0.0,0.0,0.0,0.0,0.0,0.0,0.0
refrigeration,test_utility_2,test_utility_1,single_family_li,13,0.0,0.0,0.0,0.0,0.0,0.0,0.0,0.0,0.0,0.0,0.0,0.0
refrigeration,test_utility_2,test_utility_1,single_family_li,14,0.0,0.0,0.0,0.0,0.0,0.0,0.0,0.0,0.0,0.0,0.0,0.0
refrigeration,test_utility_2,test_utility_1,single_family_li,15,0.0,0.0,0.0,0.0,0.0,0.0,0.0,0.0,0.0,0.0,0.0,0.0
refrigeration,test_utility_2,test_utility_1,single_family_li,16,0.0,0.0,0.0,0.0,0.0,0.0,0.0,0.0,0.0,0.0,0.0,0.0
refrigeration,test_utility_2,test_utility_1,single_family_li,17,0.0,0.0,0.0,0.0,0.0,0.0,0.0,0.0,0.0,0.0,0.0,0.0
refrigeration,test_utility_2,test_utility_1,single_family_li,18,0.0,0.0,0.0,0.0,0.0,0.0,0.0,0.0,0.0,0.0,0.0,0.0
refrigeration,test_utility_2,test_utility_1,single_family_li,19,0.0,0.0,0.0,0.0,0.0,0.0,0.0,0.0,0.0,0.0,0.0,0.0
refrigeration,test_utility_2,none,multifamily,0,0.0,0.0,0.0,0.0,0.0,0.0,0.0,0.0,0.0,0.0,0.0,0.0
refrigeration,test_utility_2,none,multifamily,1,0.0,0.0,0.0,0.0,0.0,0.0,0.0,0.0,0.0,0.0,0.0,0.0
refrigeration,test_utility_2,none,multifamily,2,0.0,0.0,0.0,0.0,0.0,0.0,0.0,0.0,0.0,0.0,0.0,0.0
refrigeration,test_utility_2,none,multifamily,3,0.0,0.0,0.0,0.0,0.0,0.0,0.0,0.0,0.0,0.0,0.0,0.0
refrigeration,test_utility_2,none,multifamily,4,0.0,0.0,0.0,0.0,0.0,0.0,0.0,0.0,0.0,0.0,0.0,0.0
refrigeration,test_utility_2,none,multifamily,5,0.0,0.0,0.0,0.0,0.0,0.0,0.0,0.0,0.0,0.0,0.0,0.0
refrigeration,test_utility_2,none,multifamily,6,0.0,0.0,0.0,0.0,0.0,0.0,0.0,0.0,0.0,0.0,0.0,0.0
refrigeration,test_utility_2,none,multifamily,7,0.0,0.0,0.0,0.0,0.0,0.0,0.0,0.0,0.0,0.0,0.0,0.0
refrigeration,test_utility_2,none,multifamily,8,0.0,0.0,0.0,0.0,0.0,0.0,0.0,0.0,0.0,0.0,0.0,0.0
refrigeration,test_utility_2,none,multifamily,9,0.0,0.0,0.0,0.0,0.0,0.0,0.0,0.0,0.0,0.0,0.0,0.0
refrigeration,test_utility_2,none,multifamily,10,0.0,0.0,0.0,0.0,0.0,0.0,0.0,0.0,0.0,0.0,0.0,0.0
refrigeration,test_utility_2,none,multifamily,11,0.0,0.0,0.0,0.0,0.0,0.0,0.0,0.0,0.0,0.0,0.0,0.0
refrigeration,test_utility_2,none,multifamily,12,0.0,0.0,0.0,0.0,0.0,0.0,0.0,0.0,0.0,0.0,0.0,0.0
refrigeration,test_utility_2,none,multifamily,13,0.0,0.0,0.0,0.0,0.0,0.0,0.0,0.0,0.0,0.0,0.0,0.0
refrigeration,test_utility_2,none,multifamily,14,0.0,0.0,0.0,0.0,0.0,0.0,0.0,0.0,0.0,0.0,0.0,0.0
refrigeration,test_utility_2,none,multifamily,15,0.0,0.0,0.0,0.0,0.0,0.0,0.0,0.0,0.0,0.0,0.0,0.0
refrigeration,test_utility_2,none,multifamily,16,0.0,0.0,0.0,0.0,0.0,0.0,0.0,0.0,0.0,0.0,0.0,0.0
refrigeration,test_utility_2,none,multifamily,17,0.0,0.0,0.0,0.0,0.0,0.0,0.0,0.0,0.0,0.0,0.0,0.0
refrigeration,test_utility_2,none,multifamily,18,0.0,0.0,0.0,0.0,0.0,0.0,0.0,0.0,0.0,0.0,0.0,0.0
refrigeration,test_utility_2,none,multifamily,19,0.0,0.0,0.0,0.0,0.0,0.0,0.0,0.0,0.0,0.0,0.0,0.0
refrigeration,test_utility_2,none,single_family,0,0.0,0.0,0.0,0.0,0.0,0.0,0.0,0.0,0.0,0.0,0.0,0.0
refrigeration,test_utility_2,none,single_family,1,0.0,0.0,0.0,0.0,0.0,0.0,0.0,0.0,0.0,0.0,0.0,0.0
refrigeration,test_utility_2,none,single_family,2,0.0,0.0,0.0,0.0,0.0,0.0,0.0,0.0,0.0,0.0,0.0,0.0
refrigeration,test_utility_2,none,single_family,3,0.0,0.0,0.0,0.0,0.0,0.0,0.0,0.0,0.0,0.0,0.0,0.0
refrigeration,test_utility_2,none,single_family,4,0.0,0.0,0.0,0.0,0.0,0.0,0.0,0.0,0.0,0.0,0.0,0.0
refrigeration,test_utility_2,none,single_family,5,0.0,0.0,0.0,0.0,0.0,0.0,0.0,0.0,0.0,0.0,0.0,0.0
refrigeration,test_utility_2,none,single_family,6,0.0,0.0,0.0,0.0,0.0,0.0,0.0,0.0,0.0,0.0,0.0,0.0
refrigeration,test_utility_2,none,single_family,7,0.0,0.0,0.0,0.0,0.0,0.0,0.0,0.0,0.0,0.0,0.0,0.0
refrigeration,test_utility_2,none,single_family,8,0.0,0.0,0.0,0.0,0.0,0.0,0.0,0.0,0.0,0.0,0.0,0.0
refrigeration,test_utility_2,none,single_family,9,0.0,0.0,0.0,0.0,0.0,0.0,0.0,0.0,0.0,0.0,0.0,0.0
refrigeration,test_utility_2,none,single_family,10,0.0,0.0,0.0,0.0,0.0,0.0,0.0,0.0,0.0,0.0,0.0,0.0
refrigeration,test_utility_2,none,single_family,11,0.0,0.0,0.0,0.0,0.0,0.0,0.0,0.0,0.0,0.0,0.0,0.0
refrigeration,test_utility_2,none,single_family,12,0.0,0.0,0.0,0.0,0.0,0.0,0.0,0.0,0.0,0.0,0.0,0.0
refrigeration,test_utility_2,none,single_family,13,0.0,0.0,0.0,0.0,0.0,0.0,0.0,0.0,0.0,0.0,0.0,0.0
refrigeration,test_utility_2,none,single_family,14,0.0,0.0,0.0,0.0,0.0,0.0,0.0,0.0,0.0,0.0,0.0,0.0
refrigeration,test_utility_2,none,single_family,15,0.0,0.0,0.0,0.0,0.0,0.0,0.0,0.0,0.0,0.0,0.0,0.0
refrigeration,test_utility_2,none,single_family,16,0.0,0.0,0.0,0.0,0.0,0.0,0.0,0.0,0.0,0.0,0.0,0.0
refrigeration,test_utility_2,none,single_family,17,0.0,0.0,0.0,0.0,0.0,0.0,0.0,0.0,0.0,0.0,0.0,0.0
refrigeration,test_utility_2,none,single_family,18,0.0,0.0,0.0,0.0,0.0,0.0,0.0,0.0,0.0,0.0,0.0,0.0
refrigeration,test_utility_2,none,single_family,19,0.0,0.0,0.0,0.0,0.0,0.0,0.0,0.0,0.0,0.0,0.0,0.0
refrigeration,test_utility_2,none,multifamily_li,0,0.0,0.0,0.0,0.0,0.0,0.0,0.0,0.0,0.0,0.0,0.0,0.0
refrigeration,test_utility_2,none,multifamily_li,1,0.0,0.0,0.0,0.0,0.0,0.0,0.0,0.0,0.0,0.0,0.0,0.0
refrigeration,test_utility_2,none,multifamily_li,2,0.0,0.0,0.0,0.0,0.0,0.0,0.0,0.0,0.0,0.0,0.0,0.0
refrigeration,test_utility_2,none,multifamily_li,3,0.0,0.0,0.0,0.0,0.0,0.0,0.0,0.0,0.0,0.0,0.0,0.0
refrigeration,test_utility_2,none,multifamily_li,4,0.0,0.0,0.0,0.0,0.0,0.0,0.0,0.0,0.0,0.0,0.0,0.0
refrigeration,test_utility_2,none,multifamily_li,5,0.0,0.0,0.0,0.0,0.0,0.0,0.0,0.0,0.0,0.0,0.0,0.0
refrigeration,test_utility_2,none,multifamily_li,6,0.0,0.0,0.0,0.0,0.0,0.0,0.0,0.0,0.0,0.0,0.0,0.0
refrigeration,test_utility_2,none,multifamily_li,7,0.0,0.0,0.0,0.0,0.0,0.0,0.0,0.0,0.0,0.0,0.0,0.0
refrigeration,test_utility_2,none,multifamily_li,8,0.0,0.0,0.0,0.0,0.0,0.0,0.0,0.0,0.0,0.0,0.0,0.0
refrigeration,test_utility_2,none,multifamily_li,9,0.0,0.0,0.0,0.0,0.0,0.0,0.0,0.0,0.0,0.0,0.0,0.0
refrigeration,test_utility_2,none,multifamily_li,10,0.0,0.0,0.0,0.0,0.0,0.0,0.0,0.0,0.0,0.0,0.0,0.0
refrigeration,test_utility_2,none,multifamily_li,11,0.0,0.0,0.0,0.0,0.0,0.0,0.0,0.0,0.0,0.0,0.0,0.0
refrigeration,test_utility_2,none,multifamily_li,12,0.0,0.0,0.0,0.0,0.0,0.0,0.0,0.0,0.0,0.0,0.0,0.0
refrigeration,test_utility_2,none,multifamily_li,13,0.0,0.0,0.0,0.0,0.0,0.0,0.0,0.0,0.0,0.0,0.0,0.0
refrigeration,test_utility_2,none,multifamily_li,14,0.0,0.0,0.0,0.0,0.0,0.0,0.0,0.0,0.0,0.0,0.0,0.0
refrigeration,test_utility_2,none,multifamily_li,15,0.0,0.0,0.0,0.0,0.0,0.0,0.0,0.0,0.0,0.0,0.0,0.0
refrigeration,test_utility_2,none,multifamily_li,16,0.0,0.0,0.0,0.0,0.0,0.0,0.0,0.0,0.0,0.0,0.0,0.0
refrigeration,test_utility_2,none,multifamily_li,17,0.0,0.0,0.0,0.0,0.0,0.0,0.0,0.0,0.0,0.0,0.0,0.0
refrigeration,test_utility_2,none,multifamily_li,18,0.0,0.0,0.0,0.0,0.0,0.0,0.0,0.0,0.0,0.0,0.0,0.0
refrigeration,test_utility_2,none,multifamily_li,19,0.0,0.0,0.0,0.0,0.0,0.0,0.0,0.0,0.0,0.0,0.0,0.0
refrigeration,test_utility_2,none,single_family_li,0,0.0,0.0,0.0,0.0,0.0,0.0,0.0,0.0,0.0,0.0,0.0,0.0
refrigeration,test_utility_2,none,single_family_li,1,0.0,0.0,0.0,0.0,0.0,0.0,0.0,0.0,0.0,0.0,0.0,0.0
refrigeration,test_utility_2,none,single_family_li,2,0.0,0.0,0.0,0.0,0.0,0.0,0.0,0.0,0.0,0.0,0.0,0.0
refrigeration,test_utility_2,none,single_family_li,3,0.0,0.0,0.0,0.0,0.0,0.0,0.0,0.0,0.0,0.0,0.0,0.0
refrigeration,test_utility_2,none,single_family_li,4,0.0,0.0,0.0,0.0,0.0,0.0,0.0,0.0,0.0,0.0,0.0,0.0
refrigeration,test_utility_2,none,single_family_li,5,0.0,0.0,0.0,0.0,0.0,0.0,0.0,0.0,0.0,0.0,0.0,0.0
refrigeration,test_utility_2,none,single_family_li,6,0.0,0.0,0.0,0.0,0.0,0.0,0.0,0.0,0.0,0.0,0.0,0.0
refrigeration,test_utility_2,none,single_family_li,7,0.0,0.0,0.0,0.0,0.0,0.0,0.0,0.0,0.0,0.0,0.0,0.0
refrigeration,test_utility_2,none,single_family_li,8,0.0,0.0,0.0,0.0,0.0,0.0,0.0,0.0,0.0,0.0,0.0,0.0
refrigeration,test_utility_2,none,single_family_li,9,0.0,0.0,0.0,0.0,0.0,0.0,0.0,0.0,0.0,0.0,0.0,0.0
refrigeration,test_utility_2,none,single_family_li,10,0.0,0.0,0.0,0.0,0.0,0.0,0.0,0.0,0.0,0.0,0.0,0.0
refrigeration,test_utility_2,none,single_family_li,11,0.0,0.0,0.0,0.0,0.0,0.0,0.0,0.0,0.0,0.0,0.0,0.0
refrigeration,test_utility_2,none,single_family_li,12,0.0,0.0,0.0,0.0,0.0,0.0,0.0,0.0,0.0,0.0,0.0,0.0
refrigeration,test_utility_2,none,single_family_li,13,0.0,0.0,0.0,0.0,0.0,0.0,0.0,0.0,0.0,0.0,0.0,0.0
refrigeration,test_utility_2,none,single_family_li,14,0.0,0.0,0.0,0.0,0.0,0.0,0.0,0.0,0.0,0.0,0.0,0.0
refrigeration,test_utility_2,none,single_family_li,15,0.0,0.0,0.0,0.0,0.0,0.0,0.0,0.0,0.0,0.0,0.0,0.0
refrigeration,test_utility_2,none,single_family_li,16,0.0,0.0,0.0,0.0,0.0,0.0,0.0,0.0,0.0,0.0,0.0,0.0
refrigeration,test_utility_2,none,single_family_li,17,0.0,0.0,0.0,0.0,0.0,0.0,0.0,0.0,0.0,0.0,0.0,0.0
refrigeration,test_utility_2,none,single_family_li,18,0.0,0.0,0.0,0.0,0.0,0.0,0.0,0.0,0.0,0.0,0.0,0.0
refrigeration,test_utility_2,none,single_family_li,19,0.0,0.0,0.0,0.0,0.0,0.0,0.0,0.0,0.0,0.0,0.0,0.0
refrigeration,test_utility_2,test_utility_2,multifamily,0,0.0,0.0,0.0,0.0,0.0,0.0,0.0,0.0,0.0,0.0,0.0,0.0
refrigeration,test_utility_2,test_utility_2,multifamily,1,0.0,0.0,0.0,0.0,0.0,0.0,0.0,0.0,0.0,0.0,0.0,0.0
refrigeration,test_utility_2,test_utility_2,multifamily,2,0.0,0.0,0.0,0.0,0.0,0.0,0.0,0.0,0.0,0.0,0.0,0.0
refrigeration,test_utility_2,test_utility_2,multifamily,3,0.0,0.0,0.0,0.0,0.0,0.0,0.0,0.0,0.0,0.0,0.0,0.0
refrigeration,test_utility_2,test_utility_2,multifamily,4,0.0,0.0,0.0,0.0,0.0,0.0,0.0,0.0,0.0,0.0,0.0,0.0
refrigeration,test_utility_2,test_utility_2,multifamily,5,0.0,0.0,0.0,0.0,0.0,0.0,0.0,0.0,0.0,0.0,0.0,0.0
refrigeration,test_utility_2,test_utility_2,multifamily,6,0.0,0.0,0.0,0.0,0.0,0.0,0.0,0.0,0.0,0.0,0.0,0.0
refrigeration,test_utility_2,test_utility_2,multifamily,7,0.0,0.0,0.0,0.0,0.0,0.0,0.0,0.0,0.0,0.0,0.0,0.0
refrigeration,test_utility_2,test_utility_2,multifamily,8,0.0,0.0,0.0,0.0,0.0,0.0,0.0,0.0,0.0,0.0,0.0,0.0
refrigeration,test_utility_2,test_utility_2,multifamily,9,0.0,0.0,0.0,0.0,0.0,0.0,0.0,0.0,0.0,0.0,0.0,0.0
refrigeration,test_utility_2,test_utility_2,multifamily,10,0.0,0.0,0.0,0.0,0.0,0.0,0.0,0.0,0.0,0.0,0.0,0.0
refrigeration,test_utility_2,test_utility_2,multifamily,11,0.0,0.0,0.0,0.0,0.0,0.0,0.0,0.0,0.0,0.0,0.0,0.0
refrigeration,test_utility_2,test_utility_2,multifamily,12,0.0,0.0,0.0,0.0,0.0,0.0,0.0,0.0,0.0,0.0,0.0,0.0
refrigeration,test_utility_2,test_utility_2,multifamily,13,0.0,0.0,0.0,0.0,0.0,0.0,0.0,0.0,0.0,0.0,0.0,0.0
refrigeration,test_utility_2,test_utility_2,multifamily,14,0.0,0.0,0.0,0.0,0.0,0.0,0.0,0.0,0.0,0.0,0.0,0.0
refrigeration,test_utility_2,test_utility_2,multifamily,15,0.0,0.0,0.0,0.0,0.0,0.0,0.0,0.0,0.0,0.0,0.0,0.0
refrigeration,test_utility_2,test_utility_2,multifamily,16,0.0,0.0,0.0,0.0,0.0,0.0,0.0,0.0,0.0,0.0,0.0,0.0
refrigeration,test_utility_2,test_utility_2,multifamily,17,0.0,0.0,0.0,0.0,0.0,0.0,0.0,0.0,0.0,0.0,0.0,0.0
refrigeration,test_utility_2,test_utility_2,multifamily,18,0.0,0.0,0.0,0.0,0.0,0.0,0.0,0.0,0.0,0.0,0.0,0.0
refrigeration,test_utility_2,test_utility_2,multifamily,19,0.0,0.0,0.0,0.0,0.0,0.0,0.0,0.0,0.0,0.0,0.0,0.0
refrigeration,test_utility_2,test_utility_2,single_family,0,0.0,0.0,0.0,0.0,0.0,0.0,0.0,0.0,0.0,0.0,0.0,0.0
refrigeration,test_utility_2,test_utility_2,single_family,1,0.0,0.0,0.0,0.0,0.0,0.0,0.0,0.0,0.0,0.0,0.0,0.0
refrigeration,test_utility_2,test_utility_2,single_family,2,0.0,0.0,0.0,0.0,0.0,0.0,0.0,0.0,0.0,0.0,0.0,0.0
refrigeration,test_utility_2,test_utility_2,single_family,3,0.0,0.0,0.0,0.0,0.0,0.0,0.0,0.0,0.0,0.0,0.0,0.0
refrigeration,test_utility_2,test_utility_2,single_family,4,0.0,0.0,0.0,0.0,0.0,0.0,0.0,0.0,0.0,0.0,0.0,0.0
refrigeration,test_utility_2,test_utility_2,single_family,5,0.0,0.0,0.0,0.0,0.0,0.0,0.0,0.0,0.0,0.0,0.0,0.0
refrigeration,test_utility_2,test_utility_2,single_family,6,0.0,0.0,0.0,0.0,0.0,0.0,0.0,0.0,0.0,0.0,0.0,0.0
refrigeration,test_utility_2,test_utility_2,single_family,7,0.0,0.0,0.0,0.0,0.0,0.0,0.0,0.0,0.0,0.0,0.0,0.0
refrigeration,test_utility_2,test_utility_2,single_family,8,0.0,0.0,0.0,0.0,0.0,0.0,0.0,0.0,0.0,0.0,0.0,0.0
refrigeration,test_utility_2,test_utility_2,single_family,9,0.0,0.0,0.0,0.0,0.0,0.0,0.0,0.0,0.0,0.0,0.0,0.0
refrigeration,test_utility_2,test_utility_2,single_family,10,0.0,0.0,0.0,0.0,0.0,0.0,0.0,0.0,0.0,0.0,0.0,0.0
refrigeration,test_utility_2,test_utility_2,single_family,11,0.0,0.0,0.0,0.0,0.0,0.0,0.0,0.0,0.0,0.0,0.0,0.0
refrigeration,test_utility_2,test_utility_2,single_family,12,0.0,0.0,0.0,0.0,0.0,0.0,0.0,0.0,0.0,0.0,0.0,0.0
refrigeration,test_utility_2,test_utility_2,single_family,13,0.0,0.0,0.0,0.0,0.0,0.0,0.0,0.0,0.0,0.0,0.0,0.0
refrigeration,test_utility_2,test_utility_2,single_family,14,0.0,0.0,0.0,0.0,0.0,0.0,0.0,0.0,0.0,0.0,0.0,0.0
refrigeration,test_utility_2,test_utility_2,single_family,15,0.0,0.0,0.0,0.0,0.0,0.0,0.0,0.0,0.0,0.0,0.0,0.0
refrigeration,test_utility_2,test_utility_2,single_family,16,0.0,0.0,0.0,0.0,0.0,0.0,0.0,0.0,0.0,0.0,0.0,0.0
refrigeration,test_utility_2,test_utility_2,single_family,17,0.0,0.0,0.0,0.0,0.0,0.0,0.0,0.0,0.0,0.0,0.0,0.0
refrigeration,test_utility_2,test_utility_2,single_family,18,0.0,0.0,0.0,0.0,0.0,0.0,0.0,0.0,0.0,0.0,0.0,0.0
refrigeration,test_utility_2,test_utility_2,single_family,19,0.0,0.0,0.0,0.0,0.0,0.0,0.0,0.0,0.0,0.0,0.0,0.0
refrigeration,test_utility_2,test_utility_2,multifamily_li,0,0.0,0.0,0.0,0.0,0.0,0.0,0.0,0.0,0.0,0.0,0.0,0.0
refrigeration,test_utility_2,test_utility_2,multifamily_li,1,0.0,0.0,0.0,0.0,0.0,0.0,0.0,0.0,0.0,0.0,0.0,0.0
refrigeration,test_utility_2,test_utility_2,multifamily_li,2,0.0,0.0,0.0,0.0,0.0,0.0,0.0,0.0,0.0,0.0,0.0,0.0
refrigeration,test_utility_2,test_utility_2,multifamily_li,3,0.0,0.0,0.0,0.0,0.0,0.0,0.0,0.0,0.0,0.0,0.0,0.0
refrigeration,test_utility_2,test_utility_2,multifamily_li,4,0.0,0.0,0.0,0.0,0.0,0.0,0.0,0.0,0.0,0.0,0.0,0.0
refrigeration,test_utility_2,test_utility_2,multifamily_li,5,0.0,0.0,0.0,0.0,0.0,0.0,0.0,0.0,0.0,0.0,0.0,0.0
refrigeration,test_utility_2,test_utility_2,multifamily_li,6,0.0,0.0,0.0,0.0,0.0,0.0,0.0,0.0,0.0,0.0,0.0,0.0
refrigeration,test_utility_2,test_utility_2,multifamily_li,7,0.0,0.0,0.0,0.0,0.0,0.0,0.0,0.0,0.0,0.0,0.0,0.0
refrigeration,test_utility_2,test_utility_2,multifamily_li,8,0.0,0.0,0.0,0.0,0.0,0.0,0.0,0.0,0.0,0.0,0.0,0.0
refrigeration,test_utility_2,test_utility_2,multifamily_li,9,0.0,0.0,0.0,0.0,0.0,0.0,0.0,0.0,0.0,0.0,0.0,0.0
refrigeration,test_utility_2,test_utility_2,multifamily_li,10,0.0,0.0,0.0,0.0,0.0,0.0,0.0,0.0,0.0,0.0,0.0,0.0
refrigeration,test_utility_2,test_utility_2,multifamily_li,11,0.0,0.0,0.0,0.0,0.0,0.0,0.0,0.0,0.0,0.0,0.0,0.0
refrigeration,test_utility_2,test_utility_2,multifamily_li,12,0.0,0.0,0.0,0.0,0.0,0.0,0.0,0.0,0.0,0.0,0.0,0.0
refrigeration,test_utility_2,test_utility_2,multifamily_li,13,0.0,0.0,0.0,0.0,0.0,0.0,0.0,0.0,0.0,0.0,0.0,0.0
refrigeration,test_utility_2,test_utility_2,multifamily_li,14,0.0,0.0,0.0,0.0,0.0,0.0,0.0,0.0,0.0,0.0,0.0,0.0
refrigeration,test_utility_2,test_utility_2,multifamily_li,15,0.0,0.0,0.0,0.0,0.0,0.0,0.0,0.0,0.0,0.0,0.0,0.0
refrigeration,test_utility_2,test_utility_2,multifamily_li,16,0.0,0.0,0.0,0.0,0.0,0.0,0.0,0.0,0.0,0.0,0.0,0.0
refrigeration,test_utility_2,test_utility_2,multifamily_li,17,0.0,0.0,0.0,0.0,0.0,0.0,0.0,0.0,0.0,0.0,0.0,0.0
refrigeration,test_utility_2,test_utility_2,multifamily_li,18,0.0,0.0,0.0,0.0,0.0,0.0,0.0,0.0,0.0,0.0,0.0,0.0
refrigeration,test_utility_2,test_utility_2,multifamily_li,19,0.0,0.0,0.0,0.0,0.0,0.0,0.0,0.0,0.0,0.0,0.0,0.0
refrigeration,test_utility_2,test_utility_2,single_family_li,0,0.0,0.0,0.0,0.0,0.0,0.0,0.0,0.0,0.0,0.0,0.0,0.0
refrigeration,test_utility_2,test_utility_2,single_family_li,1,0.0,0.0,0.0,0.0,0.0,0.0,0.0,0.0,0.0,0.0,0.0,0.0
refrigeration,test_utility_2,test_utility_2,single_family_li,2,0.0,0.0,0.0,0.0,0.0,0.0,0.0,0.0,0.0,0.0,0.0,0.0
refrigeration,test_utility_2,test_utility_2,single_family_li,3,0.0,0.0,0.0,0.0,0.0,0.0,0.0,0.0,0.0,0.0,0.0,0.0
refrigeration,test_utility_2,test_utility_2,single_family_li,4,0.0,0.0,0.0,0.0,0.0,0.0,0.0,0.0,0.0,0.0,0.0,0.0
refrigeration,test_utility_2,test_utility_2,single_family_li,5,0.0,0.0,0.0,0.0,0.0,0.0,0.0,0.0,0.0,0.0,0.0,0.0
refrigeration,test_utility_2,test_utility_2,single_family_li,6,0.0,0.0,0.0,0.0,0.0,0.0,0.0,0.0,0.0,0.0,0.0,0.0
refrigeration,test_utility_2,test_utility_2,single_family_li,7,0.0,0.0,0.0,0.0,0.0,0.0,0.0,0.0,0.0,0.0,0.0,0.0
refrigeration,test_utility_2,test_utility_2,single_family_li,8,0.0,0.0,0.0,0.0,0.0,0.0,0.0,0.0,0.0,0.0,0.0,0.0
refrigeration,test_utility_2,test_utility_2,single_family_li,9,0.0,0.0,0.0,0.0,0.0,0.0,0.0,0.0,0.0,0.0,0.0,0.0
refrigeration,test_utility_2,test_utility_2,single_family_li,10,0.0,0.0,0.0,0.0,0.0,0.0,0.0,0.0,0.0,0.0,0.0,0.0
refrigeration,test_utility_2,test_utility_2,single_family_li,11,0.0,0.0,0.0,0.0,0.0,0.0,0.0,0.0,0.0,0.0,0.0,0.0
refrigeration,test_utility_2,test_utility_2,single_family_li,12,0.0,0.0,0.0,0.0,0.0,0.0,0.0,0.0,0.0,0.0,0.0,0.0
refrigeration,test_utility_2,test_utility_2,single_family_li,13,0.0,0.0,0.0,0.0,0.0,0.0,0.0,0.0,0.0,0.0,0.0,0.0
refrigeration,test_utility_2,test_utility_2,single_family_li,14,0.0,0.0,0.0,0.0,0.0,0.0,0.0,0.0,0.0,0.0,0.0,0.0
refrigeration,test_utility_2,test_utility_2,single_family_li,15,0.0,0.0,0.0,0.0,0.0,0.0,0.0,0.0,0.0,0.0,0.0,0.0
refrigeration,test_utility_2,test_utility_2,single_family_li,16,0.0,0.0,0.0,0.0,0.0,0.0,0.0,0.0,0.0,0.0,0.0,0.0
refrigeration,test_utility_2,test_utility_2,single_family_li,17,0.0,0.0,0.0,0.0,0.0,0.0,0.0,0.0,0.0,0.0,0.0,0.0
refrigeration,test_utility_2,test_utility_2,single_family_li,18,0.0,0.0,0.0,0.0,0.0,0.0,0.0,0.0,0.0,0.0,0.0,0.0
refrigeration,test_utility_2,test_utility_2,single_family_li,19,0.0,0.0,0.0,0.0,0.0,0.0,0.0,0.0,0.0,0.0,0.0,0.0
heating_cooling,test_utility_1,test_utility_1,multifamily,0,0.0,0.0,0.0,0.0,0.0,0.0,0.0,0.0,0.0,0.0,0.0,0.0
heating_cooling,test_utility_1,test_utility_1,multifamily,1,0.0,0.0,0.0,0.0,0.0,0.0,0.0,0.0,0.0,0.0,0.0,0.0
heating_cooling,test_utility_1,test_utility_1,multifamily,2,0.0,0.0,0.0,0.0,0.0,0.0,0.0,0.0,0.0,0.0,0.0,0.0
heating_cooling,test_utility_1,test_utility_1,multifamily,3,0.0,0.0,0.0,0.0,0.0,0.0,0.0,0.0,0.0,0.0,0.0,0.0
heating_cooling,test_utility_1,test_utility_1,multifamily,4,0.0,0.0,0.0,0.0,0.0,0.0,0.0,0.0,0.0,0.0,0.0,0.0
heating_cooling,test_utility_1,test_utility_1,multifamily,5,0.0,0.0,0.0,0.0,0.0,0.0,0.0,0.0,0.0,0.0,0.0,0.0
heating_cooling,test_utility_1,test_utility_1,multifamily,6,0.0,0.0,0.0,0.0,0.0,0.0,0.0,0.0,0.0,0.0,0.0,0.0
heating_cooling,test_utility_1,test_utility_1,multifamily,7,0.0,0.0,0.0,0.0,0.0,0.0,0.0,0.0,0.0,0.0,0.0,0.0
heating_cooling,test_utility_1,test_utility_1,multifamily,8,0.0,0.0,0.0,0.0,0.0,0.0,0.0,0.0,0.0,0.0,0.0,0.0
heating_cooling,test_utility_1,test_utility_1,multifamily,9,0.0,0.0,0.0,0.0,0.0,0.0,0.0,0.0,0.0,0.0,0.0,0.0
heating_cooling,test_utility_1,test_utility_1,multifamily,10,0.0,0.0,0.0,0.0,0.0,0.0,0.0,0.0,0.0,0.0,0.0,0.0
heating_cooling,test_utility_1,test_utility_1,multifamily,11,0.0,0.0,0.0,0.0,0.0,0.0,0.0,0.0,0.0,0.0,0.0,0.0
heating_cooling,test_utility_1,test_utility_1,multifamily,12,0.0,0.0,0.0,0.0,0.0,0.0,0.0,0.0,0.0,0.0,0.0,0.0
heating_cooling,test_utility_1,test_utility_1,multifamily,13,0.0,0.0,0.0,0.0,0.0,0.0,0.0,0.0,0.0,0.0,0.0,0.0
heating_cooling,test_utility_1,test_utility_1,multifamily,14,0.0,0.0,0.0,0.0,0.0,0.0,0.0,0.0,0.0,0.0,0.0,0.0
heating_cooling,test_utility_1,test_utility_1,multifamily,15,0.0,0.0,0.0,0.0,0.0,0.0,0.0,0.0,0.0,0.0,0.0,0.0
heating_cooling,test_utility_1,test_utility_1,multifamily,16,0.0,0.0,0.0,0.0,0.0,0.0,0.0,0.0,0.0,0.0,0.0,0.0
heating_cooling,test_utility_1,test_utility_1,multifamily,17,0.0,0.0,0.0,0.0,0.0,0.0,0.0,0.0,0.0,0.0,0.0,0.0
heating_cooling,test_utility_1,test_utility_1,multifamily,18,0.0,0.0,0.0,0.0,0.0,0.0,0.0,0.0,0.0,0.0,0.0,0.0
heating_cooling,test_utility_1,test_utility_1,multifamily,19,0.0,0.0,0.0,0.0,0.0,0.0,0.0,0.0,0.0,0.0,0.0,0.0
heating_cooling,test_utility_1,test_utility_1,single_family,0,0.0,0.0,0.0,0.0,0.0,0.0,0.0,0.0,0.0,0.0,0.0,0.0
heating_cooling,test_utility_1,test_utility_1,single_family,1,0.0,0.0,0.0,0.0,0.0,0.0,0.0,0.0,0.0,0.0,0.0,0.0
heating_cooling,test_utility_1,test_utility_1,single_family,2,0.0,0.0,0.0,0.0,0.0,0.0,0.0,0.0,0.0,0.0,0.0,0.0
heating_cooling,test_utility_1,test_utility_1,single_family,3,0.0,0.0,0.0,0.0,0.0,0.0,0.0,0.0,0.0,0.0,0.0,0.0
heating_cooling,test_utility_1,test_utility_1,single_family,4,0.0,0.0,0.0,0.0,0.0,0.0,0.0,0.0,0.0,0.0,0.0,0.0
heating_cooling,test_utility_1,test_utility_1,single_family,5,0.0,0.0,0.0,0.0,0.0,0.0,0.0,0.0,0.0,0.0,0.0,0.0
heating_cooling,test_utility_1,test_utility_1,single_family,6,0.0,0.0,0.0,0.0,0.0,0.0,0.0,0.0,0.0,0.0,0.0,0.0
heating_cooling,test_utility_1,test_utility_1,single_family,7,0.0,0.0,0.0,0.0,0.0,0.0,0.0,0.0,0.0,0.0,0.0,0.0
heating_cooling,test_utility_1,test_utility_1,single_family,8,0.0,0.0,0.0,0.0,0.0,0.0,0.0,0.0,0.0,0.0,0.0,0.0
heating_cooling,test_utility_1,test_utility_1,single_family,9,0.0,0.0,0.0,0.0,0.0,0.0,0.0,0.0,0.0,0.0,0.0,0.0
heating_cooling,test_utility_1,test_utility_1,single_family,10,0.0,0.0,0.0,0.0,0.0,0.0,0.0,0.0,0.0,0.0,0.0,0.0
heating_cooling,test_utility_1,test_utility_1,single_family,11,0.0,0.0,0.0,0.0,0.0,0.0,0.0,0.0,0.0,0.0,0.0,0.0
heating_cooling,test_utility_1,test_utility_1,single_family,12,0.0,0.0,0.0,0.0,0.0,0.0,0.0,0.0,0.0,0.0,0.0,0.0
heating_cooling,test_utility_1,test_utility_1,single_family,13,0.0,0.0,0.0,0.0,0.0,0.0,0.0,0.0,0.0,0.0,0.0,0.0
heating_cooling,test_utility_1,test_utility_1,single_family,14,0.0,0.0,0.0,0.0,0.0,0.0,0.0,0.0,0.0,0.0,0.0,0.0
heating_cooling,test_utility_1,test_utility_1,single_family,15,0.0,0.0,0.0,0.0,0.0,0.0,0.0,0.0,0.0,0.0,0.0,0.0
heating_cooling,test_utility_1,test_utility_1,single_family,16,0.0,0.0,0.0,0.0,0.0,0.0,0.0,0.0,0.0,0.0,0.0,0.0
heating_cooling,test_utility_1,test_utility_1,single_family,17,0.0,0.0,0.0,0.0,0.0,0.0,0.0,0.0,0.0,0.0,0.0,0.0
heating_cooling,test_utility_1,test_utility_1,single_family,18,0.0,0.0,0.0,0.0,0.0,0.0,0.0,0.0,0.0,0.0,0.0,0.0
heating_cooling,test_utility_1,test_utility_1,single_family,19,0.0,0.0,0.0,0.0,0.0,0.0,0.0,0.0,0.0,0.0,0.0,0.0
heating_cooling,test_utility_1,test_utility_1,multifamily_li,0,0.0,0.0,0.0,0.0,0.0,0.0,0.0,0.0,0.0,0.0,0.0,0.0
heating_cooling,test_utility_1,test_utility_1,multifamily_li,1,0.0,0.0,0.0,0.0,0.0,0.0,0.0,0.0,0.0,0.0,0.0,0.0
heating_cooling,test_utility_1,test_utility_1,multifamily_li,2,0.0,0.0,0.0,0.0,0.0,0.0,0.0,0.0,0.0,0.0,0.0,0.0
heating_cooling,test_utility_1,test_utility_1,multifamily_li,3,0.0,0.0,0.0,0.0,0.0,0.0,0.0,0.0,0.0,0.0,0.0,0.0
heating_cooling,test_utility_1,test_utility_1,multifamily_li,4,0.0,0.0,0.0,0.0,0.0,0.0,0.0,0.0,0.0,0.0,0.0,0.0
heating_cooling,test_utility_1,test_utility_1,multifamily_li,5,0.0,0.0,0.0,0.0,0.0,0.0,0.0,0.0,0.0,0.0,0.0,0.0
heating_cooling,test_utility_1,test_utility_1,multifamily_li,6,0.0,0.0,0.0,0.0,0.0,0.0,0.0,0.0,0.0,0.0,0.0,0.0
heating_cooling,test_utility_1,test_utility_1,multifamily_li,7,0.0,0.0,0.0,0.0,0.0,0.0,0.0,0.0,0.0,0.0,0.0,0.0
heating_cooling,test_utility_1,test_utility_1,multifamily_li,8,0.0,0.0,0.0,0.0,0.0,0.0,0.0,0.0,0.0,0.0,0.0,0.0
heating_cooling,test_utility_1,test_utility_1,multifamily_li,9,0.0,0.0,0.0,0.0,0.0,0.0,0.0,0.0,0.0,0.0,0.0,0.0
heating_cooling,test_utility_1,test_utility_1,multifamily_li,10,0.0,0.0,0.0,0.0,0.0,0.0,0.0,0.0,0.0,0.0,0.0,0.0
heating_cooling,test_utility_1,test_utility_1,multifamily_li,11,0.0,0.0,0.0,0.0,0.0,0.0,0.0,0.0,0.0,0.0,0.0,0.0
heating_cooling,test_utility_1,test_utility_1,multifamily_li,12,0.0,0.0,0.0,0.0,0.0,0.0,0.0,0.0,0.0,0.0,0.0,0.0
heating_cooling,test_utility_1,test_utility_1,multifamily_li,13,0.0,0.0,0.0,0.0,0.0,0.0,0.0,0.0,0.0,0.0,0.0,0.0
heating_cooling,test_utility_1,test_utility_1,multifamily_li,14,0.0,0.0,0.0,0.0,0.0,0.0,0.0,0.0,0.0,0.0,0.0,0.0
heating_cooling,test_utility_1,test_utility_1,multifamily_li,15,0.0,0.0,0.0,0.0,0.0,0.0,0.0,0.0,0.0,0.0,0.0,0.0
heating_cooling,test_utility_1,test_utility_1,multifamily_li,16,0.0,0.0,0.0,0.0,0.0,0.0,0.0,0.0,0.0,0.0,0.0,0.0
heating_cooling,test_utility_1,test_utility_1,multifamily_li,17,0.0,0.0,0.0,0.0,0.0,0.0,0.0,0.0,0.0,0.0,0.0,0.0
heating_cooling,test_utility_1,test_utility_1,multifamily_li,18,0.0,0.0,0.0,0.0,0.0,0.0,0.0,0.0,0.0,0.0,0.0,0.0
heating_cooling,test_utility_1,test_utility_1,multifamily_li,19,0.0,0.0,0.0,0.0,0.0,0.0,0.0,0.0,0.0,0.0,0.0,0.0
heating_cooling,test_utility_1,test_utility_1,single_family_li,0,0.0,0.0,0.0,0.0,0.0,0.0,0.0,0.0,0.0,0.0,0.0,0.0
heating_cooling,test_utility_1,test_utility_1,single_family_li,1,0.0,0.0,0.0,0.0,0.0,0.0,0.0,0.0,0.0,0.0,0.0,0.0
heating_cooling,test_utility_1,test_utility_1,single_family_li,2,0.0,0.0,0.0,0.0,0.0,0.0,0.0,0.0,0.0,0.0,0.0,0.0
heating_cooling,test_utility_1,test_utility_1,single_family_li,3,0.0,0.0,0.0,0.0,0.0,0.0,0.0,0.0,0.0,0.0,0.0,0.0
heating_cooling,test_utility_1,test_utility_1,single_family_li,4,0.0,0.0,0.0,0.0,0.0,0.0,0.0,0.0,0.0,0.0,0.0,0.0
heating_cooling,test_utility_1,test_utility_1,single_family_li,5,0.0,0.0,0.0,0.0,0.0,0.0,0.0,0.0,0.0,0.0,0.0,0.0
heating_cooling,test_utility_1,test_utility_1,single_family_li,6,0.0,0.0,0.0,0.0,0.0,0.0,0.0,0.0,0.0,0.0,0.0,0.0
heating_cooling,test_utility_1,test_utility_1,single_family_li,7,0.0,0.0,0.0,0.0,0.0,0.0,0.0,0.0,0.0,0.0,0.0,0.0
heating_cooling,test_utility_1,test_utility_1,single_family_li,8,0.0,0.0,0.0,0.0,0.0,0.0,0.0,0.0,0.0,0.0,0.0,0.0
heating_cooling,test_utility_1,test_utility_1,single_family_li,9,0.0,0.0,0.0,0.0,0.0,0.0,0.0,0.0,0.0,0.0,0.0,0.0
heating_cooling,test_utility_1,test_utility_1,single_family_li,10,0.0,0.0,0.0,0.0,0.0,0.0,0.0,0.0,0.0,0.0,0.0,0.0
heating_cooling,test_utility_1,test_utility_1,single_family_li,11,0.0,0.0,0.0,0.0,0.0,0.0,0.0,0.0,0.0,0.0,0.0,0.0
heating_cooling,test_utility_1,test_utility_1,single_family_li,12,0.0,0.0,0.0,0.0,0.0,0.0,0.0,0.0,0.0,0.0,0.0,0.0
heating_cooling,test_utility_1,test_utility_1,single_family_li,13,0.0,0.0,0.0,0.0,0.0,0.0,0.0,0.0,0.0,0.0,0.0,0.0
heating_cooling,test_utility_1,test_utility_1,single_family_li,14,0.0,0.0,0.0,0.0,0.0,0.0,0.0,0.0,0.0,0.0,0.0,0.0
heating_cooling,test_utility_1,test_utility_1,single_family_li,15,0.0,0.0,0.0,0.0,0.0,0.0,0.0,0.0,0.0,0.0,0.0,0.0
heating_cooling,test_utility_1,test_utility_1,single_family_li,16,0.0,0.0,0.0,0.0,0.0,0.0,0.0,0.0,0.0,0.0,0.0,0.0
heating_cooling,test_utility_1,test_utility_1,single_family_li,17,0.0,0.0,0.0,0.0,0.0,0.0,0.0,0.0,0.0,0.0,0.0,0.0
heating_cooling,test_utility_1,test_utility_1,single_family_li,18,0.0,0.0,0.0,0.0,0.0,0.0,0.0,0.0,0.0,0.0,0.0,0.0
heating_cooling,test_utility_1,test_utility_1,single_family_li,19,0.0,0.0,0.0,0.0,0.0,0.0,0.0,0.0,0.0,0.0,0.0,0.0
heating_cooling,test_utility_1,none,multifamily,0,0.0,0.0,0.0,0.0,0.0,0.0,0.0,0.0,0.0,0.0,0.0,0.0
heating_cooling,test_utility_1,none,multifamily,1,0.0,0.0,0.0,0.0,0.0,0.0,0.0,0.0,0.0,0.0,0.0,0.0
heating_cooling,test_utility_1,none,multifamily,2,0.0,0.0,0.0,0.0,0.0,0.0,0.0,0.0,0.0,0.0,0.0,0.0
heating_cooling,test_utility_1,none,multifamily,3,0.0,0.0,0.0,0.0,0.0,0.0,0.0,0.0,0.0,0.0,0.0,0.0
heating_cooling,test_utility_1,none,multifamily,4,0.0,0.0,0.0,0.0,0.0,0.0,0.0,0.0,0.0,0.0,0.0,0.0
heating_cooling,test_utility_1,none,multifamily,5,0.0,0.0,0.0,0.0,0.0,0.0,0.0,0.0,0.0,0.0,0.0,0.0
heating_cooling,test_utility_1,none,multifamily,6,0.0,0.0,0.0,0.0,0.0,0.0,0.0,0.0,0.0,0.0,0.0,0.0
heating_cooling,test_utility_1,none,multifamily,7,0.0,0.0,0.0,0.0,0.0,0.0,0.0,0.0,0.0,0.0,0.0,0.0
heating_cooling,test_utility_1,none,multifamily,8,0.0,0.0,0.0,0.0,0.0,0.0,0.0,0.0,0.0,0.0,0.0,0.0
heating_cooling,test_utility_1,none,multifamily,9,0.0,0.0,0.0,0.0,0.0,0.0,0.0,0.0,0.0,0.0,0.0,0.0
heating_cooling,test_utility_1,none,multifamily,10,0.0,0.0,0.0,0.0,0.0,0.0,0.0,0.0,0.0,0.0,0.0,0.0
heating_cooling,test_utility_1,none,multifamily,11,0.0,0.0,0.0,0.0,0.0,0.0,0.0,0.0,0.0,0.0,0.0,0.0
heating_cooling,test_utility_1,none,multifamily,12,0.0,0.0,0.0,0.0,0.0,0.0,0.0,0.0,0.0,0.0,0.0,0.0
heating_cooling,test_utility_1,none,multifamily,13,0.0,0.0,0.0,0.0,0.0,0.0,0.0,0.0,0.0,0.0,0.0,0.0
heating_cooling,test_utility_1,none,multifamily,14,0.0,0.0,0.0,0.0,0.0,0.0,0.0,0.0,0.0,0.0,0.0,0.0
heating_cooling,test_utility_1,none,multifamily,15,0.0,0.0,0.0,0.0,0.0,0.0,0.0,0.0,0.0,0.0,0.0,0.0
heating_cooling,test_utility_1,none,multifamily,16,0.0,0.0,0.0,0.0,0.0,0.0,0.0,0.0,0.0,0.0,0.0,0.0
heating_cooling,test_utility_1,none,multifamily,17,0.0,0.0,0.0,0.0,0.0,0.0,0.0,0.0,0.0,0.0,0.0,0.0
heating_cooling,test_utility_1,none,multifamily,18,0.0,0.0,0.0,0.0,0.0,0.0,0.0,0.0,0.0,0.0,0.0,0.0
heating_cooling,test_utility_1,none,multifamily,19,0.0,0.0,0.0,0.0,0.0,0.0,0.0,0.0,0.0,0.0,0.0,0.0
heating_cooling,test_utility_1,none,single_family,0,0.0,0.0,0.0,0.0,0.0,0.0,0.0,0.0,0.0,0.0,0.0,0.0
heating_cooling,test_utility_1,none,single_family,1,0.0,0.0,0.0,0.0,0.0,0.0,0.0,0.0,0.0,0.0,0.0,0.0
heating_cooling,test_utility_1,none,single_family,2,0.0,0.0,0.0,0.0,0.0,0.0,0.0,0.0,0.0,0.0,0.0,0.0
heating_cooling,test_utility_1,none,single_family,3,0.0,0.0,0.0,0.0,0.0,0.0,0.0,0.0,0.0,0.0,0.0,0.0
heating_cooling,test_utility_1,none,single_family,4,0.0,0.0,0.0,0.0,0.0,0.0,0.0,0.0,0.0,0.0,0.0,0.0
heating_cooling,test_utility_1,none,single_family,5,0.0,0.0,0.0,0.0,0.0,0.0,0.0,0.0,0.0,0.0,0.0,0.0
heating_cooling,test_utility_1,none,single_family,6,0.0,0.0,0.0,0.0,0.0,0.0,0.0,0.0,0.0,0.0,0.0,0.0
heating_cooling,test_utility_1,none,single_family,7,0.0,0.0,0.0,0.0,0.0,0.0,0.0,0.0,0.0,0.0,0.0,0.0
heating_cooling,test_utility_1,none,single_family,8,0.0,0.0,0.0,0.0,0.0,0.0,0.0,0.0,0.0,0.0,0.0,0.0
heating_cooling,test_utility_1,none,single_family,9,0.0,0.0,0.0,0.0,0.0,0.0,0.0,0.0,0.0,0.0,0.0,0.0
heating_cooling,test_utility_1,none,single_family,10,0.0,0.0,0.0,0.0,0.0,0.0,0.0,0.0,0.0,0.0,0.0,0.0
heating_cooling,test_utility_1,none,single_family,11,0.0,0.0,0.0,0.0,0.0,0.0,0.0,0.0,0.0,0.0,0.0,0.0
heating_cooling,test_utility_1,none,single_family,12,0.0,0.0,0.0,0.0,0.0,0.0,0.0,0.0,0.0,0.0,0.0,0.0
heating_cooling,test_utility_1,none,single_family,13,0.0,0.0,0.0,0.0,0.0,0.0,0.0,0.0,0.0,0.0,0.0,0.0
heating_cooling,test_utility_1,none,single_family,14,0.0,0.0,0.0,0.0,0.0,0.0,0.0,0.0,0.0,0.0,0.0,0.0
heating_cooling,test_utility_1,none,single_family,15,0.0,0.0,0.0,0.0,0.0,0.0,0.0,0.0,0.0,0.0,0.0,0.0
heating_cooling,test_utility_1,none,single_family,16,0.0,0.0,0.0,0.0,0.0,0.0,0.0,0.0,0.0,0.0,0.0,0.0
heating_cooling,test_utility_1,none,single_family,17,0.0,0.0,0.0,0.0,0.0,0.0,0.0,0.0,0.0,0.0,0.0,0.0
heating_cooling,test_utility_1,none,single_family,18,0.0,0.0,0.0,0.0,0.0,0.0,0.0,0.0,0.0,0.0,0.0,0.0
heating_cooling,test_utility_1,none,single_family,19,0.0,0.0,0.0,0.0,0.0,0.0,0.0,0.0,0.0,0.0,0.0,0.0
heating_cooling,test_utility_1,none,multifamily_li,0,0.0,0.0,0.0,0.0,0.0,0.0,0.0,0.0,0.0,0.0,0.0,0.0
heating_cooling,test_utility_1,none,multifamily_li,1,0.0,0.0,0.0,0.0,0.0,0.0,0.0,0.0,0.0,0.0,0.0,0.0
heating_cooling,test_utility_1,none,multifamily_li,2,0.0,0.0,0.0,0.0,0.0,0.0,0.0,0.0,0.0,0.0,0.0,0.0
heating_cooling,test_utility_1,none,multifamily_li,3,0.0,0.0,0.0,0.0,0.0,0.0,0.0,0.0,0.0,0.0,0.0,0.0
heating_cooling,test_utility_1,none,multifamily_li,4,0.0,0.0,0.0,0.0,0.0,0.0,0.0,0.0,0.0,0.0,0.0,0.0
heating_cooling,test_utility_1,none,multifamily_li,5,0.0,0.0,0.0,0.0,0.0,0.0,0.0,0.0,0.0,0.0,0.0,0.0
heating_cooling,test_utility_1,none,multifamily_li,6,0.0,0.0,0.0,0.0,0.0,0.0,0.0,0.0,0.0,0.0,0.0,0.0
heating_cooling,test_utility_1,none,multifamily_li,7,0.0,0.0,0.0,0.0,0.0,0.0,0.0,0.0,0.0,0.0,0.0,0.0
heating_cooling,test_utility_1,none,multifamily_li,8,0.0,0.0,0.0,0.0,0.0,0.0,0.0,0.0,0.0,0.0,0.0,0.0
heating_cooling,test_utility_1,none,multifamily_li,9,0.0,0.0,0.0,0.0,0.0,0.0,0.0,0.0,0.0,0.0,0.0,0.0
heating_cooling,test_utility_1,none,multifamily_li,10,0.0,0.0,0.0,0.0,0.0,0.0,0.0,0.0,0.0,0.0,0.0,0.0
heating_cooling,test_utility_1,none,multifamily_li,11,0.0,0.0,0.0,0.0,0.0,0.0,0.0,0.0,0.0,0.0,0.0,0.0
heating_cooling,test_utility_1,none,multifamily_li,12,0.0,0.0,0.0,0.0,0.0,0.0,0.0,0.0,0.0,0.0,0.0,0.0
heating_cooling,test_utility_1,none,multifamily_li,13,0.0,0.0,0.0,0.0,0.0,0.0,0.0,0.0,0.0,0.0,0.0,0.0
heating_cooling,test_utility_1,none,multifamily_li,14,0.0,0.0,0.0,0.0,0.0,0.0,0.0,0.0,0.0,0.0,0.0,0.0
heating_cooling,test_utility_1,none,multifamily_li,15,0.0,0.0,0.0,0.0,0.0,0.0,0.0,0.0,0.0,0.0,0.0,0.0
heating_cooling,test_utility_1,none,multifamily_li,16,0.0,0.0,0.0,0.0,0.0,0.0,0.0,0.0,0.0,0.0,0.0,0.0
heating_cooling,test_utility_1,none,multifamily_li,17,0.0,0.0,0.0,0.0,0.0,0.0,0.0,0.0,0.0,0.0,0.0,0.0
heating_cooling,test_utility_1,none,multifamily_li,18,0.0,0.0,0.0,0.0,0.0,0.0,0.0,0.0,0.0,0.0,0.0,0.0
heating_cooling,test_utility_1,none,multifamily_li,19,0.0,0.0,0.0,0.0,0.0,0.0,0.0,0.0,0.0,0.0,0.0,0.0
heating_cooling,test_utility_1,none,single_family_li,0,0.0,0.0,0.0,0.0,0.0,0.0,0.0,0.0,0.0,0.0,0.0,0.0
heating_cooling,test_utility_1,none,single_family_li,1,0.0,0.0,0.0,0.0,0.0,0.0,0.0,0.0,0.0,0.0,0.0,0.0
heating_cooling,test_utility_1,none,single_family_li,2,0.0,0.0,0.0,0.0,0.0,0.0,0.0,0.0,0.0,0.0,0.0,0.0
heating_cooling,test_utility_1,none,single_family_li,3,0.0,0.0,0.0,0.0,0.0,0.0,0.0,0.0,0.0,0.0,0.0,0.0
heating_cooling,test_utility_1,none,single_family_li,4,0.0,0.0,0.0,0.0,0.0,0.0,0.0,0.0,0.0,0.0,0.0,0.0
heating_cooling,test_utility_1,none,single_family_li,5,0.0,0.0,0.0,0.0,0.0,0.0,0.0,0.0,0.0,0.0,0.0,0.0
heating_cooling,test_utility_1,none,single_family_li,6,0.0,0.0,0.0,0.0,0.0,0.0,0.0,0.0,0.0,0.0,0.0,0.0
heating_cooling,test_utility_1,none,single_family_li,7,0.0,0.0,0.0,0.0,0.0,0.0,0.0,0.0,0.0,0.0,0.0,0.0
heating_cooling,test_utility_1,none,single_family_li,8,0.0,0.0,0.0,0.0,0.0,0.0,0.0,0.0,0.0,0.0,0.0,0.0
heating_cooling,test_utility_1,none,single_family_li,9,0.0,0.0,0.0,0.0,0.0,0.0,0.0,0.0,0.0,0.0,0.0,0.0
heating_cooling,test_utility_1,none,single_family_li,10,0.0,0.0,0.0,0.0,0.0,0.0,0.0,0.0,0.0,0.0,0.0,0.0
heating_cooling,test_utility_1,none,single_family_li,11,0.0,0.0,0.0,0.0,0.0,0.0,0.0,0.0,0.0,0.0,0.0,0.0
heating_cooling,test_utility_1,none,single_family_li,12,0.0,0.0,0.0,0.0,0.0,0.0,0.0,0.0,0.0,0.0,0.0,0.0
heating_cooling,test_utility_1,none,single_family_li,13,0.0,0.0,0.0,0.0,0.0,0.0,0.0,0.0,0.0,0.0,0.0,0.0
heating_cooling,test_utility_1,none,single_family_li,14,0.0,0.0,0.0,0.0,0.0,0.0,0.0,0.0,0.0,0.0,0.0,0.0
heating_cooling,test_utility_1,none,single_family_li,15,0.0,0.0,0.0,0.0,0.0,0.0,0.0,0.0,0.0,0.0,0.0,0.0
heating_cooling,test_utility_1,none,single_family_li,16,0.0,0.0,0.0,0.0,0.0,0.0,0.0,0.0,0.0,0.0,0.0,0.0
heating_cooling,test_utility_1,none,single_family_li,17,0.0,0.0,0.0,0.0,0.0,0.0,0.0,0.0,0.0,0.0,0.0,0.0
heating_cooling,test_utility_1,none,single_family_li,18,0.0,0.0,0.0,0.0,0.0,0.0,0.0,0.0,0.0,0.0,0.0,0.0
heating_cooling,test_utility_1,none,single_family_li,19,0.0,0.0,0.0,0.0,0.0,0.0,0.0,0.0,0.0,0.0,0.0,0.0
heating_cooling,test_utility_1,test_utility_2,multifamily,0,0.0,0.0,0.0,0.0,0.0,0.0,0.0,0.0,0.0,0.0,0.0,0.0
heating_cooling,test_utility_1,test_utility_2,multifamily,1,0.0,0.0,0.0,0.0,0.0,0.0,0.0,0.0,0.0,0.0,0.0,0.0
heating_cooling,test_utility_1,test_utility_2,multifamily,2,0.0,0.0,0.0,0.0,0.0,0.0,0.0,0.0,0.0,0.0,0.0,0.0
heating_cooling,test_utility_1,test_utility_2,multifamily,3,0.0,0.0,0.0,0.0,0.0,0.0,0.0,0.0,0.0,0.0,0.0,0.0
heating_cooling,test_utility_1,test_utility_2,multifamily,4,0.0,0.0,0.0,0.0,0.0,0.0,0.0,0.0,0.0,0.0,0.0,0.0
heating_cooling,test_utility_1,test_utility_2,multifamily,5,0.0,0.0,0.0,0.0,0.0,0.0,0.0,0.0,0.0,0.0,0.0,0.0
heating_cooling,test_utility_1,test_utility_2,multifamily,6,0.0,0.0,0.0,0.0,0.0,0.0,0.0,0.0,0.0,0.0,0.0,0.0
heating_cooling,test_utility_1,test_utility_2,multifamily,7,0.0,0.0,0.0,0.0,0.0,0.0,0.0,0.0,0.0,0.0,0.0,0.0
heating_cooling,test_utility_1,test_utility_2,multifamily,8,0.0,0.0,0.0,0.0,0.0,0.0,0.0,0.0,0.0,0.0,0.0,0.0
heating_cooling,test_utility_1,test_utility_2,multifamily,9,0.0,0.0,0.0,0.0,0.0,0.0,0.0,0.0,0.0,0.0,0.0,0.0
heating_cooling,test_utility_1,test_utility_2,multifamily,10,0.0,0.0,0.0,0.0,0.0,0.0,0.0,0.0,0.0,0.0,0.0,0.0
heating_cooling,test_utility_1,test_utility_2,multifamily,11,0.0,0.0,0.0,0.0,0.0,0.0,0.0,0.0,0.0,0.0,0.0,0.0
heating_cooling,test_utility_1,test_utility_2,multifamily,12,0.0,0.0,0.0,0.0,0.0,0.0,0.0,0.0,0.0,0.0,0.0,0.0
heating_cooling,test_utility_1,test_utility_2,multifamily,13,0.0,0.0,0.0,0.0,0.0,0.0,0.0,0.0,0.0,0.0,0.0,0.0
heating_cooling,test_utility_1,test_utility_2,multifamily,14,0.0,0.0,0.0,0.0,0.0,0.0,0.0,0.0,0.0,0.0,0.0,0.0
heating_cooling,test_utility_1,test_utility_2,multifamily,15,0.0,0.0,0.0,0.0,0.0,0.0,0.0,0.0,0.0,0.0,0.0,0.0
heating_cooling,test_utility_1,test_utility_2,multifamily,16,0.0,0.0,0.0,0.0,0.0,0.0,0.0,0.0,0.0,0.0,0.0,0.0
heating_cooling,test_utility_1,test_utility_2,multifamily,17,0.0,0.0,0.0,0.0,0.0,0.0,0.0,0.0,0.0,0.0,0.0,0.0
heating_cooling,test_utility_1,test_utility_2,multifamily,18,0.0,0.0,0.0,0.0,0.0,0.0,0.0,0.0,0.0,0.0,0.0,0.0
heating_cooling,test_utility_1,test_utility_2,multifamily,19,0.0,0.0,0.0,0.0,0.0,0.0,0.0,0.0,0.0,0.0,0.0,0.0
heating_cooling,test_utility_1,test_utility_2,single_family,0,0.0,0.0,0.0,0.0,0.0,0.0,0.0,0.0,0.0,0.0,0.0,0.0
heating_cooling,test_utility_1,test_utility_2,single_family,1,0.0,0.0,0.0,0.0,0.0,0.0,0.0,0.0,0.0,0.0,0.0,0.0
heating_cooling,test_utility_1,test_utility_2,single_family,2,0.0,0.0,0.0,0.0,0.0,0.0,0.0,0.0,0.0,0.0,0.0,0.0
heating_cooling,test_utility_1,test_utility_2,single_family,3,0.0,0.0,0.0,0.0,0.0,0.0,0.0,0.0,0.0,0.0,0.0,0.0
heating_cooling,test_utility_1,test_utility_2,single_family,4,0.0,0.0,0.0,0.0,0.0,0.0,0.0,0.0,0.0,0.0,0.0,0.0
heating_cooling,test_utility_1,test_utility_2,single_family,5,0.0,0.0,0.0,0.0,0.0,0.0,0.0,0.0,0.0,0.0,0.0,0.0
heating_cooling,test_utility_1,test_utility_2,single_family,6,0.0,0.0,0.0,0.0,0.0,0.0,0.0,0.0,0.0,0.0,0.0,0.0
heating_cooling,test_utility_1,test_utility_2,single_family,7,0.0,0.0,0.0,0.0,0.0,0.0,0.0,0.0,0.0,0.0,0.0,0.0
heating_cooling,test_utility_1,test_utility_2,single_family,8,0.0,0.0,0.0,0.0,0.0,0.0,0.0,0.0,0.0,0.0,0.0,0.0
heating_cooling,test_utility_1,test_utility_2,single_family,9,0.0,0.0,0.0,0.0,0.0,0.0,0.0,0.0,0.0,0.0,0.0,0.0
heating_cooling,test_utility_1,test_utility_2,single_family,10,0.0,0.0,0.0,0.0,0.0,0.0,0.0,0.0,0.0,0.0,0.0,0.0
heating_cooling,test_utility_1,test_utility_2,single_family,11,0.0,0.0,0.0,0.0,0.0,0.0,0.0,0.0,0.0,0.0,0.0,0.0
heating_cooling,test_utility_1,test_utility_2,single_family,12,0.0,0.0,0.0,0.0,0.0,0.0,0.0,0.0,0.0,0.0,0.0,0.0
heating_cooling,test_utility_1,test_utility_2,single_family,13,0.0,0.0,0.0,0.0,0.0,0.0,0.0,0.0,0.0,0.0,0.0,0.0
heating_cooling,test_utility_1,test_utility_2,single_family,14,0.0,0.0,0.0,0.0,0.0,0.0,0.0,0.0,0.0,0.0,0.0,0.0
heating_cooling,test_utility_1,test_utility_2,single_family,15,0.0,0.0,0.0,0.0,0.0,0.0,0.0,0.0,0.0,0.0,0.0,0.0
heating_cooling,test_utility_1,test_utility_2,single_family,16,0.0,0.0,0.0,0.0,0.0,0.0,0.0,0.0,0.0,0.0,0.0,0.0
heating_cooling,test_utility_1,test_utility_2,single_family,17,0.0,0.0,0.0,0.0,0.0,0.0,0.0,0.0,0.0,0.0,0.0,0.0
heating_cooling,test_utility_1,test_utility_2,single_family,18,0.0,0.0,0.0,0.0,0.0,0.0,0.0,0.0,0.0,0.0,0.0,0.0
heating_cooling,test_utility_1,test_utility_2,single_family,19,0.0,0.0,0.0,0.0,0.0,0.0,0.0,0.0,0.0,0.0,0.0,0.0
heating_cooling,test_utility_1,test_utility_2,multifamily_li,0,0.0,0.0,0.0,0.0,0.0,0.0,0.0,0.0,0.0,0.0,0.0,0.0
heating_cooling,test_utility_1,test_utility_2,multifamily_li,1,0.0,0.0,0.0,0.0,0.0,0.0,0.0,0.0,0.0,0.0,0.0,0.0
heating_cooling,test_utility_1,test_utility_2,multifamily_li,2,0.0,0.0,0.0,0.0,0.0,0.0,0.0,0.0,0.0,0.0,0.0,0.0
heating_cooling,test_utility_1,test_utility_2,multifamily_li,3,0.0,0.0,0.0,0.0,0.0,0.0,0.0,0.0,0.0,0.0,0.0,0.0
heating_cooling,test_utility_1,test_utility_2,multifamily_li,4,0.0,0.0,0.0,0.0,0.0,0.0,0.0,0.0,0.0,0.0,0.0,0.0
heating_cooling,test_utility_1,test_utility_2,multifamily_li,5,0.0,0.0,0.0,0.0,0.0,0.0,0.0,0.0,0.0,0.0,0.0,0.0
heating_cooling,test_utility_1,test_utility_2,multifamily_li,6,0.0,0.0,0.0,0.0,0.0,0.0,0.0,0.0,0.0,0.0,0.0,0.0
heating_cooling,test_utility_1,test_utility_2,multifamily_li,7,0.0,0.0,0.0,0.0,0.0,0.0,0.0,0.0,0.0,0.0,0.0,0.0
heating_cooling,test_utility_1,test_utility_2,multifamily_li,8,0.0,0.0,0.0,0.0,0.0,0.0,0.0,0.0,0.0,0.0,0.0,0.0
heating_cooling,test_utility_1,test_utility_2,multifamily_li,9,0.0,0.0,0.0,0.0,0.0,0.0,0.0,0.0,0.0,0.0,0.0,0.0
heating_cooling,test_utility_1,test_utility_2,multifamily_li,10,0.0,0.0,0.0,0.0,0.0,0.0,0.0,0.0,0.0,0.0,0.0,0.0
heating_cooling,test_utility_1,test_utility_2,multifamily_li,11,0.0,0.0,0.0,0.0,0.0,0.0,0.0,0.0,0.0,0.0,0.0,0.0
heating_cooling,test_utility_1,test_utility_2,multifamily_li,12,0.0,0.0,0.0,0.0,0.0,0.0,0.0,0.0,0.0,0.0,0.0,0.0
heating_cooling,test_utility_1,test_utility_2,multifamily_li,13,0.0,0.0,0.0,0.0,0.0,0.0,0.0,0.0,0.0,0.0,0.0,0.0
heating_cooling,test_utility_1,test_utility_2,multifamily_li,14,0.0,0.0,0.0,0.0,0.0,0.0,0.0,0.0,0.0,0.0,0.0,0.0
heating_cooling,test_utility_1,test_utility_2,multifamily_li,15,0.0,0.0,0.0,0.0,0.0,0.0,0.0,0.0,0.0,0.0,0.0,0.0
heating_cooling,test_utility_1,test_utility_2,multifamily_li,16,0.0,0.0,0.0,0.0,0.0,0.0,0.0,0.0,0.0,0.0,0.0,0.0
heating_cooling,test_utility_1,test_utility_2,multifamily_li,17,0.0,0.0,0.0,0.0,0.0,0.0,0.0,0.0,0.0,0.0,0.0,0.0
heating_cooling,test_utility_1,test_utility_2,multifamily_li,18,0.0,0.0,0.0,0.0,0.0,0.0,0.0,0.0,0.0,0.0,0.0,0.0
heating_cooling,test_utility_1,test_utility_2,multifamily_li,19,0.0,0.0,0.0,0.0,0.0,0.0,0.0,0.0,0.0,0.0,0.0,0.0
heating_cooling,test_utility_1,test_utility_2,single_family_li,0,0.0,0.0,0.0,0.0,0.0,0.0,0.0,0.0,0.0,0.0,0.0,0.0
heating_cooling,test_utility_1,test_utility_2,single_family_li,1,0.0,0.0,0.0,0.0,0.0,0.0,0.0,0.0,0.0,0.0,0.0,0.0
heating_cooling,test_utility_1,test_utility_2,single_family_li,2,0.0,0.0,0.0,0.0,0.0,0.0,0.0,0.0,0.0,0.0,0.0,0.0
heating_cooling,test_utility_1,test_utility_2,single_family_li,3,0.0,0.0,0.0,0.0,0.0,0.0,0.0,0.0,0.0,0.0,0.0,0.0
heating_cooling,test_utility_1,test_utility_2,single_family_li,4,0.0,0.0,0.0,0.0,0.0,0.0,0.0,0.0,0.0,0.0,0.0,0.0
heating_cooling,test_utility_1,test_utility_2,single_family_li,5,0.0,0.0,0.0,0.0,0.0,0.0,0.0,0.0,0.0,0.0,0.0,0.0
heating_cooling,test_utility_1,test_utility_2,single_family_li,6,0.0,0.0,0.0,0.0,0.0,0.0,0.0,0.0,0.0,0.0,0.0,0.0
heating_cooling,test_utility_1,test_utility_2,single_family_li,7,0.0,0.0,0.0,0.0,0.0,0.0,0.0,0.0,0.0,0.0,0.0,0.0
heating_cooling,test_utility_1,test_utility_2,single_family_li,8,0.0,0.0,0.0,0.0,0.0,0.0,0.0,0.0,0.0,0.0,0.0,0.0
heating_cooling,test_utility_1,test_utility_2,single_family_li,9,0.0,0.0,0.0,0.0,0.0,0.0,0.0,0.0,0.0,0.0,0.0,0.0
heating_cooling,test_utility_1,test_utility_2,single_family_li,10,0.0,0.0,0.0,0.0,0.0,0.0,0.0,0.0,0.0,0.0,0.0,0.0
heating_cooling,test_utility_1,test_utility_2,single_family_li,11,0.0,0.0,0.0,0.0,0.0,0.0,0.0,0.0,0.0,0.0,0.0,0.0
heating_cooling,test_utility_1,test_utility_2,single_family_li,12,0.0,0.0,0.0,0.0,0.0,0.0,0.0,0.0,0.0,0.0,0.0,0.0
heating_cooling,test_utility_1,test_utility_2,single_family_li,13,0.0,0.0,0.0,0.0,0.0,0.0,0.0,0.0,0.0,0.0,0.0,0.0
heating_cooling,test_utility_1,test_utility_2,single_family_li,14,0.0,0.0,0.0,0.0,0.0,0.0,0.0,0.0,0.0,0.0,0.0,0.0
heating_cooling,test_utility_1,test_utility_2,single_family_li,15,0.0,0.0,0.0,0.0,0.0,0.0,0.0,0.0,0.0,0.0,0.0,0.0
heating_cooling,test_utility_1,test_utility_2,single_family_li,16,0.0,0.0,0.0,0.0,0.0,0.0,0.0,0.0,0.0,0.0,0.0,0.0
heating_cooling,test_utility_1,test_utility_2,single_family_li,17,0.0,0.0,0.0,0.0,0.0,0.0,0.0,0.0,0.0,0.0,0.0,0.0
heating_cooling,test_utility_1,test_utility_2,single_family_li,18,0.0,0.0,0.0,0.0,0.0,0.0,0.0,0.0,0.0,0.0,0.0,0.0
heating_cooling,test_utility_1,test_utility_2,single_family_li,19,0.0,0.0,0.0,0.0,0.0,0.0,0.0,0.0,0.0,0.0,0.0,0.0
heating_cooling,none,test_utility_1,multifamily,0,0.0,0.0,0.0,0.0,0.0,0.0,0.0,0.0,0.0,0.0,0.0,0.0
heating_cooling,none,test_utility_1,multifamily,1,0.0,0.0,0.0,0.0,0.0,0.0,0.0,0.0,0.0,0.0,0.0,0.0
heating_cooling,none,test_utility_1,multifamily,2,0.0,0.0,0.0,0.0,0.0,0.0,0.0,0.0,0.0,0.0,0.0,0.0
heating_cooling,none,test_utility_1,multifamily,3,0.0,0.0,0.0,0.0,0.0,0.0,0.0,0.0,0.0,0.0,0.0,0.0
heating_cooling,none,test_utility_1,multifamily,4,0.0,0.0,0.0,0.0,0.0,0.0,0.0,0.0,0.0,0.0,0.0,0.0
heating_cooling,none,test_utility_1,multifamily,5,0.0,0.0,0.0,0.0,0.0,0.0,0.0,0.0,0.0,0.0,0.0,0.0
heating_cooling,none,test_utility_1,multifamily,6,0.0,0.0,0.0,0.0,0.0,0.0,0.0,0.0,0.0,0.0,0.0,0.0
heating_cooling,none,test_utility_1,multifamily,7,0.0,0.0,0.0,0.0,0.0,0.0,0.0,0.0,0.0,0.0,0.0,0.0
heating_cooling,none,test_utility_1,multifamily,8,0.0,0.0,0.0,0.0,0.0,0.0,0.0,0.0,0.0,0.0,0.0,0.0
heating_cooling,none,test_utility_1,multifamily,9,0.0,0.0,0.0,0.0,0.0,0.0,0.0,0.0,0.0,0.0,0.0,0.0
heating_cooling,none,test_utility_1,multifamily,10,0.0,0.0,0.0,0.0,0.0,0.0,0.0,0.0,0.0,0.0,0.0,0.0
heating_cooling,none,test_utility_1,multifamily,11,0.0,0.0,0.0,0.0,0.0,0.0,0.0,0.0,0.0,0.0,0.0,0.0
heating_cooling,none,test_utility_1,multifamily,12,0.0,0.0,0.0,0.0,0.0,0.0,0.0,0.0,0.0,0.0,0.0,0.0
heating_cooling,none,test_utility_1,multifamily,13,0.0,0.0,0.0,0.0,0.0,0.0,0.0,0.0,0.0,0.0,0.0,0.0
heating_cooling,none,test_utility_1,multifamily,14,0.0,0.0,0.0,0.0,0.0,0.0,0.0,0.0,0.0,0.0,0.0,0.0
heating_cooling,none,test_utility_1,multifamily,15,0.0,0.0,0.0,0.0,0.0,0.0,0.0,0.0,0.0,0.0,0.0,0.0
heating_cooling,none,test_utility_1,multifamily,16,0.0,0.0,0.0,0.0,0.0,0.0,0.0,0.0,0.0,0.0,0.0,0.0
heating_cooling,none,test_utility_1,multifamily,17,0.0,0.0,0.0,0.0,0.0,0.0,0.0,0.0,0.0,0.0,0.0,0.0
heating_cooling,none,test_utility_1,multifamily,18,0.0,0.0,0.0,0.0,0.0,0.0,0.0,0.0,0.0,0.0,0.0,0.0
heating_cooling,none,test_utility_1,multifamily,19,0.0,0.0,0.0,0.0,0.0,0.0,0.0,0.0,0.0,0.0,0.0,0.0
heating_cooling,none,test_utility_1,single_family,0,0.0,0.0,0.0,0.0,0.0,0.0,0.0,0.0,0.0,0.0,0.0,0.0
heating_cooling,none,test_utility_1,single_family,1,0.0,0.0,0.0,0.0,0.0,0.0,0.0,0.0,0.0,0.0,0.0,0.0
heating_cooling,none,test_utility_1,single_family,2,0.0,0.0,0.0,0.0,0.0,0.0,0.0,0.0,0.0,0.0,0.0,0.0
heating_cooling,none,test_utility_1,single_family,3,0.0,0.0,0.0,0.0,0.0,0.0,0.0,0.0,0.0,0.0,0.0,0.0
heating_cooling,none,test_utility_1,single_family,4,0.0,0.0,0.0,0.0,0.0,0.0,0.0,0.0,0.0,0.0,0.0,0.0
heating_cooling,none,test_utility_1,single_family,5,0.0,0.0,0.0,0.0,0.0,0.0,0.0,0.0,0.0,0.0,0.0,0.0
heating_cooling,none,test_utility_1,single_family,6,0.0,0.0,0.0,0.0,0.0,0.0,0.0,0.0,0.0,0.0,0.0,0.0
heating_cooling,none,test_utility_1,single_family,7,0.0,0.0,0.0,0.0,0.0,0.0,0.0,0.0,0.0,0.0,0.0,0.0
heating_cooling,none,test_utility_1,single_family,8,0.0,0.0,0.0,0.0,0.0,0.0,0.0,0.0,0.0,0.0,0.0,0.0
heating_cooling,none,test_utility_1,single_family,9,0.0,0.0,0.0,0.0,0.0,0.0,0.0,0.0,0.0,0.0,0.0,0.0
heating_cooling,none,test_utility_1,single_family,10,0.0,0.0,0.0,0.0,0.0,0.0,0.0,0.0,0.0,0.0,0.0,0.0
heating_cooling,none,test_utility_1,single_family,11,0.0,0.0,0.0,0.0,0.0,0.0,0.0,0.0,0.0,0.0,0.0,0.0
heating_cooling,none,test_utility_1,single_family,12,0.0,0.0,0.0,0.0,0.0,0.0,0.0,0.0,0.0,0.0,0.0,0.0
heating_cooling,none,test_utility_1,single_family,13,0.0,0.0,0.0,0.0,0.0,0.0,0.0,0.0,0.0,0.0,0.0,0.0
heating_cooling,none,test_utility_1,single_family,14,0.0,0.0,0.0,0.0,0.0,0.0,0.0,0.0,0.0,0.0,0.0,0.0
heating_cooling,none,test_utility_1,single_family,15,0.0,0.0,0.0,0.0,0.0,0.0,0.0,0.0,0.0,0.0,0.0,0.0
heating_cooling,none,test_utility_1,single_family,16,0.0,0.0,0.0,0.0,0.0,0.0,0.0,0.0,0.0,0.0,0.0,0.0
heating_cooling,none,test_utility_1,single_family,17,0.0,0.0,0.0,0.0,0.0,0.0,0.0,0.0,0.0,0.0,0.0,0.0
heating_cooling,none,test_utility_1,single_family,18,0.0,0.0,0.0,0.0,0.0,0.0,0.0,0.0,0.0,0.0,0.0,0.0
heating_cooling,none,test_utility_1,single_family,19,0.0,0.0,0.0,0.0,0.0,0.0,0.0,0.0,0.0,0.0,0.0,0.0
heating_cooling,none,test_utility_1,multifamily_li,0,0.0,0.0,0.0,0.0,0.0,0.0,0.0,0.0,0.0,0.0,0.0,0.0
heating_cooling,none,test_utility_1,multifamily_li,1,0.0,0.0,0.0,0.0,0.0,0.0,0.0,0.0,0.0,0.0,0.0,0.0
heating_cooling,none,test_utility_1,multifamily_li,2,0.0,0.0,0.0,0.0,0.0,0.0,0.0,0.0,0.0,0.0,0.0,0.0
heating_cooling,none,test_utility_1,multifamily_li,3,0.0,0.0,0.0,0.0,0.0,0.0,0.0,0.0,0.0,0.0,0.0,0.0
heating_cooling,none,test_utility_1,multifamily_li,4,0.0,0.0,0.0,0.0,0.0,0.0,0.0,0.0,0.0,0.0,0.0,0.0
heating_cooling,none,test_utility_1,multifamily_li,5,0.0,0.0,0.0,0.0,0.0,0.0,0.0,0.0,0.0,0.0,0.0,0.0
heating_cooling,none,test_utility_1,multifamily_li,6,0.0,0.0,0.0,0.0,0.0,0.0,0.0,0.0,0.0,0.0,0.0,0.0
heating_cooling,none,test_utility_1,multifamily_li,7,0.0,0.0,0.0,0.0,0.0,0.0,0.0,0.0,0.0,0.0,0.0,0.0
heating_cooling,none,test_utility_1,multifamily_li,8,0.0,0.0,0.0,0.0,0.0,0.0,0.0,0.0,0.0,0.0,0.0,0.0
heating_cooling,none,test_utility_1,multifamily_li,9,0.0,0.0,0.0,0.0,0.0,0.0,0.0,0.0,0.0,0.0,0.0,0.0
heating_cooling,none,test_utility_1,multifamily_li,10,0.0,0.0,0.0,0.0,0.0,0.0,0.0,0.0,0.0,0.0,0.0,0.0
heating_cooling,none,test_utility_1,multifamily_li,11,0.0,0.0,0.0,0.0,0.0,0.0,0.0,0.0,0.0,0.0,0.0,0.0
heating_cooling,none,test_utility_1,multifamily_li,12,0.0,0.0,0.0,0.0,0.0,0.0,0.0,0.0,0.0,0.0,0.0,0.0
heating_cooling,none,test_utility_1,multifamily_li,13,0.0,0.0,0.0,0.0,0.0,0.0,0.0,0.0,0.0,0.0,0.0,0.0
heating_cooling,none,test_utility_1,multifamily_li,14,0.0,0.0,0.0,0.0,0.0,0.0,0.0,0.0,0.0,0.0,0.0,0.0
heating_cooling,none,test_utility_1,multifamily_li,15,0.0,0.0,0.0,0.0,0.0,0.0,0.0,0.0,0.0,0.0,0.0,0.0
heating_cooling,none,test_utility_1,multifamily_li,16,0.0,0.0,0.0,0.0,0.0,0.0,0.0,0.0,0.0,0.0,0.0,0.0
heating_cooling,none,test_utility_1,multifamily_li,17,0.0,0.0,0.0,0.0,0.0,0.0,0.0,0.0,0.0,0.0,0.0,0.0
heating_cooling,none,test_utility_1,multifamily_li,18,0.0,0.0,0.0,0.0,0.0,0.0,0.0,0.0,0.0,0.0,0.0,0.0
heating_cooling,none,test_utility_1,multifamily_li,19,0.0,0.0,0.0,0.0,0.0,0.0,0.0,0.0,0.0,0.0,0.0,0.0
heating_cooling,none,test_utility_1,single_family_li,0,0.0,0.0,0.0,0.0,0.0,0.0,0.0,0.0,0.0,0.0,0.0,0.0
heating_cooling,none,test_utility_1,single_family_li,1,0.0,0.0,0.0,0.0,0.0,0.0,0.0,0.0,0.0,0.0,0.0,0.0
heating_cooling,none,test_utility_1,single_family_li,2,0.0,0.0,0.0,0.0,0.0,0.0,0.0,0.0,0.0,0.0,0.0,0.0
heating_cooling,none,test_utility_1,single_family_li,3,0.0,0.0,0.0,0.0,0.0,0.0,0.0,0.0,0.0,0.0,0.0,0.0
heating_cooling,none,test_utility_1,single_family_li,4,0.0,0.0,0.0,0.0,0.0,0.0,0.0,0.0,0.0,0.0,0.0,0.0
heating_cooling,none,test_utility_1,single_family_li,5,0.0,0.0,0.0,0.0,0.0,0.0,0.0,0.0,0.0,0.0,0.0,0.0
heating_cooling,none,test_utility_1,single_family_li,6,0.0,0.0,0.0,0.0,0.0,0.0,0.0,0.0,0.0,0.0,0.0,0.0
heating_cooling,none,test_utility_1,single_family_li,7,0.0,0.0,0.0,0.0,0.0,0.0,0.0,0.0,0.0,0.0,0.0,0.0
heating_cooling,none,test_utility_1,single_family_li,8,0.0,0.0,0.0,0.0,0.0,0.0,0.0,0.0,0.0,0.0,0.0,0.0
heating_cooling,none,test_utility_1,single_family_li,9,0.0,0.0,0.0,0.0,0.0,0.0,0.0,0.0,0.0,0.0,0.0,0.0
heating_cooling,none,test_utility_1,single_family_li,10,0.0,0.0,0.0,0.0,0.0,0.0,0.0,0.0,0.0,0.0,0.0,0.0
heating_cooling,none,test_utility_1,single_family_li,11,0.0,0.0,0.0,0.0,0.0,0.0,0.0,0.0,0.0,0.0,0.0,0.0
heating_cooling,none,test_utility_1,single_family_li,12,0.0,0.0,0.0,0.0,0.0,0.0,0.0,0.0,0.0,0.0,0.0,0.0
heating_cooling,none,test_utility_1,single_family_li,13,0.0,0.0,0.0,0.0,0.0,0.0,0.0,0.0,0.0,0.0,0.0,0.0
heating_cooling,none,test_utility_1,single_family_li,14,0.0,0.0,0.0,0.0,0.0,0.0,0.0,0.0,0.0,0.0,0.0,0.0
heating_cooling,none,test_utility_1,single_family_li,15,0.0,0.0,0.0,0.0,0.0,0.0,0.0,0.0,0.0,0.0,0.0,0.0
heating_cooling,none,test_utility_1,single_family_li,16,0.0,0.0,0.0,0.0,0.0,0.0,0.0,0.0,0.0,0.0,0.0,0.0
heating_cooling,none,test_utility_1,single_family_li,17,0.0,0.0,0.0,0.0,0.0,0.0,0.0,0.0,0.0,0.0,0.0,0.0
heating_cooling,none,test_utility_1,single_family_li,18,0.0,0.0,0.0,0.0,0.0,0.0,0.0,0.0,0.0,0.0,0.0,0.0
heating_cooling,none,test_utility_1,single_family_li,19,0.0,0.0,0.0,0.0,0.0,0.0,0.0,0.0,0.0,0.0,0.0,0.0
heating_cooling,none,none,multifamily,0,0.0,0.0,0.0,0.0,0.0,0.0,0.0,0.0,0.0,0.0,0.0,0.0
heating_cooling,none,none,multifamily,1,0.0,0.0,0.0,0.0,0.0,0.0,0.0,0.0,0.0,0.0,0.0,0.0
heating_cooling,none,none,multifamily,2,0.0,0.0,0.0,0.0,0.0,0.0,0.0,0.0,0.0,0.0,0.0,0.0
heating_cooling,none,none,multifamily,3,0.0,0.0,0.0,0.0,0.0,0.0,0.0,0.0,0.0,0.0,0.0,0.0
heating_cooling,none,none,multifamily,4,0.0,0.0,0.0,0.0,0.0,0.0,0.0,0.0,0.0,0.0,0.0,0.0
heating_cooling,none,none,multifamily,5,0.0,0.0,0.0,0.0,0.0,0.0,0.0,0.0,0.0,0.0,0.0,0.0
heating_cooling,none,none,multifamily,6,0.0,0.0,0.0,0.0,0.0,0.0,0.0,0.0,0.0,0.0,0.0,0.0
heating_cooling,none,none,multifamily,7,0.0,0.0,0.0,0.0,0.0,0.0,0.0,0.0,0.0,0.0,0.0,0.0
heating_cooling,none,none,multifamily,8,0.0,0.0,0.0,0.0,0.0,0.0,0.0,0.0,0.0,0.0,0.0,0.0
heating_cooling,none,none,multifamily,9,0.0,0.0,0.0,0.0,0.0,0.0,0.0,0.0,0.0,0.0,0.0,0.0
heating_cooling,none,none,multifamily,10,0.0,0.0,0.0,0.0,0.0,0.0,0.0,0.0,0.0,0.0,0.0,0.0
heating_cooling,none,none,multifamily,11,0.0,0.0,0.0,0.0,0.0,0.0,0.0,0.0,0.0,0.0,0.0,0.0
heating_cooling,none,none,multifamily,12,0.0,0.0,0.0,0.0,0.0,0.0,0.0,0.0,0.0,0.0,0.0,0.0
heating_cooling,none,none,multifamily,13,0.0,0.0,0.0,0.0,0.0,0.0,0.0,0.0,0.0,0.0,0.0,0.0
heating_cooling,none,none,multifamily,14,0.0,0.0,0.0,0.0,0.0,0.0,0.0,0.0,0.0,0.0,0.0,0.0
heating_cooling,none,none,multifamily,15,0.0,0.0,0.0,0.0,0.0,0.0,0.0,0.0,0.0,0.0,0.0,0.0
heating_cooling,none,none,multifamily,16,0.0,0.0,0.0,0.0,0.0,0.0,0.0,0.0,0.0,0.0,0.0,0.0
heating_cooling,none,none,multifamily,17,0.0,0.0,0.0,0.0,0.0,0.0,0.0,0.0,0.0,0.0,0.0,0.0
heating_cooling,none,none,multifamily,18,0.0,0.0,0.0,0.0,0.0,0.0,0.0,0.0,0.0,0.0,0.0,0.0
heating_cooling,none,none,multifamily,19,0.0,0.0,0.0,0.0,0.0,0.0,0.0,0.0,0.0,0.0,0.0,0.0
heating_cooling,none,none,single_family,0,0.0,0.0,0.0,0.0,0.0,0.0,0.0,0.0,0.0,0.0,0.0,0.0
heating_cooling,none,none,single_family,1,0.0,0.0,0.0,0.0,0.0,0.0,0.0,0.0,0.0,0.0,0.0,0.0
heating_cooling,none,none,single_family,2,0.0,0.0,0.0,0.0,0.0,0.0,0.0,0.0,0.0,0.0,0.0,0.0
heating_cooling,none,none,single_family,3,0.0,0.0,0.0,0.0,0.0,0.0,0.0,0.0,0.0,0.0,0.0,0.0
heating_cooling,none,none,single_family,4,0.0,0.0,0.0,0.0,0.0,0.0,0.0,0.0,0.0,0.0,0.0,0.0
heating_cooling,none,none,single_family,5,0.0,0.0,0.0,0.0,0.0,0.0,0.0,0.0,0.0,0.0,0.0,0.0
heating_cooling,none,none,single_family,6,0.0,0.0,0.0,0.0,0.0,0.0,0.0,0.0,0.0,0.0,0.0,0.0
heating_cooling,none,none,single_family,7,0.0,0.0,0.0,0.0,0.0,0.0,0.0,0.0,0.0,0.0,0.0,0.0
heating_cooling,none,none,single_family,8,0.0,0.0,0.0,0.0,0.0,0.0,0.0,0.0,0.0,0.0,0.0,0.0
heating_cooling,none,none,single_family,9,0.0,0.0,0.0,0.0,0.0,0.0,0.0,0.0,0.0,0.0,0.0,0.0
heating_cooling,none,none,single_family,10,0.0,0.0,0.0,0.0,0.0,0.0,0.0,0.0,0.0,0.0,0.0,0.0
heating_cooling,none,none,single_family,11,0.0,0.0,0.0,0.0,0.0,0.0,0.0,0.0,0.0,0.0,0.0,0.0
heating_cooling,none,none,single_family,12,0.0,0.0,0.0,0.0,0.0,0.0,0.0,0.0,0.0,0.0,0.0,0.0
heating_cooling,none,none,single_family,13,0.0,0.0,0.0,0.0,0.0,0.0,0.0,0.0,0.0,0.0,0.0,0.0
heating_cooling,none,none,single_family,14,0.0,0.0,0.0,0.0,0.0,0.0,0.0,0.0,0.0,0.0,0.0,0.0
heating_cooling,none,none,single_family,15,0.0,0.0,0.0,0.0,0.0,0.0,0.0,0.0,0.0,0.0,0.0,0.0
heating_cooling,none,none,single_family,16,0.0,0.0,0.0,0.0,0.0,0.0,0.0,0.0,0.0,0.0,0.0,0.0
heating_cooling,none,none,single_family,17,0.0,0.0,0.0,0.0,0.0,0.0,0.0,0.0,0.0,0.0,0.0,0.0
heating_cooling,none,none,single_family,18,0.0,0.0,0.0,0.0,0.0,0.0,0.0,0.0,0.0,0.0,0.0,0.0
heating_cooling,none,none,single_family,19,0.0,0.0,0.0,0.0,0.0,0.0,0.0,0.0,0.0,0.0,0.0,0.0
heating_cooling,none,none,multifamily_li,0,0.0,0.0,0.0,0.0,0.0,0.0,0.0,0.0,0.0,0.0,0.0,0.0
heating_cooling,none,none,multifamily_li,1,0.0,0.0,0.0,0.0,0.0,0.0,0.0,0.0,0.0,0.0,0.0,0.0
heating_cooling,none,none,multifamily_li,2,0.0,0.0,0.0,0.0,0.0,0.0,0.0,0.0,0.0,0.0,0.0,0.0
heating_cooling,none,none,multifamily_li,3,0.0,0.0,0.0,0.0,0.0,0.0,0.0,0.0,0.0,0.0,0.0,0.0
heating_cooling,none,none,multifamily_li,4,0.0,0.0,0.0,0.0,0.0,0.0,0.0,0.0,0.0,0.0,0.0,0.0
heating_cooling,none,none,multifamily_li,5,0.0,0.0,0.0,0.0,0.0,0.0,0.0,0.0,0.0,0.0,0.0,0.0
heating_cooling,none,none,multifamily_li,6,0.0,0.0,0.0,0.0,0.0,0.0,0.0,0.0,0.0,0.0,0.0,0.0
heating_cooling,none,none,multifamily_li,7,0.0,0.0,0.0,0.0,0.0,0.0,0.0,0.0,0.0,0.0,0.0,0.0
heating_cooling,none,none,multifamily_li,8,0.0,0.0,0.0,0.0,0.0,0.0,0.0,0.0,0.0,0.0,0.0,0.0
heating_cooling,none,none,multifamily_li,9,0.0,0.0,0.0,0.0,0.0,0.0,0.0,0.0,0.0,0.0,0.0,0.0
heating_cooling,none,none,multifamily_li,10,0.0,0.0,0.0,0.0,0.0,0.0,0.0,0.0,0.0,0.0,0.0,0.0
heating_cooling,none,none,multifamily_li,11,0.0,0.0,0.0,0.0,0.0,0.0,0.0,0.0,0.0,0.0,0.0,0.0
heating_cooling,none,none,multifamily_li,12,0.0,0.0,0.0,0.0,0.0,0.0,0.0,0.0,0.0,0.0,0.0,0.0
heating_cooling,none,none,multifamily_li,13,0.0,0.0,0.0,0.0,0.0,0.0,0.0,0.0,0.0,0.0,0.0,0.0
heating_cooling,none,none,multifamily_li,14,0.0,0.0,0.0,0.0,0.0,0.0,0.0,0.0,0.0,0.0,0.0,0.0
heating_cooling,none,none,multifamily_li,15,0.0,0.0,0.0,0.0,0.0,0.0,0.0,0.0,0.0,0.0,0.0,0.0
heating_cooling,none,none,multifamily_li,16,0.0,0.0,0.0,0.0,0.0,0.0,0.0,0.0,0.0,0.0,0.0,0.0
heating_cooling,none,none,multifamily_li,17,0.0,0.0,0.0,0.0,0.0,0.0,0.0,0.0,0.0,0.0,0.0,0.0
heating_cooling,none,none,multifamily_li,18,0.0,0.0,0.0,0.0,0.0,0.0,0.0,0.0,0.0,0.0,0.0,0.0
heating_cooling,none,none,multifamily_li,19,0.0,0.0,0.0,0.0,0.0,0.0,0.0,0.0,0.0,0.0,0.0,0.0
heating_cooling,none,none,single_family_li,0,0.0,0.0,0.0,0.0,0.0,0.0,0.0,0.0,0.0,0.0,0.0,0.0
heating_cooling,none,none,single_family_li,1,0.0,0.0,0.0,0.0,0.0,0.0,0.0,0.0,0.0,0.0,0.0,0.0
heating_cooling,none,none,single_family_li,2,0.0,0.0,0.0,0.0,0.0,0.0,0.0,0.0,0.0,0.0,0.0,0.0
heating_cooling,none,none,single_family_li,3,0.0,0.0,0.0,0.0,0.0,0.0,0.0,0.0,0.0,0.0,0.0,0.0
heating_cooling,none,none,single_family_li,4,0.0,0.0,0.0,0.0,0.0,0.0,0.0,0.0,0.0,0.0,0.0,0.0
heating_cooling,none,none,single_family_li,5,0.0,0.0,0.0,0.0,0.0,0.0,0.0,0.0,0.0,0.0,0.0,0.0
heating_cooling,none,none,single_family_li,6,0.0,0.0,0.0,0.0,0.0,0.0,0.0,0.0,0.0,0.0,0.0,0.0
heating_cooling,none,none,single_family_li,7,0.0,0.0,0.0,0.0,0.0,0.0,0.0,0.0,0.0,0.0,0.0,0.0
heating_cooling,none,none,single_family_li,8,0.0,0.0,0.0,0.0,0.0,0.0,0.0,0.0,0.0,0.0,0.0,0.0
heating_cooling,none,none,single_family_li,9,0.0,0.0,0.0,0.0,0.0,0.0,0.0,0.0,0.0,0.0,0.0,0.0
heating_cooling,none,none,single_family_li,10,0.0,0.0,0.0,0.0,0.0,0.0,0.0,0.0,0.0,0.0,0.0,0.0
heating_cooling,none,none,single_family_li,11,0.0,0.0,0.0,0.0,0.0,0.0,0.0,0.0,0.0,0.0,0.0,0.0
heating_cooling,none,none,single_family_li,12,0.0,0.0,0.0,0.0,0.0,0.0,0.0,0.0,0.0,0.0,0.0,0.0
heating_cooling,none,none,single_family_li,13,0.0,0.0,0.0,0.0,0.0,0.0,0.0,0.0,0.0,0.0,0.0,0.0
heating_cooling,none,none,single_family_li,14,0.0,0.0,0.0,0.0,0.0,0.0,0.0,0.0,0.0,0.0,0.0,0.0
heating_cooling,none,none,single_family_li,15,0.0,0.0,0.0,0.0,0.0,0.0,0.0,0.0,0.0,0.0,0.0,0.0
heating_cooling,none,none,single_family_li,16,0.0,0.0,0.0,0.0,0.0,0.0,0.0,0.0,0.0,0.0,0.0,0.0
heating_cooling,none,none,single_family_li,17,0.0,0.0,0.0,0.0,0.0,0.0,0.0,0.0,0.0,0.0,0.0,0.0
heating_cooling,none,none,single_family_li,18,0.0,0.0,0.0,0.0,0.0,0.0,0.0,0.0,0.0,0.0,0.0,0.0
heating_cooling,none,none,single_family_li,19,0.0,0.0,0.0,0.0,0.0,0.0,0.0,0.0,0.0,0.0,0.0,0.0
heating_cooling,none,test_utility_2,multifamily,0,0.0,0.0,0.0,0.0,0.0,0.0,0.0,0.0,0.0,0.0,0.0,0.0
heating_cooling,none,test_utility_2,multifamily,1,0.0,0.0,0.0,0.0,0.0,0.0,0.0,0.0,0.0,0.0,0.0,0.0
heating_cooling,none,test_utility_2,multifamily,2,0.0,0.0,0.0,0.0,0.0,0.0,0.0,0.0,0.0,0.0,0.0,0.0
heating_cooling,none,test_utility_2,multifamily,3,0.0,0.0,0.0,0.0,0.0,0.0,0.0,0.0,0.0,0.0,0.0,0.0
heating_cooling,none,test_utility_2,multifamily,4,0.0,0.0,0.0,0.0,0.0,0.0,0.0,0.0,0.0,0.0,0.0,0.0
heating_cooling,none,test_utility_2,multifamily,5,0.0,0.0,0.0,0.0,0.0,0.0,0.0,0.0,0.0,0.0,0.0,0.0
heating_cooling,none,test_utility_2,multifamily,6,0.0,0.0,0.0,0.0,0.0,0.0,0.0,0.0,0.0,0.0,0.0,0.0
heating_cooling,none,test_utility_2,multifamily,7,0.0,0.0,0.0,0.0,0.0,0.0,0.0,0.0,0.0,0.0,0.0,0.0
heating_cooling,none,test_utility_2,multifamily,8,0.0,0.0,0.0,0.0,0.0,0.0,0.0,0.0,0.0,0.0,0.0,0.0
heating_cooling,none,test_utility_2,multifamily,9,0.0,0.0,0.0,0.0,0.0,0.0,0.0,0.0,0.0,0.0,0.0,0.0
heating_cooling,none,test_utility_2,multifamily,10,0.0,0.0,0.0,0.0,0.0,0.0,0.0,0.0,0.0,0.0,0.0,0.0
heating_cooling,none,test_utility_2,multifamily,11,0.0,0.0,0.0,0.0,0.0,0.0,0.0,0.0,0.0,0.0,0.0,0.0
heating_cooling,none,test_utility_2,multifamily,12,0.0,0.0,0.0,0.0,0.0,0.0,0.0,0.0,0.0,0.0,0.0,0.0
heating_cooling,none,test_utility_2,multifamily,13,0.0,0.0,0.0,0.0,0.0,0.0,0.0,0.0,0.0,0.0,0.0,0.0
heating_cooling,none,test_utility_2,multifamily,14,0.0,0.0,0.0,0.0,0.0,0.0,0.0,0.0,0.0,0.0,0.0,0.0
heating_cooling,none,test_utility_2,multifamily,15,0.0,0.0,0.0,0.0,0.0,0.0,0.0,0.0,0.0,0.0,0.0,0.0
heating_cooling,none,test_utility_2,multifamily,16,0.0,0.0,0.0,0.0,0.0,0.0,0.0,0.0,0.0,0.0,0.0,0.0
heating_cooling,none,test_utility_2,multifamily,17,0.0,0.0,0.0,0.0,0.0,0.0,0.0,0.0,0.0,0.0,0.0,0.0
heating_cooling,none,test_utility_2,multifamily,18,0.0,0.0,0.0,0.0,0.0,0.0,0.0,0.0,0.0,0.0,0.0,0.0
heating_cooling,none,test_utility_2,multifamily,19,0.0,0.0,0.0,0.0,0.0,0.0,0.0,0.0,0.0,0.0,0.0,0.0
heating_cooling,none,test_utility_2,single_family,0,0.0,0.0,0.0,0.0,0.0,0.0,0.0,0.0,0.0,0.0,0.0,0.0
heating_cooling,none,test_utility_2,single_family,1,0.0,0.0,0.0,0.0,0.0,0.0,0.0,0.0,0.0,0.0,0.0,0.0
heating_cooling,none,test_utility_2,single_family,2,0.0,0.0,0.0,0.0,0.0,0.0,0.0,0.0,0.0,0.0,0.0,0.0
heating_cooling,none,test_utility_2,single_family,3,0.0,0.0,0.0,0.0,0.0,0.0,0.0,0.0,0.0,0.0,0.0,0.0
heating_cooling,none,test_utility_2,single_family,4,0.0,0.0,0.0,0.0,0.0,0.0,0.0,0.0,0.0,0.0,0.0,0.0
heating_cooling,none,test_utility_2,single_family,5,0.0,0.0,0.0,0.0,0.0,0.0,0.0,0.0,0.0,0.0,0.0,0.0
heating_cooling,none,test_utility_2,single_family,6,0.0,0.0,0.0,0.0,0.0,0.0,0.0,0.0,0.0,0.0,0.0,0.0
heating_cooling,none,test_utility_2,single_family,7,0.0,0.0,0.0,0.0,0.0,0.0,0.0,0.0,0.0,0.0,0.0,0.0
heating_cooling,none,test_utility_2,single_family,8,0.0,0.0,0.0,0.0,0.0,0.0,0.0,0.0,0.0,0.0,0.0,0.0
heating_cooling,none,test_utility_2,single_family,9,0.0,0.0,0.0,0.0,0.0,0.0,0.0,0.0,0.0,0.0,0.0,0.0
heating_cooling,none,test_utility_2,single_family,10,0.0,0.0,0.0,0.0,0.0,0.0,0.0,0.0,0.0,0.0,0.0,0.0
heating_cooling,none,test_utility_2,single_family,11,0.0,0.0,0.0,0.0,0.0,0.0,0.0,0.0,0.0,0.0,0.0,0.0
heating_cooling,none,test_utility_2,single_family,12,0.0,0.0,0.0,0.0,0.0,0.0,0.0,0.0,0.0,0.0,0.0,0.0
heating_cooling,none,test_utility_2,single_family,13,0.0,0.0,0.0,0.0,0.0,0.0,0.0,0.0,0.0,0.0,0.0,0.0
heating_cooling,none,test_utility_2,single_family,14,0.0,0.0,0.0,0.0,0.0,0.0,0.0,0.0,0.0,0.0,0.0,0.0
heating_cooling,none,test_utility_2,single_family,15,0.0,0.0,0.0,0.0,0.0,0.0,0.0,0.0,0.0,0.0,0.0,0.0
heating_cooling,none,test_utility_2,single_family,16,0.0,0.0,0.0,0.0,0.0,0.0,0.0,0.0,0.0,0.0,0.0,0.0
heating_cooling,none,test_utility_2,single_family,17,0.0,0.0,0.0,0.0,0.0,0.0,0.0,0.0,0.0,0.0,0.0,0.0
heating_cooling,none,test_utility_2,single_family,18,0.0,0.0,0.0,0.0,0.0,0.0,0.0,0.0,0.0,0.0,0.0,0.0
heating_cooling,none,test_utility_2,single_family,19,0.0,0.0,0.0,0.0,0.0,0.0,0.0,0.0,0.0,0.0,0.0,0.0
heating_cooling,none,test_utility_2,multifamily_li,0,0.0,0.0,0.0,0.0,0.0,0.0,0.0,0.0,0.0,0.0,0.0,0.0
heating_cooling,none,test_utility_2,multifamily_li,1,0.0,0.0,0.0,0.0,0.0,0.0,0.0,0.0,0.0,0.0,0.0,0.0
heating_cooling,none,test_utility_2,multifamily_li,2,0.0,0.0,0.0,0.0,0.0,0.0,0.0,0.0,0.0,0.0,0.0,0.0
heating_cooling,none,test_utility_2,multifamily_li,3,0.0,0.0,0.0,0.0,0.0,0.0,0.0,0.0,0.0,0.0,0.0,0.0
heating_cooling,none,test_utility_2,multifamily_li,4,0.0,0.0,0.0,0.0,0.0,0.0,0.0,0.0,0.0,0.0,0.0,0.0
heating_cooling,none,test_utility_2,multifamily_li,5,0.0,0.0,0.0,0.0,0.0,0.0,0.0,0.0,0.0,0.0,0.0,0.0
heating_cooling,none,test_utility_2,multifamily_li,6,0.0,0.0,0.0,0.0,0.0,0.0,0.0,0.0,0.0,0.0,0.0,0.0
heating_cooling,none,test_utility_2,multifamily_li,7,0.0,0.0,0.0,0.0,0.0,0.0,0.0,0.0,0.0,0.0,0.0,0.0
heating_cooling,none,test_utility_2,multifamily_li,8,0.0,0.0,0.0,0.0,0.0,0.0,0.0,0.0,0.0,0.0,0.0,0.0
heating_cooling,none,test_utility_2,multifamily_li,9,0.0,0.0,0.0,0.0,0.0,0.0,0.0,0.0,0.0,0.0,0.0,0.0
heating_cooling,none,test_utility_2,multifamily_li,10,0.0,0.0,0.0,0.0,0.0,0.0,0.0,0.0,0.0,0.0,0.0,0.0
heating_cooling,none,test_utility_2,multifamily_li,11,0.0,0.0,0.0,0.0,0.0,0.0,0.0,0.0,0.0,0.0,0.0,0.0
heating_cooling,none,test_utility_2,multifamily_li,12,0.0,0.0,0.0,0.0,0.0,0.0,0.0,0.0,0.0,0.0,0.0,0.0
heating_cooling,none,test_utility_2,multifamily_li,13,0.0,0.0,0.0,0.0,0.0,0.0,0.0,0.0,0.0,0.0,0.0,0.0
heating_cooling,none,test_utility_2,multifamily_li,14,0.0,0.0,0.0,0.0,0.0,0.0,0.0,0.0,0.0,0.0,0.0,0.0
heating_cooling,none,test_utility_2,multifamily_li,15,0.0,0.0,0.0,0.0,0.0,0.0,0.0,0.0,0.0,0.0,0.0,0.0
heating_cooling,none,test_utility_2,multifamily_li,16,0.0,0.0,0.0,0.0,0.0,0.0,0.0,0.0,0.0,0.0,0.0,0.0
heating_cooling,none,test_utility_2,multifamily_li,17,0.0,0.0,0.0,0.0,0.0,0.0,0.0,0.0,0.0,0.0,0.0,0.0
heating_cooling,none,test_utility_2,multifamily_li,18,0.0,0.0,0.0,0.0,0.0,0.0,0.0,0.0,0.0,0.0,0.0,0.0
heating_cooling,none,test_utility_2,multifamily_li,19,0.0,0.0,0.0,0.0,0.0,0.0,0.0,0.0,0.0,0.0,0.0,0.0
heating_cooling,none,test_utility_2,single_family_li,0,0.0,0.0,0.0,0.0,0.0,0.0,0.0,0.0,0.0,0.0,0.0,0.0
heating_cooling,none,test_utility_2,single_family_li,1,0.0,0.0,0.0,0.0,0.0,0.0,0.0,0.0,0.0,0.0,0.0,0.0
heating_cooling,none,test_utility_2,single_family_li,2,0.0,0.0,0.0,0.0,0.0,0.0,0.0,0.0,0.0,0.0,0.0,0.0
heating_cooling,none,test_utility_2,single_family_li,3,0.0,0.0,0.0,0.0,0.0,0.0,0.0,0.0,0.0,0.0,0.0,0.0
heating_cooling,none,test_utility_2,single_family_li,4,0.0,0.0,0.0,0.0,0.0,0.0,0.0,0.0,0.0,0.0,0.0,0.0
heating_cooling,none,test_utility_2,single_family_li,5,0.0,0.0,0.0,0.0,0.0,0.0,0.0,0.0,0.0,0.0,0.0,0.0
heating_cooling,none,test_utility_2,single_family_li,6,0.0,0.0,0.0,0.0,0.0,0.0,0.0,0.0,0.0,0.0,0.0,0.0
heating_cooling,none,test_utility_2,single_family_li,7,0.0,0.0,0.0,0.0,0.0,0.0,0.0,0.0,0.0,0.0,0.0,0.0
heating_cooling,none,test_utility_2,single_family_li,8,0.0,0.0,0.0,0.0,0.0,0.0,0.0,0.0,0.0,0.0,0.0,0.0
heating_cooling,none,test_utility_2,single_family_li,9,0.0,0.0,0.0,0.0,0.0,0.0,0.0,0.0,0.0,0.0,0.0,0.0
heating_cooling,none,test_utility_2,single_family_li,10,0.0,0.0,0.0,0.0,0.0,0.0,0.0,0.0,0.0,0.0,0.0,0.0
heating_cooling,none,test_utility_2,single_family_li,11,0.0,0.0,0.0,0.0,0.0,0.0,0.0,0.0,0.0,0.0,0.0,0.0
heating_cooling,none,test_utility_2,single_family_li,12,0.0,0.0,0.0,0.0,0.0,0.0,0.0,0.0,0.0,0.0,0.0,0.0
heating_cooling,none,test_utility_2,single_family_li,13,0.0,0.0,0.0,0.0,0.0,0.0,0.0,0.0,0.0,0.0,0.0,0.0
heating_cooling,none,test_utility_2,single_family_li,14,0.0,0.0,0.0,0.0,0.0,0.0,0.0,0.0,0.0,0.0,0.0,0.0
heating_cooling,none,test_utility_2,single_family_li,15,0.0,0.0,0.0,0.0,0.0,0.0,0.0,0.0,0.0,0.0,0.0,0.0
heating_cooling,none,test_utility_2,single_family_li,16,0.0,0.0,0.0,0.0,0.0,0.0,0.0,0.0,0.0,0.0,0.0,0.0
heating_cooling,none,test_utility_2,single_family_li,17,0.0,0.0,0.0,0.0,0.0,0.0,0.0,0.0,0.0,0.0,0.0,0.0
heating_cooling,none,test_utility_2,single_family_li,18,0.0,0.0,0.0,0.0,0.0,0.0,0.0,0.0,0.0,0.0,0.0,0.0
heating_cooling,none,test_utility_2,single_family_li,19,0.0,0.0,0.0,0.0,0.0,0.0,0.0,0.0,0.0,0.0,0.0,0.0
heating_cooling,test_utility_2,test_utility_1,multifamily,0,0.0,0.0,0.0,0.0,0.0,0.0,0.0,0.0,0.0,0.0,0.0,0.0
heating_cooling,test_utility_2,test_utility_1,multifamily,1,0.0,0.0,0.0,0.0,0.0,0.0,0.0,0.0,0.0,0.0,0.0,0.0
heating_cooling,test_utility_2,test_utility_1,multifamily,2,0.0,0.0,0.0,0.0,0.0,0.0,0.0,0.0,0.0,0.0,0.0,0.0
heating_cooling,test_utility_2,test_utility_1,multifamily,3,0.0,0.0,0.0,0.0,0.0,0.0,0.0,0.0,0.0,0.0,0.0,0.0
heating_cooling,test_utility_2,test_utility_1,multifamily,4,0.0,0.0,0.0,0.0,0.0,0.0,0.0,0.0,0.0,0.0,0.0,0.0
heating_cooling,test_utility_2,test_utility_1,multifamily,5,0.0,0.0,0.0,0.0,0.0,0.0,0.0,0.0,0.0,0.0,0.0,0.0
heating_cooling,test_utility_2,test_utility_1,multifamily,6,0.0,0.0,0.0,0.0,0.0,0.0,0.0,0.0,0.0,0.0,0.0,0.0
heating_cooling,test_utility_2,test_utility_1,multifamily,7,0.0,0.0,0.0,0.0,0.0,0.0,0.0,0.0,0.0,0.0,0.0,0.0
heating_cooling,test_utility_2,test_utility_1,multifamily,8,0.0,0.0,0.0,0.0,0.0,0.0,0.0,0.0,0.0,0.0,0.0,0.0
heating_cooling,test_utility_2,test_utility_1,multifamily,9,0.0,0.0,0.0,0.0,0.0,0.0,0.0,0.0,0.0,0.0,0.0,0.0
heating_cooling,test_utility_2,test_utility_1,multifamily,10,0.0,0.0,0.0,0.0,0.0,0.0,0.0,0.0,0.0,0.0,0.0,0.0
heating_cooling,test_utility_2,test_utility_1,multifamily,11,0.0,0.0,0.0,0.0,0.0,0.0,0.0,0.0,0.0,0.0,0.0,0.0
heating_cooling,test_utility_2,test_utility_1,multifamily,12,0.0,0.0,0.0,0.0,0.0,0.0,0.0,0.0,0.0,0.0,0.0,0.0
heating_cooling,test_utility_2,test_utility_1,multifamily,13,0.0,0.0,0.0,0.0,0.0,0.0,0.0,0.0,0.0,0.0,0.0,0.0
heating_cooling,test_utility_2,test_utility_1,multifamily,14,0.0,0.0,0.0,0.0,0.0,0.0,0.0,0.0,0.0,0.0,0.0,0.0
heating_cooling,test_utility_2,test_utility_1,multifamily,15,0.0,0.0,0.0,0.0,0.0,0.0,0.0,0.0,0.0,0.0,0.0,0.0
heating_cooling,test_utility_2,test_utility_1,multifamily,16,0.0,0.0,0.0,0.0,0.0,0.0,0.0,0.0,0.0,0.0,0.0,0.0
heating_cooling,test_utility_2,test_utility_1,multifamily,17,0.0,0.0,0.0,0.0,0.0,0.0,0.0,0.0,0.0,0.0,0.0,0.0
heating_cooling,test_utility_2,test_utility_1,multifamily,18,0.0,0.0,0.0,0.0,0.0,0.0,0.0,0.0,0.0,0.0,0.0,0.0
heating_cooling,test_utility_2,test_utility_1,multifamily,19,0.0,0.0,0.0,0.0,0.0,0.0,0.0,0.0,0.0,0.0,0.0,0.0
heating_cooling,test_utility_2,test_utility_1,single_family,0,0.0,0.0,0.0,0.0,0.0,0.0,0.0,0.0,0.0,0.0,0.0,0.0
heating_cooling,test_utility_2,test_utility_1,single_family,1,0.0,0.0,0.0,0.0,0.0,0.0,0.0,0.0,0.0,0.0,0.0,0.0
heating_cooling,test_utility_2,test_utility_1,single_family,2,0.0,0.0,0.0,0.0,0.0,0.0,0.0,0.0,0.0,0.0,0.0,0.0
heating_cooling,test_utility_2,test_utility_1,single_family,3,0.0,0.0,0.0,0.0,0.0,0.0,0.0,0.0,0.0,0.0,0.0,0.0
heating_cooling,test_utility_2,test_utility_1,single_family,4,0.0,0.0,0.0,0.0,0.0,0.0,0.0,0.0,0.0,0.0,0.0,0.0
heating_cooling,test_utility_2,test_utility_1,single_family,5,0.0,0.0,0.0,0.0,0.0,0.0,0.0,0.0,0.0,0.0,0.0,0.0
heating_cooling,test_utility_2,test_utility_1,single_family,6,0.0,0.0,0.0,0.0,0.0,0.0,0.0,0.0,0.0,0.0,0.0,0.0
heating_cooling,test_utility_2,test_utility_1,single_family,7,0.0,0.0,0.0,0.0,0.0,0.0,0.0,0.0,0.0,0.0,0.0,0.0
heating_cooling,test_utility_2,test_utility_1,single_family,8,0.0,0.0,0.0,0.0,0.0,0.0,0.0,0.0,0.0,0.0,0.0,0.0
heating_cooling,test_utility_2,test_utility_1,single_family,9,0.0,0.0,0.0,0.0,0.0,0.0,0.0,0.0,0.0,0.0,0.0,0.0
heating_cooling,test_utility_2,test_utility_1,single_family,10,0.0,0.0,0.0,0.0,0.0,0.0,0.0,0.0,0.0,0.0,0.0,0.0
heating_cooling,test_utility_2,test_utility_1,single_family,11,0.0,0.0,0.0,0.0,0.0,0.0,0.0,0.0,0.0,0.0,0.0,0.0
heating_cooling,test_utility_2,test_utility_1,single_family,12,0.0,0.0,0.0,0.0,0.0,0.0,0.0,0.0,0.0,0.0,0.0,0.0
heating_cooling,test_utility_2,test_utility_1,single_family,13,0.0,0.0,0.0,0.0,0.0,0.0,0.0,0.0,0.0,0.0,0.0,0.0
heating_cooling,test_utility_2,test_utility_1,single_family,14,0.0,0.0,0.0,0.0,0.0,0.0,0.0,0.0,0.0,0.0,0.0,0.0
heating_cooling,test_utility_2,test_utility_1,single_family,15,0.0,0.0,0.0,0.0,0.0,0.0,0.0,0.0,0.0,0.0,0.0,0.0
heating_cooling,test_utility_2,test_utility_1,single_family,16,0.0,0.0,0.0,0.0,0.0,0.0,0.0,0.0,0.0,0.0,0.0,0.0
heating_cooling,test_utility_2,test_utility_1,single_family,17,0.0,0.0,0.0,0.0,0.0,0.0,0.0,0.0,0.0,0.0,0.0,0.0
heating_cooling,test_utility_2,test_utility_1,single_family,18,0.0,0.0,0.0,0.0,0.0,0.0,0.0,0.0,0.0,0.0,0.0,0.0
heating_cooling,test_utility_2,test_utility_1,single_family,19,0.0,0.0,0.0,0.0,0.0,0.0,0.0,0.0,0.0,0.0,0.0,0.0
heating_cooling,test_utility_2,test_utility_1,multifamily_li,0,0.0,0.0,0.0,0.0,0.0,0.0,0.0,0.0,0.0,0.0,0.0,0.0
heating_cooling,test_utility_2,test_utility_1,multifamily_li,1,0.0,0.0,0.0,0.0,0.0,0.0,0.0,0.0,0.0,0.0,0.0,0.0
heating_cooling,test_utility_2,test_utility_1,multifamily_li,2,0.0,0.0,0.0,0.0,0.0,0.0,0.0,0.0,0.0,0.0,0.0,0.0
heating_cooling,test_utility_2,test_utility_1,multifamily_li,3,0.0,0.0,0.0,0.0,0.0,0.0,0.0,0.0,0.0,0.0,0.0,0.0
heating_cooling,test_utility_2,test_utility_1,multifamily_li,4,0.0,0.0,0.0,0.0,0.0,0.0,0.0,0.0,0.0,0.0,0.0,0.0
heating_cooling,test_utility_2,test_utility_1,multifamily_li,5,0.0,0.0,0.0,0.0,0.0,0.0,0.0,0.0,0.0,0.0,0.0,0.0
heating_cooling,test_utility_2,test_utility_1,multifamily_li,6,0.0,0.0,0.0,0.0,0.0,0.0,0.0,0.0,0.0,0.0,0.0,0.0
heating_cooling,test_utility_2,test_utility_1,multifamily_li,7,0.0,0.0,0.0,0.0,0.0,0.0,0.0,0.0,0.0,0.0,0.0,0.0
heating_cooling,test_utility_2,test_utility_1,multifamily_li,8,0.0,0.0,0.0,0.0,0.0,0.0,0.0,0.0,0.0,0.0,0.0,0.0
heating_cooling,test_utility_2,test_utility_1,multifamily_li,9,0.0,0.0,0.0,0.0,0.0,0.0,0.0,0.0,0.0,0.0,0.0,0.0
heating_cooling,test_utility_2,test_utility_1,multifamily_li,10,0.0,0.0,0.0,0.0,0.0,0.0,0.0,0.0,0.0,0.0,0.0,0.0
heating_cooling,test_utility_2,test_utility_1,multifamily_li,11,0.0,0.0,0.0,0.0,0.0,0.0,0.0,0.0,0.0,0.0,0.0,0.0
heating_cooling,test_utility_2,test_utility_1,multifamily_li,12,0.0,0.0,0.0,0.0,0.0,0.0,0.0,0.0,0.0,0.0,0.0,0.0
heating_cooling,test_utility_2,test_utility_1,multifamily_li,13,0.0,0.0,0.0,0.0,0.0,0.0,0.0,0.0,0.0,0.0,0.0,0.0
heating_cooling,test_utility_2,test_utility_1,multifamily_li,14,0.0,0.0,0.0,0.0,0.0,0.0,0.0,0.0,0.0,0.0,0.0,0.0
heating_cooling,test_utility_2,test_utility_1,multifamily_li,15,0.0,0.0,0.0,0.0,0.0,0.0,0.0,0.0,0.0,0.0,0.0,0.0
heating_cooling,test_utility_2,test_utility_1,multifamily_li,16,0.0,0.0,0.0,0.0,0.0,0.0,0.0,0.0,0.0,0.0,0.0,0.0
heating_cooling,test_utility_2,test_utility_1,multifamily_li,17,0.0,0.0,0.0,0.0,0.0,0.0,0.0,0.0,0.0,0.0,0.0,0.0
heating_cooling,test_utility_2,test_utility_1,multifamily_li,18,0.0,0.0,0.0,0.0,0.0,0.0,0.0,0.0,0.0,0.0,0.0,0.0
heating_cooling,test_utility_2,test_utility_1,multifamily_li,19,0.0,0.0,0.0,0.0,0.0,0.0,0.0,0.0,0.0,0.0,0.0,0.0
heating_cooling,test_utility_2,test_utility_1,single_family_li,0,0.0,0.0,0.0,0.0,0.0,0.0,0.0,0.0,0.0,0.0,0.0,0.0
heating_cooling,test_utility_2,test_utility_1,single_family_li,1,0.0,0.0,0.0,0.0,0.0,0.0,0.0,0.0,0.0,0.0,0.0,0.0
heating_cooling,test_utility_2,test_utility_1,single_family_li,2,0.0,0.0,0.0,0.0,0.0,0.0,0.0,0.0,0.0,0.0,0.0,0.0
heating_cooling,test_utility_2,test_utility_1,single_family_li,3,0.0,0.0,0.0,0.0,0.0,0.0,0.0,0.0,0.0,0.0,0.0,0.0
heating_cooling,test_utility_2,test_utility_1,single_family_li,4,0.0,0.0,0.0,0.0,0.0,0.0,0.0,0.0,0.0,0.0,0.0,0.0
heating_cooling,test_utility_2,test_utility_1,single_family_li,5,0.0,0.0,0.0,0.0,0.0,0.0,0.0,0.0,0.0,0.0,0.0,0.0
heating_cooling,test_utility_2,test_utility_1,single_family_li,6,0.0,0.0,0.0,0.0,0.0,0.0,0.0,0.0,0.0,0.0,0.0,0.0
heating_cooling,test_utility_2,test_utility_1,single_family_li,7,0.0,0.0,0.0,0.0,0.0,0.0,0.0,0.0,0.0,0.0,0.0,0.0
heating_cooling,test_utility_2,test_utility_1,single_family_li,8,0.0,0.0,0.0,0.0,0.0,0.0,0.0,0.0,0.0,0.0,0.0,0.0
heating_cooling,test_utility_2,test_utility_1,single_family_li,9,0.0,0.0,0.0,0.0,0.0,0.0,0.0,0.0,0.0,0.0,0.0,0.0
heating_cooling,test_utility_2,test_utility_1,single_family_li,10,0.0,0.0,0.0,0.0,0.0,0.0,0.0,0.0,0.0,0.0,0.0,0.0
heating_cooling,test_utility_2,test_utility_1,single_family_li,11,0.0,0.0,0.0,0.0,0.0,0.0,0.0,0.0,0.0,0.0,0.0,0.0
heating_cooling,test_utility_2,test_utility_1,single_family_li,12,0.0,0.0,0.0,0.0,0.0,0.0,0.0,0.0,0.0,0.0,0.0,0.0
heating_cooling,test_utility_2,test_utility_1,single_family_li,13,0.0,0.0,0.0,0.0,0.0,0.0,0.0,0.0,0.0,0.0,0.0,0.0
heating_cooling,test_utility_2,test_utility_1,single_family_li,14,0.0,0.0,0.0,0.0,0.0,0.0,0.0,0.0,0.0,0.0,0.0,0.0
heating_cooling,test_utility_2,test_utility_1,single_family_li,15,0.0,0.0,0.0,0.0,0.0,0.0,0.0,0.0,0.0,0.0,0.0,0.0
heating_cooling,test_utility_2,test_utility_1,single_family_li,16,0.0,0.0,0.0,0.0,0.0,0.0,0.0,0.0,0.0,0.0,0.0,0.0
heating_cooling,test_utility_2,test_utility_1,single_family_li,17,0.0,0.0,0.0,0.0,0.0,0.0,0.0,0.0,0.0,0.0,0.0,0.0
heating_cooling,test_utility_2,test_utility_1,single_family_li,18,0.0,0.0,0.0,0.0,0.0,0.0,0.0,0.0,0.0,0.0,0.0,0.0
heating_cooling,test_utility_2,test_utility_1,single_family_li,19,0.0,0.0,0.0,0.0,0.0,0.0,0.0,0.0,0.0,0.0,0.0,0.0
heating_cooling,test_utility_2,none,multifamily,0,0.0,0.0,0.0,0.0,0.0,0.0,0.0,0.0,0.0,0.0,0.0,0.0
heating_cooling,test_utility_2,none,multifamily,1,0.0,0.0,0.0,0.0,0.0,0.0,0.0,0.0,0.0,0.0,0.0,0.0
heating_cooling,test_utility_2,none,multifamily,2,0.0,0.0,0.0,0.0,0.0,0.0,0.0,0.0,0.0,0.0,0.0,0.0
heating_cooling,test_utility_2,none,multifamily,3,0.0,0.0,0.0,0.0,0.0,0.0,0.0,0.0,0.0,0.0,0.0,0.0
heating_cooling,test_utility_2,none,multifamily,4,0.0,0.0,0.0,0.0,0.0,0.0,0.0,0.0,0.0,0.0,0.0,0.0
heating_cooling,test_utility_2,none,multifamily,5,0.0,0.0,0.0,0.0,0.0,0.0,0.0,0.0,0.0,0.0,0.0,0.0
heating_cooling,test_utility_2,none,multifamily,6,0.0,0.0,0.0,0.0,0.0,0.0,0.0,0.0,0.0,0.0,0.0,0.0
heating_cooling,test_utility_2,none,multifamily,7,0.0,0.0,0.0,0.0,0.0,0.0,0.0,0.0,0.0,0.0,0.0,0.0
heating_cooling,test_utility_2,none,multifamily,8,0.0,0.0,0.0,0.0,0.0,0.0,0.0,0.0,0.0,0.0,0.0,0.0
heating_cooling,test_utility_2,none,multifamily,9,0.0,0.0,0.0,0.0,0.0,0.0,0.0,0.0,0.0,0.0,0.0,0.0
heating_cooling,test_utility_2,none,multifamily,10,0.0,0.0,0.0,0.0,0.0,0.0,0.0,0.0,0.0,0.0,0.0,0.0
heating_cooling,test_utility_2,none,multifamily,11,0.0,0.0,0.0,0.0,0.0,0.0,0.0,0.0,0.0,0.0,0.0,0.0
heating_cooling,test_utility_2,none,multifamily,12,0.0,0.0,0.0,0.0,0.0,0.0,0.0,0.0,0.0,0.0,0.0,0.0
heating_cooling,test_utility_2,none,multifamily,13,0.0,0.0,0.0,0.0,0.0,0.0,0.0,0.0,0.0,0.0,0.0,0.0
heating_cooling,test_utility_2,none,multifamily,14,0.0,0.0,0.0,0.0,0.0,0.0,0.0,0.0,0.0,0.0,0.0,0.0
heating_cooling,test_utility_2,none,multifamily,15,0.0,0.0,0.0,0.0,0.0,0.0,0.0,0.0,0.0,0.0,0.0,0.0
heating_cooling,test_utility_2,none,multifamily,16,0.0,0.0,0.0,0.0,0.0,0.0,0.0,0.0,0.0,0.0,0.0,0.0
heating_cooling,test_utility_2,none,multifamily,17,0.0,0.0,0.0,0.0,0.0,0.0,0.0,0.0,0.0,0.0,0.0,0.0
heating_cooling,test_utility_2,none,multifamily,18,0.0,0.0,0.0,0.0,0.0,0.0,0.0,0.0,0.0,0.0,0.0,0.0
heating_cooling,test_utility_2,none,multifamily,19,0.0,0.0,0.0,0.0,0.0,0.0,0.0,0.0,0.0,0.0,0.0,0.0
heating_cooling,test_utility_2,none,single_family,0,0.0,0.0,0.0,0.0,0.0,0.0,0.0,0.0,0.0,0.0,0.0,0.0
heating_cooling,test_utility_2,none,single_family,1,0.0,0.0,0.0,0.0,0.0,0.0,0.0,0.0,0.0,0.0,0.0,0.0
heating_cooling,test_utility_2,none,single_family,2,0.0,0.0,0.0,0.0,0.0,0.0,0.0,0.0,0.0,0.0,0.0,0.0
heating_cooling,test_utility_2,none,single_family,3,0.0,0.0,0.0,0.0,0.0,0.0,0.0,0.0,0.0,0.0,0.0,0.0
heating_cooling,test_utility_2,none,single_family,4,0.0,0.0,0.0,0.0,0.0,0.0,0.0,0.0,0.0,0.0,0.0,0.0
heating_cooling,test_utility_2,none,single_family,5,0.0,0.0,0.0,0.0,0.0,0.0,0.0,0.0,0.0,0.0,0.0,0.0
heating_cooling,test_utility_2,none,single_family,6,0.0,0.0,0.0,0.0,0.0,0.0,0.0,0.0,0.0,0.0,0.0,0.0
heating_cooling,test_utility_2,none,single_family,7,0.0,0.0,0.0,0.0,0.0,0.0,0.0,0.0,0.0,0.0,0.0,0.0
heating_cooling,test_utility_2,none,single_family,8,0.0,0.0,0.0,0.0,0.0,0.0,0.0,0.0,0.0,0.0,0.0,0.0
heating_cooling,test_utility_2,none,single_family,9,0.0,0.0,0.0,0.0,0.0,0.0,0.0,0.0,0.0,0.0,0.0,0.0
heating_cooling,test_utility_2,none,single_family,10,0.0,0.0,0.0,0.0,0.0,0.0,0.0,0.0,0.0,0.0,0.0,0.0
heating_cooling,test_utility_2,none,single_family,11,0.0,0.0,0.0,0.0,0.0,0.0,0.0,0.0,0.0,0.0,0.0,0.0
heating_cooling,test_utility_2,none,single_family,12,0.0,0.0,0.0,0.0,0.0,0.0,0.0,0.0,0.0,0.0,0.0,0.0
heating_cooling,test_utility_2,none,single_family,13,0.0,0.0,0.0,0.0,0.0,0.0,0.0,0.0,0.0,0.0,0.0,0.0
heating_cooling,test_utility_2,none,single_family,14,0.0,0.0,0.0,0.0,0.0,0.0,0.0,0.0,0.0,0.0,0.0,0.0
heating_cooling,test_utility_2,none,single_family,15,0.0,0.0,0.0,0.0,0.0,0.0,0.0,0.0,0.0,0.0,0.0,0.0
heating_cooling,test_utility_2,none,single_family,16,0.0,0.0,0.0,0.0,0.0,0.0,0.0,0.0,0.0,0.0,0.0,0.0
heating_cooling,test_utility_2,none,single_family,17,0.0,0.0,0.0,0.0,0.0,0.0,0.0,0.0,0.0,0.0,0.0,0.0
heating_cooling,test_utility_2,none,single_family,18,0.0,0.0,0.0,0.0,0.0,0.0,0.0,0.0,0.0,0.0,0.0,0.0
heating_cooling,test_utility_2,none,single_family,19,0.0,0.0,0.0,0.0,0.0,0.0,0.0,0.0,0.0,0.0,0.0,0.0
heating_cooling,test_utility_2,none,multifamily_li,0,0.0,0.0,0.0,0.0,0.0,0.0,0.0,0.0,0.0,0.0,0.0,0.0
heating_cooling,test_utility_2,none,multifamily_li,1,0.0,0.0,0.0,0.0,0.0,0.0,0.0,0.0,0.0,0.0,0.0,0.0
heating_cooling,test_utility_2,none,multifamily_li,2,0.0,0.0,0.0,0.0,0.0,0.0,0.0,0.0,0.0,0.0,0.0,0.0
heating_cooling,test_utility_2,none,multifamily_li,3,0.0,0.0,0.0,0.0,0.0,0.0,0.0,0.0,0.0,0.0,0.0,0.0
heating_cooling,test_utility_2,none,multifamily_li,4,0.0,0.0,0.0,0.0,0.0,0.0,0.0,0.0,0.0,0.0,0.0,0.0
heating_cooling,test_utility_2,none,multifamily_li,5,0.0,0.0,0.0,0.0,0.0,0.0,0.0,0.0,0.0,0.0,0.0,0.0
heating_cooling,test_utility_2,none,multifamily_li,6,0.0,0.0,0.0,0.0,0.0,0.0,0.0,0.0,0.0,0.0,0.0,0.0
heating_cooling,test_utility_2,none,multifamily_li,7,0.0,0.0,0.0,0.0,0.0,0.0,0.0,0.0,0.0,0.0,0.0,0.0
heating_cooling,test_utility_2,none,multifamily_li,8,0.0,0.0,0.0,0.0,0.0,0.0,0.0,0.0,0.0,0.0,0.0,0.0
heating_cooling,test_utility_2,none,multifamily_li,9,0.0,0.0,0.0,0.0,0.0,0.0,0.0,0.0,0.0,0.0,0.0,0.0
heating_cooling,test_utility_2,none,multifamily_li,10,0.0,0.0,0.0,0.0,0.0,0.0,0.0,0.0,0.0,0.0,0.0,0.0
heating_cooling,test_utility_2,none,multifamily_li,11,0.0,0.0,0.0,0.0,0.0,0.0,0.0,0.0,0.0,0.0,0.0,0.0
heating_cooling,test_utility_2,none,multifamily_li,12,0.0,0.0,0.0,0.0,0.0,0.0,0.0,0.0,0.0,0.0,0.0,0.0
heating_cooling,test_utility_2,none,multifamily_li,13,0.0,0.0,0.0,0.0,0.0,0.0,0.0,0.0,0.0,0.0,0.0,0.0
heating_cooling,test_utility_2,none,multifamily_li,14,0.0,0.0,0.0,0.0,0.0,0.0,0.0,0.0,0.0,0.0,0.0,0.0
heating_cooling,test_utility_2,none,multifamily_li,15,0.0,0.0,0.0,0.0,0.0,0.0,0.0,0.0,0.0,0.0,0.0,0.0
heating_cooling,test_utility_2,none,multifamily_li,16,0.0,0.0,0.0,0.0,0.0,0.0,0.0,0.0,0.0,0.0,0.0,0.0
heating_cooling,test_utility_2,none,multifamily_li,17,0.0,0.0,0.0,0.0,0.0,0.0,0.0,0.0,0.0,0.0,0.0,0.0
heating_cooling,test_utility_2,none,multifamily_li,18,0.0,0.0,0.0,0.0,0.0,0.0,0.0,0.0,0.0,0.0,0.0,0.0
heating_cooling,test_utility_2,none,multifamily_li,19,0.0,0.0,0.0,0.0,0.0,0.0,0.0,0.0,0.0,0.0,0.0,0.0
heating_cooling,test_utility_2,none,single_family_li,0,0.0,0.0,0.0,0.0,0.0,0.0,0.0,0.0,0.0,0.0,0.0,0.0
heating_cooling,test_utility_2,none,single_family_li,1,0.0,0.0,0.0,0.0,0.0,0.0,0.0,0.0,0.0,0.0,0.0,0.0
heating_cooling,test_utility_2,none,single_family_li,2,0.0,0.0,0.0,0.0,0.0,0.0,0.0,0.0,0.0,0.0,0.0,0.0
heating_cooling,test_utility_2,none,single_family_li,3,0.0,0.0,0.0,0.0,0.0,0.0,0.0,0.0,0.0,0.0,0.0,0.0
heating_cooling,test_utility_2,none,single_family_li,4,0.0,0.0,0.0,0.0,0.0,0.0,0.0,0.0,0.0,0.0,0.0,0.0
heating_cooling,test_utility_2,none,single_family_li,5,0.0,0.0,0.0,0.0,0.0,0.0,0.0,0.0,0.0,0.0,0.0,0.0
heating_cooling,test_utility_2,none,single_family_li,6,0.0,0.0,0.0,0.0,0.0,0.0,0.0,0.0,0.0,0.0,0.0,0.0
heating_cooling,test_utility_2,none,single_family_li,7,0.0,0.0,0.0,0.0,0.0,0.0,0.0,0.0,0.0,0.0,0.0,0.0
heating_cooling,test_utility_2,none,single_family_li,8,0.0,0.0,0.0,0.0,0.0,0.0,0.0,0.0,0.0,0.0,0.0,0.0
heating_cooling,test_utility_2,none,single_family_li,9,0.0,0.0,0.0,0.0,0.0,0.0,0.0,0.0,0.0,0.0,0.0,0.0
heating_cooling,test_utility_2,none,single_family_li,10,0.0,0.0,0.0,0.0,0.0,0.0,0.0,0.0,0.0,0.0,0.0,0.0
heating_cooling,test_utility_2,none,single_family_li,11,0.0,0.0,0.0,0.0,0.0,0.0,0.0,0.0,0.0,0.0,0.0,0.0
heating_cooling,test_utility_2,none,single_family_li,12,0.0,0.0,0.0,0.0,0.0,0.0,0.0,0.0,0.0,0.0,0.0,0.0
heating_cooling,test_utility_2,none,single_family_li,13,0.0,0.0,0.0,0.0,0.0,0.0,0.0,0.0,0.0,0.0,0.0,0.0
heating_cooling,test_utility_2,none,single_family_li,14,0.0,0.0,0.0,0.0,0.0,0.0,0.0,0.0,0.0,0.0,0.0,0.0
heating_cooling,test_utility_2,none,single_family_li,15,0.0,0.0,0.0,0.0,0.0,0.0,0.0,0.0,0.0,0.0,0.0,0.0
heating_cooling,test_utility_2,none,single_family_li,16,0.0,0.0,0.0,0.0,0.0,0.0,0.0,0.0,0.0,0.0,0.0,0.0
heating_cooling,test_utility_2,none,single_family_li,17,0.0,0.0,0.0,0.0,0.0,0.0,0.0,0.0,0.0,0.0,0.0,0.0
heating_cooling,test_utility_2,none,single_family_li,18,0.0,0.0,0.0,0.0,0.0,0.0,0.0,0.0,0.0,0.0,0.0,0.0
heating_cooling,test_utility_2,none,single_family_li,19,0.0,0.0,0.0,0.0,0.0,0.0,0.0,0.0,0.0,0.0,0.0,0.0
heating_cooling,test_utility_2,test_utility_2,multifamily,0,0.0,0.0,0.0,0.0,0.0,0.0,0.0,0.0,0.0,0.0,0.0,0.0
heating_cooling,test_utility_2,test_utility_2,multifamily,1,0.0,0.0,0.0,0.0,0.0,0.0,0.0,0.0,0.0,0.0,0.0,0.0
heating_cooling,test_utility_2,test_utility_2,multifamily,2,0.0,0.0,0.0,0.0,0.0,0.0,0.0,0.0,0.0,0.0,0.0,0.0
heating_cooling,test_utility_2,test_utility_2,multifamily,3,0.0,0.0,0.0,0.0,0.0,0.0,0.0,0.0,0.0,0.0,0.0,0.0
heating_cooling,test_utility_2,test_utility_2,multifamily,4,0.0,0.0,0.0,0.0,0.0,0.0,0.0,0.0,0.0,0.0,0.0,0.0
heating_cooling,test_utility_2,test_utility_2,multifamily,5,0.0,0.0,0.0,0.0,0.0,0.0,0.0,0.0,0.0,0.0,0.0,0.0
heating_cooling,test_utility_2,test_utility_2,multifamily,6,0.0,0.0,0.0,0.0,0.0,0.0,0.0,0.0,0.0,0.0,0.0,0.0
heating_cooling,test_utility_2,test_utility_2,multifamily,7,0.0,0.0,0.0,0.0,0.0,0.0,0.0,0.0,0.0,0.0,0.0,0.0
heating_cooling,test_utility_2,test_utility_2,multifamily,8,0.0,0.0,0.0,0.0,0.0,0.0,0.0,0.0,0.0,0.0,0.0,0.0
heating_cooling,test_utility_2,test_utility_2,multifamily,9,0.0,0.0,0.0,0.0,0.0,0.0,0.0,0.0,0.0,0.0,0.0,0.0
heating_cooling,test_utility_2,test_utility_2,multifamily,10,0.0,0.0,0.0,0.0,0.0,0.0,0.0,0.0,0.0,0.0,0.0,0.0
heating_cooling,test_utility_2,test_utility_2,multifamily,11,0.0,0.0,0.0,0.0,0.0,0.0,0.0,0.0,0.0,0.0,0.0,0.0
heating_cooling,test_utility_2,test_utility_2,multifamily,12,0.0,0.0,0.0,0.0,0.0,0.0,0.0,0.0,0.0,0.0,0.0,0.0
heating_cooling,test_utility_2,test_utility_2,multifamily,13,0.0,0.0,0.0,0.0,0.0,0.0,0.0,0.0,0.0,0.0,0.0,0.0
heating_cooling,test_utility_2,test_utility_2,multifamily,14,0.0,0.0,0.0,0.0,0.0,0.0,0.0,0.0,0.0,0.0,0.0,0.0
heating_cooling,test_utility_2,test_utility_2,multifamily,15,0.0,0.0,0.0,0.0,0.0,0.0,0.0,0.0,0.0,0.0,0.0,0.0
heating_cooling,test_utility_2,test_utility_2,multifamily,16,0.0,0.0,0.0,0.0,0.0,0.0,0.0,0.0,0.0,0.0,0.0,0.0
heating_cooling,test_utility_2,test_utility_2,multifamily,17,0.0,0.0,0.0,0.0,0.0,0.0,0.0,0.0,0.0,0.0,0.0,0.0
heating_cooling,test_utility_2,test_utility_2,multifamily,18,0.0,0.0,0.0,0.0,0.0,0.0,0.0,0.0,0.0,0.0,0.0,0.0
heating_cooling,test_utility_2,test_utility_2,multifamily,19,0.0,0.0,0.0,0.0,0.0,0.0,0.0,0.0,0.0,0.0,0.0,0.0
heating_cooling,test_utility_2,test_utility_2,single_family,0,0.0,0.0,0.0,0.0,0.0,0.0,0.0,0.0,0.0,0.0,0.0,0.0
heating_cooling,test_utility_2,test_utility_2,single_family,1,0.0,0.0,0.0,0.0,0.0,0.0,0.0,0.0,0.0,0.0,0.0,0.0
heating_cooling,test_utility_2,test_utility_2,single_family,2,0.0,0.0,0.0,0.0,0.0,0.0,0.0,0.0,0.0,0.0,0.0,0.0
heating_cooling,test_utility_2,test_utility_2,single_family,3,0.0,0.0,0.0,0.0,0.0,0.0,0.0,0.0,0.0,0.0,0.0,0.0
heating_cooling,test_utility_2,test_utility_2,single_family,4,0.0,0.0,0.0,0.0,0.0,0.0,0.0,0.0,0.0,0.0,0.0,0.0
heating_cooling,test_utility_2,test_utility_2,single_family,5,0.0,0.0,0.0,0.0,0.0,0.0,0.0,0.0,0.0,0.0,0.0,0.0
heating_cooling,test_utility_2,test_utility_2,single_family,6,0.0,0.0,0.0,0.0,0.0,0.0,0.0,0.0,0.0,0.0,0.0,0.0
heating_cooling,test_utility_2,test_utility_2,single_family,7,0.0,0.0,0.0,0.0,0.0,0.0,0.0,0.0,0.0,0.0,0.0,0.0
heating_cooling,test_utility_2,test_utility_2,single_family,8,0.0,0.0,0.0,0.0,0.0,0.0,0.0,0.0,0.0,0.0,0.0,0.0
heating_cooling,test_utility_2,test_utility_2,single_family,9,0.0,0.0,0.0,0.0,0.0,0.0,0.0,0.0,0.0,0.0,0.0,0.0
heating_cooling,test_utility_2,test_utility_2,single_family,10,0.0,0.0,0.0,0.0,0.0,0.0,0.0,0.0,0.0,0.0,0.0,0.0
heating_cooling,test_utility_2,test_utility_2,single_family,11,0.0,0.0,0.0,0.0,0.0,0.0,0.0,0.0,0.0,0.0,0.0,0.0
heating_cooling,test_utility_2,test_utility_2,single_family,12,0.0,0.0,0.0,0.0,0.0,0.0,0.0,0.0,0.0,0.0,0.0,0.0
heating_cooling,test_utility_2,test_utility_2,single_family,13,0.0,0.0,0.0,0.0,0.0,0.0,0.0,0.0,0.0,0.0,0.0,0.0
heating_cooling,test_utility_2,test_utility_2,single_family,14,0.0,0.0,0.0,0.0,0.0,0.0,0.0,0.0,0.0,0.0,0.0,0.0
heating_cooling,test_utility_2,test_utility_2,single_family,15,0.0,0.0,0.0,0.0,0.0,0.0,0.0,0.0,0.0,0.0,0.0,0.0
heating_cooling,test_utility_2,test_utility_2,single_family,16,0.0,0.0,0.0,0.0,0.0,0.0,0.0,0.0,0.0,0.0,0.0,0.0
heating_cooling,test_utility_2,test_utility_2,single_family,17,0.0,0.0,0.0,0.0,0.0,0.0,0.0,0.0,0.0,0.0,0.0,0.0
heating_cooling,test_utility_2,test_utility_2,single_family,18,0.0,0.0,0.0,0.0,0.0,0.0,0.0,0.0,0.0,0.0,0.0,0.0
heating_cooling,test_utility_2,test_utility_2,single_family,19,0.0,0.0,0.0,0.0,0.0,0.0,0.0,0.0,0.0,0.0,0.0,0.0
heating_cooling,test_utility_2,test_utility_2,multifamily_li,0,0.0,0.0,0.0,0.0,0.0,0.0,0.0,0.0,0.0,0.0,0.0,0.0
heating_cooling,test_utility_2,test_utility_2,multifamily_li,1,0.0,0.0,0.0,0.0,0.0,0.0,0.0,0.0,0.0,0.0,0.0,0.0
heating_cooling,test_utility_2,test_utility_2,multifamily_li,2,0.0,0.0,0.0,0.0,0.0,0.0,0.0,0.0,0.0,0.0,0.0,0.0
heating_cooling,test_utility_2,test_utility_2,multifamily_li,3,0.0,0.0,0.0,0.0,0.0,0.0,0.0,0.0,0.0,0.0,0.0,0.0
heating_cooling,test_utility_2,test_utility_2,multifamily_li,4,0.0,0.0,0.0,0.0,0.0,0.0,0.0,0.0,0.0,0.0,0.0,0.0
heating_cooling,test_utility_2,test_utility_2,multifamily_li,5,0.0,0.0,0.0,0.0,0.0,0.0,0.0,0.0,0.0,0.0,0.0,0.0
heating_cooling,test_utility_2,test_utility_2,multifamily_li,6,0.0,0.0,0.0,0.0,0.0,0.0,0.0,0.0,0.0,0.0,0.0,0.0
heating_cooling,test_utility_2,test_utility_2,multifamily_li,7,0.0,0.0,0.0,0.0,0.0,0.0,0.0,0.0,0.0,0.0,0.0,0.0
heating_cooling,test_utility_2,test_utility_2,multifamily_li,8,0.0,0.0,0.0,0.0,0.0,0.0,0.0,0.0,0.0,0.0,0.0,0.0
heating_cooling,test_utility_2,test_utility_2,multifamily_li,9,0.0,0.0,0.0,0.0,0.0,0.0,0.0,0.0,0.0,0.0,0.0,0.0
heating_cooling,test_utility_2,test_utility_2,multifamily_li,10,0.0,0.0,0.0,0.0,0.0,0.0,0.0,0.0,0.0,0.0,0.0,0.0
heating_cooling,test_utility_2,test_utility_2,multifamily_li,11,0.0,0.0,0.0,0.0,0.0,0.0,0.0,0.0,0.0,0.0,0.0,0.0
heating_cooling,test_utility_2,test_utility_2,multifamily_li,12,0.0,0.0,0.0,0.0,0.0,0.0,0.0,0.0,0.0,0.0,0.0,0.0
heating_cooling,test_utility_2,test_utility_2,multifamily_li,13,0.0,0.0,0.0,0.0,0.0,0.0,0.0,0.0,0.0,0.0,0.0,0.0
heating_cooling,test_utility_2,test_utility_2,multifamily_li,14,0.0,0.0,0.0,0.0,0.0,0.0,0.0,0.0,0.0,0.0,0.0,0.0
heating_cooling,test_utility_2,test_utility_2,multifamily_li,15,0.0,0.0,0.0,0.0,0.0,0.0,0.0,0.0,0.0,0.0,0.0,0.0
heating_cooling,test_utility_2,test_utility_2,multifamily_li,16,0.0,0.0,0.0,0.0,0.0,0.0,0.0,0.0,0.0,0.0,0.0,0.0
heating_cooling,test_utility_2,test_utility_2,multifamily_li,17,0.0,0.0,0.0,0.0,0.0,0.0,0.0,0.0,0.0,0.0,0.0,0.0
heating_cooling,test_utility_2,test_utility_2,multifamily_li,18,0.0,0.0,0.0,0.0,0.0,0.0,0.0,0.0,0.0,0.0,0.0,0.0
heating_cooling,test_utility_2,test_utility_2,multifamily_li,19,0.0,0.0,0.0,0.0,0.0,0.0,0.0,0.0,0.0,0.0,0.0,0.0
heating_cooling,test_utility_2,test_utility_2,single_family_li,0,0.0,0.0,0.0,0.0,0.0,0.0,0.0,0.0,0.0,0.0,0.0,0.0
heating_cooling,test_utility_2,test_utility_2,single_family_li,1,0.0,0.0,0.0,0.0,0.0,0.0,0.0,0.0,0.0,0.0,0.0,0.0
heating_cooling,test_utility_2,test_utility_2,single_family_li,2,0.0,0.0,0.0,0.0,0.0,0.0,0.0,0.0,0.0,0.0,0.0,0.0
heating_cooling,test_utility_2,test_utility_2,single_family_li,3,0.0,0.0,0.0,0.0,0.0,0.0,0.0,0.0,0.0,0.0,0.0,0.0
heating_cooling,test_utility_2,test_utility_2,single_family_li,4,0.0,0.0,0.0,0.0,0.0,0.0,0.0,0.0,0.0,0.0,0.0,0.0
heating_cooling,test_utility_2,test_utility_2,single_family_li,5,0.0,0.0,0.0,0.0,0.0,0.0,0.0,0.0,0.0,0.0,0.0,0.0
heating_cooling,test_utility_2,test_utility_2,single_family_li,6,0.0,0.0,0.0,0.0,0.0,0.0,0.0,0.0,0.0,0.0,0.0,0.0
heating_cooling,test_utility_2,test_utility_2,single_family_li,7,0.0,0.0,0.0,0.0,0.0,0.0,0.0,0.0,0.0,0.0,0.0,0.0
heating_cooling,test_utility_2,test_utility_2,single_family_li,8,0.0,0.0,0.0,0.0,0.0,0.0,0.0,0.0,0.0,0.0,0.0,0.0
heating_cooling,test_utility_2,test_utility_2,single_family_li,9,0.0,0.0,0.0,0.0,0.0,0.0,0.0,0.0,0.0,0.0,0.0,0.0
heating_cooling,test_utility_2,test_utility_2,single_family_li,10,0.0,0.0,0.0,0.0,0.0,0.0,0.0,0.0,0.0,0.0,0.0,0.0
heating_cooling,test_utility_2,test_utility_2,single_family_li,11,0.0,0.0,0.0,0.0,0.0,0.0,0.0,0.0,0.0,0.0,0.0,0.0
heating_cooling,test_utility_2,test_utility_2,single_family_li,12,0.0,0.0,0.0,0.0,0.0,0.0,0.0,0.0,0.0,0.0,0.0,0.0
heating_cooling,test_utility_2,test_utility_2,single_family_li,13,0.0,0.0,0.0,0.0,0.0,0.0,0.0,0.0,0.0,0.0,0.0,0.0
heating_cooling,test_utility_2,test_utility_2,single_family_li,14,0.0,0.0,0.0,0.0,0.0,0.0,0.0,0.0,0.0,0.0,0.0,0.0
heating_cooling,test_utility_2,test_utility_2,single_family_li,15,0.0,0.0,0.0,0.0,0.0,0.0,0.0,0.0,0.0,0.0,0.0,0.0
heating_cooling,test_utility_2,test_utility_2,single_family_li,16,0.0,0.0,0.0,0.0,0.0,0.0,0.0,0.0,0.0,0.0,0.0,0.0
heating_cooling,test_utility_2,test_utility_2,single_family_li,17,0.0,0.0,0.0,0.0,0.0,0.0,0.0,0.0,0.0,0.0,0.0,0.0
heating_cooling,test_utility_2,test_utility_2,single_family_li,18,0.0,0.0,0.0,0.0,0.0,0.0,0.0,0.0,0.0,0.0,0.0,0.0
heating_cooling,test_utility_2,test_utility_2,single_family_li,19,0.0,0.0,0.0,0.0,0.0,0.0,0.0,0.0,0.0,0.0,0.0,0.0
