,condition,competition_group,subgroup,electric_utility,gas_utility,building_type,count,measure_life_(yrs),measure_name,sector,program,market,baseline_condition,efficient_condition,complementary_condition,electric_end_use,incremental_cost_(usd),annual_oandm_savings_(usd),annual_energy_saved_(kwh),water_savings_(gallons),energy_impact_1,energy_impact_1_fuel_type,energy_impact_1_units,energy_impact_2,energy_impact_2_fuel_type,energy_impact_2_units,energy_impact_3,energy_impact_3_fuel_type,energy_impact_3_units,energy_impact_1_end_use,energy_impact_2_end_use,energy_impact_3_end_use,measure_incremental_cost,demand_ratio,deferred_replacement_credit_value,measure_water_savings,measure_electric_energy_savings,measure_natural_gas_savings,measure_fuel_oil_savings,measure_propane_savings,measure_gasoline_savings,measure_diesel_savings,electric_energy_savings_value,electric_demand_savings_value,natural_gas_savings_value,fuel_oil_savings_value,propane_savings_value,diesel_transportation_savings_value,gasoline_transportation_savings_value,other_fuel_savings_value,annual_oandm_savings,o_and_m_savings_value,water_savings_value,electric_incentive_pct,natural_gas_incentive_pct,nonutility_incentive_pct,electric_utility_incentive_value,natural_gas_utility_incentive_value,nonutility_incentive_value,total_incentive_value,electric_utility_nonmeasure_program_cost,natural_gas_utility_nonmeasure_program_costs,nonutility_nonmeasure_program_costs,risk_discount_value,electric_carbon_savings_value,electric_n2o_savings_value,electric_ch4_savings_value,natural_gas_carbon_savings_value,fuel_oil_carbon_savings_value,propane_carbon_savings_value,diesel_transportation_carbon_savings_value,gasoline_transportation_carbon_savings_value,natural_gas_n2o_savings_value,fuel_oil_n2o_savings_value,propane_n2o_savings_value,diesel_transportation_n2o_savings_value,gasoline_transportation_n2o_savings_value,natural_gas_ch4_savings_value,fuel_oil_ch4_savings_value,propane_ch4_savings_value,diesel_transportation_ch4_savings_value,gasoline_transportation_ch4_savings_value,end_use_fuel_externalities,other_nonresource_benefits,electric_customer_bill_savings,natural_gas_customer_bill_savings,heating_oil_customer_bill_savings,EUCT_cost,EUCT_benefit,EUCT_BCR,GUCT_cost,GUCT_benefit,GUCT_BCR,EGUCT_cost,EGUCT_benefit,EGUCT_BCR,TRC_cost,TRC_benefit,TRC_BCR,SCT_cost,SCT_benefit,SCT_BCR,RIM_cost,RIM_benefit,RIM_BCR,PCT_cost,PCT_benefit,PCT_BCR
0,furnace_oil_efficient_residential,heating_cooling,oil_furnace,test_utility_1,test_utility_1,single_family,5000.0,10,furnace_oil_existing_residential_to_furnace_oil_efficient_residential,residential,NLIRNC,Ret_ER,furnace_oil_existing_residential,furnace_oil_efficient_residential,,,700.0,0.0,715.0,0.0,80.0,natural_gas,therms,30.0,electricity,kWh,,,,,,,700.0,0.03424657534246575,1.0,0.0,30.0,80.0,0.0,0.0,0.0,0.0,14.374105141607405,68.97389371814214,3495.310037392648,0.0,0.0,0.0,0.0,0.0,0.0,0.0,0.0,0.5,0.5,0.5,350.0,350.0,350.0,1050.0,210.0,210.0,210.0,14.02,20.23769604675697,0.04296818606869767,1.082368281891743,0.0,0.0,0.0,0.0,0.0,0.0,0.0,0.0,0.0,0.0,0.0,0.0,0.0,0.0,0.0,21.36303251471741,0.25590608510327484,52.71665353127462,7914.526916828697,0.0,560.0,83.34799885974954,0.14883571224955275,560.0,3495.310037392648,6.241625066772586,1120.0,3578.658036252398,3.1952303895110696,1680.0,3593.933942337501,2.1392463942485125,1680.0,3636.6600073669356,2.164678575813652,1172.7166535312745,4138.658036252398,3.5291202046036494,700.0,4682.630595868775,6.689472279812536
1,furnace_oil_efficient_residential,heating_cooling,oil_furnace,test_utility_1,test_utility_1,single_family,5000.0,10,furnace_oil_baseline_residential_to_furnace_oil_efficient_residential,residential,NLIRNC,NC,furnace_oil_baseline_residential,furnace_oil_efficient_residential,,,700.0,0.0,715.0,0.0,80.0,natural_gas,therms,30.0,electricity,kWh,,,,,,,700.0,0.03424657534246575,1.0,0.0,30.0,80.0,0.0,0.0,0.0,0.0,14.374105141607405,68.97389371814214,3495.310037392648,0.0,0.0,0.0,0.0,0.0,0.0,0.0,0.0,0.5,0.5,0.5,350.0,350.0,350.0,1050.0,210.0,210.0,210.0,14.02,20.23769604675697,0.04296818606869767,1.082368281891743,0.0,0.0,0.0,0.0,0.0,0.0,0.0,0.0,0.0,0.0,0.0,0.0,0.0,0.0,0.0,21.36303251471741,0.25590608510327484,52.71665353127462,7914.526916828697,0.0,560.0,83.34799885974954,0.14883571224955275,560.0,3495.310037392648,6.241625066772586,1120.0,3578.658036252398,3.1952303895110696,1680.0,3593.933942337501,2.1392463942485125,1680.0,3636.6600073669356,2.164678575813652,1172.7166535312745,4138.658036252398,3.5291202046036494,700.0,4682.630595868775,6.689472279812536
2,furnace_oil_efficient_residential,heating_cooling,oil_furnace,test_utility_1,test_utility_1,single_family,5000.0,10,furnace_oil_baseline_residential_to_furnace_oil_efficient_residential,residential,NLIRROB,ROB,furnace_oil_baseline_residential,furnace_oil_efficient_residential,,,700.0,0.0,715.0,0.0,80.0,natural_gas,therms,30.0,electricity,kWh,,,,,,,700.0,0.03424657534246575,1.0,0.0,30.0,80.0,0.0,0.0,0.0,0.0,14.374105141607405,68.97389371814214,3495.310037392648,0.0,0.0,0.0,0.0,0.0,0.0,0.0,0.0,0.5,0.5,0.5,350.0,350.0,350.0,1050.0,210.0,210.0,210.0,14.02,20.23769604675697,0.04296818606869767,1.082368281891743,0.0,0.0,0.0,0.0,0.0,0.0,0.0,0.0,0.0,0.0,0.0,0.0,0.0,0.0,0.0,21.36303251471741,0.25590608510327484,52.71665353127462,7914.526916828697,0.0,560.0,83.34799885974954,0.14883571224955275,560.0,3495.310037392648,6.241625066772586,1120.0,3578.658036252398,3.1952303895110696,1680.0,3593.933942337501,2.1392463942485125,1680.0,3636.6600073669356,2.164678575813652,1172.7166535312745,4138.658036252398,3.5291202046036494,700.0,4682.630595868775,6.689472279812536
3,furnace_oil_efficient_residential,heating_cooling,oil_furnace,test_utility_1,test_utility_1,single_family,5000.0,10,furnace_oil_baseline_residential_to_furnace_oil_efficient_residential,residential,NLIRRENO,RENO,furnace_oil_baseline_residential,furnace_oil_efficient_residential,,,700.0,0.0,715.0,0.0,80.0,natural_gas,therms,30.0,electricity,kWh,,,,,,,700.0,0.03424657534246575,1.0,0.0,30.0,80.0,0.0,0.0,0.0,0.0,14.374105141607405,68.97389371814214,3495.310037392648,0.0,0.0,0.0,0.0,0.0,0.0,0.0,0.0,0.5,0.5,0.5,350.0,350.0,350.0,1050.0,210.0,210.0,210.0,14.02,20.23769604675697,0.04296818606869767,1.082368281891743,0.0,0.0,0.0,0.0,0.0,0.0,0.0,0.0,0.0,0.0,0.0,0.0,0.0,0.0,0.0,21.36303251471741,0.25590608510327484,52.71665353127462,7914.526916828697,0.0,560.0,83.34799885974954,0.14883571224955275,560.0,3495.310037392648,6.241625066772586,1120.0,3578.658036252398,3.1952303895110696,1680.0,3593.933942337501,2.1392463942485125,1680.0,3636.6600073669356,2.164678575813652,1172.7166535312745,4138.658036252398,3.5291202046036494,700.0,4682.630595868775,6.689472279812536
4,furnace_oil_efficient_residential,heating_cooling,oil_furnace,test_utility_1,test_utility_2,single_family,10000.0,10,furnace_oil_existing_residential_to_furnace_oil_efficient_residential,residential,NLIRNC,Ret_ER,furnace_oil_existing_residential,furnace_oil_efficient_residential,,,700.0,0.0,715.0,0.0,80.0,natural_gas,therms,30.0,electricity,kWh,,,,,,,700.0,0.03424657534246575,1.0,0.0,30.0,80.0,0.0,0.0,0.0,0.0,14.374105141607405,68.97389371814214,3495.310037392648,0.0,0.0,0.0,0.0,0.0,0.0,0.0,0.0,0.5,0.5,0.5,350.0,350.0,350.0,1050.0,210.0,210.0,210.0,14.02,20.23769604675697,0.04296818606869767,1.082368281891743,0.0,0.0,0.0,0.0,0.0,0.0,0.0,0.0,0.0,0.0,0.0,0.0,0.0,0.0,0.0,21.36303251471741,8.786108921879103,52.71665353127462,7914.526916828697,0.0,560.0,83.34799885974954,0.14883571224955275,560.0,3495.310037392648,6.241625066772586,1120.0,3578.658036252398,3.1952303895110696,1680.0,3602.464145174277,2.1443238959370694,1680.0,3645.1902102037116,2.169756077502209,1172.7166535312745,4138.658036252398,3.5291202046036494,700.0,4691.160798705551,6.701658283865073
5,furnace_oil_efficient_residential,heating_cooling,oil_furnace,test_utility_1,test_utility_2,single_family,10000.0,10,furnace_oil_baseline_residential_to_furnace_oil_efficient_residential,residential,NLIRNC,NC,furnace_oil_baseline_residential,furnace_oil_efficient_residential,,,700.0,0.0,715.0,0.0,80.0,natural_gas,therms,30.0,electricity,kWh,,,,,,,700.0,0.03424657534246575,1.0,0.0,30.0,80.0,0.0,0.0,0.0,0.0,14.374105141607405,68.97389371814214,3495.310037392648,0.0,0.0,0.0,0.0,0.0,0.0,0.0,0.0,0.5,0.5,0.5,350.0,350.0,350.0,1050.0,210.0,210.0,210.0,14.02,20.23769604675697,0.04296818606869767,1.082368281891743,0.0,0.0,0.0,0.0,0.0,0.0,0.0,0.0,0.0,0.0,0.0,0.0,0.0,0.0,0.0,21.36303251471741,8.786108921879103,52.71665353127462,7914.526916828697,0.0,560.0,83.34799885974954,0.14883571224955275,560.0,3495.310037392648,6.241625066772586,1120.0,3578.658036252398,3.1952303895110696,1680.0,3602.464145174277,2.1443238959370694,1680.0,3645.1902102037116,2.169756077502209,1172.7166535312745,4138.658036252398,3.5291202046036494,700.0,4691.160798705551,6.701658283865073
6,furnace_oil_efficient_residential,heating_cooling,oil_furnace,test_utility_1,test_utility_2,single_family,10000.0,10,furnace_oil_baseline_residential_to_furnace_oil_efficient_residential,residential,NLIRROB,ROB,furnace_oil_baseline_residential,furnace_oil_efficient_residential,,,700.0,0.0,715.0,0.0,80.0,natural_gas,therms,30.0,electricity,kWh,,,,,,,700.0,0.03424657534246575,1.0,0.0,30.0,80.0,0.0,0.0,0.0,0.0,14.374105141607405,68.97389371814214,3495.310037392648,0.0,0.0,0.0,0.0,0.0,0.0,0.0,0.0,0.5,0.5,0.5,350.0,350.0,350.0,1050.0,210.0,210.0,210.0,14.02,20.23769604675697,0.04296818606869767,1.082368281891743,0.0,0.0,0.0,0.0,0.0,0.0,0.0,0.0,0.0,0.0,0.0,0.0,0.0,0.0,0.0,21.36303251471741,8.786108921879103,52.71665353127462,7914.526916828697,0.0,560.0,83.34799885974954,0.14883571224955275,560.0,3495.310037392648,6.241625066772586,1120.0,3578.658036252398,3.1952303895110696,1680.0,3602.464145174277,2.1443238959370694,1680.0,3645.1902102037116,2.169756077502209,1172.7166535312745,4138.658036252398,3.5291202046036494,700.0,4691.160798705551,6.701658283865073
7,furnace_oil_efficient_residential,heating_cooling,oil_furnace,test_utility_1,test_utility_2,single_family,10000.0,10,furnace_oil_baseline_residential_to_furnace_oil_efficient_residential,residential,NLIRRENO,RENO,furnace_oil_baseline_residential,furnace_oil_efficient_residential,,,700.0,0.0,715.0,0.0,80.0,natural_gas,therms,30.0,electricity,kWh,,,,,,,700.0,0.03424657534246575,1.0,0.0,30.0,80.0,0.0,0.0,0.0,0.0,14.374105141607405,68.97389371814214,3495.310037392648,0.0,0.0,0.0,0.0,0.0,0.0,0.0,0.0,0.5,0.5,0.5,350.0,350.0,350.0,1050.0,210.0,210.0,210.0,14.02,20.23769604675697,0.04296818606869767,1.082368281891743,0.0,0.0,0.0,0.0,0.0,0.0,0.0,0.0,0.0,0.0,0.0,0.0,0.0,0.0,0.0,21.36303251471741,8.786108921879103,52.71665353127462,7914.526916828697,0.0,560.0,83.34799885974954,0.14883571224955275,560.0,3495.310037392648,6.241625066772586,1120.0,3578.658036252398,3.1952303895110696,1680.0,3602.464145174277,2.1443238959370694,1680.0,3645.1902102037116,2.169756077502209,1172.7166535312745,4138.658036252398,3.5291202046036494,700.0,4691.160798705551,6.701658283865073
8,furnace_oil_efficient_residential,heating_cooling,oil_furnace,test_utility_1,none,single_family,27500.0,10,furnace_oil_existing_residential_to_furnace_oil_efficient_residential,residential,NLIRNC,Ret_ER,furnace_oil_existing_residential,furnace_oil_efficient_residential,,,700.0,0.0,715.0,0.0,80.0,natural_gas,therms,30.0,electricity,kWh,,,,,,,700.0,0.03424657534246575,1.0,0.0,30.0,80.0,0.0,0.0,0.0,0.0,14.374105141607405,68.97389371814214,3495.310037392648,0.0,0.0,0.0,0.0,0.0,0.0,0.0,0.0,0.5,0.5,0.5,350.0,350.0,350.0,1050.0,210.0,210.0,210.0,14.02,20.23769604675697,0.04296818606869767,1.082368281891743,0.0,0.0,0.0,0.0,0.0,0.0,0.0,0.0,0.0,0.0,0.0,0.0,0.0,0.0,0.0,21.36303251471741,0.25590608510327484,52.71665353127462,7914.526916828697,0.0,560.0,83.34799885974954,0.14883571224955275,560.0,3495.310037392648,6.241625066772586,1120.0,3578.658036252398,3.1952303895110696,1680.0,3593.933942337501,2.1392463942485125,1680.0,3636.6600073669356,2.164678575813652,1172.7166535312745,4138.658036252398,3.5291202046036494,700.0,4682.630595868775,6.689472279812536
9,furnace_oil_efficient_residential,heating_cooling,oil_furnace,test_utility_1,none,single_family,27500.0,10,furnace_oil_baseline_residential_to_furnace_oil_efficient_residential,residential,NLIRNC,NC,furnace_oil_baseline_residential,furnace_oil_efficient_residential,,,700.0,0.0,715.0,0.0,80.0,natural_gas,therms,30.0,electricity,kWh,,,,,,,700.0,0.03424657534246575,1.0,0.0,30.0,80.0,0.0,0.0,0.0,0.0,14.374105141607405,68.97389371814214,3495.310037392648,0.0,0.0,0.0,0.0,0.0,0.0,0.0,0.0,0.5,0.5,0.5,350.0,350.0,350.0,1050.0,210.0,210.0,210.0,14.02,20.23769604675697,0.04296818606869767,1.082368281891743,0.0,0.0,0.0,0.0,0.0,0.0,0.0,0.0,0.0,0.0,0.0,0.0,0.0,0.0,0.0,21.36303251471741,0.25590608510327484,52.71665353127462,7914.526916828697,0.0,560.0,83.34799885974954,0.14883571224955275,560.0,3495.310037392648,6.241625066772586,1120.0,3578.658036252398,3.1952303895110696,1680.0,3593.933942337501,2.1392463942485125,1680.0,3636.6600073669356,2.164678575813652,1172.7166535312745,4138.658036252398,3.5291202046036494,700.0,4682.630595868775,6.689472279812536
10,furnace_oil_efficient_residential,heating_cooling,oil_furnace,test_utility_1,none,single_family,27500.0,10,furnace_oil_baseline_residential_to_furnace_oil_efficient_residential,residential,NLIRROB,ROB,furnace_oil_baseline_residential,furnace_oil_efficient_residential,,,700.0,0.0,715.0,0.0,80.0,natural_gas,therms,30.0,electricity,kWh,,,,,,,700.0,0.03424657534246575,1.0,0.0,30.0,80.0,0.0,0.0,0.0,0.0,14.374105141607405,68.97389371814214,3495.310037392648,0.0,0.0,0.0,0.0,0.0,0.0,0.0,0.0,0.5,0.5,0.5,350.0,350.0,350.0,1050.0,210.0,210.0,210.0,14.02,20.23769604675697,0.04296818606869767,1.082368281891743,0.0,0.0,0.0,0.0,0.0,0.0,0.0,0.0,0.0,0.0,0.0,0.0,0.0,0.0,0.0,21.36303251471741,0.25590608510327484,52.71665353127462,7914.526916828697,0.0,560.0,83.34799885974954,0.14883571224955275,560.0,3495.310037392648,6.241625066772586,1120.0,3578.658036252398,3.1952303895110696,1680.0,3593.933942337501,2.1392463942485125,1680.0,3636.6600073669356,2.164678575813652,1172.7166535312745,4138.658036252398,3.5291202046036494,700.0,4682.630595868775,6.689472279812536
11,furnace_oil_efficient_residential,heating_cooling,oil_furnace,test_utility_1,none,single_family,27500.0,10,furnace_oil_baseline_residential_to_furnace_oil_efficient_residential,residential,NLIRRENO,RENO,furnace_oil_baseline_residential,furnace_oil_efficient_residential,,,700.0,0.0,715.0,0.0,80.0,natural_gas,therms,30.0,electricity,kWh,,,,,,,700.0,0.03424657534246575,1.0,0.0,30.0,80.0,0.0,0.0,0.0,0.0,14.374105141607405,68.97389371814214,3495.310037392648,0.0,0.0,0.0,0.0,0.0,0.0,0.0,0.0,0.5,0.5,0.5,350.0,350.0,350.0,1050.0,210.0,210.0,210.0,14.02,20.23769604675697,0.04296818606869767,1.082368281891743,0.0,0.0,0.0,0.0,0.0,0.0,0.0,0.0,0.0,0.0,0.0,0.0,0.0,0.0,0.0,21.36303251471741,0.25590608510327484,52.71665353127462,7914.526916828697,0.0,560.0,83.34799885974954,0.14883571224955275,560.0,3495.310037392648,6.241625066772586,1120.0,3578.658036252398,3.1952303895110696,1680.0,3593.933942337501,2.1392463942485125,1680.0,3636.6600073669356,2.164678575813652,1172.7166535312745,4138.658036252398,3.5291202046036494,700.0,4682.630595868775,6.689472279812536
12,furnace_oil_baseline_residential,heating_cooling,oil_furnace,test_utility_1,test_utility_1,single_family,2500.0,10,,,,,,,,,,,,,,,,,,,,,,,,,,,,,,,,,,,,,,,,,,,,,,,,,,,,,,,,,,,,,,,,,,,,,,,,,,,,,,,,,,,,,,,,,,,,,,,,,,,,
13,furnace_oil_baseline_residential,heating_cooling,oil_furnace,test_utility_1,test_utility_2,single_family,5000.0,10,,,,,,,,,,,,,,,,,,,,,,,,,,,,,,,,,,,,,,,,,,,,,,,,,,,,,,,,,,,,,,,,,,,,,,,,,,,,,,,,,,,,,,,,,,,,,,,,,,,,
14,furnace_oil_baseline_residential,heating_cooling,oil_furnace,test_utility_1,none,single_family,13750.0,10,,,,,,,,,,,,,,,,,,,,,,,,,,,,,,,,,,,,,,,,,,,,,,,,,,,,,,,,,,,,,,,,,,,,,,,,,,,,,,,,,,,,,,,,,,,,,,,,,,,,
15,furnace_oil_existing_residential,heating_cooling,oil_furnace,test_utility_1,test_utility_1,single_family,2500.0,10,,,,,,,,,,,,,,,,,,,,,,,,,,,,,,,,,,,,,,,,,,,,,,,,,,,,,,,,,,,,,,,,,,,,,,,,,,,,,,,,,,,,,,,,,,,,,,,,,,,,
16,furnace_oil_existing_residential,heating_cooling,oil_furnace,test_utility_1,test_utility_2,single_family,5000.0,10,,,,,,,,,,,,,,,,,,,,,,,,,,,,,,,,,,,,,,,,,,,,,,,,,,,,,,,,,,,,,,,,,,,,,,,,,,,,,,,,,,,,,,,,,,,,,,,,,,,,
17,furnace_oil_existing_residential,heating_cooling,oil_furnace,test_utility_1,none,single_family,13750.0,10,,,,,,,,,,,,,,,,,,,,,,,,,,,,,,,,,,,,,,,,,,,,,,,,,,,,,,,,,,,,,,,,,,,,,,,,,,,,,,,,,,,,,,,,,,,,,,,,,,,,
18,furnace_natural_gas_efficient_residential,heating_cooling,gas_furnace,test_utility_1,test_utility_1,single_family,5000.0,10,furnace_natural_gas_existing_residential_to_furnace_natural_gas_efficient_residential,residential,NLIRNC,Ret_ER,furnace_natural_gas_existing_residential,furnace_natural_gas_efficient_residential,,,700.0,0.0,715.0,0.0,80.0,natural_gas,therms,30.0,electricity,kWh,,,,,,,700.0,0.03424657534246575,1.0,0.0,30.0,80.0,0.0,0.0,0.0,0.0,14.374105141607405,68.97389371814214,3495.310037392648,0.0,0.0,0.0,0.0,0.0,0.0,0.0,0.0,0.5,0.5,0.5,350.0,350.0,350.0,1050.0,210.0,210.0,210.0,14.02,20.23769604675697,0.04296818606869767,1.082368281891743,0.0,0.0,0.0,0.0,0.0,0.0,0.0,0.0,0.0,0.0,0.0,0.0,0.0,0.0,0.0,21.36303251471741,0.25590608510327484,52.71665353127462,7914.526916828697,0.0,560.0,83.34799885974954,0.14883571224955275,560.0,3495.310037392648,6.241625066772586,1120.0,3578.658036252398,3.1952303895110696,1680.0,3593.933942337501,2.1392463942485125,1680.0,3636.6600073669356,2.164678575813652,1172.7166535312745,4138.658036252398,3.5291202046036494,700.0,4682.630595868775,6.689472279812536
19,furnace_natural_gas_efficient_residential,heating_cooling,gas_furnace,test_utility_1,test_utility_1,single_family,5000.0,10,furnace_natural_gas_baseline_residential_to_furnace_natural_gas_efficient_residential,residential,NLIRNC,NC,furnace_natural_gas_baseline_residential,furnace_natural_gas_efficient_residential,,,700.0,0.0,715.0,0.0,80.0,natural_gas,therms,30.0,electricity,kWh,,,,,,,700.0,0.03424657534246575,1.0,0.0,30.0,80.0,0.0,0.0,0.0,0.0,14.374105141607405,68.97389371814214,3495.310037392648,0.0,0.0,0.0,0.0,0.0,0.0,0.0,0.0,0.5,0.5,0.5,350.0,350.0,350.0,1050.0,210.0,210.0,210.0,14.02,20.23769604675697,0.04296818606869767,1.082368281891743,0.0,0.0,0.0,0.0,0.0,0.0,0.0,0.0,0.0,0.0,0.0,0.0,0.0,0.0,0.0,21.36303251471741,0.25590608510327484,52.71665353127462,7914.526916828697,0.0,560.0,83.34799885974954,0.14883571224955275,560.0,3495.310037392648,6.241625066772586,1120.0,3578.658036252398,3.1952303895110696,1680.0,3593.933942337501,2.1392463942485125,1680.0,3636.6600073669356,2.164678575813652,1172.7166535312745,4138.658036252398,3.5291202046036494,700.0,4682.630595868775,6.689472279812536
20,furnace_natural_gas_efficient_residential,heating_cooling,gas_furnace,test_utility_1,test_utility_1,single_family,5000.0,10,furnace_natural_gas_baseline_residential_to_furnace_natural_gas_efficient_residential,residential,NLIRROB,ROB,furnace_natural_gas_baseline_residential,furnace_natural_gas_efficient_residential,,,700.0,0.0,715.0,0.0,80.0,natural_gas,therms,30.0,electricity,kWh,,,,,,,700.0,0.03424657534246575,1.0,0.0,30.0,80.0,0.0,0.0,0.0,0.0,14.374105141607405,68.97389371814214,3495.310037392648,0.0,0.0,0.0,0.0,0.0,0.0,0.0,0.0,0.5,0.5,0.5,350.0,350.0,350.0,1050.0,210.0,210.0,210.0,14.02,20.23769604675697,0.04296818606869767,1.082368281891743,0.0,0.0,0.0,0.0,0.0,0.0,0.0,0.0,0.0,0.0,0.0,0.0,0.0,0.0,0.0,21.36303251471741,0.25590608510327484,52.71665353127462,7914.526916828697,0.0,560.0,83.34799885974954,0.14883571224955275,560.0,3495.310037392648,6.241625066772586,1120.0,3578.658036252398,3.1952303895110696,1680.0,3593.933942337501,2.1392463942485125,1680.0,3636.6600073669356,2.164678575813652,1172.7166535312745,4138.658036252398,3.5291202046036494,700.0,4682.630595868775,6.689472279812536
21,furnace_natural_gas_efficient_residential,heating_cooling,gas_furnace,test_utility_1,test_utility_1,single_family,5000.0,10,furnace_natural_gas_baseline_residential_to_furnace_natural_gas_efficient_residential,residential,NLIRRENO,RENO,furnace_natural_gas_baseline_residential,furnace_natural_gas_efficient_residential,,,700.0,0.0,715.0,0.0,80.0,natural_gas,therms,30.0,electricity,kWh,,,,,,,700.0,0.03424657534246575,1.0,0.0,30.0,80.0,0.0,0.0,0.0,0.0,14.374105141607405,68.97389371814214,3495.310037392648,0.0,0.0,0.0,0.0,0.0,0.0,0.0,0.0,0.5,0.5,0.5,350.0,350.0,350.0,1050.0,210.0,210.0,210.0,14.02,20.23769604675697,0.04296818606869767,1.082368281891743,0.0,0.0,0.0,0.0,0.0,0.0,0.0,0.0,0.0,0.0,0.0,0.0,0.0,0.0,0.0,21.36303251471741,0.25590608510327484,52.71665353127462,7914.526916828697,0.0,560.0,83.34799885974954,0.14883571224955275,560.0,3495.310037392648,6.241625066772586,1120.0,3578.658036252398,3.1952303895110696,1680.0,3593.933942337501,2.1392463942485125,1680.0,3636.6600073669356,2.164678575813652,1172.7166535312745,4138.658036252398,3.5291202046036494,700.0,4682.630595868775,6.689472279812536
22,furnace_natural_gas_efficient_residential,heating_cooling,gas_furnace,test_utility_1,test_utility_2,single_family,10000.0,10,furnace_natural_gas_existing_residential_to_furnace_natural_gas_efficient_residential,residential,NLIRNC,Ret_ER,furnace_natural_gas_existing_residential,furnace_natural_gas_efficient_residential,,,700.0,0.0,715.0,0.0,80.0,natural_gas,therms,30.0,electricity,kWh,,,,,,,700.0,0.03424657534246575,1.0,0.0,30.0,80.0,0.0,0.0,0.0,0.0,14.374105141607405,68.97389371814214,3495.310037392648,0.0,0.0,0.0,0.0,0.0,0.0,0.0,0.0,0.5,0.5,0.5,350.0,350.0,350.0,1050.0,210.0,210.0,210.0,14.02,20.23769604675697,0.04296818606869767,1.082368281891743,0.0,0.0,0.0,0.0,0.0,0.0,0.0,0.0,0.0,0.0,0.0,0.0,0.0,0.0,0.0,21.36303251471741,8.786108921879103,52.71665353127462,7914.526916828697,0.0,560.0,83.34799885974954,0.14883571224955275,560.0,3495.310037392648,6.241625066772586,1120.0,3578.658036252398,3.1952303895110696,1680.0,3602.464145174277,2.1443238959370694,1680.0,3645.1902102037116,2.169756077502209,1172.7166535312745,4138.658036252398,3.5291202046036494,700.0,4691.160798705551,6.701658283865073
23,furnace_natural_gas_efficient_residential,heating_cooling,gas_furnace,test_utility_1,test_utility_2,single_family,10000.0,10,furnace_natural_gas_baseline_residential_to_furnace_natural_gas_efficient_residential,residential,NLIRNC,NC,furnace_natural_gas_baseline_residential,furnace_natural_gas_efficient_residential,,,700.0,0.0,715.0,0.0,80.0,natural_gas,therms,30.0,electricity,kWh,,,,,,,700.0,0.03424657534246575,1.0,0.0,30.0,80.0,0.0,0.0,0.0,0.0,14.374105141607405,68.97389371814214,3495.310037392648,0.0,0.0,0.0,0.0,0.0,0.0,0.0,0.0,0.5,0.5,0.5,350.0,350.0,350.0,1050.0,210.0,210.0,210.0,14.02,20.23769604675697,0.04296818606869767,1.082368281891743,0.0,0.0,0.0,0.0,0.0,0.0,0.0,0.0,0.0,0.0,0.0,0.0,0.0,0.0,0.0,21.36303251471741,8.786108921879103,52.71665353127462,7914.526916828697,0.0,560.0,83.34799885974954,0.14883571224955275,560.0,3495.310037392648,6.241625066772586,1120.0,3578.658036252398,3.1952303895110696,1680.0,3602.464145174277,2.1443238959370694,1680.0,3645.1902102037116,2.169756077502209,1172.7166535312745,4138.658036252398,3.5291202046036494,700.0,4691.160798705551,6.701658283865073
24,furnace_natural_gas_efficient_residential,heating_cooling,gas_furnace,test_utility_1,test_utility_2,single_family,10000.0,10,furnace_natural_gas_baseline_residential_to_furnace_natural_gas_efficient_residential,residential,NLIRROB,ROB,furnace_natural_gas_baseline_residential,furnace_natural_gas_efficient_residential,,,700.0,0.0,715.0,0.0,80.0,natural_gas,therms,30.0,electricity,kWh,,,,,,,700.0,0.03424657534246575,1.0,0.0,30.0,80.0,0.0,0.0,0.0,0.0,14.374105141607405,68.97389371814214,3495.310037392648,0.0,0.0,0.0,0.0,0.0,0.0,0.0,0.0,0.5,0.5,0.5,350.0,350.0,350.0,1050.0,210.0,210.0,210.0,14.02,20.23769604675697,0.04296818606869767,1.082368281891743,0.0,0.0,0.0,0.0,0.0,0.0,0.0,0.0,0.0,0.0,0.0,0.0,0.0,0.0,0.0,21.36303251471741,8.786108921879103,52.71665353127462,7914.526916828697,0.0,560.0,83.34799885974954,0.14883571224955275,560.0,3495.310037392648,6.241625066772586,1120.0,3578.658036252398,3.1952303895110696,1680.0,3602.464145174277,2.1443238959370694,1680.0,3645.1902102037116,2.169756077502209,1172.7166535312745,4138.658036252398,3.5291202046036494,700.0,4691.160798705551,6.701658283865073
25,furnace_natural_gas_efficient_residential,heating_cooling,gas_furnace,test_utility_1,test_utility_2,single_family,10000.0,10,furnace_natural_gas_baseline_residential_to_furnace_natural_gas_efficient_residential,residential,NLIRRENO,RENO,furnace_natural_gas_baseline_residential,furnace_natural_gas_efficient_residential,,,700.0,0.0,715.0,0.0,80.0,natural_gas,therms,30.0,electricity,kWh,,,,,,,700.0,0.03424657534246575,1.0,0.0,30.0,80.0,0.0,0.0,0.0,0.0,14.374105141607405,68.97389371814214,3495.310037392648,0.0,0.0,0.0,0.0,0.0,0.0,0.0,0.0,0.5,0.5,0.5,350.0,350.0,350.0,1050.0,210.0,210.0,210.0,14.02,20.23769604675697,0.04296818606869767,1.082368281891743,0.0,0.0,0.0,0.0,0.0,0.0,0.0,0.0,0.0,0.0,0.0,0.0,0.0,0.0,0.0,21.36303251471741,8.786108921879103,52.71665353127462,7914.526916828697,0.0,560.0,83.34799885974954,0.14883571224955275,560.0,3495.310037392648,6.241625066772586,1120.0,3578.658036252398,3.1952303895110696,1680.0,3602.464145174277,2.1443238959370694,1680.0,3645.1902102037116,2.169756077502209,1172.7166535312745,4138.658036252398,3.5291202046036494,700.0,4691.160798705551,6.701658283865073
26,furnace_natural_gas_efficient_residential,heating_cooling,gas_furnace,test_utility_1,none,single_family,27500.0,10,furnace_natural_gas_existing_residential_to_furnace_natural_gas_efficient_residential,residential,NLIRNC,Ret_ER,furnace_natural_gas_existing_residential,furnace_natural_gas_efficient_residential,,,700.0,0.0,715.0,0.0,80.0,natural_gas,therms,30.0,electricity,kWh,,,,,,,700.0,0.03424657534246575,1.0,0.0,30.0,80.0,0.0,0.0,0.0,0.0,14.374105141607405,68.97389371814214,3495.310037392648,0.0,0.0,0.0,0.0,0.0,0.0,0.0,0.0,0.5,0.5,0.5,350.0,350.0,350.0,1050.0,210.0,210.0,210.0,14.02,20.23769604675697,0.04296818606869767,1.082368281891743,0.0,0.0,0.0,0.0,0.0,0.0,0.0,0.0,0.0,0.0,0.0,0.0,0.0,0.0,0.0,21.36303251471741,0.25590608510327484,52.71665353127462,7914.526916828697,0.0,560.0,83.34799885974954,0.14883571224955275,560.0,3495.310037392648,6.241625066772586,1120.0,3578.658036252398,3.1952303895110696,1680.0,3593.933942337501,2.1392463942485125,1680.0,3636.6600073669356,2.164678575813652,1172.7166535312745,4138.658036252398,3.5291202046036494,700.0,4682.630595868775,6.689472279812536
27,furnace_natural_gas_efficient_residential,heating_cooling,gas_furnace,test_utility_1,none,single_family,27500.0,10,furnace_natural_gas_baseline_residential_to_furnace_natural_gas_efficient_residential,residential,NLIRNC,NC,furnace_natural_gas_baseline_residential,furnace_natural_gas_efficient_residential,,,700.0,0.0,715.0,0.0,80.0,natural_gas,therms,30.0,electricity,kWh,,,,,,,700.0,0.03424657534246575,1.0,0.0,30.0,80.0,0.0,0.0,0.0,0.0,14.374105141607405,68.97389371814214,3495.310037392648,0.0,0.0,0.0,0.0,0.0,0.0,0.0,0.0,0.5,0.5,0.5,350.0,350.0,350.0,1050.0,210.0,210.0,210.0,14.02,20.23769604675697,0.04296818606869767,1.082368281891743,0.0,0.0,0.0,0.0,0.0,0.0,0.0,0.0,0.0,0.0,0.0,0.0,0.0,0.0,0.0,21.36303251471741,0.25590608510327484,52.71665353127462,7914.526916828697,0.0,560.0,83.34799885974954,0.14883571224955275,560.0,3495.310037392648,6.241625066772586,1120.0,3578.658036252398,3.1952303895110696,1680.0,3593.933942337501,2.1392463942485125,1680.0,3636.6600073669356,2.164678575813652,1172.7166535312745,4138.658036252398,3.5291202046036494,700.0,4682.630595868775,6.689472279812536
28,furnace_natural_gas_efficient_residential,heating_cooling,gas_furnace,test_utility_1,none,single_family,27500.0,10,furnace_natural_gas_baseline_residential_to_furnace_natural_gas_efficient_residential,residential,NLIRROB,ROB,furnace_natural_gas_baseline_residential,furnace_natural_gas_efficient_residential,,,700.0,0.0,715.0,0.0,80.0,natural_gas,therms,30.0,electricity,kWh,,,,,,,700.0,0.03424657534246575,1.0,0.0,30.0,80.0,0.0,0.0,0.0,0.0,14.374105141607405,68.97389371814214,3495.310037392648,0.0,0.0,0.0,0.0,0.0,0.0,0.0,0.0,0.5,0.5,0.5,350.0,350.0,350.0,1050.0,210.0,210.0,210.0,14.02,20.23769604675697,0.04296818606869767,1.082368281891743,0.0,0.0,0.0,0.0,0.0,0.0,0.0,0.0,0.0,0.0,0.0,0.0,0.0,0.0,0.0,21.36303251471741,0.25590608510327484,52.71665353127462,7914.526916828697,0.0,560.0,83.34799885974954,0.14883571224955275,560.0,3495.310037392648,6.241625066772586,1120.0,3578.658036252398,3.1952303895110696,1680.0,3593.933942337501,2.1392463942485125,1680.0,3636.6600073669356,2.164678575813652,1172.7166535312745,4138.658036252398,3.5291202046036494,700.0,4682.630595868775,6.689472279812536
29,furnace_natural_gas_efficient_residential,heating_cooling,gas_furnace,test_utility_1,none,single_family,27500.0,10,furnace_natural_gas_baseline_residential_to_furnace_natural_gas_efficient_residential,residential,NLIRRENO,RENO,furnace_natural_gas_baseline_residential,furnace_natural_gas_efficient_residential,,,700.0,0.0,715.0,0.0,80.0,natural_gas,therms,30.0,electricity,kWh,,,,,,,700.0,0.03424657534246575,1.0,0.0,30.0,80.0,0.0,0.0,0.0,0.0,14.374105141607405,68.97389371814214,3495.310037392648,0.0,0.0,0.0,0.0,0.0,0.0,0.0,0.0,0.5,0.5,0.5,350.0,350.0,350.0,1050.0,210.0,210.0,210.0,14.02,20.23769604675697,0.04296818606869767,1.082368281891743,0.0,0.0,0.0,0.0,0.0,0.0,0.0,0.0,0.0,0.0,0.0,0.0,0.0,0.0,0.0,21.36303251471741,0.25590608510327484,52.71665353127462,7914.526916828697,0.0,560.0,83.34799885974954,0.14883571224955275,560.0,3495.310037392648,6.241625066772586,1120.0,3578.658036252398,3.1952303895110696,1680.0,3593.933942337501,2.1392463942485125,1680.0,3636.6600073669356,2.164678575813652,1172.7166535312745,4138.658036252398,3.5291202046036494,700.0,4682.630595868775,6.689472279812536
30,furnace_natural_gas_baseline_residential,heating_cooling,gas_furnace,test_utility_1,test_utility_1,single_family,2500.0,10,,,,,,,,,,,,,,,,,,,,,,,,,,,,,,,,,,,,,,,,,,,,,,,,,,,,,,,,,,,,,,,,,,,,,,,,,,,,,,,,,,,,,,,,,,,,,,,,,,,,
31,furnace_natural_gas_baseline_residential,heating_cooling,gas_furnace,test_utility_1,test_utility_2,single_family,5000.0,10,,,,,,,,,,,,,,,,,,,,,,,,,,,,,,,,,,,,,,,,,,,,,,,,,,,,,,,,,,,,,,,,,,,,,,,,,,,,,,,,,,,,,,,,,,,,,,,,,,,,
32,furnace_natural_gas_baseline_residential,heating_cooling,gas_furnace,test_utility_1,none,single_family,13750.0,10,,,,,,,,,,,,,,,,,,,,,,,,,,,,,,,,,,,,,,,,,,,,,,,,,,,,,,,,,,,,,,,,,,,,,,,,,,,,,,,,,,,,,,,,,,,,,,,,,,,,
33,furnace_natural_gas_existing_residential,heating_cooling,gas_furnace,test_utility_1,test_utility_1,single_family,2500.0,10,,,,,,,,,,,,,,,,,,,,,,,,,,,,,,,,,,,,,,,,,,,,,,,,,,,,,,,,,,,,,,,,,,,,,,,,,,,,,,,,,,,,,,,,,,,,,,,,,,,,
34,furnace_natural_gas_existing_residential,heating_cooling,gas_furnace,test_utility_1,test_utility_2,single_family,5000.0,10,,,,,,,,,,,,,,,,,,,,,,,,,,,,,,,,,,,,,,,,,,,,,,,,,,,,,,,,,,,,,,,,,,,,,,,,,,,,,,,,,,,,,,,,,,,,,,,,,,,,
35,furnace_natural_gas_existing_residential,heating_cooling,gas_furnace,test_utility_1,none,single_family,13750.0,10,,,,,,,,,,,,,,,,,,,,,,,,,,,,,,,,,,,,,,,,,,,,,,,,,,,,,,,,,,,,,,,,,,,,,,,,,,,,,,,,,,,,,,,,,,,,,,,,,,,,
36,refrigerator_electricity_efficient_residential,refrigeration,full_size,test_utility_1,test_utility_1,single_family,15000.0,10,refrigerator_electricity_efficient_residential_refrigerator_electricity_existing_residential,residential,NLIRRET_ER,RET_ER,refrigerator_electricity_existing_residential,refrigerator_electricity_efficient_residential,,unknown,1300.0,0.0,0.0,0.0,700.0,electricity,kWh,,,,,,,refrigeration,,,1300.0,0.03424657534246575,1.0,0.0,700.0,0.0,0.0,0.0,0.0,0.0,335.39578663750615,1609.3908534233162,0.0,0.0,0.0,0.0,0.0,0.0,0.0,0.0,0.0,0.5,0.5,0.5,650.0,650.0,650.0,1950.0,390.0,390.0,390.0,26.02,472.2129077576627,1.0025910082696121,25.255259910807336,0.0,0.0,0.0,0.0,0.0,0.0,0.0,0.0,0.0,0.0,0.0,0.0,0.0,0.0,0.0,498.4707586767397,0.25590608510327484,1230.0552490630746,0.0,0.0,1040.0,1944.7866400608223,1.8699871539046369,1040.0,0.0,0.0,2080.0,1944.7866400608223,0.9349935769523184,3120.0,1972.0625461459256,0.6320713288929248,3120.0,2969.0040634994048,0.9516038665062195,3310.0552490630744,2984.7866400608223,0.9017331782923198,1300.0,5126.097795209001,3.9431521501607696
37,refrigerator_electricity_efficient_residential,refrigeration,full_size,test_utility_1,test_utility_1,single_family,15000.0,10,refrigerator_electricity_efficient_residential_refrigerator_electricity_baseline_residential,residential,NLIRNC,NC,refrigerator_electricity_baseline_residential,refrigerator_electricity_efficient_residential,,unknown,450.0,0.0,0.0,0.0,450.0,electricity,kWh,,,,,,,refrigeration,,,450.0,0.03424657534246575,1.0,0.0,450.0,0.0,0.0,0.0,0.0,0.0,215.61157712411108,1034.608405772132,0.0,0.0,0.0,0.0,0.0,0.0,0.0,0.0,0.0,0.5,0.5,0.5,225.0,225.0,225.0,675.0,135.0,135.0,135.0,9.02,303.56544070135453,0.6445227910304651,16.235524228376146,0.0,0.0,0.0,0.0,0.0,0.0,0.0,0.0,0.0,0.0,0.0,0.0,0.0,0.0,0.0,320.44548772076115,0.25590608510327484,790.7498029691194,0.0,0.0,360.0,1250.2199828962432,3.472833285822898,360.0,0.0,0.0,720.0,1250.2199828962432,1.736416642911449,1080.0,1260.4958889813465,1.1671258231308763,1080.0,1901.3868644228687,1.7605433929841376,1510.7498029691194,1610.2199828962432,1.0658415971536996,450.0,2717.2256919504657,6.03827931544548
38,refrigerator_electricity_efficient_residential,refrigeration,full_size,test_utility_1,test_utility_1,single_family,15000.0,10,refrigerator_electricity_efficient_residential_refrigerator_electricity_baseline_residential,residential,NLIRROB,ROB,refrigerator_electricity_baseline_residential,refrigerator_electricity_efficient_residential,,unknown,450.0,0.0,0.0,0.0,450.0,electricity,kWh,,,,,,,refrigeration,,,450.0,0.03424657534246575,1.0,0.0,450.0,0.0,0.0,0.0,0.0,0.0,215.61157712411108,1034.608405772132,0.0,0.0,0.0,0.0,0.0,0.0,0.0,0.0,0.0,0.5,0.5,0.5,225.0,225.0,225.0,675.0,135.0,135.0,135.0,9.02,303.56544070135453,0.6445227910304651,16.235524228376146,0.0,0.0,0.0,0.0,0.0,0.0,0.0,0.0,0.0,0.0,0.0,0.0,0.0,0.0,0.0,320.44548772076115,0.25590608510327484,790.7498029691194,0.0,0.0,360.0,1250.2199828962432,3.472833285822898,360.0,0.0,0.0,720.0,1250.2199828962432,1.736416642911449,1080.0,1260.4958889813465,1.1671258231308763,1080.0,1901.3868644228687,1.7605433929841376,1510.7498029691194,1610.2199828962432,1.0658415971536996,450.0,2717.2256919504657,6.03827931544548
39,refrigerator_electricity_efficient_residential,refrigeration,full_size,test_utility_1,test_utility_1,single_family,15000.0,10,refrigerator_electricity_efficient_residential_refrigerator_electricity_baseline_residential,residential,NLIRRENO,RENO,refrigerator_electricity_baseline_residential,refrigerator_electricity_efficient_residential,,unknown,450.0,0.0,0.0,0.0,450.0,electricity,kWh,,,,,,,refrigeration,,,450.0,0.03424657534246575,1.0,0.0,450.0,0.0,0.0,0.0,0.0,0.0,215.61157712411108,1034.608405772132,0.0,0.0,0.0,0.0,0.0,0.0,0.0,0.0,0.0,0.5,0.5,0.5,225.0,225.0,225.0,675.0,135.0,135.0,135.0,9.02,303.56544070135453,0.6445227910304651,16.235524228376146,0.0,0.0,0.0,0.0,0.0,0.0,0.0,0.0,0.0,0.0,0.0,0.0,0.0,0.0,0.0,320.44548772076115,0.25590608510327484,790.7498029691194,0.0,0.0,360.0,1250.2199828962432,3.472833285822898,360.0,0.0,0.0,720.0,1250.2199828962432,1.736416642911449,1080.0,1260.4958889813465,1.1671258231308763,1080.0,1901.3868644228687,1.7605433929841376,1510.7498029691194,1610.2199828962432,1.0658415971536996,450.0,2717.2256919504657,6.03827931544548
40,refrigerator_electricity_efficient_residential,refrigeration,full_size,test_utility_1,test_utility_2,single_family,30000.0,10,refrigerator_electricity_efficient_residential_refrigerator_electricity_existing_residential,residential,NLIRRET_ER,RET_ER,refrigerator_electricity_existing_residential,refrigerator_electricity_efficient_residential,,unknown,1300.0,0.0,0.0,0.0,700.0,electricity,kWh,,,,,,,refrigeration,,,1300.0,0.03424657534246575,1.0,0.0,700.0,0.0,0.0,0.0,0.0,0.0,335.39578663750615,1609.3908534233162,0.0,0.0,0.0,0.0,0.0,0.0,0.0,0.0,0.0,0.5,0.5,0.5,650.0,650.0,650.0,1950.0,390.0,390.0,390.0,26.02,472.2129077576627,1.0025910082696121,25.255259910807336,0.0,0.0,0.0,0.0,0.0,0.0,0.0,0.0,0.0,0.0,0.0,0.0,0.0,0.0,0.0,498.4707586767397,8.786108921879103,1230.0552490630746,0.0,0.0,1040.0,1944.7866400608223,1.8699871539046369,1040.0,0.0,0.0,2080.0,1944.7866400608223,0.9349935769523184,3120.0,1980.5927489827013,0.6348053682636863,3120.0,2977.5342663361807,0.954337905876981,3310.0552490630744,2984.7866400608223,0.9017331782923198,1300.0,5134.627998045777,3.9497138446505975
41,refrigerator_electricity_efficient_residential,refrigeration,full_size,test_utility_1,test_utility_2,single_family,30000.0,10,refrigerator_electricity_efficient_residential_refrigerator_electricity_baseline_residential,residential,NLIRNC,NC,refrigerator_electricity_baseline_residential,refrigerator_electricity_efficient_residential,,unknown,450.0,0.0,0.0,0.0,450.0,electricity,kWh,,,,,,,refrigeration,,,450.0,0.03424657534246575,1.0,0.0,450.0,0.0,0.0,0.0,0.0,0.0,215.61157712411108,1034.608405772132,0.0,0.0,0.0,0.0,0.0,0.0,0.0,0.0,0.0,0.5,0.5,0.5,225.0,225.0,225.0,675.0,135.0,135.0,135.0,9.02,303.56544070135453,0.6445227910304651,16.235524228376146,0.0,0.0,0.0,0.0,0.0,0.0,0.0,0.0,0.0,0.0,0.0,0.0,0.0,0.0,0.0,320.44548772076115,8.786108921879103,790.7498029691194,0.0,0.0,360.0,1250.2199828962432,3.472833285822898,360.0,0.0,0.0,720.0,1250.2199828962432,1.736416642911449,1080.0,1269.0260918181223,1.175024159090854,1080.0,1909.9170672596447,1.7684417289441154,1510.7498029691194,1610.2199828962432,1.0658415971536996,450.0,2725.7558947872417,6.057235321749426
42,refrigerator_electricity_efficient_residential,refrigeration,full_size,test_utility_1,test_utility_2,single_family,30000.0,10,refrigerator_electricity_efficient_residential_refrigerator_electricity_baseline_residential,residential,NLIRROB,ROB,refrigerator_electricity_baseline_residential,refrigerator_electricity_efficient_residential,,unknown,450.0,0.0,0.0,0.0,450.0,electricity,kWh,,,,,,,refrigeration,,,450.0,0.03424657534246575,1.0,0.0,450.0,0.0,0.0,0.0,0.0,0.0,215.61157712411108,1034.608405772132,0.0,0.0,0.0,0.0,0.0,0.0,0.0,0.0,0.0,0.5,0.5,0.5,225.0,225.0,225.0,675.0,135.0,135.0,135.0,9.02,303.56544070135453,0.6445227910304651,16.235524228376146,0.0,0.0,0.0,0.0,0.0,0.0,0.0,0.0,0.0,0.0,0.0,0.0,0.0,0.0,0.0,320.44548772076115,8.786108921879103,790.7498029691194,0.0,0.0,360.0,1250.2199828962432,3.472833285822898,360.0,0.0,0.0,720.0,1250.2199828962432,1.736416642911449,1080.0,1269.0260918181223,1.175024159090854,1080.0,1909.9170672596447,1.7684417289441154,1510.7498029691194,1610.2199828962432,1.0658415971536996,450.0,2725.7558947872417,6.057235321749426
43,refrigerator_electricity_efficient_residential,refrigeration,full_size,test_utility_1,test_utility_2,single_family,30000.0,10,refrigerator_electricity_efficient_residential_refrigerator_electricity_baseline_residential,residential,NLIRRENO,RENO,refrigerator_electricity_baseline_residential,refrigerator_electricity_efficient_residential,,unknown,450.0,0.0,0.0,0.0,450.0,electricity,kWh,,,,,,,refrigeration,,,450.0,0.03424657534246575,1.0,0.0,450.0,0.0,0.0,0.0,0.0,0.0,215.61157712411108,1034.608405772132,0.0,0.0,0.0,0.0,0.0,0.0,0.0,0.0,0.0,0.5,0.5,0.5,225.0,225.0,225.0,675.0,135.0,135.0,135.0,9.02,303.56544070135453,0.6445227910304651,16.235524228376146,0.0,0.0,0.0,0.0,0.0,0.0,0.0,0.0,0.0,0.0,0.0,0.0,0.0,0.0,0.0,320.44548772076115,8.786108921879103,790.7498029691194,0.0,0.0,360.0,1250.2199828962432,3.472833285822898,360.0,0.0,0.0,720.0,1250.2199828962432,1.736416642911449,1080.0,1269.0260918181223,1.175024159090854,1080.0,1909.9170672596447,1.7684417289441154,1510.7498029691194,1610.2199828962432,1.0658415971536996,450.0,2725.7558947872417,6.057235321749426
44,refrigerator_electricity_efficient_residential,refrigeration,full_size,test_utility_1,none,single_family,82500.0,10,refrigerator_electricity_efficient_residential_refrigerator_electricity_existing_residential,residential,NLIRRET_ER,RET_ER,refrigerator_electricity_existing_residential,refrigerator_electricity_efficient_residential,,unknown,1300.0,0.0,0.0,0.0,700.0,electricity,kWh,,,,,,,refrigeration,,,1300.0,0.03424657534246575,1.0,0.0,700.0,0.0,0.0,0.0,0.0,0.0,335.39578663750615,1609.3908534233162,0.0,0.0,0.0,0.0,0.0,0.0,0.0,0.0,0.0,0.5,0.5,0.5,650.0,650.0,650.0,1950.0,390.0,390.0,390.0,26.02,472.2129077576627,1.0025910082696121,25.255259910807336,0.0,0.0,0.0,0.0,0.0,0.0,0.0,0.0,0.0,0.0,0.0,0.0,0.0,0.0,0.0,498.4707586767397,0.25590608510327484,1230.0552490630746,0.0,0.0,1040.0,1944.7866400608223,1.8699871539046369,1040.0,0.0,0.0,2080.0,1944.7866400608223,0.9349935769523184,3120.0,1972.0625461459256,0.6320713288929248,3120.0,2969.0040634994048,0.9516038665062195,3310.0552490630744,2984.7866400608223,0.9017331782923198,1300.0,5126.097795209001,3.9431521501607696
45,refrigerator_electricity_efficient_residential,refrigeration,full_size,test_utility_1,none,single_family,82500.0,10,refrigerator_electricity_efficient_residential_refrigerator_electricity_baseline_residential,residential,NLIRNC,NC,refrigerator_electricity_baseline_residential,refrigerator_electricity_efficient_residential,,unknown,450.0,0.0,0.0,0.0,450.0,electricity,kWh,,,,,,,refrigeration,,,450.0,0.03424657534246575,1.0,0.0,450.0,0.0,0.0,0.0,0.0,0.0,215.61157712411108,1034.608405772132,0.0,0.0,0.0,0.0,0.0,0.0,0.0,0.0,0.0,0.5,0.5,0.5,225.0,225.0,225.0,675.0,135.0,135.0,135.0,9.02,303.56544070135453,0.6445227910304651,16.235524228376146,0.0,0.0,0.0,0.0,0.0,0.0,0.0,0.0,0.0,0.0,0.0,0.0,0.0,0.0,0.0,320.44548772076115,0.25590608510327484,790.7498029691194,0.0,0.0,360.0,1250.2199828962432,3.472833285822898,360.0,0.0,0.0,720.0,1250.2199828962432,1.736416642911449,1080.0,1260.4958889813465,1.1671258231308763,1080.0,1901.3868644228687,1.7605433929841376,1510.7498029691194,1610.2199828962432,1.0658415971536996,450.0,2717.2256919504657,6.03827931544548
46,refrigerator_electricity_efficient_residential,refrigeration,full_size,test_utility_1,none,single_family,82500.0,10,refrigerator_electricity_efficient_residential_refrigerator_electricity_baseline_residential,residential,NLIRROB,ROB,refrigerator_electricity_baseline_residential,refrigerator_electricity_efficient_residential,,unknown,450.0,0.0,0.0,0.0,450.0,electricity,kWh,,,,,,,refrigeration,,,450.0,0.03424657534246575,1.0,0.0,450.0,0.0,0.0,0.0,0.0,0.0,215.61157712411108,1034.608405772132,0.0,0.0,0.0,0.0,0.0,0.0,0.0,0.0,0.0,0.5,0.5,0.5,225.0,225.0,225.0,675.0,135.0,135.0,135.0,9.02,303.56544070135453,0.6445227910304651,16.235524228376146,0.0,0.0,0.0,0.0,0.0,0.0,0.0,0.0,0.0,0.0,0.0,0.0,0.0,0.0,0.0,320.44548772076115,0.25590608510327484,790.7498029691194,0.0,0.0,360.0,1250.2199828962432,3.472833285822898,360.0,0.0,0.0,720.0,1250.2199828962432,1.736416642911449,1080.0,1260.4958889813465,1.1671258231308763,1080.0,1901.3868644228687,1.7605433929841376,1510.7498029691194,1610.2199828962432,1.0658415971536996,450.0,2717.2256919504657,6.03827931544548
47,refrigerator_electricity_efficient_residential,refrigeration,full_size,test_utility_1,none,single_family,82500.0,10,refrigerator_electricity_efficient_residential_refrigerator_electricity_baseline_residential,residential,NLIRRENO,RENO,refrigerator_electricity_baseline_residential,refrigerator_electricity_efficient_residential,,unknown,450.0,0.0,0.0,0.0,450.0,electricity,kWh,,,,,,,refrigeration,,,450.0,0.03424657534246575,1.0,0.0,450.0,0.0,0.0,0.0,0.0,0.0,215.61157712411108,1034.608405772132,0.0,0.0,0.0,0.0,0.0,0.0,0.0,0.0,0.0,0.5,0.5,0.5,225.0,225.0,225.0,675.0,135.0,135.0,135.0,9.02,303.56544070135453,0.6445227910304651,16.235524228376146,0.0,0.0,0.0,0.0,0.0,0.0,0.0,0.0,0.0,0.0,0.0,0.0,0.0,0.0,0.0,320.44548772076115,0.25590608510327484,790.7498029691194,0.0,0.0,360.0,1250.2199828962432,3.472833285822898,360.0,0.0,0.0,720.0,1250.2199828962432,1.736416642911449,1080.0,1260.4958889813465,1.1671258231308763,1080.0,1901.3868644228687,1.7605433929841376,1510.7498029691194,1610.2199828962432,1.0658415971536996,450.0,2717.2256919504657,6.03827931544548
48,refrigerator_electricity_baseline_residential,refrigeration,full_size,test_utility_1,test_utility_1,single_family,12500.0,10,,,,,,,,,,,,,,,,,,,,,,,,,,,,,,,,,,,,,,,,,,,,,,,,,,,,,,,,,,,,,,,,,,,,,,,,,,,,,,,,,,,,,,,,,,,,,,,,,,,,
49,refrigerator_electricity_baseline_residential,refrigeration,full_size,test_utility_1,test_utility_2,single_family,25000.0,10,,,,,,,,,,,,,,,,,,,,,,,,,,,,,,,,,,,,,,,,,,,,,,,,,,,,,,,,,,,,,,,,,,,,,,,,,,,,,,,,,,,,,,,,,,,,,,,,,,,,
50,refrigerator_electricity_baseline_residential,refrigeration,full_size,test_utility_1,none,single_family,68750.0,10,,,,,,,,,,,,,,,,,,,,,,,,,,,,,,,,,,,,,,,,,,,,,,,,,,,,,,,,,,,,,,,,,,,,,,,,,,,,,,,,,,,,,,,,,,,,,,,,,,,,
51,refrigerator_electricity_top10_residential,refrigeration,full_size,test_utility_1,test_utility_1,single_family,12500.0,10,refrigerator_electricity_top10_residential_refrigerator_electricity_existing_residential,residential,NLIRRET_ER,RET_ER,refrigerator_electricity_existing_residential,refrigerator_electricity_top10_residential,,unknown,1600.0,0.0,0.0,0.0,950.0,electricity,kWh,,,,,,,refrigeration,,,1600.0,0.03424657534246575,1.0,0.0,950.0,0.0,0.0,0.0,0.0,0.0,455.17999615090116,2184.173301074501,0.0,0.0,0.0,0.0,0.0,0.0,0.0,0.0,0.0,0.5,0.5,0.5,800.0,800.0,800.0,2400.0,480.0,480.0,480.0,32.02,640.8603748139707,1.360659225508759,34.27499559323852,0.0,0.0,0.0,0.0,0.0,0.0,0.0,0.0,0.0,0.0,0.0,0.0,0.0,0.0,0.0,676.496029632718,0.25590608510327484,1669.3606951570298,0.0,0.0,1280.0,2639.3532972254025,2.0619947634573457,1280.0,0.0,0.0,2560.0,2639.3532972254025,1.0309973817286728,3840.0,2672.6292033105055,0.6959971883621108,3840.0,4025.6212625759417,1.0483388704624848,4229.36069515703,3919.3532972254025,0.9267011209787305,1600.0,6709.969898467536,4.19373118654221
52,refrigerator_electricity_top10_residential,refrigeration,full_size,test_utility_1,test_utility_1,single_family,12500.0,10,refrigerator_electricity_top10_residential_refrigerator_electricity_baseline_residential,residential,NLIRNC,NC,refrigerator_electricity_baseline_residential,refrigerator_electricity_top10_residential,,unknown,750.0,0.0,0.0,0.0,700.0,electricity,kWh,,,,,,,refrigeration,,,750.0,0.03424657534246575,1.0,0.0,700.0,0.0,0.0,0.0,0.0,0.0,335.39578663750615,1609.3908534233162,0.0,0.0,0.0,0.0,0.0,0.0,0.0,0.0,0.0,0.5,0.5,0.5,375.0,375.0,375.0,1125.0,225.0,225.0,225.0,15.02,472.2129077576627,1.0025910082696121,25.255259910807336,0.0,0.0,0.0,0.0,0.0,0.0,0.0,0.0,0.0,0.0,0.0,0.0,0.0,0.0,0.0,498.4707586767397,0.25590608510327484,1230.0552490630746,0.0,0.0,600.0,1944.7866400608223,3.241311066768037,600.0,0.0,0.0,1200.0,1944.7866400608223,1.6206555333840185,1800.0,1961.0625461459256,1.089479192303292,1800.0,2958.0040634994048,1.6433355908330027,2430.0552490630744,2544.7866400608223,1.0472134907393498,750.0,4301.097795209001,5.734797060278668
53,refrigerator_electricity_top10_residential,refrigeration,full_size,test_utility_1,test_utility_1,single_family,12500.0,10,refrigerator_electricity_top10_residential_refrigerator_electricity_baseline_residential,residential,NLIRROB,ROB,refrigerator_electricity_baseline_residential,refrigerator_electricity_top10_residential,,unknown,750.0,0.0,0.0,0.0,700.0,electricity,kWh,,,,,,,refrigeration,,,750.0,0.03424657534246575,1.0,0.0,700.0,0.0,0.0,0.0,0.0,0.0,335.39578663750615,1609.3908534233162,0.0,0.0,0.0,0.0,0.0,0.0,0.0,0.0,0.0,0.5,0.5,0.5,375.0,375.0,375.0,1125.0,225.0,225.0,225.0,15.02,472.2129077576627,1.0025910082696121,25.255259910807336,0.0,0.0,0.0,0.0,0.0,0.0,0.0,0.0,0.0,0.0,0.0,0.0,0.0,0.0,0.0,498.4707586767397,0.25590608510327484,1230.0552490630746,0.0,0.0,600.0,1944.7866400608223,3.241311066768037,600.0,0.0,0.0,1200.0,1944.7866400608223,1.6206555333840185,1800.0,1961.0625461459256,1.089479192303292,1800.0,2958.0040634994048,1.6433355908330027,2430.0552490630744,2544.7866400608223,1.0472134907393498,750.0,4301.097795209001,5.734797060278668
54,refrigerator_electricity_top10_residential,refrigeration,full_size,test_utility_1,test_utility_1,single_family,12500.0,10,refrigerator_electricity_top10_residential_refrigerator_electricity_baseline_residential,residential,NLIRRENO,RENO,refrigerator_electricity_baseline_residential,refrigerator_electricity_top10_residential,,unknown,750.0,0.0,0.0,0.0,700.0,electricity,kWh,,,,,,,refrigeration,,,750.0,0.03424657534246575,1.0,0.0,700.0,0.0,0.0,0.0,0.0,0.0,335.39578663750615,1609.3908534233162,0.0,0.0,0.0,0.0,0.0,0.0,0.0,0.0,0.0,0.5,0.5,0.5,375.0,375.0,375.0,1125.0,225.0,225.0,225.0,15.02,472.2129077576627,1.0025910082696121,25.255259910807336,0.0,0.0,0.0,0.0,0.0,0.0,0.0,0.0,0.0,0.0,0.0,0.0,0.0,0.0,0.0,498.4707586767397,0.25590608510327484,1230.0552490630746,0.0,0.0,600.0,1944.7866400608223,3.241311066768037,600.0,0.0,0.0,1200.0,1944.7866400608223,1.6206555333840185,1800.0,1961.0625461459256,1.089479192303292,1800.0,2958.0040634994048,1.6433355908330027,2430.0552490630744,2544.7866400608223,1.0472134907393498,750.0,4301.097795209001,5.734797060278668
55,refrigerator_electricity_top10_residential,refrigeration,full_size,test_utility_1,test_utility_2,single_family,25000.0,10,refrigerator_electricity_top10_residential_refrigerator_electricity_existing_residential,residential,NLIRRET_ER,RET_ER,refrigerator_electricity_existing_residential,refrigerator_electricity_top10_residential,,unknown,1600.0,0.0,0.0,0.0,950.0,electricity,kWh,,,,,,,refrigeration,,,1600.0,0.03424657534246575,1.0,0.0,950.0,0.0,0.0,0.0,0.0,0.0,455.17999615090116,2184.173301074501,0.0,0.0,0.0,0.0,0.0,0.0,0.0,0.0,0.0,0.5,0.5,0.5,800.0,800.0,800.0,2400.0,480.0,480.0,480.0,32.02,640.8603748139707,1.360659225508759,34.27499559323852,0.0,0.0,0.0,0.0,0.0,0.0,0.0,0.0,0.0,0.0,0.0,0.0,0.0,0.0,0.0,676.496029632718,8.786108921879103,1669.3606951570298,0.0,0.0,1280.0,2639.3532972254025,2.0619947634573457,1280.0,0.0,0.0,2560.0,2639.3532972254025,1.0309973817286728,3840.0,2681.1594061472815,0.6982185953508545,3840.0,4034.1514654127177,1.0505602774512286,4229.36069515703,3919.3532972254025,0.9267011209787305,1600.0,6718.500101304312,4.199062563315195
56,refrigerator_electricity_top10_residential,refrigeration,full_size,test_utility_1,test_utility_2,single_family,25000.0,10,refrigerator_electricity_top10_residential_refrigerator_electricity_baseline_residential,residential,NLIRNC,NC,refrigerator_electricity_baseline_residential,refrigerator_electricity_top10_residential,,unknown,750.0,0.0,0.0,0.0,700.0,electricity,kWh,,,,,,,refrigeration,,,750.0,0.03424657534246575,1.0,0.0,700.0,0.0,0.0,0.0,0.0,0.0,335.39578663750615,1609.3908534233162,0.0,0.0,0.0,0.0,0.0,0.0,0.0,0.0,0.0,0.5,0.5,0.5,375.0,375.0,375.0,1125.0,225.0,225.0,225.0,15.02,472.2129077576627,1.0025910082696121,25.255259910807336,0.0,0.0,0.0,0.0,0.0,0.0,0.0,0.0,0.0,0.0,0.0,0.0,0.0,0.0,0.0,498.4707586767397,8.786108921879103,1230.0552490630746,0.0,0.0,600.0,1944.7866400608223,3.241311066768037,600.0,0.0,0.0,1200.0,1944.7866400608223,1.6206555333840185,1800.0,1969.5927489827013,1.0942181938792785,1800.0,2966.5342663361807,1.6480745924089892,2430.0552490630744,2544.7866400608223,1.0472134907393498,750.0,4309.627998045777,5.746170664061036
57,refrigerator_electricity_top10_residential,refrigeration,full_size,test_utility_1,test_utility_2,single_family,25000.0,10,refrigerator_electricity_top10_residential_refrigerator_electricity_baseline_residential,residential,NLIRROB,ROB,refrigerator_electricity_baseline_residential,refrigerator_electricity_top10_residential,,unknown,750.0,0.0,0.0,0.0,700.0,electricity,kWh,,,,,,,refrigeration,,,750.0,0.03424657534246575,1.0,0.0,700.0,0.0,0.0,0.0,0.0,0.0,335.39578663750615,1609.3908534233162,0.0,0.0,0.0,0.0,0.0,0.0,0.0,0.0,0.0,0.5,0.5,0.5,375.0,375.0,375.0,1125.0,225.0,225.0,225.0,15.02,472.2129077576627,1.0025910082696121,25.255259910807336,0.0,0.0,0.0,0.0,0.0,0.0,0.0,0.0,0.0,0.0,0.0,0.0,0.0,0.0,0.0,498.4707586767397,8.786108921879103,1230.0552490630746,0.0,0.0,600.0,1944.7866400608223,3.241311066768037,600.0,0.0,0.0,1200.0,1944.7866400608223,1.6206555333840185,1800.0,1969.5927489827013,1.0942181938792785,1800.0,2966.5342663361807,1.6480745924089892,2430.0552490630744,2544.7866400608223,1.0472134907393498,750.0,4309.627998045777,5.746170664061036
58,refrigerator_electricity_top10_residential,refrigeration,full_size,test_utility_1,test_utility_2,single_family,25000.0,10,refrigerator_electricity_top10_residential_refrigerator_electricity_baseline_residential,residential,NLIRRENO,RENO,refrigerator_electricity_baseline_residential,refrigerator_electricity_top10_residential,,unknown,750.0,0.0,0.0,0.0,700.0,electricity,kWh,,,,,,,refrigeration,,,750.0,0.03424657534246575,1.0,0.0,700.0,0.0,0.0,0.0,0.0,0.0,335.39578663750615,1609.3908534233162,0.0,0.0,0.0,0.0,0.0,0.0,0.0,0.0,0.0,0.5,0.5,0.5,375.0,375.0,375.0,1125.0,225.0,225.0,225.0,15.02,472.2129077576627,1.0025910082696121,25.255259910807336,0.0,0.0,0.0,0.0,0.0,0.0,0.0,0.0,0.0,0.0,0.0,0.0,0.0,0.0,0.0,498.4707586767397,8.786108921879103,1230.0552490630746,0.0,0.0,600.0,1944.7866400608223,3.241311066768037,600.0,0.0,0.0,1200.0,1944.7866400608223,1.6206555333840185,1800.0,1969.5927489827013,1.0942181938792785,1800.0,2966.5342663361807,1.6480745924089892,2430.0552490630744,2544.7866400608223,1.0472134907393498,750.0,4309.627998045777,5.746170664061036
59,refrigerator_electricity_top10_residential,refrigeration,full_size,test_utility_1,none,single_family,68750.0,10,refrigerator_electricity_top10_residential_refrigerator_electricity_existing_residential,residential,NLIRRET_ER,RET_ER,refrigerator_electricity_existing_residential,refrigerator_electricity_top10_residential,,unknown,1600.0,0.0,0.0,0.0,950.0,electricity,kWh,,,,,,,refrigeration,,,1600.0,0.03424657534246575,1.0,0.0,950.0,0.0,0.0,0.0,0.0,0.0,455.17999615090116,2184.173301074501,0.0,0.0,0.0,0.0,0.0,0.0,0.0,0.0,0.0,0.5,0.5,0.5,800.0,800.0,800.0,2400.0,480.0,480.0,480.0,32.02,640.8603748139707,1.360659225508759,34.27499559323852,0.0,0.0,0.0,0.0,0.0,0.0,0.0,0.0,0.0,0.0,0.0,0.0,0.0,0.0,0.0,676.496029632718,0.25590608510327484,1669.3606951570298,0.0,0.0,1280.0,2639.3532972254025,2.0619947634573457,1280.0,0.0,0.0,2560.0,2639.3532972254025,1.0309973817286728,3840.0,2672.6292033105055,0.6959971883621108,3840.0,4025.6212625759417,1.0483388704624848,4229.36069515703,3919.3532972254025,0.9267011209787305,1600.0,6709.969898467536,4.19373118654221
60,refrigerator_electricity_top10_residential,refrigeration,full_size,test_utility_1,none,single_family,68750.0,10,refrigerator_electricity_top10_residential_refrigerator_electricity_baseline_residential,residential,NLIRNC,NC,refrigerator_electricity_baseline_residential,refrigerator_electricity_top10_residential,,unknown,750.0,0.0,0.0,0.0,700.0,electricity,kWh,,,,,,,refrigeration,,,750.0,0.03424657534246575,1.0,0.0,700.0,0.0,0.0,0.0,0.0,0.0,335.39578663750615,1609.3908534233162,0.0,0.0,0.0,0.0,0.0,0.0,0.0,0.0,0.0,0.5,0.5,0.5,375.0,375.0,375.0,1125.0,225.0,225.0,225.0,15.02,472.2129077576627,1.0025910082696121,25.255259910807336,0.0,0.0,0.0,0.0,0.0,0.0,0.0,0.0,0.0,0.0,0.0,0.0,0.0,0.0,0.0,498.4707586767397,0.25590608510327484,1230.0552490630746,0.0,0.0,600.0,1944.7866400608223,3.241311066768037,600.0,0.0,0.0,1200.0,1944.7866400608223,1.6206555333840185,1800.0,1961.0625461459256,1.089479192303292,1800.0,2958.0040634994048,1.6433355908330027,2430.0552490630744,2544.7866400608223,1.0472134907393498,750.0,4301.097795209001,5.734797060278668
61,refrigerator_electricity_top10_residential,refrigeration,full_size,test_utility_1,none,single_family,68750.0,10,refrigerator_electricity_top10_residential_refrigerator_electricity_baseline_residential,residential,NLIRROB,ROB,refrigerator_electricity_baseline_residential,refrigerator_electricity_top10_residential,,unknown,750.0,0.0,0.0,0.0,700.0,electricity,kWh,,,,,,,refrigeration,,,750.0,0.03424657534246575,1.0,0.0,700.0,0.0,0.0,0.0,0.0,0.0,335.39578663750615,1609.3908534233162,0.0,0.0,0.0,0.0,0.0,0.0,0.0,0.0,0.0,0.5,0.5,0.5,375.0,375.0,375.0,1125.0,225.0,225.0,225.0,15.02,472.2129077576627,1.0025910082696121,25.255259910807336,0.0,0.0,0.0,0.0,0.0,0.0,0.0,0.0,0.0,0.0,0.0,0.0,0.0,0.0,0.0,498.4707586767397,0.25590608510327484,1230.0552490630746,0.0,0.0,600.0,1944.7866400608223,3.241311066768037,600.0,0.0,0.0,1200.0,1944.7866400608223,1.6206555333840185,1800.0,1961.0625461459256,1.089479192303292,1800.0,2958.0040634994048,1.6433355908330027,2430.0552490630744,2544.7866400608223,1.0472134907393498,750.0,4301.097795209001,5.734797060278668
62,refrigerator_electricity_top10_residential,refrigeration,full_size,test_utility_1,none,single_family,68750.0,10,refrigerator_electricity_top10_residential_refrigerator_electricity_baseline_residential,residential,NLIRRENO,RENO,refrigerator_electricity_baseline_residential,refrigerator_electricity_top10_residential,,unknown,750.0,0.0,0.0,0.0,700.0,electricity,kWh,,,,,,,refrigeration,,,750.0,0.03424657534246575,1.0,0.0,700.0,0.0,0.0,0.0,0.0,0.0,335.39578663750615,1609.3908534233162,0.0,0.0,0.0,0.0,0.0,0.0,0.0,0.0,0.0,0.5,0.5,0.5,375.0,375.0,375.0,1125.0,225.0,225.0,225.0,15.02,472.2129077576627,1.0025910082696121,25.255259910807336,0.0,0.0,0.0,0.0,0.0,0.0,0.0,0.0,0.0,0.0,0.0,0.0,0.0,0.0,0.0,498.4707586767397,0.25590608510327484,1230.0552490630746,0.0,0.0,600.0,1944.7866400608223,3.241311066768037,600.0,0.0,0.0,1200.0,1944.7866400608223,1.6206555333840185,1800.0,1961.0625461459256,1.089479192303292,1800.0,2958.0040634994048,1.6433355908330027,2430.0552490630744,2544.7866400608223,1.0472134907393498,750.0,4301.097795209001,5.734797060278668
63,refrigerator_electricity_existing_residential,refrigeration,full_size,test_utility_1,test_utility_1,single_family,10000.0,10,,,,,,,,,,,,,,,,,,,,,,,,,,,,,,,,,,,,,,,,,,,,,,,,,,,,,,,,,,,,,,,,,,,,,,,,,,,,,,,,,,,,,,,,,,,,,,,,,,,,
64,refrigerator_electricity_existing_residential,refrigeration,full_size,test_utility_1,test_utility_2,single_family,20000.0,10,,,,,,,,,,,,,,,,,,,,,,,,,,,,,,,,,,,,,,,,,,,,,,,,,,,,,,,,,,,,,,,,,,,,,,,,,,,,,,,,,,,,,,,,,,,,,,,,,,,,
65,refrigerator_electricity_existing_residential,refrigeration,full_size,test_utility_1,none,single_family,55000.0,10,,,,,,,,,,,,,,,,,,,,,,,,,,,,,,,,,,,,,,,,,,,,,,,,,,,,,,,,,,,,,,,,,,,,,,,,,,,,,,,,,,,,,,,,,,,,,,,,,,,,
66,furnace_oil_efficient_residential,heating_cooling,oil_furnace,test_utility_1,test_utility_1,multifamily,2500.0,10,,,,,,,,,,,,,,,,,,,,,,,,,,,,,,,,,,,,,,,,,,,,,,,,,,,,,,,,,,,,,,,,,,,,,,,,,,,,,,,,,,,,,,,,,,,,,,,,,,,,
67,furnace_oil_efficient_residential,heating_cooling,oil_furnace,test_utility_1,test_utility_2,multifamily,5000.0,10,,,,,,,,,,,,,,,,,,,,,,,,,,,,,,,,,,,,,,,,,,,,,,,,,,,,,,,,,,,,,,,,,,,,,,,,,,,,,,,,,,,,,,,,,,,,,,,,,,,,
68,furnace_oil_efficient_residential,heating_cooling,oil_furnace,test_utility_1,none,multifamily,4700.0,10,,,,,,,,,,,,,,,,,,,,,,,,,,,,,,,,,,,,,,,,,,,,,,,,,,,,,,,,,,,,,,,,,,,,,,,,,,,,,,,,,,,,,,,,,,,,,,,,,,,,
69,furnace_oil_baseline_residential,heating_cooling,oil_furnace,test_utility_1,test_utility_1,multifamily,1250.0,10,,,,,,,,,,,,,,,,,,,,,,,,,,,,,,,,,,,,,,,,,,,,,,,,,,,,,,,,,,,,,,,,,,,,,,,,,,,,,,,,,,,,,,,,,,,,,,,,,,,,
70,furnace_oil_baseline_residential,heating_cooling,oil_furnace,test_utility_1,test_utility_2,multifamily,2500.0,10,,,,,,,,,,,,,,,,,,,,,,,,,,,,,,,,,,,,,,,,,,,,,,,,,,,,,,,,,,,,,,,,,,,,,,,,,,,,,,,,,,,,,,,,,,,,,,,,,,,,
71,furnace_oil_baseline_residential,heating_cooling,oil_furnace,test_utility_1,none,multifamily,2350.0,10,,,,,,,,,,,,,,,,,,,,,,,,,,,,,,,,,,,,,,,,,,,,,,,,,,,,,,,,,,,,,,,,,,,,,,,,,,,,,,,,,,,,,,,,,,,,,,,,,,,,
72,furnace_oil_existing_residential,heating_cooling,oil_furnace,test_utility_1,test_utility_1,multifamily,1250.0,10,,,,,,,,,,,,,,,,,,,,,,,,,,,,,,,,,,,,,,,,,,,,,,,,,,,,,,,,,,,,,,,,,,,,,,,,,,,,,,,,,,,,,,,,,,,,,,,,,,,,
73,furnace_oil_existing_residential,heating_cooling,oil_furnace,test_utility_1,test_utility_2,multifamily,2500.0,10,,,,,,,,,,,,,,,,,,,,,,,,,,,,,,,,,,,,,,,,,,,,,,,,,,,,,,,,,,,,,,,,,,,,,,,,,,,,,,,,,,,,,,,,,,,,,,,,,,,,
74,furnace_oil_existing_residential,heating_cooling,oil_furnace,test_utility_1,none,multifamily,2350.0,10,,,,,,,,,,,,,,,,,,,,,,,,,,,,,,,,,,,,,,,,,,,,,,,,,,,,,,,,,,,,,,,,,,,,,,,,,,,,,,,,,,,,,,,,,,,,,,,,,,,,
75,furnace_natural_gas_efficient_residential,heating_cooling,gas_furnace,test_utility_1,test_utility_1,multifamily,2500.0,10,,,,,,,,,,,,,,,,,,,,,,,,,,,,,,,,,,,,,,,,,,,,,,,,,,,,,,,,,,,,,,,,,,,,,,,,,,,,,,,,,,,,,,,,,,,,,,,,,,,,
76,furnace_natural_gas_efficient_residential,heating_cooling,gas_furnace,test_utility_1,test_utility_2,multifamily,5000.0,10,,,,,,,,,,,,,,,,,,,,,,,,,,,,,,,,,,,,,,,,,,,,,,,,,,,,,,,,,,,,,,,,,,,,,,,,,,,,,,,,,,,,,,,,,,,,,,,,,,,,
77,furnace_natural_gas_efficient_residential,heating_cooling,gas_furnace,test_utility_1,none,multifamily,4700.0,10,,,,,,,,,,,,,,,,,,,,,,,,,,,,,,,,,,,,,,,,,,,,,,,,,,,,,,,,,,,,,,,,,,,,,,,,,,,,,,,,,,,,,,,,,,,,,,,,,,,,
78,furnace_natural_gas_baseline_residential,heating_cooling,gas_furnace,test_utility_1,test_utility_1,multifamily,1250.0,10,,,,,,,,,,,,,,,,,,,,,,,,,,,,,,,,,,,,,,,,,,,,,,,,,,,,,,,,,,,,,,,,,,,,,,,,,,,,,,,,,,,,,,,,,,,,,,,,,,,,
79,furnace_natural_gas_baseline_residential,heating_cooling,gas_furnace,test_utility_1,test_utility_2,multifamily,2500.0,10,,,,,,,,,,,,,,,,,,,,,,,,,,,,,,,,,,,,,,,,,,,,,,,,,,,,,,,,,,,,,,,,,,,,,,,,,,,,,,,,,,,,,,,,,,,,,,,,,,,,
80,furnace_natural_gas_baseline_residential,heating_cooling,gas_furnace,test_utility_1,none,multifamily,2350.0,10,,,,,,,,,,,,,,,,,,,,,,,,,,,,,,,,,,,,,,,,,,,,,,,,,,,,,,,,,,,,,,,,,,,,,,,,,,,,,,,,,,,,,,,,,,,,,,,,,,,,
81,furnace_natural_gas_existing_residential,heating_cooling,gas_furnace,test_utility_1,test_utility_1,multifamily,1250.0,10,,,,,,,,,,,,,,,,,,,,,,,,,,,,,,,,,,,,,,,,,,,,,,,,,,,,,,,,,,,,,,,,,,,,,,,,,,,,,,,,,,,,,,,,,,,,,,,,,,,,
82,furnace_natural_gas_existing_residential,heating_cooling,gas_furnace,test_utility_1,test_utility_2,multifamily,2500.0,10,,,,,,,,,,,,,,,,,,,,,,,,,,,,,,,,,,,,,,,,,,,,,,,,,,,,,,,,,,,,,,,,,,,,,,,,,,,,,,,,,,,,,,,,,,,,,,,,,,,,
83,furnace_natural_gas_existing_residential,heating_cooling,gas_furnace,test_utility_1,none,multifamily,2350.0,10,,,,,,,,,,,,,,,,,,,,,,,,,,,,,,,,,,,,,,,,,,,,,,,,,,,,,,,,,,,,,,,,,,,,,,,,,,,,,,,,,,,,,,,,,,,,,,,,,,,,
84,refrigerator_electricity_efficient_residential,refrigeration,full_size,test_utility_1,test_utility_1,multifamily,9000.0,10,,,,,,,,,,,,,,,,,,,,,,,,,,,,,,,,,,,,,,,,,,,,,,,,,,,,,,,,,,,,,,,,,,,,,,,,,,,,,,,,,,,,,,,,,,,,,,,,,,,,
85,refrigerator_electricity_efficient_residential,refrigeration,full_size,test_utility_1,test_utility_2,multifamily,18000.0,10,,,,,,,,,,,,,,,,,,,,,,,,,,,,,,,,,,,,,,,,,,,,,,,,,,,,,,,,,,,,,,,,,,,,,,,,,,,,,,,,,,,,,,,,,,,,,,,,,,,,
86,refrigerator_electricity_efficient_residential,refrigeration,full_size,test_utility_1,none,multifamily,16920.0,10,,,,,,,,,,,,,,,,,,,,,,,,,,,,,,,,,,,,,,,,,,,,,,,,,,,,,,,,,,,,,,,,,,,,,,,,,,,,,,,,,,,,,,,,,,,,,,,,,,,,
87,refrigerator_electricity_baseline_residential,refrigeration,full_size,test_utility_1,test_utility_1,multifamily,7500.0,10,,,,,,,,,,,,,,,,,,,,,,,,,,,,,,,,,,,,,,,,,,,,,,,,,,,,,,,,,,,,,,,,,,,,,,,,,,,,,,,,,,,,,,,,,,,,,,,,,,,,
88,refrigerator_electricity_baseline_residential,refrigeration,full_size,test_utility_1,test_utility_2,multifamily,15000.0,10,,,,,,,,,,,,,,,,,,,,,,,,,,,,,,,,,,,,,,,,,,,,,,,,,,,,,,,,,,,,,,,,,,,,,,,,,,,,,,,,,,,,,,,,,,,,,,,,,,,,
89,refrigerator_electricity_baseline_residential,refrigeration,full_size,test_utility_1,none,multifamily,14100.0,10,,,,,,,,,,,,,,,,,,,,,,,,,,,,,,,,,,,,,,,,,,,,,,,,,,,,,,,,,,,,,,,,,,,,,,,,,,,,,,,,,,,,,,,,,,,,,,,,,,,,
90,refrigerator_electricity_top10_residential,refrigeration,full_size,test_utility_1,test_utility_1,multifamily,7500.0,10,,,,,,,,,,,,,,,,,,,,,,,,,,,,,,,,,,,,,,,,,,,,,,,,,,,,,,,,,,,,,,,,,,,,,,,,,,,,,,,,,,,,,,,,,,,,,,,,,,,,
91,refrigerator_electricity_top10_residential,refrigeration,full_size,test_utility_1,test_utility_2,multifamily,15000.0,10,,,,,,,,,,,,,,,,,,,,,,,,,,,,,,,,,,,,,,,,,,,,,,,,,,,,,,,,,,,,,,,,,,,,,,,,,,,,,,,,,,,,,,,,,,,,,,,,,,,,
92,refrigerator_electricity_top10_residential,refrigeration,full_size,test_utility_1,none,multifamily,14100.0,10,,,,,,,,,,,,,,,,,,,,,,,,,,,,,,,,,,,,,,,,,,,,,,,,,,,,,,,,,,,,,,,,,,,,,,,,,,,,,,,,,,,,,,,,,,,,,,,,,,,,
93,refrigerator_electricity_existing_residential,refrigeration,full_size,test_utility_1,test_utility_1,multifamily,6000.0,10,,,,,,,,,,,,,,,,,,,,,,,,,,,,,,,,,,,,,,,,,,,,,,,,,,,,,,,,,,,,,,,,,,,,,,,,,,,,,,,,,,,,,,,,,,,,,,,,,,,,
94,refrigerator_electricity_existing_residential,refrigeration,full_size,test_utility_1,test_utility_2,multifamily,12000.0,10,,,,,,,,,,,,,,,,,,,,,,,,,,,,,,,,,,,,,,,,,,,,,,,,,,,,,,,,,,,,,,,,,,,,,,,,,,,,,,,,,,,,,,,,,,,,,,,,,,,,
95,refrigerator_electricity_existing_residential,refrigeration,full_size,test_utility_1,none,multifamily,11280.0,10,,,,,,,,,,,,,,,,,,,,,,,,,,,,,,,,,,,,,,,,,,,,,,,,,,,,,,,,,,,,,,,,,,,,,,,,,,,,,,,,,,,,,,,,,,,,,,,,,,,,
96,furnace_oil_efficient_residential,heating_cooling,oil_furnace,test_utility_1,test_utility_1,single_family_li,500.0,10,furnace_oil_existing_residential_to_furnace_oil_efficient_residential,residential,LIRNC,Ret_ER,furnace_oil_existing_residential,furnace_oil_efficient_residential,,,700.0,0.0,715.0,0.0,80.0,natural_gas,therms,30.0,electricity,kWh,,,,,,,700.0,0.03424657534246575,1.0,0.0,30.0,80.0,0.0,0.0,0.0,0.0,14.374105141607405,68.97389371814214,3495.310037392648,0.0,0.0,0.0,0.0,0.0,0.0,0.0,0.0,0.5,0.5,0.5,350.0,350.0,350.0,1050.0,210.0,210.0,210.0,14.02,20.23769604675697,0.04296818606869767,1.082368281891743,0.0,0.0,0.0,0.0,0.0,0.0,0.0,0.0,0.0,0.0,0.0,0.0,0.0,0.0,0.0,21.36303251471741,0.25590608510327484,52.71665353127462,7914.526916828697,0.0,560.0,83.34799885974954,0.14883571224955275,560.0,3495.310037392648,6.241625066772586,1120.0,3578.658036252398,3.1952303895110696,1680.0,3593.933942337501,2.1392463942485125,1680.0,3636.6600073669356,2.164678575813652,1172.7166535312745,4138.658036252398,3.5291202046036494,700.0,4682.630595868775,6.689472279812536
97,furnace_oil_efficient_residential,heating_cooling,oil_furnace,test_utility_1,test_utility_1,single_family_li,500.0,10,furnace_oil_baseline_residential_to_furnace_oil_efficient_residential,residential,LIRNC,NC,furnace_oil_baseline_residential,furnace_oil_efficient_residential,,,700.0,0.0,715.0,0.0,80.0,natural_gas,therms,30.0,electricity,kWh,,,,,,,700.0,0.03424657534246575,1.0,0.0,30.0,80.0,0.0,0.0,0.0,0.0,14.374105141607405,68.97389371814214,3495.310037392648,0.0,0.0,0.0,0.0,0.0,0.0,0.0,0.0,0.5,0.5,0.5,350.0,350.0,350.0,1050.0,210.0,210.0,210.0,14.02,20.23769604675697,0.04296818606869767,1.082368281891743,0.0,0.0,0.0,0.0,0.0,0.0,0.0,0.0,0.0,0.0,0.0,0.0,0.0,0.0,0.0,21.36303251471741,0.25590608510327484,52.71665353127462,7914.526916828697,0.0,560.0,83.34799885974954,0.14883571224955275,560.0,3495.310037392648,6.241625066772586,1120.0,3578.658036252398,3.1952303895110696,1680.0,3593.933942337501,2.1392463942485125,1680.0,3636.6600073669356,2.164678575813652,1172.7166535312745,4138.658036252398,3.5291202046036494,700.0,4682.630595868775,6.689472279812536
98,furnace_oil_efficient_residential,heating_cooling,oil_furnace,test_utility_1,test_utility_1,single_family_li,500.0,10,furnace_oil_baseline_residential_to_furnace_oil_efficient_residential,residential,LIRROB,ROB,furnace_oil_baseline_residential,furnace_oil_efficient_residential,,,700.0,0.0,715.0,0.0,80.0,natural_gas,therms,30.0,electricity,kWh,,,,,,,700.0,0.03424657534246575,1.0,0.0,30.0,80.0,0.0,0.0,0.0,0.0,14.374105141607405,68.97389371814214,3495.310037392648,0.0,0.0,0.0,0.0,0.0,0.0,0.0,0.0,0.5,0.5,0.5,350.0,350.0,350.0,1050.0,210.0,210.0,210.0,14.02,20.23769604675697,0.04296818606869767,1.082368281891743,0.0,0.0,0.0,0.0,0.0,0.0,0.0,0.0,0.0,0.0,0.0,0.0,0.0,0.0,0.0,21.36303251471741,0.25590608510327484,52.71665353127462,7914.526916828697,0.0,560.0,83.34799885974954,0.14883571224955275,560.0,3495.310037392648,6.241625066772586,1120.0,3578.658036252398,3.1952303895110696,1680.0,3593.933942337501,2.1392463942485125,1680.0,3636.6600073669356,2.164678575813652,1172.7166535312745,4138.658036252398,3.5291202046036494,700.0,4682.630595868775,6.689472279812536
99,furnace_oil_efficient_residential,heating_cooling,oil_furnace,test_utility_1,test_utility_1,single_family_li,500.0,10,furnace_oil_baseline_residential_to_furnace_oil_efficient_residential,residential,LIRRENO,RENO,furnace_oil_baseline_residential,furnace_oil_efficient_residential,,,700.0,0.0,715.0,0.0,80.0,natural_gas,therms,30.0,electricity,kWh,,,,,,,700.0,0.03424657534246575,1.0,0.0,30.0,80.0,0.0,0.0,0.0,0.0,14.374105141607405,68.97389371814214,3495.310037392648,0.0,0.0,0.0,0.0,0.0,0.0,0.0,0.0,0.5,0.5,0.5,350.0,350.0,350.0,1050.0,210.0,210.0,210.0,14.02,20.23769604675697,0.04296818606869767,1.082368281891743,0.0,0.0,0.0,0.0,0.0,0.0,0.0,0.0,0.0,0.0,0.0,0.0,0.0,0.0,0.0,21.36303251471741,0.25590608510327484,52.71665353127462,7914.526916828697,0.0,560.0,83.34799885974954,0.14883571224955275,560.0,3495.310037392648,6.241625066772586,1120.0,3578.658036252398,3.1952303895110696,1680.0,3593.933942337501,2.1392463942485125,1680.0,3636.6600073669356,2.164678575813652,1172.7166535312745,4138.658036252398,3.5291202046036494,700.0,4682.630595868775,6.689472279812536
100,furnace_oil_efficient_residential,heating_cooling,oil_furnace,test_utility_1,test_utility_2,single_family_li,2000.0,10,furnace_oil_existing_residential_to_furnace_oil_efficient_residential,residential,LIRNC,Ret_ER,furnace_oil_existing_residential,furnace_oil_efficient_residential,,,700.0,0.0,715.0,0.0,80.0,natural_gas,therms,30.0,electricity,kWh,,,,,,,700.0,0.03424657534246575,1.0,0.0,30.0,80.0,0.0,0.0,0.0,0.0,14.374105141607405,68.97389371814214,3495.310037392648,0.0,0.0,0.0,0.0,0.0,0.0,0.0,0.0,0.5,0.5,0.5,350.0,350.0,350.0,1050.0,210.0,210.0,210.0,14.02,20.23769604675697,0.04296818606869767,1.082368281891743,0.0,0.0,0.0,0.0,0.0,0.0,0.0,0.0,0.0,0.0,0.0,0.0,0.0,0.0,0.0,21.36303251471741,8.786108921879103,52.71665353127462,7914.526916828697,0.0,560.0,83.34799885974954,0.14883571224955275,560.0,3495.310037392648,6.241625066772586,1120.0,3578.658036252398,3.1952303895110696,1680.0,3602.464145174277,2.1443238959370694,1680.0,3645.1902102037116,2.169756077502209,1172.7166535312745,4138.658036252398,3.5291202046036494,700.0,4691.160798705551,6.701658283865073
101,furnace_oil_efficient_residential,heating_cooling,oil_furnace,test_utility_1,test_utility_2,single_family_li,2000.0,10,furnace_oil_baseline_residential_to_furnace_oil_efficient_residential,residential,LIRNC,NC,furnace_oil_baseline_residential,furnace_oil_efficient_residential,,,700.0,0.0,715.0,0.0,80.0,natural_gas,therms,30.0,electricity,kWh,,,,,,,700.0,0.03424657534246575,1.0,0.0,30.0,80.0,0.0,0.0,0.0,0.0,14.374105141607405,68.97389371814214,3495.310037392648,0.0,0.0,0.0,0.0,0.0,0.0,0.0,0.0,0.5,0.5,0.5,350.0,350.0,350.0,1050.0,210.0,210.0,210.0,14.02,20.23769604675697,0.04296818606869767,1.082368281891743,0.0,0.0,0.0,0.0,0.0,0.0,0.0,0.0,0.0,0.0,0.0,0.0,0.0,0.0,0.0,21.36303251471741,8.786108921879103,52.71665353127462,7914.526916828697,0.0,560.0,83.34799885974954,0.14883571224955275,560.0,3495.310037392648,6.241625066772586,1120.0,3578.658036252398,3.1952303895110696,1680.0,3602.464145174277,2.1443238959370694,1680.0,3645.1902102037116,2.169756077502209,1172.7166535312745,4138.658036252398,3.5291202046036494,700.0,4691.160798705551,6.701658283865073
102,furnace_oil_efficient_residential,heating_cooling,oil_furnace,test_utility_1,test_utility_2,single_family_li,2000.0,10,furnace_oil_baseline_residential_to_furnace_oil_efficient_residential,residential,LIRROB,ROB,furnace_oil_baseline_residential,furnace_oil_efficient_residential,,,700.0,0.0,715.0,0.0,80.0,natural_gas,therms,30.0,electricity,kWh,,,,,,,700.0,0.03424657534246575,1.0,0.0,30.0,80.0,0.0,0.0,0.0,0.0,14.374105141607405,68.97389371814214,3495.310037392648,0.0,0.0,0.0,0.0,0.0,0.0,0.0,0.0,0.5,0.5,0.5,350.0,350.0,350.0,1050.0,210.0,210.0,210.0,14.02,20.23769604675697,0.04296818606869767,1.082368281891743,0.0,0.0,0.0,0.0,0.0,0.0,0.0,0.0,0.0,0.0,0.0,0.0,0.0,0.0,0.0,21.36303251471741,8.786108921879103,52.71665353127462,7914.526916828697,0.0,560.0,83.34799885974954,0.14883571224955275,560.0,3495.310037392648,6.241625066772586,1120.0,3578.658036252398,3.1952303895110696,1680.0,3602.464145174277,2.1443238959370694,1680.0,3645.1902102037116,2.169756077502209,1172.7166535312745,4138.658036252398,3.5291202046036494,700.0,4691.160798705551,6.701658283865073
103,furnace_oil_efficient_residential,heating_cooling,oil_furnace,test_utility_1,test_utility_2,single_family_li,2000.0,10,furnace_oil_baseline_residential_to_furnace_oil_efficient_residential,residential,LIRRENO,RENO,furnace_oil_baseline_residential,furnace_oil_efficient_residential,,,700.0,0.0,715.0,0.0,80.0,natural_gas,therms,30.0,electricity,kWh,,,,,,,700.0,0.03424657534246575,1.0,0.0,30.0,80.0,0.0,0.0,0.0,0.0,14.374105141607405,68.97389371814214,3495.310037392648,0.0,0.0,0.0,0.0,0.0,0.0,0.0,0.0,0.5,0.5,0.5,350.0,350.0,350.0,1050.0,210.0,210.0,210.0,14.02,20.23769604675697,0.04296818606869767,1.082368281891743,0.0,0.0,0.0,0.0,0.0,0.0,0.0,0.0,0.0,0.0,0.0,0.0,0.0,0.0,0.0,21.36303251471741,8.786108921879103,52.71665353127462,7914.526916828697,0.0,560.0,83.34799885974954,0.14883571224955275,560.0,3495.310037392648,6.241625066772586,1120.0,3578.658036252398,3.1952303895110696,1680.0,3602.464145174277,2.1443238959370694,1680.0,3645.1902102037116,2.169756077502209,1172.7166535312745,4138.658036252398,3.5291202046036494,700.0,4691.160798705551,6.701658283865073
104,furnace_oil_efficient_residential,heating_cooling,oil_furnace,test_utility_1,none,single_family_li,1900.0,10,furnace_oil_existing_residential_to_furnace_oil_efficient_residential,residential,LIRNC,Ret_ER,furnace_oil_existing_residential,furnace_oil_efficient_residential,,,700.0,0.0,715.0,0.0,80.0,natural_gas,therms,30.0,electricity,kWh,,,,,,,700.0,0.03424657534246575,1.0,0.0,30.0,80.0,0.0,0.0,0.0,0.0,14.374105141607405,68.97389371814214,3495.310037392648,0.0,0.0,0.0,0.0,0.0,0.0,0.0,0.0,0.5,0.5,0.5,350.0,350.0,350.0,1050.0,210.0,210.0,210.0,14.02,20.23769604675697,0.04296818606869767,1.082368281891743,0.0,0.0,0.0,0.0,0.0,0.0,0.0,0.0,0.0,0.0,0.0,0.0,0.0,0.0,0.0,21.36303251471741,0.25590608510327484,52.71665353127462,7914.526916828697,0.0,560.0,83.34799885974954,0.14883571224955275,560.0,3495.310037392648,6.241625066772586,1120.0,3578.658036252398,3.1952303895110696,1680.0,3593.933942337501,2.1392463942485125,1680.0,3636.6600073669356,2.164678575813652,1172.7166535312745,4138.658036252398,3.5291202046036494,700.0,4682.630595868775,6.689472279812536
105,furnace_oil_efficient_residential,heating_cooling,oil_furnace,test_utility_1,none,single_family_li,1900.0,10,furnace_oil_baseline_residential_to_furnace_oil_efficient_residential,residential,LIRNC,NC,furnace_oil_baseline_residential,furnace_oil_efficient_residential,,,700.0,0.0,715.0,0.0,80.0,natural_gas,therms,30.0,electricity,kWh,,,,,,,700.0,0.03424657534246575,1.0,0.0,30.0,80.0,0.0,0.0,0.0,0.0,14.374105141607405,68.97389371814214,3495.310037392648,0.0,0.0,0.0,0.0,0.0,0.0,0.0,0.0,0.5,0.5,0.5,350.0,350.0,350.0,1050.0,210.0,210.0,210.0,14.02,20.23769604675697,0.04296818606869767,1.082368281891743,0.0,0.0,0.0,0.0,0.0,0.0,0.0,0.0,0.0,0.0,0.0,0.0,0.0,0.0,0.0,21.36303251471741,0.25590608510327484,52.71665353127462,7914.526916828697,0.0,560.0,83.34799885974954,0.14883571224955275,560.0,3495.310037392648,6.241625066772586,1120.0,3578.658036252398,3.1952303895110696,1680.0,3593.933942337501,2.1392463942485125,1680.0,3636.6600073669356,2.164678575813652,1172.7166535312745,4138.658036252398,3.5291202046036494,700.0,4682.630595868775,6.689472279812536
106,furnace_oil_efficient_residential,heating_cooling,oil_furnace,test_utility_1,none,single_family_li,1900.0,10,furnace_oil_baseline_residential_to_furnace_oil_efficient_residential,residential,LIRROB,ROB,furnace_oil_baseline_residential,furnace_oil_efficient_residential,,,700.0,0.0,715.0,0.0,80.0,natural_gas,therms,30.0,electricity,kWh,,,,,,,700.0,0.03424657534246575,1.0,0.0,30.0,80.0,0.0,0.0,0.0,0.0,14.374105141607405,68.97389371814214,3495.310037392648,0.0,0.0,0.0,0.0,0.0,0.0,0.0,0.0,0.5,0.5,0.5,350.0,350.0,350.0,1050.0,210.0,210.0,210.0,14.02,20.23769604675697,0.04296818606869767,1.082368281891743,0.0,0.0,0.0,0.0,0.0,0.0,0.0,0.0,0.0,0.0,0.0,0.0,0.0,0.0,0.0,21.36303251471741,0.25590608510327484,52.71665353127462,7914.526916828697,0.0,560.0,83.34799885974954,0.14883571224955275,560.0,3495.310037392648,6.241625066772586,1120.0,3578.658036252398,3.1952303895110696,1680.0,3593.933942337501,2.1392463942485125,1680.0,3636.6600073669356,2.164678575813652,1172.7166535312745,4138.658036252398,3.5291202046036494,700.0,4682.630595868775,6.689472279812536
107,furnace_oil_efficient_residential,heating_cooling,oil_furnace,test_utility_1,none,single_family_li,1900.0,10,furnace_oil_baseline_residential_to_furnace_oil_efficient_residential,residential,LIRRENO,RENO,furnace_oil_baseline_residential,furnace_oil_efficient_residential,,,700.0,0.0,715.0,0.0,80.0,natural_gas,therms,30.0,electricity,kWh,,,,,,,700.0,0.03424657534246575,1.0,0.0,30.0,80.0,0.0,0.0,0.0,0.0,14.374105141607405,68.97389371814214,3495.310037392648,0.0,0.0,0.0,0.0,0.0,0.0,0.0,0.0,0.5,0.5,0.5,350.0,350.0,350.0,1050.0,210.0,210.0,210.0,14.02,20.23769604675697,0.04296818606869767,1.082368281891743,0.0,0.0,0.0,0.0,0.0,0.0,0.0,0.0,0.0,0.0,0.0,0.0,0.0,0.0,0.0,21.36303251471741,0.25590608510327484,52.71665353127462,7914.526916828697,0.0,560.0,83.34799885974954,0.14883571224955275,560.0,3495.310037392648,6.241625066772586,1120.0,3578.658036252398,3.1952303895110696,1680.0,3593.933942337501,2.1392463942485125,1680.0,3636.6600073669356,2.164678575813652,1172.7166535312745,4138.658036252398,3.5291202046036494,700.0,4682.630595868775,6.689472279812536
108,furnace_oil_baseline_residential,heating_cooling,oil_furnace,test_utility_1,test_utility_1,single_family_li,250.0,10,,,,,,,,,,,,,,,,,,,,,,,,,,,,,,,,,,,,,,,,,,,,,,,,,,,,,,,,,,,,,,,,,,,,,,,,,,,,,,,,,,,,,,,,,,,,,,,,,,,,
109,furnace_oil_baseline_residential,heating_cooling,oil_furnace,test_utility_1,test_utility_2,single_family_li,1000.0,10,,,,,,,,,,,,,,,,,,,,,,,,,,,,,,,,,,,,,,,,,,,,,,,,,,,,,,,,,,,,,,,,,,,,,,,,,,,,,,,,,,,,,,,,,,,,,,,,,,,,
110,furnace_oil_baseline_residential,heating_cooling,oil_furnace,test_utility_1,none,single_family_li,950.0,10,,,,,,,,,,,,,,,,,,,,,,,,,,,,,,,,,,,,,,,,,,,,,,,,,,,,,,,,,,,,,,,,,,,,,,,,,,,,,,,,,,,,,,,,,,,,,,,,,,,,
111,furnace_oil_existing_residential,heating_cooling,oil_furnace,test_utility_1,test_utility_1,single_family_li,250.0,10,,,,,,,,,,,,,,,,,,,,,,,,,,,,,,,,,,,,,,,,,,,,,,,,,,,,,,,,,,,,,,,,,,,,,,,,,,,,,,,,,,,,,,,,,,,,,,,,,,,,
112,furnace_oil_existing_residential,heating_cooling,oil_furnace,test_utility_1,test_utility_2,single_family_li,1000.0,10,,,,,,,,,,,,,,,,,,,,,,,,,,,,,,,,,,,,,,,,,,,,,,,,,,,,,,,,,,,,,,,,,,,,,,,,,,,,,,,,,,,,,,,,,,,,,,,,,,,,
113,furnace_oil_existing_residential,heating_cooling,oil_furnace,test_utility_1,none,single_family_li,950.0,10,,,,,,,,,,,,,,,,,,,,,,,,,,,,,,,,,,,,,,,,,,,,,,,,,,,,,,,,,,,,,,,,,,,,,,,,,,,,,,,,,,,,,,,,,,,,,,,,,,,,
114,furnace_natural_gas_efficient_residential,heating_cooling,gas_furnace,test_utility_1,test_utility_1,single_family_li,500.0,10,furnace_natural_gas_existing_residential_to_furnace_natural_gas_efficient_residential,residential,LIRNC,Ret_ER,furnace_natural_gas_existing_residential,furnace_natural_gas_efficient_residential,,,700.0,0.0,715.0,0.0,80.0,natural_gas,therms,30.0,electricity,kWh,,,,,,,700.0,0.03424657534246575,1.0,0.0,30.0,80.0,0.0,0.0,0.0,0.0,14.374105141607405,68.97389371814214,3495.310037392648,0.0,0.0,0.0,0.0,0.0,0.0,0.0,0.0,0.5,0.5,0.5,350.0,350.0,350.0,1050.0,210.0,210.0,210.0,14.02,20.23769604675697,0.04296818606869767,1.082368281891743,0.0,0.0,0.0,0.0,0.0,0.0,0.0,0.0,0.0,0.0,0.0,0.0,0.0,0.0,0.0,21.36303251471741,0.25590608510327484,52.71665353127462,7914.526916828697,0.0,560.0,83.34799885974954,0.14883571224955275,560.0,3495.310037392648,6.241625066772586,1120.0,3578.658036252398,3.1952303895110696,1680.0,3593.933942337501,2.1392463942485125,1680.0,3636.6600073669356,2.164678575813652,1172.7166535312745,4138.658036252398,3.5291202046036494,700.0,4682.630595868775,6.689472279812536
115,furnace_natural_gas_efficient_residential,heating_cooling,gas_furnace,test_utility_1,test_utility_1,single_family_li,500.0,10,furnace_natural_gas_baseline_residential_to_furnace_natural_gas_efficient_residential,residential,LIRNC,NC,furnace_natural_gas_baseline_residential,furnace_natural_gas_efficient_residential,,,700.0,0.0,715.0,0.0,80.0,natural_gas,therms,30.0,electricity,kWh,,,,,,,700.0,0.03424657534246575,1.0,0.0,30.0,80.0,0.0,0.0,0.0,0.0,14.374105141607405,68.97389371814214,3495.310037392648,0.0,0.0,0.0,0.0,0.0,0.0,0.0,0.0,0.5,0.5,0.5,350.0,350.0,350.0,1050.0,210.0,210.0,210.0,14.02,20.23769604675697,0.04296818606869767,1.082368281891743,0.0,0.0,0.0,0.0,0.0,0.0,0.0,0.0,0.0,0.0,0.0,0.0,0.0,0.0,0.0,21.36303251471741,0.25590608510327484,52.71665353127462,7914.526916828697,0.0,560.0,83.34799885974954,0.14883571224955275,560.0,3495.310037392648,6.241625066772586,1120.0,3578.658036252398,3.1952303895110696,1680.0,3593.933942337501,2.1392463942485125,1680.0,3636.6600073669356,2.164678575813652,1172.7166535312745,4138.658036252398,3.5291202046036494,700.0,4682.630595868775,6.689472279812536
116,furnace_natural_gas_efficient_residential,heating_cooling,gas_furnace,test_utility_1,test_utility_1,single_family_li,500.0,10,furnace_natural_gas_baseline_residential_to_furnace_natural_gas_efficient_residential,residential,LIRROB,ROB,furnace_natural_gas_baseline_residential,furnace_natural_gas_efficient_residential,,,700.0,0.0,715.0,0.0,80.0,natural_gas,therms,30.0,electricity,kWh,,,,,,,700.0,0.03424657534246575,1.0,0.0,30.0,80.0,0.0,0.0,0.0,0.0,14.374105141607405,68.97389371814214,3495.310037392648,0.0,0.0,0.0,0.0,0.0,0.0,0.0,0.0,0.5,0.5,0.5,350.0,350.0,350.0,1050.0,210.0,210.0,210.0,14.02,20.23769604675697,0.04296818606869767,1.082368281891743,0.0,0.0,0.0,0.0,0.0,0.0,0.0,0.0,0.0,0.0,0.0,0.0,0.0,0.0,0.0,21.36303251471741,0.25590608510327484,52.71665353127462,7914.526916828697,0.0,560.0,83.34799885974954,0.14883571224955275,560.0,3495.310037392648,6.241625066772586,1120.0,3578.658036252398,3.1952303895110696,1680.0,3593.933942337501,2.1392463942485125,1680.0,3636.6600073669356,2.164678575813652,1172.7166535312745,4138.658036252398,3.5291202046036494,700.0,4682.630595868775,6.689472279812536
117,furnace_natural_gas_efficient_residential,heating_cooling,gas_furnace,test_utility_1,test_utility_1,single_family_li,500.0,10,furnace_natural_gas_baseline_residential_to_furnace_natural_gas_efficient_residential,residential,LIRRENO,RENO,furnace_natural_gas_baseline_residential,furnace_natural_gas_efficient_residential,,,700.0,0.0,715.0,0.0,80.0,natural_gas,therms,30.0,electricity,kWh,,,,,,,700.0,0.03424657534246575,1.0,0.0,30.0,80.0,0.0,0.0,0.0,0.0,14.374105141607405,68.97389371814214,3495.310037392648,0.0,0.0,0.0,0.0,0.0,0.0,0.0,0.0,0.5,0.5,0.5,350.0,350.0,350.0,1050.0,210.0,210.0,210.0,14.02,20.23769604675697,0.04296818606869767,1.082368281891743,0.0,0.0,0.0,0.0,0.0,0.0,0.0,0.0,0.0,0.0,0.0,0.0,0.0,0.0,0.0,21.36303251471741,0.25590608510327484,52.71665353127462,7914.526916828697,0.0,560.0,83.34799885974954,0.14883571224955275,560.0,3495.310037392648,6.241625066772586,1120.0,3578.658036252398,3.1952303895110696,1680.0,3593.933942337501,2.1392463942485125,1680.0,3636.6600073669356,2.164678575813652,1172.7166535312745,4138.658036252398,3.5291202046036494,700.0,4682.630595868775,6.689472279812536
118,furnace_natural_gas_efficient_residential,heating_cooling,gas_furnace,test_utility_1,test_utility_2,single_family_li,2000.0,10,furnace_natural_gas_existing_residential_to_furnace_natural_gas_efficient_residential,residential,LIRNC,Ret_ER,furnace_natural_gas_existing_residential,furnace_natural_gas_efficient_residential,,,700.0,0.0,715.0,0.0,80.0,natural_gas,therms,30.0,electricity,kWh,,,,,,,700.0,0.03424657534246575,1.0,0.0,30.0,80.0,0.0,0.0,0.0,0.0,14.374105141607405,68.97389371814214,3495.310037392648,0.0,0.0,0.0,0.0,0.0,0.0,0.0,0.0,0.5,0.5,0.5,350.0,350.0,350.0,1050.0,210.0,210.0,210.0,14.02,20.23769604675697,0.04296818606869767,1.082368281891743,0.0,0.0,0.0,0.0,0.0,0.0,0.0,0.0,0.0,0.0,0.0,0.0,0.0,0.0,0.0,21.36303251471741,8.786108921879103,52.71665353127462,7914.526916828697,0.0,560.0,83.34799885974954,0.14883571224955275,560.0,3495.310037392648,6.241625066772586,1120.0,3578.658036252398,3.1952303895110696,1680.0,3602.464145174277,2.1443238959370694,1680.0,3645.1902102037116,2.169756077502209,1172.7166535312745,4138.658036252398,3.5291202046036494,700.0,4691.160798705551,6.701658283865073
119,furnace_natural_gas_efficient_residential,heating_cooling,gas_furnace,test_utility_1,test_utility_2,single_family_li,2000.0,10,furnace_natural_gas_baseline_residential_to_furnace_natural_gas_efficient_residential,residential,LIRNC,NC,furnace_natural_gas_baseline_residential,furnace_natural_gas_efficient_residential,,,700.0,0.0,715.0,0.0,80.0,natural_gas,therms,30.0,electricity,kWh,,,,,,,700.0,0.03424657534246575,1.0,0.0,30.0,80.0,0.0,0.0,0.0,0.0,14.374105141607405,68.97389371814214,3495.310037392648,0.0,0.0,0.0,0.0,0.0,0.0,0.0,0.0,0.5,0.5,0.5,350.0,350.0,350.0,1050.0,210.0,210.0,210.0,14.02,20.23769604675697,0.04296818606869767,1.082368281891743,0.0,0.0,0.0,0.0,0.0,0.0,0.0,0.0,0.0,0.0,0.0,0.0,0.0,0.0,0.0,21.36303251471741,8.786108921879103,52.71665353127462,7914.526916828697,0.0,560.0,83.34799885974954,0.14883571224955275,560.0,3495.310037392648,6.241625066772586,1120.0,3578.658036252398,3.1952303895110696,1680.0,3602.464145174277,2.1443238959370694,1680.0,3645.1902102037116,2.169756077502209,1172.7166535312745,4138.658036252398,3.5291202046036494,700.0,4691.160798705551,6.701658283865073
120,furnace_natural_gas_efficient_residential,heating_cooling,gas_furnace,test_utility_1,test_utility_2,single_family_li,2000.0,10,furnace_natural_gas_baseline_residential_to_furnace_natural_gas_efficient_residential,residential,LIRROB,ROB,furnace_natural_gas_baseline_residential,furnace_natural_gas_efficient_residential,,,700.0,0.0,715.0,0.0,80.0,natural_gas,therms,30.0,electricity,kWh,,,,,,,700.0,0.03424657534246575,1.0,0.0,30.0,80.0,0.0,0.0,0.0,0.0,14.374105141607405,68.97389371814214,3495.310037392648,0.0,0.0,0.0,0.0,0.0,0.0,0.0,0.0,0.5,0.5,0.5,350.0,350.0,350.0,1050.0,210.0,210.0,210.0,14.02,20.23769604675697,0.04296818606869767,1.082368281891743,0.0,0.0,0.0,0.0,0.0,0.0,0.0,0.0,0.0,0.0,0.0,0.0,0.0,0.0,0.0,21.36303251471741,8.786108921879103,52.71665353127462,7914.526916828697,0.0,560.0,83.34799885974954,0.14883571224955275,560.0,3495.310037392648,6.241625066772586,1120.0,3578.658036252398,3.1952303895110696,1680.0,3602.464145174277,2.1443238959370694,1680.0,3645.1902102037116,2.169756077502209,1172.7166535312745,4138.658036252398,3.5291202046036494,700.0,4691.160798705551,6.701658283865073
121,furnace_natural_gas_efficient_residential,heating_cooling,gas_furnace,test_utility_1,test_utility_2,single_family_li,2000.0,10,furnace_natural_gas_baseline_residential_to_furnace_natural_gas_efficient_residential,residential,LIRRENO,RENO,furnace_natural_gas_baseline_residential,furnace_natural_gas_efficient_residential,,,700.0,0.0,715.0,0.0,80.0,natural_gas,therms,30.0,electricity,kWh,,,,,,,700.0,0.03424657534246575,1.0,0.0,30.0,80.0,0.0,0.0,0.0,0.0,14.374105141607405,68.97389371814214,3495.310037392648,0.0,0.0,0.0,0.0,0.0,0.0,0.0,0.0,0.5,0.5,0.5,350.0,350.0,350.0,1050.0,210.0,210.0,210.0,14.02,20.23769604675697,0.04296818606869767,1.082368281891743,0.0,0.0,0.0,0.0,0.0,0.0,0.0,0.0,0.0,0.0,0.0,0.0,0.0,0.0,0.0,21.36303251471741,8.786108921879103,52.71665353127462,7914.526916828697,0.0,560.0,83.34799885974954,0.14883571224955275,560.0,3495.310037392648,6.241625066772586,1120.0,3578.658036252398,3.1952303895110696,1680.0,3602.464145174277,2.1443238959370694,1680.0,3645.1902102037116,2.169756077502209,1172.7166535312745,4138.658036252398,3.5291202046036494,700.0,4691.160798705551,6.701658283865073
122,furnace_natural_gas_efficient_residential,heating_cooling,gas_furnace,test_utility_1,none,single_family_li,1900.0,10,furnace_natural_gas_existing_residential_to_furnace_natural_gas_efficient_residential,residential,LIRNC,Ret_ER,furnace_natural_gas_existing_residential,furnace_natural_gas_efficient_residential,,,700.0,0.0,715.0,0.0,80.0,natural_gas,therms,30.0,electricity,kWh,,,,,,,700.0,0.03424657534246575,1.0,0.0,30.0,80.0,0.0,0.0,0.0,0.0,14.374105141607405,68.97389371814214,3495.310037392648,0.0,0.0,0.0,0.0,0.0,0.0,0.0,0.0,0.5,0.5,0.5,350.0,350.0,350.0,1050.0,210.0,210.0,210.0,14.02,20.23769604675697,0.04296818606869767,1.082368281891743,0.0,0.0,0.0,0.0,0.0,0.0,0.0,0.0,0.0,0.0,0.0,0.0,0.0,0.0,0.0,21.36303251471741,0.25590608510327484,52.71665353127462,7914.526916828697,0.0,560.0,83.34799885974954,0.14883571224955275,560.0,3495.310037392648,6.241625066772586,1120.0,3578.658036252398,3.1952303895110696,1680.0,3593.933942337501,2.1392463942485125,1680.0,3636.6600073669356,2.164678575813652,1172.7166535312745,4138.658036252398,3.5291202046036494,700.0,4682.630595868775,6.689472279812536
123,furnace_natural_gas_efficient_residential,heating_cooling,gas_furnace,test_utility_1,none,single_family_li,1900.0,10,furnace_natural_gas_baseline_residential_to_furnace_natural_gas_efficient_residential,residential,LIRNC,NC,furnace_natural_gas_baseline_residential,furnace_natural_gas_efficient_residential,,,700.0,0.0,715.0,0.0,80.0,natural_gas,therms,30.0,electricity,kWh,,,,,,,700.0,0.03424657534246575,1.0,0.0,30.0,80.0,0.0,0.0,0.0,0.0,14.374105141607405,68.97389371814214,3495.310037392648,0.0,0.0,0.0,0.0,0.0,0.0,0.0,0.0,0.5,0.5,0.5,350.0,350.0,350.0,1050.0,210.0,210.0,210.0,14.02,20.23769604675697,0.04296818606869767,1.082368281891743,0.0,0.0,0.0,0.0,0.0,0.0,0.0,0.0,0.0,0.0,0.0,0.0,0.0,0.0,0.0,21.36303251471741,0.25590608510327484,52.71665353127462,7914.526916828697,0.0,560.0,83.34799885974954,0.14883571224955275,560.0,3495.310037392648,6.241625066772586,1120.0,3578.658036252398,3.1952303895110696,1680.0,3593.933942337501,2.1392463942485125,1680.0,3636.6600073669356,2.164678575813652,1172.7166535312745,4138.658036252398,3.5291202046036494,700.0,4682.630595868775,6.689472279812536
124,furnace_natural_gas_efficient_residential,heating_cooling,gas_furnace,test_utility_1,none,single_family_li,1900.0,10,furnace_natural_gas_baseline_residential_to_furnace_natural_gas_efficient_residential,residential,LIRROB,ROB,furnace_natural_gas_baseline_residential,furnace_natural_gas_efficient_residential,,,700.0,0.0,715.0,0.0,80.0,natural_gas,therms,30.0,electricity,kWh,,,,,,,700.0,0.03424657534246575,1.0,0.0,30.0,80.0,0.0,0.0,0.0,0.0,14.374105141607405,68.97389371814214,3495.310037392648,0.0,0.0,0.0,0.0,0.0,0.0,0.0,0.0,0.5,0.5,0.5,350.0,350.0,350.0,1050.0,210.0,210.0,210.0,14.02,20.23769604675697,0.04296818606869767,1.082368281891743,0.0,0.0,0.0,0.0,0.0,0.0,0.0,0.0,0.0,0.0,0.0,0.0,0.0,0.0,0.0,21.36303251471741,0.25590608510327484,52.71665353127462,7914.526916828697,0.0,560.0,83.34799885974954,0.14883571224955275,560.0,3495.310037392648,6.241625066772586,1120.0,3578.658036252398,3.1952303895110696,1680.0,3593.933942337501,2.1392463942485125,1680.0,3636.6600073669356,2.164678575813652,1172.7166535312745,4138.658036252398,3.5291202046036494,700.0,4682.630595868775,6.689472279812536
125,furnace_natural_gas_efficient_residential,heating_cooling,gas_furnace,test_utility_1,none,single_family_li,1900.0,10,furnace_natural_gas_baseline_residential_to_furnace_natural_gas_efficient_residential,residential,LIRRENO,RENO,furnace_natural_gas_baseline_residential,furnace_natural_gas_efficient_residential,,,700.0,0.0,715.0,0.0,80.0,natural_gas,therms,30.0,electricity,kWh,,,,,,,700.0,0.03424657534246575,1.0,0.0,30.0,80.0,0.0,0.0,0.0,0.0,14.374105141607405,68.97389371814214,3495.310037392648,0.0,0.0,0.0,0.0,0.0,0.0,0.0,0.0,0.5,0.5,0.5,350.0,350.0,350.0,1050.0,210.0,210.0,210.0,14.02,20.23769604675697,0.04296818606869767,1.082368281891743,0.0,0.0,0.0,0.0,0.0,0.0,0.0,0.0,0.0,0.0,0.0,0.0,0.0,0.0,0.0,21.36303251471741,0.25590608510327484,52.71665353127462,7914.526916828697,0.0,560.0,83.34799885974954,0.14883571224955275,560.0,3495.310037392648,6.241625066772586,1120.0,3578.658036252398,3.1952303895110696,1680.0,3593.933942337501,2.1392463942485125,1680.0,3636.6600073669356,2.164678575813652,1172.7166535312745,4138.658036252398,3.5291202046036494,700.0,4682.630595868775,6.689472279812536
126,furnace_natural_gas_baseline_residential,heating_cooling,gas_furnace,test_utility_1,test_utility_1,single_family_li,250.0,10,,,,,,,,,,,,,,,,,,,,,,,,,,,,,,,,,,,,,,,,,,,,,,,,,,,,,,,,,,,,,,,,,,,,,,,,,,,,,,,,,,,,,,,,,,,,,,,,,,,,
127,furnace_natural_gas_baseline_residential,heating_cooling,gas_furnace,test_utility_1,test_utility_2,single_family_li,1000.0,10,,,,,,,,,,,,,,,,,,,,,,,,,,,,,,,,,,,,,,,,,,,,,,,,,,,,,,,,,,,,,,,,,,,,,,,,,,,,,,,,,,,,,,,,,,,,,,,,,,,,
128,furnace_natural_gas_baseline_residential,heating_cooling,gas_furnace,test_utility_1,none,single_family_li,950.0,10,,,,,,,,,,,,,,,,,,,,,,,,,,,,,,,,,,,,,,,,,,,,,,,,,,,,,,,,,,,,,,,,,,,,,,,,,,,,,,,,,,,,,,,,,,,,,,,,,,,,
129,furnace_natural_gas_existing_residential,heating_cooling,gas_furnace,test_utility_1,test_utility_1,single_family_li,250.0,10,,,,,,,,,,,,,,,,,,,,,,,,,,,,,,,,,,,,,,,,,,,,,,,,,,,,,,,,,,,,,,,,,,,,,,,,,,,,,,,,,,,,,,,,,,,,,,,,,,,,
130,furnace_natural_gas_existing_residential,heating_cooling,gas_furnace,test_utility_1,test_utility_2,single_family_li,1000.0,10,,,,,,,,,,,,,,,,,,,,,,,,,,,,,,,,,,,,,,,,,,,,,,,,,,,,,,,,,,,,,,,,,,,,,,,,,,,,,,,,,,,,,,,,,,,,,,,,,,,,
131,furnace_natural_gas_existing_residential,heating_cooling,gas_furnace,test_utility_1,none,single_family_li,950.0,10,,,,,,,,,,,,,,,,,,,,,,,,,,,,,,,,,,,,,,,,,,,,,,,,,,,,,,,,,,,,,,,,,,,,,,,,,,,,,,,,,,,,,,,,,,,,,,,,,,,,
132,refrigerator_electricity_efficient_residential,refrigeration,full_size,test_utility_1,test_utility_1,single_family_li,1500.0,10,refrigerator_electricity_efficient_residential_refrigerator_electricity_existing_residential,residential,LIRRET_ER,RET_ER,refrigerator_electricity_existing_residential,refrigerator_electricity_efficient_residential,,unknown,1300.0,0.0,0.0,0.0,700.0,electricity,kWh,,,,,,,refrigeration,,,1300.0,0.03424657534246575,1.0,0.0,700.0,0.0,0.0,0.0,0.0,0.0,335.39578663750615,1609.3908534233162,0.0,0.0,0.0,0.0,0.0,0.0,0.0,0.0,0.0,0.5,0.5,0.5,650.0,650.0,650.0,1950.0,390.0,390.0,390.0,26.02,472.2129077576627,1.0025910082696121,25.255259910807336,0.0,0.0,0.0,0.0,0.0,0.0,0.0,0.0,0.0,0.0,0.0,0.0,0.0,0.0,0.0,498.4707586767397,0.25590608510327484,1230.0552490630746,0.0,0.0,1040.0,1944.7866400608223,1.8699871539046369,1040.0,0.0,0.0,2080.0,1944.7866400608223,0.9349935769523184,3120.0,1972.0625461459256,0.6320713288929248,3120.0,2969.0040634994048,0.9516038665062195,3310.0552490630744,2984.7866400608223,0.9017331782923198,1300.0,5126.097795209001,3.9431521501607696
133,refrigerator_electricity_efficient_residential,refrigeration,full_size,test_utility_1,test_utility_1,single_family_li,1500.0,10,refrigerator_electricity_efficient_residential_refrigerator_electricity_baseline_residential,residential,LIRNC,NC,refrigerator_electricity_baseline_residential,refrigerator_electricity_efficient_residential,,unknown,450.0,0.0,0.0,0.0,450.0,electricity,kWh,,,,,,,refrigeration,,,450.0,0.03424657534246575,1.0,0.0,450.0,0.0,0.0,0.0,0.0,0.0,215.61157712411108,1034.608405772132,0.0,0.0,0.0,0.0,0.0,0.0,0.0,0.0,0.0,0.5,0.5,0.5,225.0,225.0,225.0,675.0,135.0,135.0,135.0,9.02,303.56544070135453,0.6445227910304651,16.235524228376146,0.0,0.0,0.0,0.0,0.0,0.0,0.0,0.0,0.0,0.0,0.0,0.0,0.0,0.0,0.0,320.44548772076115,0.25590608510327484,790.7498029691194,0.0,0.0,360.0,1250.2199828962432,3.472833285822898,360.0,0.0,0.0,720.0,1250.2199828962432,1.736416642911449,1080.0,1260.4958889813465,1.1671258231308763,1080.0,1901.3868644228687,1.7605433929841376,1510.7498029691194,1610.2199828962432,1.0658415971536996,450.0,2717.2256919504657,6.03827931544548
134,refrigerator_electricity_efficient_residential,refrigeration,full_size,test_utility_1,test_utility_1,single_family_li,1500.0,10,refrigerator_electricity_efficient_residential_refrigerator_electricity_baseline_residential,residential,LIRROB,ROB,refrigerator_electricity_baseline_residential,refrigerator_electricity_efficient_residential,,unknown,450.0,0.0,0.0,0.0,450.0,electricity,kWh,,,,,,,refrigeration,,,450.0,0.03424657534246575,1.0,0.0,450.0,0.0,0.0,0.0,0.0,0.0,215.61157712411108,1034.608405772132,0.0,0.0,0.0,0.0,0.0,0.0,0.0,0.0,0.0,0.5,0.5,0.5,225.0,225.0,225.0,675.0,135.0,135.0,135.0,9.02,303.56544070135453,0.6445227910304651,16.235524228376146,0.0,0.0,0.0,0.0,0.0,0.0,0.0,0.0,0.0,0.0,0.0,0.0,0.0,0.0,0.0,320.44548772076115,0.25590608510327484,790.7498029691194,0.0,0.0,360.0,1250.2199828962432,3.472833285822898,360.0,0.0,0.0,720.0,1250.2199828962432,1.736416642911449,1080.0,1260.4958889813465,1.1671258231308763,1080.0,1901.3868644228687,1.7605433929841376,1510.7498029691194,1610.2199828962432,1.0658415971536996,450.0,2717.2256919504657,6.03827931544548
135,refrigerator_electricity_efficient_residential,refrigeration,full_size,test_utility_1,test_utility_1,single_family_li,1500.0,10,refrigerator_electricity_efficient_residential_refrigerator_electricity_baseline_residential,residential,LIRRENO,RENO,refrigerator_electricity_baseline_residential,refrigerator_electricity_efficient_residential,,unknown,450.0,0.0,0.0,0.0,450.0,electricity,kWh,,,,,,,refrigeration,,,450.0,0.03424657534246575,1.0,0.0,450.0,0.0,0.0,0.0,0.0,0.0,215.61157712411108,1034.608405772132,0.0,0.0,0.0,0.0,0.0,0.0,0.0,0.0,0.0,0.5,0.5,0.5,225.0,225.0,225.0,675.0,135.0,135.0,135.0,9.02,303.56544070135453,0.6445227910304651,16.235524228376146,0.0,0.0,0.0,0.0,0.0,0.0,0.0,0.0,0.0,0.0,0.0,0.0,0.0,0.0,0.0,320.44548772076115,0.25590608510327484,790.7498029691194,0.0,0.0,360.0,1250.2199828962432,3.472833285822898,360.0,0.0,0.0,720.0,1250.2199828962432,1.736416642911449,1080.0,1260.4958889813465,1.1671258231308763,1080.0,1901.3868644228687,1.7605433929841376,1510.7498029691194,1610.2199828962432,1.0658415971536996,450.0,2717.2256919504657,6.03827931544548
136,refrigerator_electricity_efficient_residential,refrigeration,full_size,test_utility_1,test_utility_2,single_family_li,6000.0,10,refrigerator_electricity_efficient_residential_refrigerator_electricity_existing_residential,residential,LIRRET_ER,RET_ER,refrigerator_electricity_existing_residential,refrigerator_electricity_efficient_residential,,unknown,1300.0,0.0,0.0,0.0,700.0,electricity,kWh,,,,,,,refrigeration,,,1300.0,0.03424657534246575,1.0,0.0,700.0,0.0,0.0,0.0,0.0,0.0,335.39578663750615,1609.3908534233162,0.0,0.0,0.0,0.0,0.0,0.0,0.0,0.0,0.0,0.5,0.5,0.5,650.0,650.0,650.0,1950.0,390.0,390.0,390.0,26.02,472.2129077576627,1.0025910082696121,25.255259910807336,0.0,0.0,0.0,0.0,0.0,0.0,0.0,0.0,0.0,0.0,0.0,0.0,0.0,0.0,0.0,498.4707586767397,8.786108921879103,1230.0552490630746,0.0,0.0,1040.0,1944.7866400608223,1.8699871539046369,1040.0,0.0,0.0,2080.0,1944.7866400608223,0.9349935769523184,3120.0,1980.5927489827013,0.6348053682636863,3120.0,2977.5342663361807,0.954337905876981,3310.0552490630744,2984.7866400608223,0.9017331782923198,1300.0,5134.627998045777,3.9497138446505975
137,refrigerator_electricity_efficient_residential,refrigeration,full_size,test_utility_1,test_utility_2,single_family_li,6000.0,10,refrigerator_electricity_efficient_residential_refrigerator_electricity_baseline_residential,residential,LIRNC,NC,refrigerator_electricity_baseline_residential,refrigerator_electricity_efficient_residential,,unknown,450.0,0.0,0.0,0.0,450.0,electricity,kWh,,,,,,,refrigeration,,,450.0,0.03424657534246575,1.0,0.0,450.0,0.0,0.0,0.0,0.0,0.0,215.61157712411108,1034.608405772132,0.0,0.0,0.0,0.0,0.0,0.0,0.0,0.0,0.0,0.5,0.5,0.5,225.0,225.0,225.0,675.0,135.0,135.0,135.0,9.02,303.56544070135453,0.6445227910304651,16.235524228376146,0.0,0.0,0.0,0.0,0.0,0.0,0.0,0.0,0.0,0.0,0.0,0.0,0.0,0.0,0.0,320.44548772076115,8.786108921879103,790.7498029691194,0.0,0.0,360.0,1250.2199828962432,3.472833285822898,360.0,0.0,0.0,720.0,1250.2199828962432,1.736416642911449,1080.0,1269.0260918181223,1.175024159090854,1080.0,1909.9170672596447,1.7684417289441154,1510.7498029691194,1610.2199828962432,1.0658415971536996,450.0,2725.7558947872417,6.057235321749426
138,refrigerator_electricity_efficient_residential,refrigeration,full_size,test_utility_1,test_utility_2,single_family_li,6000.0,10,refrigerator_electricity_efficient_residential_refrigerator_electricity_baseline_residential,residential,LIRROB,ROB,refrigerator_electricity_baseline_residential,refrigerator_electricity_efficient_residential,,unknown,450.0,0.0,0.0,0.0,450.0,electricity,kWh,,,,,,,refrigeration,,,450.0,0.03424657534246575,1.0,0.0,450.0,0.0,0.0,0.0,0.0,0.0,215.61157712411108,1034.608405772132,0.0,0.0,0.0,0.0,0.0,0.0,0.0,0.0,0.0,0.5,0.5,0.5,225.0,225.0,225.0,675.0,135.0,135.0,135.0,9.02,303.56544070135453,0.6445227910304651,16.235524228376146,0.0,0.0,0.0,0.0,0.0,0.0,0.0,0.0,0.0,0.0,0.0,0.0,0.0,0.0,0.0,320.44548772076115,8.786108921879103,790.7498029691194,0.0,0.0,360.0,1250.2199828962432,3.472833285822898,360.0,0.0,0.0,720.0,1250.2199828962432,1.736416642911449,1080.0,1269.0260918181223,1.175024159090854,1080.0,1909.9170672596447,1.7684417289441154,1510.7498029691194,1610.2199828962432,1.0658415971536996,450.0,2725.7558947872417,6.057235321749426
139,refrigerator_electricity_efficient_residential,refrigeration,full_size,test_utility_1,test_utility_2,single_family_li,6000.0,10,refrigerator_electricity_efficient_residential_refrigerator_electricity_baseline_residential,residential,LIRRENO,RENO,refrigerator_electricity_baseline_residential,refrigerator_electricity_efficient_residential,,unknown,450.0,0.0,0.0,0.0,450.0,electricity,kWh,,,,,,,refrigeration,,,450.0,0.03424657534246575,1.0,0.0,450.0,0.0,0.0,0.0,0.0,0.0,215.61157712411108,1034.608405772132,0.0,0.0,0.0,0.0,0.0,0.0,0.0,0.0,0.0,0.5,0.5,0.5,225.0,225.0,225.0,675.0,135.0,135.0,135.0,9.02,303.56544070135453,0.6445227910304651,16.235524228376146,0.0,0.0,0.0,0.0,0.0,0.0,0.0,0.0,0.0,0.0,0.0,0.0,0.0,0.0,0.0,320.44548772076115,8.786108921879103,790.7498029691194,0.0,0.0,360.0,1250.2199828962432,3.472833285822898,360.0,0.0,0.0,720.0,1250.2199828962432,1.736416642911449,1080.0,1269.0260918181223,1.175024159090854,1080.0,1909.9170672596447,1.7684417289441154,1510.7498029691194,1610.2199828962432,1.0658415971536996,450.0,2725.7558947872417,6.057235321749426
140,refrigerator_electricity_efficient_residential,refrigeration,full_size,test_utility_1,none,single_family_li,5700.0,10,refrigerator_electricity_efficient_residential_refrigerator_electricity_existing_residential,residential,LIRRET_ER,RET_ER,refrigerator_electricity_existing_residential,refrigerator_electricity_efficient_residential,,unknown,1300.0,0.0,0.0,0.0,700.0,electricity,kWh,,,,,,,refrigeration,,,1300.0,0.03424657534246575,1.0,0.0,700.0,0.0,0.0,0.0,0.0,0.0,335.39578663750615,1609.3908534233162,0.0,0.0,0.0,0.0,0.0,0.0,0.0,0.0,0.0,0.5,0.5,0.5,650.0,650.0,650.0,1950.0,390.0,390.0,390.0,26.02,472.2129077576627,1.0025910082696121,25.255259910807336,0.0,0.0,0.0,0.0,0.0,0.0,0.0,0.0,0.0,0.0,0.0,0.0,0.0,0.0,0.0,498.4707586767397,0.25590608510327484,1230.0552490630746,0.0,0.0,1040.0,1944.7866400608223,1.8699871539046369,1040.0,0.0,0.0,2080.0,1944.7866400608223,0.9349935769523184,3120.0,1972.0625461459256,0.6320713288929248,3120.0,2969.0040634994048,0.9516038665062195,3310.0552490630744,2984.7866400608223,0.9017331782923198,1300.0,5126.097795209001,3.9431521501607696
141,refrigerator_electricity_efficient_residential,refrigeration,full_size,test_utility_1,none,single_family_li,5700.0,10,refrigerator_electricity_efficient_residential_refrigerator_electricity_baseline_residential,residential,LIRNC,NC,refrigerator_electricity_baseline_residential,refrigerator_electricity_efficient_residential,,unknown,450.0,0.0,0.0,0.0,450.0,electricity,kWh,,,,,,,refrigeration,,,450.0,0.03424657534246575,1.0,0.0,450.0,0.0,0.0,0.0,0.0,0.0,215.61157712411108,1034.608405772132,0.0,0.0,0.0,0.0,0.0,0.0,0.0,0.0,0.0,0.5,0.5,0.5,225.0,225.0,225.0,675.0,135.0,135.0,135.0,9.02,303.56544070135453,0.6445227910304651,16.235524228376146,0.0,0.0,0.0,0.0,0.0,0.0,0.0,0.0,0.0,0.0,0.0,0.0,0.0,0.0,0.0,320.44548772076115,0.25590608510327484,790.7498029691194,0.0,0.0,360.0,1250.2199828962432,3.472833285822898,360.0,0.0,0.0,720.0,1250.2199828962432,1.736416642911449,1080.0,1260.4958889813465,1.1671258231308763,1080.0,1901.3868644228687,1.7605433929841376,1510.7498029691194,1610.2199828962432,1.0658415971536996,450.0,2717.2256919504657,6.03827931544548
142,refrigerator_electricity_efficient_residential,refrigeration,full_size,test_utility_1,none,single_family_li,5700.0,10,refrigerator_electricity_efficient_residential_refrigerator_electricity_baseline_residential,residential,LIRROB,ROB,refrigerator_electricity_baseline_residential,refrigerator_electricity_efficient_residential,,unknown,450.0,0.0,0.0,0.0,450.0,electricity,kWh,,,,,,,refrigeration,,,450.0,0.03424657534246575,1.0,0.0,450.0,0.0,0.0,0.0,0.0,0.0,215.61157712411108,1034.608405772132,0.0,0.0,0.0,0.0,0.0,0.0,0.0,0.0,0.0,0.5,0.5,0.5,225.0,225.0,225.0,675.0,135.0,135.0,135.0,9.02,303.56544070135453,0.6445227910304651,16.235524228376146,0.0,0.0,0.0,0.0,0.0,0.0,0.0,0.0,0.0,0.0,0.0,0.0,0.0,0.0,0.0,320.44548772076115,0.25590608510327484,790.7498029691194,0.0,0.0,360.0,1250.2199828962432,3.472833285822898,360.0,0.0,0.0,720.0,1250.2199828962432,1.736416642911449,1080.0,1260.4958889813465,1.1671258231308763,1080.0,1901.3868644228687,1.7605433929841376,1510.7498029691194,1610.2199828962432,1.0658415971536996,450.0,2717.2256919504657,6.03827931544548
143,refrigerator_electricity_efficient_residential,refrigeration,full_size,test_utility_1,none,single_family_li,5700.0,10,refrigerator_electricity_efficient_residential_refrigerator_electricity_baseline_residential,residential,LIRRENO,RENO,refrigerator_electricity_baseline_residential,refrigerator_electricity_efficient_residential,,unknown,450.0,0.0,0.0,0.0,450.0,electricity,kWh,,,,,,,refrigeration,,,450.0,0.03424657534246575,1.0,0.0,450.0,0.0,0.0,0.0,0.0,0.0,215.61157712411108,1034.608405772132,0.0,0.0,0.0,0.0,0.0,0.0,0.0,0.0,0.0,0.5,0.5,0.5,225.0,225.0,225.0,675.0,135.0,135.0,135.0,9.02,303.56544070135453,0.6445227910304651,16.235524228376146,0.0,0.0,0.0,0.0,0.0,0.0,0.0,0.0,0.0,0.0,0.0,0.0,0.0,0.0,0.0,320.44548772076115,0.25590608510327484,790.7498029691194,0.0,0.0,360.0,1250.2199828962432,3.472833285822898,360.0,0.0,0.0,720.0,1250.2199828962432,1.736416642911449,1080.0,1260.4958889813465,1.1671258231308763,1080.0,1901.3868644228687,1.7605433929841376,1510.7498029691194,1610.2199828962432,1.0658415971536996,450.0,2717.2256919504657,6.03827931544548
144,refrigerator_electricity_baseline_residential,refrigeration,full_size,test_utility_1,test_utility_1,single_family_li,1250.0,10,,,,,,,,,,,,,,,,,,,,,,,,,,,,,,,,,,,,,,,,,,,,,,,,,,,,,,,,,,,,,,,,,,,,,,,,,,,,,,,,,,,,,,,,,,,,,,,,,,,,
145,refrigerator_electricity_baseline_residential,refrigeration,full_size,test_utility_1,test_utility_2,single_family_li,5000.0,10,,,,,,,,,,,,,,,,,,,,,,,,,,,,,,,,,,,,,,,,,,,,,,,,,,,,,,,,,,,,,,,,,,,,,,,,,,,,,,,,,,,,,,,,,,,,,,,,,,,,
146,refrigerator_electricity_baseline_residential,refrigeration,full_size,test_utility_1,none,single_family_li,4750.0,10,,,,,,,,,,,,,,,,,,,,,,,,,,,,,,,,,,,,,,,,,,,,,,,,,,,,,,,,,,,,,,,,,,,,,,,,,,,,,,,,,,,,,,,,,,,,,,,,,,,,
147,refrigerator_electricity_top10_residential,refrigeration,full_size,test_utility_1,test_utility_1,single_family_li,1250.0,10,refrigerator_electricity_top10_residential_refrigerator_electricity_existing_residential,residential,LIRRET_ER,RET_ER,refrigerator_electricity_existing_residential,refrigerator_electricity_top10_residential,,unknown,1600.0,0.0,0.0,0.0,950.0,electricity,kWh,,,,,,,refrigeration,,,1600.0,0.03424657534246575,1.0,0.0,950.0,0.0,0.0,0.0,0.0,0.0,455.17999615090116,2184.173301074501,0.0,0.0,0.0,0.0,0.0,0.0,0.0,0.0,0.0,0.5,0.5,0.5,800.0,800.0,800.0,2400.0,480.0,480.0,480.0,32.02,640.8603748139707,1.360659225508759,34.27499559323852,0.0,0.0,0.0,0.0,0.0,0.0,0.0,0.0,0.0,0.0,0.0,0.0,0.0,0.0,0.0,676.496029632718,0.25590608510327484,1669.3606951570298,0.0,0.0,1280.0,2639.3532972254025,2.0619947634573457,1280.0,0.0,0.0,2560.0,2639.3532972254025,1.0309973817286728,3840.0,2672.6292033105055,0.6959971883621108,3840.0,4025.6212625759417,1.0483388704624848,4229.36069515703,3919.3532972254025,0.9267011209787305,1600.0,6709.969898467536,4.19373118654221
148,refrigerator_electricity_top10_residential,refrigeration,full_size,test_utility_1,test_utility_1,single_family_li,1250.0,10,refrigerator_electricity_top10_residential_refrigerator_electricity_baseline_residential,residential,LIRNC,NC,refrigerator_electricity_baseline_residential,refrigerator_electricity_top10_residential,,unknown,750.0,0.0,0.0,0.0,700.0,electricity,kWh,,,,,,,refrigeration,,,750.0,0.03424657534246575,1.0,0.0,700.0,0.0,0.0,0.0,0.0,0.0,335.39578663750615,1609.3908534233162,0.0,0.0,0.0,0.0,0.0,0.0,0.0,0.0,0.0,0.5,0.5,0.5,375.0,375.0,375.0,1125.0,225.0,225.0,225.0,15.02,472.2129077576627,1.0025910082696121,25.255259910807336,0.0,0.0,0.0,0.0,0.0,0.0,0.0,0.0,0.0,0.0,0.0,0.0,0.0,0.0,0.0,498.4707586767397,0.25590608510327484,1230.0552490630746,0.0,0.0,600.0,1944.7866400608223,3.241311066768037,600.0,0.0,0.0,1200.0,1944.7866400608223,1.6206555333840185,1800.0,1961.0625461459256,1.089479192303292,1800.0,2958.0040634994048,1.6433355908330027,2430.0552490630744,2544.7866400608223,1.0472134907393498,750.0,4301.097795209001,5.734797060278668
149,refrigerator_electricity_top10_residential,refrigeration,full_size,test_utility_1,test_utility_1,single_family_li,1250.0,10,refrigerator_electricity_top10_residential_refrigerator_electricity_baseline_residential,residential,LIRROB,ROB,refrigerator_electricity_baseline_residential,refrigerator_electricity_top10_residential,,unknown,750.0,0.0,0.0,0.0,700.0,electricity,kWh,,,,,,,refrigeration,,,750.0,0.03424657534246575,1.0,0.0,700.0,0.0,0.0,0.0,0.0,0.0,335.39578663750615,1609.3908534233162,0.0,0.0,0.0,0.0,0.0,0.0,0.0,0.0,0.0,0.5,0.5,0.5,375.0,375.0,375.0,1125.0,225.0,225.0,225.0,15.02,472.2129077576627,1.0025910082696121,25.255259910807336,0.0,0.0,0.0,0.0,0.0,0.0,0.0,0.0,0.0,0.0,0.0,0.0,0.0,0.0,0.0,498.4707586767397,0.25590608510327484,1230.0552490630746,0.0,0.0,600.0,1944.7866400608223,3.241311066768037,600.0,0.0,0.0,1200.0,1944.7866400608223,1.6206555333840185,1800.0,1961.0625461459256,1.089479192303292,1800.0,2958.0040634994048,1.6433355908330027,2430.0552490630744,2544.7866400608223,1.0472134907393498,750.0,4301.097795209001,5.734797060278668
150,refrigerator_electricity_top10_residential,refrigeration,full_size,test_utility_1,test_utility_1,single_family_li,1250.0,10,refrigerator_electricity_top10_residential_refrigerator_electricity_baseline_residential,residential,LIRRENO,RENO,refrigerator_electricity_baseline_residential,refrigerator_electricity_top10_residential,,unknown,750.0,0.0,0.0,0.0,700.0,electricity,kWh,,,,,,,refrigeration,,,750.0,0.03424657534246575,1.0,0.0,700.0,0.0,0.0,0.0,0.0,0.0,335.39578663750615,1609.3908534233162,0.0,0.0,0.0,0.0,0.0,0.0,0.0,0.0,0.0,0.5,0.5,0.5,375.0,375.0,375.0,1125.0,225.0,225.0,225.0,15.02,472.2129077576627,1.0025910082696121,25.255259910807336,0.0,0.0,0.0,0.0,0.0,0.0,0.0,0.0,0.0,0.0,0.0,0.0,0.0,0.0,0.0,498.4707586767397,0.25590608510327484,1230.0552490630746,0.0,0.0,600.0,1944.7866400608223,3.241311066768037,600.0,0.0,0.0,1200.0,1944.7866400608223,1.6206555333840185,1800.0,1961.0625461459256,1.089479192303292,1800.0,2958.0040634994048,1.6433355908330027,2430.0552490630744,2544.7866400608223,1.0472134907393498,750.0,4301.097795209001,5.734797060278668
151,refrigerator_electricity_top10_residential,refrigeration,full_size,test_utility_1,test_utility_2,single_family_li,5000.0,10,refrigerator_electricity_top10_residential_refrigerator_electricity_existing_residential,residential,LIRRET_ER,RET_ER,refrigerator_electricity_existing_residential,refrigerator_electricity_top10_residential,,unknown,1600.0,0.0,0.0,0.0,950.0,electricity,kWh,,,,,,,refrigeration,,,1600.0,0.03424657534246575,1.0,0.0,950.0,0.0,0.0,0.0,0.0,0.0,455.17999615090116,2184.173301074501,0.0,0.0,0.0,0.0,0.0,0.0,0.0,0.0,0.0,0.5,0.5,0.5,800.0,800.0,800.0,2400.0,480.0,480.0,480.0,32.02,640.8603748139707,1.360659225508759,34.27499559323852,0.0,0.0,0.0,0.0,0.0,0.0,0.0,0.0,0.0,0.0,0.0,0.0,0.0,0.0,0.0,676.496029632718,8.786108921879103,1669.3606951570298,0.0,0.0,1280.0,2639.3532972254025,2.0619947634573457,1280.0,0.0,0.0,2560.0,2639.3532972254025,1.0309973817286728,3840.0,2681.1594061472815,0.6982185953508545,3840.0,4034.1514654127177,1.0505602774512286,4229.36069515703,3919.3532972254025,0.9267011209787305,1600.0,6718.500101304312,4.199062563315195
152,refrigerator_electricity_top10_residential,refrigeration,full_size,test_utility_1,test_utility_2,single_family_li,5000.0,10,refrigerator_electricity_top10_residential_refrigerator_electricity_baseline_residential,residential,LIRNC,NC,refrigerator_electricity_baseline_residential,refrigerator_electricity_top10_residential,,unknown,750.0,0.0,0.0,0.0,700.0,electricity,kWh,,,,,,,refrigeration,,,750.0,0.03424657534246575,1.0,0.0,700.0,0.0,0.0,0.0,0.0,0.0,335.39578663750615,1609.3908534233162,0.0,0.0,0.0,0.0,0.0,0.0,0.0,0.0,0.0,0.5,0.5,0.5,375.0,375.0,375.0,1125.0,225.0,225.0,225.0,15.02,472.2129077576627,1.0025910082696121,25.255259910807336,0.0,0.0,0.0,0.0,0.0,0.0,0.0,0.0,0.0,0.0,0.0,0.0,0.0,0.0,0.0,498.4707586767397,8.786108921879103,1230.0552490630746,0.0,0.0,600.0,1944.7866400608223,3.241311066768037,600.0,0.0,0.0,1200.0,1944.7866400608223,1.6206555333840185,1800.0,1969.5927489827013,1.0942181938792785,1800.0,2966.5342663361807,1.6480745924089892,2430.0552490630744,2544.7866400608223,1.0472134907393498,750.0,4309.627998045777,5.746170664061036
153,refrigerator_electricity_top10_residential,refrigeration,full_size,test_utility_1,test_utility_2,single_family_li,5000.0,10,refrigerator_electricity_top10_residential_refrigerator_electricity_baseline_residential,residential,LIRROB,ROB,refrigerator_electricity_baseline_residential,refrigerator_electricity_top10_residential,,unknown,750.0,0.0,0.0,0.0,700.0,electricity,kWh,,,,,,,refrigeration,,,750.0,0.03424657534246575,1.0,0.0,700.0,0.0,0.0,0.0,0.0,0.0,335.39578663750615,1609.3908534233162,0.0,0.0,0.0,0.0,0.0,0.0,0.0,0.0,0.0,0.5,0.5,0.5,375.0,375.0,375.0,1125.0,225.0,225.0,225.0,15.02,472.2129077576627,1.0025910082696121,25.255259910807336,0.0,0.0,0.0,0.0,0.0,0.0,0.0,0.0,0.0,0.0,0.0,0.0,0.0,0.0,0.0,498.4707586767397,8.786108921879103,1230.0552490630746,0.0,0.0,600.0,1944.7866400608223,3.241311066768037,600.0,0.0,0.0,1200.0,1944.7866400608223,1.6206555333840185,1800.0,1969.5927489827013,1.0942181938792785,1800.0,2966.5342663361807,1.6480745924089892,2430.0552490630744,2544.7866400608223,1.0472134907393498,750.0,4309.627998045777,5.746170664061036
154,refrigerator_electricity_top10_residential,refrigeration,full_size,test_utility_1,test_utility_2,single_family_li,5000.0,10,refrigerator_electricity_top10_residential_refrigerator_electricity_baseline_residential,residential,LIRRENO,RENO,refrigerator_electricity_baseline_residential,refrigerator_electricity_top10_residential,,unknown,750.0,0.0,0.0,0.0,700.0,electricity,kWh,,,,,,,refrigeration,,,750.0,0.03424657534246575,1.0,0.0,700.0,0.0,0.0,0.0,0.0,0.0,335.39578663750615,1609.3908534233162,0.0,0.0,0.0,0.0,0.0,0.0,0.0,0.0,0.0,0.5,0.5,0.5,375.0,375.0,375.0,1125.0,225.0,225.0,225.0,15.02,472.2129077576627,1.0025910082696121,25.255259910807336,0.0,0.0,0.0,0.0,0.0,0.0,0.0,0.0,0.0,0.0,0.0,0.0,0.0,0.0,0.0,498.4707586767397,8.786108921879103,1230.0552490630746,0.0,0.0,600.0,1944.7866400608223,3.241311066768037,600.0,0.0,0.0,1200.0,1944.7866400608223,1.6206555333840185,1800.0,1969.5927489827013,1.0942181938792785,1800.0,2966.5342663361807,1.6480745924089892,2430.0552490630744,2544.7866400608223,1.0472134907393498,750.0,4309.627998045777,5.746170664061036
155,refrigerator_electricity_top10_residential,refrigeration,full_size,test_utility_1,none,single_family_li,4750.0,10,refrigerator_electricity_top10_residential_refrigerator_electricity_existing_residential,residential,LIRRET_ER,RET_ER,refrigerator_electricity_existing_residential,refrigerator_electricity_top10_residential,,unknown,1600.0,0.0,0.0,0.0,950.0,electricity,kWh,,,,,,,refrigeration,,,1600.0,0.03424657534246575,1.0,0.0,950.0,0.0,0.0,0.0,0.0,0.0,455.17999615090116,2184.173301074501,0.0,0.0,0.0,0.0,0.0,0.0,0.0,0.0,0.0,0.5,0.5,0.5,800.0,800.0,800.0,2400.0,480.0,480.0,480.0,32.02,640.8603748139707,1.360659225508759,34.27499559323852,0.0,0.0,0.0,0.0,0.0,0.0,0.0,0.0,0.0,0.0,0.0,0.0,0.0,0.0,0.0,676.496029632718,0.25590608510327484,1669.3606951570298,0.0,0.0,1280.0,2639.3532972254025,2.0619947634573457,1280.0,0.0,0.0,2560.0,2639.3532972254025,1.0309973817286728,3840.0,2672.6292033105055,0.6959971883621108,3840.0,4025.6212625759417,1.0483388704624848,4229.36069515703,3919.3532972254025,0.9267011209787305,1600.0,6709.969898467536,4.19373118654221
156,refrigerator_electricity_top10_residential,refrigeration,full_size,test_utility_1,none,single_family_li,4750.0,10,refrigerator_electricity_top10_residential_refrigerator_electricity_baseline_residential,residential,LIRNC,NC,refrigerator_electricity_baseline_residential,refrigerator_electricity_top10_residential,,unknown,750.0,0.0,0.0,0.0,700.0,electricity,kWh,,,,,,,refrigeration,,,750.0,0.03424657534246575,1.0,0.0,700.0,0.0,0.0,0.0,0.0,0.0,335.39578663750615,1609.3908534233162,0.0,0.0,0.0,0.0,0.0,0.0,0.0,0.0,0.0,0.5,0.5,0.5,375.0,375.0,375.0,1125.0,225.0,225.0,225.0,15.02,472.2129077576627,1.0025910082696121,25.255259910807336,0.0,0.0,0.0,0.0,0.0,0.0,0.0,0.0,0.0,0.0,0.0,0.0,0.0,0.0,0.0,498.4707586767397,0.25590608510327484,1230.0552490630746,0.0,0.0,600.0,1944.7866400608223,3.241311066768037,600.0,0.0,0.0,1200.0,1944.7866400608223,1.6206555333840185,1800.0,1961.0625461459256,1.089479192303292,1800.0,2958.0040634994048,1.6433355908330027,2430.0552490630744,2544.7866400608223,1.0472134907393498,750.0,4301.097795209001,5.734797060278668
157,refrigerator_electricity_top10_residential,refrigeration,full_size,test_utility_1,none,single_family_li,4750.0,10,refrigerator_electricity_top10_residential_refrigerator_electricity_baseline_residential,residential,LIRROB,ROB,refrigerator_electricity_baseline_residential,refrigerator_electricity_top10_residential,,unknown,750.0,0.0,0.0,0.0,700.0,electricity,kWh,,,,,,,refrigeration,,,750.0,0.03424657534246575,1.0,0.0,700.0,0.0,0.0,0.0,0.0,0.0,335.39578663750615,1609.3908534233162,0.0,0.0,0.0,0.0,0.0,0.0,0.0,0.0,0.0,0.5,0.5,0.5,375.0,375.0,375.0,1125.0,225.0,225.0,225.0,15.02,472.2129077576627,1.0025910082696121,25.255259910807336,0.0,0.0,0.0,0.0,0.0,0.0,0.0,0.0,0.0,0.0,0.0,0.0,0.0,0.0,0.0,498.4707586767397,0.25590608510327484,1230.0552490630746,0.0,0.0,600.0,1944.7866400608223,3.241311066768037,600.0,0.0,0.0,1200.0,1944.7866400608223,1.6206555333840185,1800.0,1961.0625461459256,1.089479192303292,1800.0,2958.0040634994048,1.6433355908330027,2430.0552490630744,2544.7866400608223,1.0472134907393498,750.0,4301.097795209001,5.734797060278668
158,refrigerator_electricity_top10_residential,refrigeration,full_size,test_utility_1,none,single_family_li,4750.0,10,refrigerator_electricity_top10_residential_refrigerator_electricity_baseline_residential,residential,LIRRENO,RENO,refrigerator_electricity_baseline_residential,refrigerator_electricity_top10_residential,,unknown,750.0,0.0,0.0,0.0,700.0,electricity,kWh,,,,,,,refrigeration,,,750.0,0.03424657534246575,1.0,0.0,700.0,0.0,0.0,0.0,0.0,0.0,335.39578663750615,1609.3908534233162,0.0,0.0,0.0,0.0,0.0,0.0,0.0,0.0,0.0,0.5,0.5,0.5,375.0,375.0,375.0,1125.0,225.0,225.0,225.0,15.02,472.2129077576627,1.0025910082696121,25.255259910807336,0.0,0.0,0.0,0.0,0.0,0.0,0.0,0.0,0.0,0.0,0.0,0.0,0.0,0.0,0.0,498.4707586767397,0.25590608510327484,1230.0552490630746,0.0,0.0,600.0,1944.7866400608223,3.241311066768037,600.0,0.0,0.0,1200.0,1944.7866400608223,1.6206555333840185,1800.0,1961.0625461459256,1.089479192303292,1800.0,2958.0040634994048,1.6433355908330027,2430.0552490630744,2544.7866400608223,1.0472134907393498,750.0,4301.097795209001,5.734797060278668
159,refrigerator_electricity_existing_residential,refrigeration,full_size,test_utility_1,test_utility_1,single_family_li,1000.0,10,,,,,,,,,,,,,,,,,,,,,,,,,,,,,,,,,,,,,,,,,,,,,,,,,,,,,,,,,,,,,,,,,,,,,,,,,,,,,,,,,,,,,,,,,,,,,,,,,,,,
160,refrigerator_electricity_existing_residential,refrigeration,full_size,test_utility_1,test_utility_2,single_family_li,4000.0,10,,,,,,,,,,,,,,,,,,,,,,,,,,,,,,,,,,,,,,,,,,,,,,,,,,,,,,,,,,,,,,,,,,,,,,,,,,,,,,,,,,,,,,,,,,,,,,,,,,,,
161,refrigerator_electricity_existing_residential,refrigeration,full_size,test_utility_1,none,single_family_li,3800.0,10,,,,,,,,,,,,,,,,,,,,,,,,,,,,,,,,,,,,,,,,,,,,,,,,,,,,,,,,,,,,,,,,,,,,,,,,,,,,,,,,,,,,,,,,,,,,,,,,,,,,
162,furnace_oil_efficient_residential,heating_cooling,oil_furnace,test_utility_1,test_utility_1,multifamily_li,250.0,10,,,,,,,,,,,,,,,,,,,,,,,,,,,,,,,,,,,,,,,,,,,,,,,,,,,,,,,,,,,,,,,,,,,,,,,,,,,,,,,,,,,,,,,,,,,,,,,,,,,,
163,furnace_oil_efficient_residential,heating_cooling,oil_furnace,test_utility_1,test_utility_2,multifamily_li,1000.0,10,,,,,,,,,,,,,,,,,,,,,,,,,,,,,,,,,,,,,,,,,,,,,,,,,,,,,,,,,,,,,,,,,,,,,,,,,,,,,,,,,,,,,,,,,,,,,,,,,,,,
164,furnace_oil_efficient_residential,heating_cooling,oil_furnace,test_utility_1,none,multifamily_li,700.0,10,,,,,,,,,,,,,,,,,,,,,,,,,,,,,,,,,,,,,,,,,,,,,,,,,,,,,,,,,,,,,,,,,,,,,,,,,,,,,,,,,,,,,,,,,,,,,,,,,,,,
165,furnace_oil_baseline_residential,heating_cooling,oil_furnace,test_utility_1,test_utility_1,multifamily_li,125.0,10,,,,,,,,,,,,,,,,,,,,,,,,,,,,,,,,,,,,,,,,,,,,,,,,,,,,,,,,,,,,,,,,,,,,,,,,,,,,,,,,,,,,,,,,,,,,,,,,,,,,
166,furnace_oil_baseline_residential,heating_cooling,oil_furnace,test_utility_1,test_utility_2,multifamily_li,500.0,10,,,,,,,,,,,,,,,,,,,,,,,,,,,,,,,,,,,,,,,,,,,,,,,,,,,,,,,,,,,,,,,,,,,,,,,,,,,,,,,,,,,,,,,,,,,,,,,,,,,,
167,furnace_oil_baseline_residential,heating_cooling,oil_furnace,test_utility_1,none,multifamily_li,350.0,10,,,,,,,,,,,,,,,,,,,,,,,,,,,,,,,,,,,,,,,,,,,,,,,,,,,,,,,,,,,,,,,,,,,,,,,,,,,,,,,,,,,,,,,,,,,,,,,,,,,,
168,furnace_oil_existing_residential,heating_cooling,oil_furnace,test_utility_1,test_utility_1,multifamily_li,125.0,10,,,,,,,,,,,,,,,,,,,,,,,,,,,,,,,,,,,,,,,,,,,,,,,,,,,,,,,,,,,,,,,,,,,,,,,,,,,,,,,,,,,,,,,,,,,,,,,,,,,,
169,furnace_oil_existing_residential,heating_cooling,oil_furnace,test_utility_1,test_utility_2,multifamily_li,500.0,10,,,,,,,,,,,,,,,,,,,,,,,,,,,,,,,,,,,,,,,,,,,,,,,,,,,,,,,,,,,,,,,,,,,,,,,,,,,,,,,,,,,,,,,,,,,,,,,,,,,,
170,furnace_oil_existing_residential,heating_cooling,oil_furnace,test_utility_1,none,multifamily_li,350.0,10,,,,,,,,,,,,,,,,,,,,,,,,,,,,,,,,,,,,,,,,,,,,,,,,,,,,,,,,,,,,,,,,,,,,,,,,,,,,,,,,,,,,,,,,,,,,,,,,,,,,
171,furnace_natural_gas_efficient_residential,heating_cooling,gas_furnace,test_utility_1,test_utility_1,multifamily_li,250.0,10,,,,,,,,,,,,,,,,,,,,,,,,,,,,,,,,,,,,,,,,,,,,,,,,,,,,,,,,,,,,,,,,,,,,,,,,,,,,,,,,,,,,,,,,,,,,,,,,,,,,
172,furnace_natural_gas_efficient_residential,heating_cooling,gas_furnace,test_utility_1,test_utility_2,multifamily_li,1000.0,10,,,,,,,,,,,,,,,,,,,,,,,,,,,,,,,,,,,,,,,,,,,,,,,,,,,,,,,,,,,,,,,,,,,,,,,,,,,,,,,,,,,,,,,,,,,,,,,,,,,,
173,furnace_natural_gas_efficient_residential,heating_cooling,gas_furnace,test_utility_1,none,multifamily_li,700.0,10,,,,,,,,,,,,,,,,,,,,,,,,,,,,,,,,,,,,,,,,,,,,,,,,,,,,,,,,,,,,,,,,,,,,,,,,,,,,,,,,,,,,,,,,,,,,,,,,,,,,
174,furnace_natural_gas_baseline_residential,heating_cooling,gas_furnace,test_utility_1,test_utility_1,multifamily_li,125.0,10,,,,,,,,,,,,,,,,,,,,,,,,,,,,,,,,,,,,,,,,,,,,,,,,,,,,,,,,,,,,,,,,,,,,,,,,,,,,,,,,,,,,,,,,,,,,,,,,,,,,
175,furnace_natural_gas_baseline_residential,heating_cooling,gas_furnace,test_utility_1,test_utility_2,multifamily_li,500.0,10,,,,,,,,,,,,,,,,,,,,,,,,,,,,,,,,,,,,,,,,,,,,,,,,,,,,,,,,,,,,,,,,,,,,,,,,,,,,,,,,,,,,,,,,,,,,,,,,,,,,
176,furnace_natural_gas_baseline_residential,heating_cooling,gas_furnace,test_utility_1,none,multifamily_li,350.0,10,,,,,,,,,,,,,,,,,,,,,,,,,,,,,,,,,,,,,,,,,,,,,,,,,,,,,,,,,,,,,,,,,,,,,,,,,,,,,,,,,,,,,,,,,,,,,,,,,,,,
177,furnace_natural_gas_existing_residential,heating_cooling,gas_furnace,test_utility_1,test_utility_1,multifamily_li,125.0,10,,,,,,,,,,,,,,,,,,,,,,,,,,,,,,,,,,,,,,,,,,,,,,,,,,,,,,,,,,,,,,,,,,,,,,,,,,,,,,,,,,,,,,,,,,,,,,,,,,,,
178,furnace_natural_gas_existing_residential,heating_cooling,gas_furnace,test_utility_1,test_utility_2,multifamily_li,500.0,10,,,,,,,,,,,,,,,,,,,,,,,,,,,,,,,,,,,,,,,,,,,,,,,,,,,,,,,,,,,,,,,,,,,,,,,,,,,,,,,,,,,,,,,,,,,,,,,,,,,,
179,furnace_natural_gas_existing_residential,heating_cooling,gas_furnace,test_utility_1,none,multifamily_li,350.0,10,,,,,,,,,,,,,,,,,,,,,,,,,,,,,,,,,,,,,,,,,,,,,,,,,,,,,,,,,,,,,,,,,,,,,,,,,,,,,,,,,,,,,,,,,,,,,,,,,,,,
180,refrigerator_electricity_efficient_residential,refrigeration,full_size,test_utility_1,test_utility_1,multifamily_li,900.0,10,,,,,,,,,,,,,,,,,,,,,,,,,,,,,,,,,,,,,,,,,,,,,,,,,,,,,,,,,,,,,,,,,,,,,,,,,,,,,,,,,,,,,,,,,,,,,,,,,,,,
181,refrigerator_electricity_efficient_residential,refrigeration,full_size,test_utility_1,test_utility_2,multifamily_li,3600.0,10,,,,,,,,,,,,,,,,,,,,,,,,,,,,,,,,,,,,,,,,,,,,,,,,,,,,,,,,,,,,,,,,,,,,,,,,,,,,,,,,,,,,,,,,,,,,,,,,,,,,
182,refrigerator_electricity_efficient_residential,refrigeration,full_size,test_utility_1,none,multifamily_li,2520.0,10,,,,,,,,,,,,,,,,,,,,,,,,,,,,,,,,,,,,,,,,,,,,,,,,,,,,,,,,,,,,,,,,,,,,,,,,,,,,,,,,,,,,,,,,,,,,,,,,,,,,
183,refrigerator_electricity_baseline_residential,refrigeration,full_size,test_utility_1,test_utility_1,multifamily_li,750.0,10,,,,,,,,,,,,,,,,,,,,,,,,,,,,,,,,,,,,,,,,,,,,,,,,,,,,,,,,,,,,,,,,,,,,,,,,,,,,,,,,,,,,,,,,,,,,,,,,,,,,
184,refrigerator_electricity_baseline_residential,refrigeration,full_size,test_utility_1,test_utility_2,multifamily_li,3000.0,10,,,,,,,,,,,,,,,,,,,,,,,,,,,,,,,,,,,,,,,,,,,,,,,,,,,,,,,,,,,,,,,,,,,,,,,,,,,,,,,,,,,,,,,,,,,,,,,,,,,,
185,refrigerator_electricity_baseline_residential,refrigeration,full_size,test_utility_1,none,multifamily_li,2100.0,10,,,,,,,,,,,,,,,,,,,,,,,,,,,,,,,,,,,,,,,,,,,,,,,,,,,,,,,,,,,,,,,,,,,,,,,,,,,,,,,,,,,,,,,,,,,,,,,,,,,,
186,refrigerator_electricity_top10_residential,refrigeration,full_size,test_utility_1,test_utility_1,multifamily_li,750.0,10,,,,,,,,,,,,,,,,,,,,,,,,,,,,,,,,,,,,,,,,,,,,,,,,,,,,,,,,,,,,,,,,,,,,,,,,,,,,,,,,,,,,,,,,,,,,,,,,,,,,
187,refrigerator_electricity_top10_residential,refrigeration,full_size,test_utility_1,test_utility_2,multifamily_li,3000.0,10,,,,,,,,,,,,,,,,,,,,,,,,,,,,,,,,,,,,,,,,,,,,,,,,,,,,,,,,,,,,,,,,,,,,,,,,,,,,,,,,,,,,,,,,,,,,,,,,,,,,
188,refrigerator_electricity_top10_residential,refrigeration,full_size,test_utility_1,none,multifamily_li,2100.0,10,,,,,,,,,,,,,,,,,,,,,,,,,,,,,,,,,,,,,,,,,,,,,,,,,,,,,,,,,,,,,,,,,,,,,,,,,,,,,,,,,,,,,,,,,,,,,,,,,,,,
189,refrigerator_electricity_existing_residential,refrigeration,full_size,test_utility_1,test_utility_1,multifamily_li,600.0,10,,,,,,,,,,,,,,,,,,,,,,,,,,,,,,,,,,,,,,,,,,,,,,,,,,,,,,,,,,,,,,,,,,,,,,,,,,,,,,,,,,,,,,,,,,,,,,,,,,,,
190,refrigerator_electricity_existing_residential,refrigeration,full_size,test_utility_1,test_utility_2,multifamily_li,2400.0,10,,,,,,,,,,,,,,,,,,,,,,,,,,,,,,,,,,,,,,,,,,,,,,,,,,,,,,,,,,,,,,,,,,,,,,,,,,,,,,,,,,,,,,,,,,,,,,,,,,,,
191,refrigerator_electricity_existing_residential,refrigeration,full_size,test_utility_1,none,multifamily_li,1680.0,10,,,,,,,,,,,,,,,,,,,,,,,,,,,,,,,,,,,,,,,,,,,,,,,,,,,,,,,,,,,,,,,,,,,,,,,,,,,,,,,,,,,,,,,,,,,,,,,,,,,,
