,condition,competition_group,subgroup,electric_utility,gas_utility,building_type,measure_life_(yrs),initial_count,market,count,measure_name,sector,program,baseline_condition,efficient_condition,complementary_condition,electric_end_use,incremental_cost_(usd),annual_oandm_savings_(usd),annual_energy_saved_(kwh),water_savings_(gallons),energy_impact_1,energy_impact_1_fuel_type,energy_impact_1_units,energy_impact_2,energy_impact_2_fuel_type,energy_impact_2_units,energy_impact_3,energy_impact_3_fuel_type,energy_impact_3_units,energy_impact_1_end_use,energy_impact_2_end_use,energy_impact_3_end_use,measure_incremental_cost,demand_ratio,deferred_replacement_credit_value,measure_water_savings,measure_electric_energy_savings,measure_natural_gas_savings,measure_fuel_oil_savings,measure_propane_savings,measure_gasoline_savings,measure_diesel_savings,electric_energy_savings_value,electric_demand_savings_value,natural_gas_savings_value,fuel_oil_savings_value,propane_savings_value,diesel_transportation_savings_value,gasoline_transportation_savings_value,other_fuel_savings_value,annual_oandm_savings,o_and_m_savings_value,water_savings_value,electric_incentive_pct,natural_gas_incentive_pct,nonutility_incentive_pct,electric_utility_incentive_value,natural_gas_utility_incentive_value,nonutility_incentive_value,total_incentive_value,electric_utility_nonmeasure_program_cost,natural_gas_utility_nonmeasure_program_costs,nonutility_nonmeasure_program_costs,risk_discount_value,electric_carbon_savings_value,electric_n2o_savings_value,electric_ch4_savings_value,natural_gas_carbon_savings_value,fuel_oil_carbon_savings_value,propane_carbon_savings_value,diesel_transportation_carbon_savings_value,gasoline_transportation_carbon_savings_value,natural_gas_n2o_savings_value,fuel_oil_n2o_savings_value,propane_n2o_savings_value,diesel_transportation_n2o_savings_value,gasoline_transportation_n2o_savings_value,natural_gas_ch4_savings_value,fuel_oil_ch4_savings_value,propane_ch4_savings_value,diesel_transportation_ch4_savings_value,gasoline_transportation_ch4_savings_value,end_use_fuel_externalities,other_nonresource_benefits,electric_customer_bill_savings,natural_gas_customer_bill_savings,heating_oil_customer_bill_savings,EUCT_cost,EUCT_benefit,EUCT_BCR,GUCT_cost,GUCT_benefit,GUCT_BCR,EGUCT_cost,EGUCT_benefit,EGUCT_BCR,TRC_cost,TRC_benefit,TRC_BCR,SCT_cost,SCT_benefit,SCT_BCR,RIM_cost,RIM_benefit,RIM_BCR,PCT_cost,PCT_benefit,PCT_BCR
0,furnace_oil_efficient_residential,heating_cooling,oil_furnace,test_utility_1,test_utility_1,single_family,10,5000.0,ROB,500.0,furnace_oil_baseline_residential_to_furnace_oil_efficient_residential,residential,NLIRROB,furnace_oil_baseline_residential,furnace_oil_efficient_residential,,,700.0,0.0,715.0,0.0,80.0,natural_gas,therms,30.0,electricity,kWh,,,,,,,700.0,0.03424657534246575,1.0,0.0,30.0,80.0,0.0,0.0,0.0,0.0,14.374105141607405,68.97389371814214,3495.310037392648,0.0,0.0,0.0,0.0,0.0,0.0,0.0,0.0,0.5,0.5,0.5,350.0,350.0,350.0,1050.0,210.0,210.0,210.0,14.02,20.23769604675697,0.04296818606869767,1.082368281891743,0.0,0.0,0.0,0.0,0.0,0.0,0.0,0.0,0.0,0.0,0.0,0.0,0.0,0.0,0.0,21.36303251471741,0.25590608510327484,52.71665353127462,7914.526916828697,0.0,560.0,83.34799885974954,0.14883571224955275,560.0,3495.310037392648,6.241625066772586,1120.0,3578.658036252398,3.1952303895110696,1680.0,3593.933942337501,2.1392463942485125,1680.0,3636.6600073669356,2.164678575813652,1172.7166535312745,4138.658036252398,3.5291202046036494,700.0,4682.630595868775,6.689472279812536
1,furnace_oil_efficient_residential,heating_cooling,oil_furnace,test_utility_1,test_utility_2,single_family,10,10000.0,ROB,1000.0,furnace_oil_baseline_residential_to_furnace_oil_efficient_residential,residential,NLIRROB,furnace_oil_baseline_residential,furnace_oil_efficient_residential,,,700.0,0.0,715.0,0.0,80.0,natural_gas,therms,30.0,electricity,kWh,,,,,,,700.0,0.03424657534246575,1.0,0.0,30.0,80.0,0.0,0.0,0.0,0.0,14.374105141607405,68.97389371814214,3495.310037392648,0.0,0.0,0.0,0.0,0.0,0.0,0.0,0.0,0.5,0.5,0.5,350.0,350.0,350.0,1050.0,210.0,210.0,210.0,14.02,20.23769604675697,0.04296818606869767,1.082368281891743,0.0,0.0,0.0,0.0,0.0,0.0,0.0,0.0,0.0,0.0,0.0,0.0,0.0,0.0,0.0,21.36303251471741,8.786108921879103,52.71665353127462,7914.526916828697,0.0,560.0,83.34799885974954,0.14883571224955275,560.0,3495.310037392648,6.241625066772586,1120.0,3578.658036252398,3.1952303895110696,1680.0,3602.464145174277,2.1443238959370694,1680.0,3645.1902102037116,2.169756077502209,1172.7166535312745,4138.658036252398,3.5291202046036494,700.0,4691.160798705551,6.701658283865073
2,furnace_oil_efficient_residential,heating_cooling,oil_furnace,test_utility_1,none,single_family,10,27500.0,ROB,2750.0,furnace_oil_baseline_residential_to_furnace_oil_efficient_residential,residential,NLIRROB,furnace_oil_baseline_residential,furnace_oil_efficient_residential,,,700.0,0.0,715.0,0.0,80.0,natural_gas,therms,30.0,electricity,kWh,,,,,,,700.0,0.03424657534246575,1.0,0.0,30.0,80.0,0.0,0.0,0.0,0.0,14.374105141607405,68.97389371814214,3495.310037392648,0.0,0.0,0.0,0.0,0.0,0.0,0.0,0.0,0.5,0.5,0.5,350.0,350.0,350.0,1050.0,210.0,210.0,210.0,14.02,20.23769604675697,0.04296818606869767,1.082368281891743,0.0,0.0,0.0,0.0,0.0,0.0,0.0,0.0,0.0,0.0,0.0,0.0,0.0,0.0,0.0,21.36303251471741,0.25590608510327484,52.71665353127462,7914.526916828697,0.0,560.0,83.34799885974954,0.14883571224955275,560.0,3495.310037392648,6.241625066772586,1120.0,3578.658036252398,3.1952303895110696,1680.0,3593.933942337501,2.1392463942485125,1680.0,3636.6600073669356,2.164678575813652,1172.7166535312745,4138.658036252398,3.5291202046036494,700.0,4682.630595868775,6.689472279812536
3,furnace_oil_baseline_residential,heating_cooling,oil_furnace,test_utility_1,test_utility_1,single_family,10,2500.0,ROB,250.0,,,,,,,,,,,,,,,,,,,,,,,,,,,,,,,,,,,,,,,,,,,,,,,,,,,,,,,,,,,,,,,,,,,,,,,,,,,,,,,,,,,,,,,,,,,,,,,,,,,
4,furnace_oil_baseline_residential,heating_cooling,oil_furnace,test_utility_1,test_utility_2,single_family,10,5000.0,ROB,500.0,,,,,,,,,,,,,,,,,,,,,,,,,,,,,,,,,,,,,,,,,,,,,,,,,,,,,,,,,,,,,,,,,,,,,,,,,,,,,,,,,,,,,,,,,,,,,,,,,,,
5,furnace_oil_baseline_residential,heating_cooling,oil_furnace,test_utility_1,none,single_family,10,13750.0,ROB,1375.0,,,,,,,,,,,,,,,,,,,,,,,,,,,,,,,,,,,,,,,,,,,,,,,,,,,,,,,,,,,,,,,,,,,,,,,,,,,,,,,,,,,,,,,,,,,,,,,,,,,
6,furnace_oil_existing_residential,heating_cooling,oil_furnace,test_utility_1,test_utility_1,single_family,10,2500.0,ROB,250.0,,,,,,,,,,,,,,,,,,,,,,,,,,,,,,,,,,,,,,,,,,,,,,,,,,,,,,,,,,,,,,,,,,,,,,,,,,,,,,,,,,,,,,,,,,,,,,,,,,,
7,furnace_oil_existing_residential,heating_cooling,oil_furnace,test_utility_1,test_utility_2,single_family,10,5000.0,ROB,500.0,,,,,,,,,,,,,,,,,,,,,,,,,,,,,,,,,,,,,,,,,,,,,,,,,,,,,,,,,,,,,,,,,,,,,,,,,,,,,,,,,,,,,,,,,,,,,,,,,,,
8,furnace_oil_existing_residential,heating_cooling,oil_furnace,test_utility_1,none,single_family,10,13750.0,ROB,1375.0,,,,,,,,,,,,,,,,,,,,,,,,,,,,,,,,,,,,,,,,,,,,,,,,,,,,,,,,,,,,,,,,,,,,,,,,,,,,,,,,,,,,,,,,,,,,,,,,,,,
9,furnace_natural_gas_efficient_residential,heating_cooling,gas_furnace,test_utility_1,test_utility_1,single_family,10,5000.0,ROB,500.0,furnace_natural_gas_baseline_residential_to_furnace_natural_gas_efficient_residential,residential,NLIRROB,furnace_natural_gas_baseline_residential,furnace_natural_gas_efficient_residential,,,700.0,0.0,715.0,0.0,80.0,natural_gas,therms,30.0,electricity,kWh,,,,,,,700.0,0.03424657534246575,1.0,0.0,30.0,80.0,0.0,0.0,0.0,0.0,14.374105141607405,68.97389371814214,3495.310037392648,0.0,0.0,0.0,0.0,0.0,0.0,0.0,0.0,0.5,0.5,0.5,350.0,350.0,350.0,1050.0,210.0,210.0,210.0,14.02,20.23769604675697,0.04296818606869767,1.082368281891743,0.0,0.0,0.0,0.0,0.0,0.0,0.0,0.0,0.0,0.0,0.0,0.0,0.0,0.0,0.0,21.36303251471741,0.25590608510327484,52.71665353127462,7914.526916828697,0.0,560.0,83.34799885974954,0.14883571224955275,560.0,3495.310037392648,6.241625066772586,1120.0,3578.658036252398,3.1952303895110696,1680.0,3593.933942337501,2.1392463942485125,1680.0,3636.6600073669356,2.164678575813652,1172.7166535312745,4138.658036252398,3.5291202046036494,700.0,4682.630595868775,6.689472279812536
10,furnace_natural_gas_efficient_residential,heating_cooling,gas_furnace,test_utility_1,test_utility_2,single_family,10,10000.0,ROB,1000.0,furnace_natural_gas_baseline_residential_to_furnace_natural_gas_efficient_residential,residential,NLIRROB,furnace_natural_gas_baseline_residential,furnace_natural_gas_efficient_residential,,,700.0,0.0,715.0,0.0,80.0,natural_gas,therms,30.0,electricity,kWh,,,,,,,700.0,0.03424657534246575,1.0,0.0,30.0,80.0,0.0,0.0,0.0,0.0,14.374105141607405,68.97389371814214,3495.310037392648,0.0,0.0,0.0,0.0,0.0,0.0,0.0,0.0,0.5,0.5,0.5,350.0,350.0,350.0,1050.0,210.0,210.0,210.0,14.02,20.23769604675697,0.04296818606869767,1.082368281891743,0.0,0.0,0.0,0.0,0.0,0.0,0.0,0.0,0.0,0.0,0.0,0.0,0.0,0.0,0.0,21.36303251471741,8.786108921879103,52.71665353127462,7914.526916828697,0.0,560.0,83.34799885974954,0.14883571224955275,560.0,3495.310037392648,6.241625066772586,1120.0,3578.658036252398,3.1952303895110696,1680.0,3602.464145174277,2.1443238959370694,1680.0,3645.1902102037116,2.169756077502209,1172.7166535312745,4138.658036252398,3.5291202046036494,700.0,4691.160798705551,6.701658283865073
11,furnace_natural_gas_efficient_residential,heating_cooling,gas_furnace,test_utility_1,none,single_family,10,27500.0,ROB,2750.0,furnace_natural_gas_baseline_residential_to_furnace_natural_gas_efficient_residential,residential,NLIRROB,furnace_natural_gas_baseline_residential,furnace_natural_gas_efficient_residential,,,700.0,0.0,715.0,0.0,80.0,natural_gas,therms,30.0,electricity,kWh,,,,,,,700.0,0.03424657534246575,1.0,0.0,30.0,80.0,0.0,0.0,0.0,0.0,14.374105141607405,68.97389371814214,3495.310037392648,0.0,0.0,0.0,0.0,0.0,0.0,0.0,0.0,0.5,0.5,0.5,350.0,350.0,350.0,1050.0,210.0,210.0,210.0,14.02,20.23769604675697,0.04296818606869767,1.082368281891743,0.0,0.0,0.0,0.0,0.0,0.0,0.0,0.0,0.0,0.0,0.0,0.0,0.0,0.0,0.0,21.36303251471741,0.25590608510327484,52.71665353127462,7914.526916828697,0.0,560.0,83.34799885974954,0.14883571224955275,560.0,3495.310037392648,6.241625066772586,1120.0,3578.658036252398,3.1952303895110696,1680.0,3593.933942337501,2.1392463942485125,1680.0,3636.6600073669356,2.164678575813652,1172.7166535312745,4138.658036252398,3.5291202046036494,700.0,4682.630595868775,6.689472279812536
12,furnace_natural_gas_baseline_residential,heating_cooling,gas_furnace,test_utility_1,test_utility_1,single_family,10,2500.0,ROB,250.0,,,,,,,,,,,,,,,,,,,,,,,,,,,,,,,,,,,,,,,,,,,,,,,,,,,,,,,,,,,,,,,,,,,,,,,,,,,,,,,,,,,,,,,,,,,,,,,,,,,
13,furnace_natural_gas_baseline_residential,heating_cooling,gas_furnace,test_utility_1,test_utility_2,single_family,10,5000.0,ROB,500.0,,,,,,,,,,,,,,,,,,,,,,,,,,,,,,,,,,,,,,,,,,,,,,,,,,,,,,,,,,,,,,,,,,,,,,,,,,,,,,,,,,,,,,,,,,,,,,,,,,,
14,furnace_natural_gas_baseline_residential,heating_cooling,gas_furnace,test_utility_1,none,single_family,10,13750.0,ROB,1375.0,,,,,,,,,,,,,,,,,,,,,,,,,,,,,,,,,,,,,,,,,,,,,,,,,,,,,,,,,,,,,,,,,,,,,,,,,,,,,,,,,,,,,,,,,,,,,,,,,,,
15,furnace_natural_gas_existing_residential,heating_cooling,gas_furnace,test_utility_1,test_utility_1,single_family,10,2500.0,ROB,250.0,,,,,,,,,,,,,,,,,,,,,,,,,,,,,,,,,,,,,,,,,,,,,,,,,,,,,,,,,,,,,,,,,,,,,,,,,,,,,,,,,,,,,,,,,,,,,,,,,,,
16,furnace_natural_gas_existing_residential,heating_cooling,gas_furnace,test_utility_1,test_utility_2,single_family,10,5000.0,ROB,500.0,,,,,,,,,,,,,,,,,,,,,,,,,,,,,,,,,,,,,,,,,,,,,,,,,,,,,,,,,,,,,,,,,,,,,,,,,,,,,,,,,,,,,,,,,,,,,,,,,,,
17,furnace_natural_gas_existing_residential,heating_cooling,gas_furnace,test_utility_1,none,single_family,10,13750.0,ROB,1375.0,,,,,,,,,,,,,,,,,,,,,,,,,,,,,,,,,,,,,,,,,,,,,,,,,,,,,,,,,,,,,,,,,,,,,,,,,,,,,,,,,,,,,,,,,,,,,,,,,,,
18,refrigerator_electricity_efficient_residential,refrigeration,full_size,test_utility_1,test_utility_1,single_family,10,15000.0,ROB,1500.0,refrigerator_electricity_efficient_residential_refrigerator_electricity_baseline_residential,residential,NLIRROB,refrigerator_electricity_baseline_residential,refrigerator_electricity_efficient_residential,,unknown,450.0,0.0,0.0,0.0,450.0,electricity,kWh,,,,,,,refrigeration,,,450.0,0.03424657534246575,1.0,0.0,450.0,0.0,0.0,0.0,0.0,0.0,215.61157712411108,1034.608405772132,0.0,0.0,0.0,0.0,0.0,0.0,0.0,0.0,0.0,0.5,0.5,0.5,225.0,225.0,225.0,675.0,135.0,135.0,135.0,9.02,303.56544070135453,0.6445227910304651,16.235524228376146,0.0,0.0,0.0,0.0,0.0,0.0,0.0,0.0,0.0,0.0,0.0,0.0,0.0,0.0,0.0,320.44548772076115,0.25590608510327484,790.7498029691194,0.0,0.0,360.0,1250.2199828962432,3.472833285822898,360.0,0.0,0.0,720.0,1250.2199828962432,1.736416642911449,1080.0,1260.4958889813465,1.1671258231308763,1080.0,1901.3868644228687,1.7605433929841376,1510.7498029691194,1610.2199828962432,1.0658415971536996,450.0,2717.2256919504657,6.03827931544548
19,refrigerator_electricity_efficient_residential,refrigeration,full_size,test_utility_1,test_utility_2,single_family,10,30000.0,ROB,3000.0,refrigerator_electricity_efficient_residential_refrigerator_electricity_baseline_residential,residential,NLIRROB,refrigerator_electricity_baseline_residential,refrigerator_electricity_efficient_residential,,unknown,450.0,0.0,0.0,0.0,450.0,electricity,kWh,,,,,,,refrigeration,,,450.0,0.03424657534246575,1.0,0.0,450.0,0.0,0.0,0.0,0.0,0.0,215.61157712411108,1034.608405772132,0.0,0.0,0.0,0.0,0.0,0.0,0.0,0.0,0.0,0.5,0.5,0.5,225.0,225.0,225.0,675.0,135.0,135.0,135.0,9.02,303.56544070135453,0.6445227910304651,16.235524228376146,0.0,0.0,0.0,0.0,0.0,0.0,0.0,0.0,0.0,0.0,0.0,0.0,0.0,0.0,0.0,320.44548772076115,8.786108921879103,790.7498029691194,0.0,0.0,360.0,1250.2199828962432,3.472833285822898,360.0,0.0,0.0,720.0,1250.2199828962432,1.736416642911449,1080.0,1269.0260918181223,1.175024159090854,1080.0,1909.9170672596447,1.7684417289441154,1510.7498029691194,1610.2199828962432,1.0658415971536996,450.0,2725.7558947872417,6.057235321749426
20,refrigerator_electricity_efficient_residential,refrigeration,full_size,test_utility_1,none,single_family,10,82500.0,ROB,8250.0,refrigerator_electricity_efficient_residential_refrigerator_electricity_baseline_residential,residential,NLIRROB,refrigerator_electricity_baseline_residential,refrigerator_electricity_efficient_residential,,unknown,450.0,0.0,0.0,0.0,450.0,electricity,kWh,,,,,,,refrigeration,,,450.0,0.03424657534246575,1.0,0.0,450.0,0.0,0.0,0.0,0.0,0.0,215.61157712411108,1034.608405772132,0.0,0.0,0.0,0.0,0.0,0.0,0.0,0.0,0.0,0.5,0.5,0.5,225.0,225.0,225.0,675.0,135.0,135.0,135.0,9.02,303.56544070135453,0.6445227910304651,16.235524228376146,0.0,0.0,0.0,0.0,0.0,0.0,0.0,0.0,0.0,0.0,0.0,0.0,0.0,0.0,0.0,320.44548772076115,0.25590608510327484,790.7498029691194,0.0,0.0,360.0,1250.2199828962432,3.472833285822898,360.0,0.0,0.0,720.0,1250.2199828962432,1.736416642911449,1080.0,1260.4958889813465,1.1671258231308763,1080.0,1901.3868644228687,1.7605433929841376,1510.7498029691194,1610.2199828962432,1.0658415971536996,450.0,2717.2256919504657,6.03827931544548
21,refrigerator_electricity_baseline_residential,refrigeration,full_size,test_utility_1,test_utility_1,single_family,10,12500.0,ROB,1250.0,,,,,,,,,,,,,,,,,,,,,,,,,,,,,,,,,,,,,,,,,,,,,,,,,,,,,,,,,,,,,,,,,,,,,,,,,,,,,,,,,,,,,,,,,,,,,,,,,,,
22,refrigerator_electricity_baseline_residential,refrigeration,full_size,test_utility_1,test_utility_2,single_family,10,25000.0,ROB,2500.0,,,,,,,,,,,,,,,,,,,,,,,,,,,,,,,,,,,,,,,,,,,,,,,,,,,,,,,,,,,,,,,,,,,,,,,,,,,,,,,,,,,,,,,,,,,,,,,,,,,
23,refrigerator_electricity_baseline_residential,refrigeration,full_size,test_utility_1,none,single_family,10,68750.0,ROB,6875.0,,,,,,,,,,,,,,,,,,,,,,,,,,,,,,,,,,,,,,,,,,,,,,,,,,,,,,,,,,,,,,,,,,,,,,,,,,,,,,,,,,,,,,,,,,,,,,,,,,,
24,refrigerator_electricity_top10_residential,refrigeration,full_size,test_utility_1,test_utility_1,single_family,10,12500.0,ROB,1250.0,refrigerator_electricity_top10_residential_refrigerator_electricity_baseline_residential,residential,NLIRROB,refrigerator_electricity_baseline_residential,refrigerator_electricity_top10_residential,,unknown,750.0,0.0,0.0,0.0,700.0,electricity,kWh,,,,,,,refrigeration,,,750.0,0.03424657534246575,1.0,0.0,700.0,0.0,0.0,0.0,0.0,0.0,335.39578663750615,1609.3908534233162,0.0,0.0,0.0,0.0,0.0,0.0,0.0,0.0,0.0,0.5,0.5,0.5,375.0,375.0,375.0,1125.0,225.0,225.0,225.0,15.02,472.2129077576627,1.0025910082696121,25.255259910807336,0.0,0.0,0.0,0.0,0.0,0.0,0.0,0.0,0.0,0.0,0.0,0.0,0.0,0.0,0.0,498.4707586767397,0.25590608510327484,1230.0552490630746,0.0,0.0,600.0,1944.7866400608223,3.241311066768037,600.0,0.0,0.0,1200.0,1944.7866400608223,1.6206555333840185,1800.0,1961.0625461459256,1.089479192303292,1800.0,2958.0040634994048,1.6433355908330027,2430.0552490630744,2544.7866400608223,1.0472134907393498,750.0,4301.097795209001,5.734797060278668
25,refrigerator_electricity_top10_residential,refrigeration,full_size,test_utility_1,test_utility_2,single_family,10,25000.0,ROB,2500.0,refrigerator_electricity_top10_residential_refrigerator_electricity_baseline_residential,residential,NLIRROB,refrigerator_electricity_baseline_residential,refrigerator_electricity_top10_residential,,unknown,750.0,0.0,0.0,0.0,700.0,electricity,kWh,,,,,,,refrigeration,,,750.0,0.03424657534246575,1.0,0.0,700.0,0.0,0.0,0.0,0.0,0.0,335.39578663750615,1609.3908534233162,0.0,0.0,0.0,0.0,0.0,0.0,0.0,0.0,0.0,0.5,0.5,0.5,375.0,375.0,375.0,1125.0,225.0,225.0,225.0,15.02,472.2129077576627,1.0025910082696121,25.255259910807336,0.0,0.0,0.0,0.0,0.0,0.0,0.0,0.0,0.0,0.0,0.0,0.0,0.0,0.0,0.0,498.4707586767397,8.786108921879103,1230.0552490630746,0.0,0.0,600.0,1944.7866400608223,3.241311066768037,600.0,0.0,0.0,1200.0,1944.7866400608223,1.6206555333840185,1800.0,1969.5927489827013,1.0942181938792785,1800.0,2966.5342663361807,1.6480745924089892,2430.0552490630744,2544.7866400608223,1.0472134907393498,750.0,4309.627998045777,5.746170664061036
26,refrigerator_electricity_top10_residential,refrigeration,full_size,test_utility_1,none,single_family,10,68750.0,ROB,6875.0,refrigerator_electricity_top10_residential_refrigerator_electricity_baseline_residential,residential,NLIRROB,refrigerator_electricity_baseline_residential,refrigerator_electricity_top10_residential,,unknown,750.0,0.0,0.0,0.0,700.0,electricity,kWh,,,,,,,refrigeration,,,750.0,0.03424657534246575,1.0,0.0,700.0,0.0,0.0,0.0,0.0,0.0,335.39578663750615,1609.3908534233162,0.0,0.0,0.0,0.0,0.0,0.0,0.0,0.0,0.0,0.5,0.5,0.5,375.0,375.0,375.0,1125.0,225.0,225.0,225.0,15.02,472.2129077576627,1.0025910082696121,25.255259910807336,0.0,0.0,0.0,0.0,0.0,0.0,0.0,0.0,0.0,0.0,0.0,0.0,0.0,0.0,0.0,498.4707586767397,0.25590608510327484,1230.0552490630746,0.0,0.0,600.0,1944.7866400608223,3.241311066768037,600.0,0.0,0.0,1200.0,1944.7866400608223,1.6206555333840185,1800.0,1961.0625461459256,1.089479192303292,1800.0,2958.0040634994048,1.6433355908330027,2430.0552490630744,2544.7866400608223,1.0472134907393498,750.0,4301.097795209001,5.734797060278668
27,refrigerator_electricity_existing_residential,refrigeration,full_size,test_utility_1,test_utility_1,single_family,10,10000.0,ROB,1000.0,,,,,,,,,,,,,,,,,,,,,,,,,,,,,,,,,,,,,,,,,,,,,,,,,,,,,,,,,,,,,,,,,,,,,,,,,,,,,,,,,,,,,,,,,,,,,,,,,,,
28,refrigerator_electricity_existing_residential,refrigeration,full_size,test_utility_1,test_utility_2,single_family,10,20000.0,ROB,2000.0,,,,,,,,,,,,,,,,,,,,,,,,,,,,,,,,,,,,,,,,,,,,,,,,,,,,,,,,,,,,,,,,,,,,,,,,,,,,,,,,,,,,,,,,,,,,,,,,,,,
29,refrigerator_electricity_existing_residential,refrigeration,full_size,test_utility_1,none,single_family,10,55000.0,ROB,5500.0,,,,,,,,,,,,,,,,,,,,,,,,,,,,,,,,,,,,,,,,,,,,,,,,,,,,,,,,,,,,,,,,,,,,,,,,,,,,,,,,,,,,,,,,,,,,,,,,,,,
30,furnace_oil_efficient_residential,heating_cooling,oil_furnace,test_utility_1,test_utility_1,multifamily,10,2500.0,ROB,250.0,furnace_oil_baseline_residential_to_furnace_oil_efficient_residential,residential,NLIRROB,furnace_oil_baseline_residential,furnace_oil_efficient_residential,,,700.0,0.0,715.0,0.0,180.0,natural_gas,therms,67.5,electricity,kWh,,,,,,,700.0,0.03424657534246575,1.0,0.0,67.5,180.0,0.0,0.0,0.0,0.0,32.34173656861666,155.19126086581983,7864.447584133459,0.0,0.0,0.0,0.0,0.0,0.0,0.0,0.0,0.5,0.5,0.5,350.0,350.0,350.0,1050.0,210.0,210.0,210.0,14.02,45.534816105203184,0.09667841865456976,2.4353286342564213,0.0,0.0,0.0,0.0,0.0,0.0,0.0,0.0,0.0,0.0,0.0,0.0,0.0,0.0,0.0,48.066823158114175,0.25590608510327484,118.61247044536792,17807.685562864568,0.0,560.0,187.53299743443648,0.33488035256149373,560.0,7864.447584133459,14.04365640023832,1120.0,8051.980581567895,7.189268376399906,1680.0,8067.256487653,4.8019383855077376,1680.0,8163.390133969228,4.859160794029303,1238.6124704453678,8611.980581567896,6.952925783535254,700.0,9221.848958098366,13.174069940140523
31,furnace_oil_efficient_residential,heating_cooling,oil_furnace,test_utility_1,test_utility_2,multifamily,10,5000.0,ROB,500.0,furnace_oil_baseline_residential_to_furnace_oil_efficient_residential,residential,NLIRROB,furnace_oil_baseline_residential,furnace_oil_efficient_residential,,,700.0,0.0,715.0,0.0,180.0,natural_gas,therms,67.5,electricity,kWh,,,,,,,700.0,0.03424657534246575,1.0,0.0,67.5,180.0,0.0,0.0,0.0,0.0,32.34173656861666,155.19126086581983,7864.447584133459,0.0,0.0,0.0,0.0,0.0,0.0,0.0,0.0,0.5,0.5,0.5,350.0,350.0,350.0,1050.0,210.0,210.0,210.0,14.02,45.534816105203184,0.09667841865456976,2.4353286342564213,0.0,0.0,0.0,0.0,0.0,0.0,0.0,0.0,0.0,0.0,0.0,0.0,0.0,0.0,0.0,48.066823158114175,8.786108921879103,118.61247044536792,17807.685562864568,0.0,560.0,187.53299743443648,0.33488035256149373,560.0,7864.447584133459,14.04365640023832,1120.0,8051.980581567895,7.189268376399906,1680.0,8075.7866904897755,4.807015887196295,1680.0,8171.920336806004,4.864238295717859,1238.6124704453678,8611.980581567896,6.952925783535254,700.0,9230.379160935141,13.186255944193059
32,furnace_oil_efficient_residential,heating_cooling,oil_furnace,test_utility_1,none,multifamily,10,4700.0,ROB,470.0,furnace_oil_baseline_residential_to_furnace_oil_efficient_residential,residential,NLIRROB,furnace_oil_baseline_residential,furnace_oil_efficient_residential,,,700.0,0.0,715.0,0.0,180.0,natural_gas,therms,67.5,electricity,kWh,,,,,,,700.0,0.03424657534246575,1.0,0.0,67.5,180.0,0.0,0.0,0.0,0.0,32.34173656861666,155.19126086581983,7864.447584133459,0.0,0.0,0.0,0.0,0.0,0.0,0.0,0.0,0.5,0.5,0.5,350.0,350.0,350.0,1050.0,210.0,210.0,210.0,14.02,45.534816105203184,0.09667841865456976,2.4353286342564213,0.0,0.0,0.0,0.0,0.0,0.0,0.0,0.0,0.0,0.0,0.0,0.0,0.0,0.0,0.0,48.066823158114175,0.25590608510327484,118.61247044536792,17807.685562864568,0.0,560.0,187.53299743443648,0.33488035256149373,560.0,7864.447584133459,14.04365640023832,1120.0,8051.980581567895,7.189268376399906,1680.0,8067.256487653,4.8019383855077376,1680.0,8163.390133969228,4.859160794029303,1238.6124704453678,8611.980581567896,6.952925783535254,700.0,9221.848958098366,13.174069940140523
33,furnace_oil_baseline_residential,heating_cooling,oil_furnace,test_utility_1,test_utility_1,multifamily,10,1250.0,ROB,125.0,,,,,,,,,,,,,,,,,,,,,,,,,,,,,,,,,,,,,,,,,,,,,,,,,,,,,,,,,,,,,,,,,,,,,,,,,,,,,,,,,,,,,,,,,,,,,,,,,,,
34,furnace_oil_baseline_residential,heating_cooling,oil_furnace,test_utility_1,test_utility_2,multifamily,10,2500.0,ROB,250.0,,,,,,,,,,,,,,,,,,,,,,,,,,,,,,,,,,,,,,,,,,,,,,,,,,,,,,,,,,,,,,,,,,,,,,,,,,,,,,,,,,,,,,,,,,,,,,,,,,,
35,furnace_oil_baseline_residential,heating_cooling,oil_furnace,test_utility_1,none,multifamily,10,2350.0,ROB,235.0,,,,,,,,,,,,,,,,,,,,,,,,,,,,,,,,,,,,,,,,,,,,,,,,,,,,,,,,,,,,,,,,,,,,,,,,,,,,,,,,,,,,,,,,,,,,,,,,,,,
36,furnace_oil_existing_residential,heating_cooling,oil_furnace,test_utility_1,test_utility_1,multifamily,10,1250.0,ROB,125.0,,,,,,,,,,,,,,,,,,,,,,,,,,,,,,,,,,,,,,,,,,,,,,,,,,,,,,,,,,,,,,,,,,,,,,,,,,,,,,,,,,,,,,,,,,,,,,,,,,,
37,furnace_oil_existing_residential,heating_cooling,oil_furnace,test_utility_1,test_utility_2,multifamily,10,2500.0,ROB,250.0,,,,,,,,,,,,,,,,,,,,,,,,,,,,,,,,,,,,,,,,,,,,,,,,,,,,,,,,,,,,,,,,,,,,,,,,,,,,,,,,,,,,,,,,,,,,,,,,,,,
38,furnace_oil_existing_residential,heating_cooling,oil_furnace,test_utility_1,none,multifamily,10,2350.0,ROB,235.0,,,,,,,,,,,,,,,,,,,,,,,,,,,,,,,,,,,,,,,,,,,,,,,,,,,,,,,,,,,,,,,,,,,,,,,,,,,,,,,,,,,,,,,,,,,,,,,,,,,
39,furnace_natural_gas_efficient_residential,heating_cooling,gas_furnace,test_utility_1,test_utility_1,multifamily,10,2500.0,ROB,250.0,furnace_natural_gas_baseline_residential_to_furnace_natural_gas_efficient_residential,residential,NLIRROB,furnace_natural_gas_baseline_residential,furnace_natural_gas_efficient_residential,,,700.0,0.0,715.0,0.0,180.0,natural_gas,therms,67.5,electricity,kWh,,,,,,,700.0,0.03424657534246575,1.0,0.0,67.5,180.0,0.0,0.0,0.0,0.0,32.34173656861666,155.19126086581983,7864.447584133459,0.0,0.0,0.0,0.0,0.0,0.0,0.0,0.0,0.5,0.5,0.5,350.0,350.0,350.0,1050.0,210.0,210.0,210.0,14.02,45.534816105203184,0.09667841865456976,2.4353286342564213,0.0,0.0,0.0,0.0,0.0,0.0,0.0,0.0,0.0,0.0,0.0,0.0,0.0,0.0,0.0,48.066823158114175,0.25590608510327484,118.61247044536792,17807.685562864568,0.0,560.0,187.53299743443648,0.33488035256149373,560.0,7864.447584133459,14.04365640023832,1120.0,8051.980581567895,7.189268376399906,1680.0,8067.256487653,4.8019383855077376,1680.0,8163.390133969228,4.859160794029303,1238.6124704453678,8611.980581567896,6.952925783535254,700.0,9221.848958098366,13.174069940140523
40,furnace_natural_gas_efficient_residential,heating_cooling,gas_furnace,test_utility_1,test_utility_2,multifamily,10,5000.0,ROB,500.0,furnace_natural_gas_baseline_residential_to_furnace_natural_gas_efficient_residential,residential,NLIRROB,furnace_natural_gas_baseline_residential,furnace_natural_gas_efficient_residential,,,700.0,0.0,715.0,0.0,180.0,natural_gas,therms,67.5,electricity,kWh,,,,,,,700.0,0.03424657534246575,1.0,0.0,67.5,180.0,0.0,0.0,0.0,0.0,32.34173656861666,155.19126086581983,7864.447584133459,0.0,0.0,0.0,0.0,0.0,0.0,0.0,0.0,0.5,0.5,0.5,350.0,350.0,350.0,1050.0,210.0,210.0,210.0,14.02,45.534816105203184,0.09667841865456976,2.4353286342564213,0.0,0.0,0.0,0.0,0.0,0.0,0.0,0.0,0.0,0.0,0.0,0.0,0.0,0.0,0.0,48.066823158114175,8.786108921879103,118.61247044536792,17807.685562864568,0.0,560.0,187.53299743443648,0.33488035256149373,560.0,7864.447584133459,14.04365640023832,1120.0,8051.980581567895,7.189268376399906,1680.0,8075.7866904897755,4.807015887196295,1680.0,8171.920336806004,4.864238295717859,1238.6124704453678,8611.980581567896,6.952925783535254,700.0,9230.379160935141,13.186255944193059
41,furnace_natural_gas_efficient_residential,heating_cooling,gas_furnace,test_utility_1,none,multifamily,10,4700.0,ROB,470.0,furnace_natural_gas_baseline_residential_to_furnace_natural_gas_efficient_residential,residential,NLIRROB,furnace_natural_gas_baseline_residential,furnace_natural_gas_efficient_residential,,,700.0,0.0,715.0,0.0,180.0,natural_gas,therms,67.5,electricity,kWh,,,,,,,700.0,0.03424657534246575,1.0,0.0,67.5,180.0,0.0,0.0,0.0,0.0,32.34173656861666,155.19126086581983,7864.447584133459,0.0,0.0,0.0,0.0,0.0,0.0,0.0,0.0,0.5,0.5,0.5,350.0,350.0,350.0,1050.0,210.0,210.0,210.0,14.02,45.534816105203184,0.09667841865456976,2.4353286342564213,0.0,0.0,0.0,0.0,0.0,0.0,0.0,0.0,0.0,0.0,0.0,0.0,0.0,0.0,0.0,48.066823158114175,0.25590608510327484,118.61247044536792,17807.685562864568,0.0,560.0,187.53299743443648,0.33488035256149373,560.0,7864.447584133459,14.04365640023832,1120.0,8051.980581567895,7.189268376399906,1680.0,8067.256487653,4.8019383855077376,1680.0,8163.390133969228,4.859160794029303,1238.6124704453678,8611.980581567896,6.952925783535254,700.0,9221.848958098366,13.174069940140523
42,furnace_natural_gas_baseline_residential,heating_cooling,gas_furnace,test_utility_1,test_utility_1,multifamily,10,1250.0,ROB,125.0,,,,,,,,,,,,,,,,,,,,,,,,,,,,,,,,,,,,,,,,,,,,,,,,,,,,,,,,,,,,,,,,,,,,,,,,,,,,,,,,,,,,,,,,,,,,,,,,,,,
43,furnace_natural_gas_baseline_residential,heating_cooling,gas_furnace,test_utility_1,test_utility_2,multifamily,10,2500.0,ROB,250.0,,,,,,,,,,,,,,,,,,,,,,,,,,,,,,,,,,,,,,,,,,,,,,,,,,,,,,,,,,,,,,,,,,,,,,,,,,,,,,,,,,,,,,,,,,,,,,,,,,,
44,furnace_natural_gas_baseline_residential,heating_cooling,gas_furnace,test_utility_1,none,multifamily,10,2350.0,ROB,235.0,,,,,,,,,,,,,,,,,,,,,,,,,,,,,,,,,,,,,,,,,,,,,,,,,,,,,,,,,,,,,,,,,,,,,,,,,,,,,,,,,,,,,,,,,,,,,,,,,,,
45,furnace_natural_gas_existing_residential,heating_cooling,gas_furnace,test_utility_1,test_utility_1,multifamily,10,1250.0,ROB,125.0,,,,,,,,,,,,,,,,,,,,,,,,,,,,,,,,,,,,,,,,,,,,,,,,,,,,,,,,,,,,,,,,,,,,,,,,,,,,,,,,,,,,,,,,,,,,,,,,,,,
46,furnace_natural_gas_existing_residential,heating_cooling,gas_furnace,test_utility_1,test_utility_2,multifamily,10,2500.0,ROB,250.0,,,,,,,,,,,,,,,,,,,,,,,,,,,,,,,,,,,,,,,,,,,,,,,,,,,,,,,,,,,,,,,,,,,,,,,,,,,,,,,,,,,,,,,,,,,,,,,,,,,
47,furnace_natural_gas_existing_residential,heating_cooling,gas_furnace,test_utility_1,none,multifamily,10,2350.0,ROB,235.0,,,,,,,,,,,,,,,,,,,,,,,,,,,,,,,,,,,,,,,,,,,,,,,,,,,,,,,,,,,,,,,,,,,,,,,,,,,,,,,,,,,,,,,,,,,,,,,,,,,
48,refrigerator_electricity_efficient_residential,refrigeration,full_size,test_utility_1,test_utility_1,multifamily,10,9000.0,ROB,900.0,refrigerator_electricity_efficient_residential_refrigerator_electricity_baseline_residential,residential,NLIRROB,refrigerator_electricity_baseline_residential,refrigerator_electricity_efficient_residential,,unknown,450.0,0.0,0.0,0.0,750.0,electricity,kWh,,,,,,,refrigeration,,,450.0,0.03424657534246575,1.0,0.0,750.0,0.0,0.0,0.0,0.0,0.0,359.35262854018515,1724.3473429535532,0.0,0.0,0.0,0.0,0.0,0.0,0.0,0.0,0.0,0.5,0.5,0.5,225.0,225.0,225.0,675.0,135.0,135.0,135.0,9.02,505.94240116892433,1.0742046517174415,27.05920704729358,0.0,0.0,0.0,0.0,0.0,0.0,0.0,0.0,0.0,0.0,0.0,0.0,0.0,0.0,0.0,534.0758128679354,0.25590608510327484,1317.9163382818656,0.0,0.0,360.0,2083.6999714937383,5.788055476371495,360.0,0.0,0.0,720.0,2083.6999714937383,2.8940277381857475,1080.0,2093.9758775788414,1.9388665533137421,1080.0,3162.127503314712,2.927895836402511,2037.9163382818656,2443.6999714937383,1.1991169242766768,450.0,4077.872215860707,9.061938257468238
49,refrigerator_electricity_efficient_residential,refrigeration,full_size,test_utility_1,test_utility_2,multifamily,10,18000.0,ROB,1800.0,refrigerator_electricity_efficient_residential_refrigerator_electricity_baseline_residential,residential,NLIRROB,refrigerator_electricity_baseline_residential,refrigerator_electricity_efficient_residential,,unknown,450.0,0.0,0.0,0.0,750.0,electricity,kWh,,,,,,,refrigeration,,,450.0,0.03424657534246575,1.0,0.0,750.0,0.0,0.0,0.0,0.0,0.0,359.35262854018515,1724.3473429535532,0.0,0.0,0.0,0.0,0.0,0.0,0.0,0.0,0.0,0.5,0.5,0.5,225.0,225.0,225.0,675.0,135.0,135.0,135.0,9.02,505.94240116892433,1.0742046517174415,27.05920704729358,0.0,0.0,0.0,0.0,0.0,0.0,0.0,0.0,0.0,0.0,0.0,0.0,0.0,0.0,0.0,534.0758128679354,8.786108921879103,1317.9163382818656,0.0,0.0,360.0,2083.6999714937383,5.788055476371495,360.0,0.0,0.0,720.0,2083.6999714937383,2.8940277381857475,1080.0,2102.5060804156174,1.9467648892737197,1080.0,3170.657706151488,2.935794172362489,2037.9163382818656,2443.6999714937383,1.1991169242766768,450.0,4086.402418697483,9.080894263772185
50,refrigerator_electricity_efficient_residential,refrigeration,full_size,test_utility_1,none,multifamily,10,16920.0,ROB,1692.0,refrigerator_electricity_efficient_residential_refrigerator_electricity_baseline_residential,residential,NLIRROB,refrigerator_electricity_baseline_residential,refrigerator_electricity_efficient_residential,,unknown,450.0,0.0,0.0,0.0,750.0,electricity,kWh,,,,,,,refrigeration,,,450.0,0.03424657534246575,1.0,0.0,750.0,0.0,0.0,0.0,0.0,0.0,359.35262854018515,1724.3473429535532,0.0,0.0,0.0,0.0,0.0,0.0,0.0,0.0,0.0,0.5,0.5,0.5,225.0,225.0,225.0,675.0,135.0,135.0,135.0,9.02,505.94240116892433,1.0742046517174415,27.05920704729358,0.0,0.0,0.0,0.0,0.0,0.0,0.0,0.0,0.0,0.0,0.0,0.0,0.0,0.0,0.0,534.0758128679354,0.25590608510327484,1317.9163382818656,0.0,0.0,360.0,2083.6999714937383,5.788055476371495,360.0,0.0,0.0,720.0,2083.6999714937383,2.8940277381857475,1080.0,2093.9758775788414,1.9388665533137421,1080.0,3162.127503314712,2.927895836402511,2037.9163382818656,2443.6999714937383,1.1991169242766768,450.0,4077.872215860707,9.061938257468238
51,refrigerator_electricity_baseline_residential,refrigeration,full_size,test_utility_1,test_utility_1,multifamily,10,7500.0,ROB,750.0,,,,,,,,,,,,,,,,,,,,,,,,,,,,,,,,,,,,,,,,,,,,,,,,,,,,,,,,,,,,,,,,,,,,,,,,,,,,,,,,,,,,,,,,,,,,,,,,,,,
52,refrigerator_electricity_baseline_residential,refrigeration,full_size,test_utility_1,test_utility_2,multifamily,10,15000.0,ROB,1500.0,,,,,,,,,,,,,,,,,,,,,,,,,,,,,,,,,,,,,,,,,,,,,,,,,,,,,,,,,,,,,,,,,,,,,,,,,,,,,,,,,,,,,,,,,,,,,,,,,,,
53,refrigerator_electricity_baseline_residential,refrigeration,full_size,test_utility_1,none,multifamily,10,14100.0,ROB,1410.0,,,,,,,,,,,,,,,,,,,,,,,,,,,,,,,,,,,,,,,,,,,,,,,,,,,,,,,,,,,,,,,,,,,,,,,,,,,,,,,,,,,,,,,,,,,,,,,,,,,
54,refrigerator_electricity_top10_residential,refrigeration,full_size,test_utility_1,test_utility_1,multifamily,10,7500.0,ROB,750.0,refrigerator_electricity_top10_residential_refrigerator_electricity_baseline_residential,residential,NLIRROB,refrigerator_electricity_baseline_residential,refrigerator_electricity_top10_residential,,unknown,750.0,0.0,0.0,0.0,1166.666666666667,electricity,kWh,,,,,,,refrigeration,,,750.0,0.03424657534246575,1.0,0.0,1166.666666666667,0.0,0.0,0.0,0.0,0.0,558.992977729177,2682.3180890388617,0.0,0.0,0.0,0.0,0.0,0.0,0.0,0.0,0.0,0.5,0.5,0.5,375.0,375.0,375.0,1125.0,225.0,225.0,225.0,15.02,787.0215129294379,1.6709850137826874,42.09209985134557,0.0,0.0,0.0,0.0,0.0,0.0,0.0,0.0,0.0,0.0,0.0,0.0,0.0,0.0,0.0,830.7845977945661,0.25590608510327484,2050.0920817717915,0.0,0.0,600.0,3241.3110667680385,5.4021851112800645,600.0,0.0,0.0,1200.0,3241.3110667680385,2.7010925556400323,1800.0,3257.5869728531416,1.8097705404739675,1800.0,4919.156168442274,2.7328645380234855,3250.0920817717915,3841.3110667680385,1.1819083798616385,750.0,6417.659054624934,8.556878739499911
55,refrigerator_electricity_top10_residential,refrigeration,full_size,test_utility_1,test_utility_2,multifamily,10,15000.0,ROB,1500.0,refrigerator_electricity_top10_residential_refrigerator_electricity_baseline_residential,residential,NLIRROB,refrigerator_electricity_baseline_residential,refrigerator_electricity_top10_residential,,unknown,750.0,0.0,0.0,0.0,1166.666666666667,electricity,kWh,,,,,,,refrigeration,,,750.0,0.03424657534246575,1.0,0.0,1166.666666666667,0.0,0.0,0.0,0.0,0.0,558.992977729177,2682.3180890388617,0.0,0.0,0.0,0.0,0.0,0.0,0.0,0.0,0.0,0.5,0.5,0.5,375.0,375.0,375.0,1125.0,225.0,225.0,225.0,15.02,787.0215129294379,1.6709850137826874,42.09209985134557,0.0,0.0,0.0,0.0,0.0,0.0,0.0,0.0,0.0,0.0,0.0,0.0,0.0,0.0,0.0,830.7845977945661,8.786108921879103,2050.0920817717915,0.0,0.0,600.0,3241.3110667680385,5.4021851112800645,600.0,0.0,0.0,1200.0,3241.3110667680385,2.7010925556400323,1800.0,3266.1171756899175,1.8145095420499542,1800.0,4927.68637127905,2.7376035395994722,3250.0920817717915,3841.3110667680385,1.1819083798616385,750.0,6426.1892574617095,8.56825234328228
56,refrigerator_electricity_top10_residential,refrigeration,full_size,test_utility_1,none,multifamily,10,14100.0,ROB,1410.0,refrigerator_electricity_top10_residential_refrigerator_electricity_baseline_residential,residential,NLIRROB,refrigerator_electricity_baseline_residential,refrigerator_electricity_top10_residential,,unknown,750.0,0.0,0.0,0.0,1166.666666666667,electricity,kWh,,,,,,,refrigeration,,,750.0,0.03424657534246575,1.0,0.0,1166.666666666667,0.0,0.0,0.0,0.0,0.0,558.992977729177,2682.3180890388617,0.0,0.0,0.0,0.0,0.0,0.0,0.0,0.0,0.0,0.5,0.5,0.5,375.0,375.0,375.0,1125.0,225.0,225.0,225.0,15.02,787.0215129294379,1.6709850137826874,42.09209985134557,0.0,0.0,0.0,0.0,0.0,0.0,0.0,0.0,0.0,0.0,0.0,0.0,0.0,0.0,0.0,830.7845977945661,0.25590608510327484,2050.0920817717915,0.0,0.0,600.0,3241.3110667680385,5.4021851112800645,600.0,0.0,0.0,1200.0,3241.3110667680385,2.7010925556400323,1800.0,3257.5869728531416,1.8097705404739675,1800.0,4919.156168442274,2.7328645380234855,3250.0920817717915,3841.3110667680385,1.1819083798616385,750.0,6417.659054624934,8.556878739499911
57,refrigerator_electricity_existing_residential,refrigeration,full_size,test_utility_1,test_utility_1,multifamily,10,6000.0,ROB,600.0,,,,,,,,,,,,,,,,,,,,,,,,,,,,,,,,,,,,,,,,,,,,,,,,,,,,,,,,,,,,,,,,,,,,,,,,,,,,,,,,,,,,,,,,,,,,,,,,,,,
58,refrigerator_electricity_existing_residential,refrigeration,full_size,test_utility_1,test_utility_2,multifamily,10,12000.0,ROB,1200.0,,,,,,,,,,,,,,,,,,,,,,,,,,,,,,,,,,,,,,,,,,,,,,,,,,,,,,,,,,,,,,,,,,,,,,,,,,,,,,,,,,,,,,,,,,,,,,,,,,,
59,refrigerator_electricity_existing_residential,refrigeration,full_size,test_utility_1,none,multifamily,10,11280.0,ROB,1128.0,,,,,,,,,,,,,,,,,,,,,,,,,,,,,,,,,,,,,,,,,,,,,,,,,,,,,,,,,,,,,,,,,,,,,,,,,,,,,,,,,,,,,,,,,,,,,,,,,,,
60,furnace_oil_efficient_residential,heating_cooling,oil_furnace,test_utility_1,test_utility_1,single_family_li,10,500.0,ROB,50.0,furnace_oil_baseline_residential_to_furnace_oil_efficient_residential,residential,LIRROB,furnace_oil_baseline_residential,furnace_oil_efficient_residential,,,700.0,0.0,715.0,0.0,80.0,natural_gas,therms,30.0,electricity,kWh,,,,,,,700.0,0.03424657534246575,1.0,0.0,30.0,80.0,0.0,0.0,0.0,0.0,14.374105141607405,68.97389371814214,3495.310037392648,0.0,0.0,0.0,0.0,0.0,0.0,0.0,0.0,0.5,0.5,0.5,350.0,350.0,350.0,1050.0,210.0,210.0,210.0,14.02,20.23769604675697,0.04296818606869767,1.082368281891743,0.0,0.0,0.0,0.0,0.0,0.0,0.0,0.0,0.0,0.0,0.0,0.0,0.0,0.0,0.0,21.36303251471741,0.25590608510327484,52.71665353127462,7914.526916828697,0.0,560.0,83.34799885974954,0.14883571224955275,560.0,3495.310037392648,6.241625066772586,1120.0,3578.658036252398,3.1952303895110696,1680.0,3593.933942337501,2.1392463942485125,1680.0,3636.6600073669356,2.164678575813652,1172.7166535312745,4138.658036252398,3.5291202046036494,700.0,4682.630595868775,6.689472279812536
61,furnace_oil_efficient_residential,heating_cooling,oil_furnace,test_utility_1,test_utility_2,single_family_li,10,2000.0,ROB,200.0,furnace_oil_baseline_residential_to_furnace_oil_efficient_residential,residential,LIRROB,furnace_oil_baseline_residential,furnace_oil_efficient_residential,,,700.0,0.0,715.0,0.0,80.0,natural_gas,therms,30.0,electricity,kWh,,,,,,,700.0,0.03424657534246575,1.0,0.0,30.0,80.0,0.0,0.0,0.0,0.0,14.374105141607405,68.97389371814214,3495.310037392648,0.0,0.0,0.0,0.0,0.0,0.0,0.0,0.0,0.5,0.5,0.5,350.0,350.0,350.0,1050.0,210.0,210.0,210.0,14.02,20.23769604675697,0.04296818606869767,1.082368281891743,0.0,0.0,0.0,0.0,0.0,0.0,0.0,0.0,0.0,0.0,0.0,0.0,0.0,0.0,0.0,21.36303251471741,8.786108921879103,52.71665353127462,7914.526916828697,0.0,560.0,83.34799885974954,0.14883571224955275,560.0,3495.310037392648,6.241625066772586,1120.0,3578.658036252398,3.1952303895110696,1680.0,3602.464145174277,2.1443238959370694,1680.0,3645.1902102037116,2.169756077502209,1172.7166535312745,4138.658036252398,3.5291202046036494,700.0,4691.160798705551,6.701658283865073
62,furnace_oil_efficient_residential,heating_cooling,oil_furnace,test_utility_1,none,single_family_li,10,1900.0,ROB,190.0,furnace_oil_baseline_residential_to_furnace_oil_efficient_residential,residential,LIRROB,furnace_oil_baseline_residential,furnace_oil_efficient_residential,,,700.0,0.0,715.0,0.0,80.0,natural_gas,therms,30.0,electricity,kWh,,,,,,,700.0,0.03424657534246575,1.0,0.0,30.0,80.0,0.0,0.0,0.0,0.0,14.374105141607405,68.97389371814214,3495.310037392648,0.0,0.0,0.0,0.0,0.0,0.0,0.0,0.0,0.5,0.5,0.5,350.0,350.0,350.0,1050.0,210.0,210.0,210.0,14.02,20.23769604675697,0.04296818606869767,1.082368281891743,0.0,0.0,0.0,0.0,0.0,0.0,0.0,0.0,0.0,0.0,0.0,0.0,0.0,0.0,0.0,21.36303251471741,0.25590608510327484,52.71665353127462,7914.526916828697,0.0,560.0,83.34799885974954,0.14883571224955275,560.0,3495.310037392648,6.241625066772586,1120.0,3578.658036252398,3.1952303895110696,1680.0,3593.933942337501,2.1392463942485125,1680.0,3636.6600073669356,2.164678575813652,1172.7166535312745,4138.658036252398,3.5291202046036494,700.0,4682.630595868775,6.689472279812536
63,furnace_oil_baseline_residential,heating_cooling,oil_furnace,test_utility_1,test_utility_1,single_family_li,10,250.0,ROB,25.0,,,,,,,,,,,,,,,,,,,,,,,,,,,,,,,,,,,,,,,,,,,,,,,,,,,,,,,,,,,,,,,,,,,,,,,,,,,,,,,,,,,,,,,,,,,,,,,,,,,
64,furnace_oil_baseline_residential,heating_cooling,oil_furnace,test_utility_1,test_utility_2,single_family_li,10,1000.0,ROB,100.0,,,,,,,,,,,,,,,,,,,,,,,,,,,,,,,,,,,,,,,,,,,,,,,,,,,,,,,,,,,,,,,,,,,,,,,,,,,,,,,,,,,,,,,,,,,,,,,,,,,
65,furnace_oil_baseline_residential,heating_cooling,oil_furnace,test_utility_1,none,single_family_li,10,950.0,ROB,95.0,,,,,,,,,,,,,,,,,,,,,,,,,,,,,,,,,,,,,,,,,,,,,,,,,,,,,,,,,,,,,,,,,,,,,,,,,,,,,,,,,,,,,,,,,,,,,,,,,,,
66,furnace_oil_existing_residential,heating_cooling,oil_furnace,test_utility_1,test_utility_1,single_family_li,10,250.0,ROB,25.0,,,,,,,,,,,,,,,,,,,,,,,,,,,,,,,,,,,,,,,,,,,,,,,,,,,,,,,,,,,,,,,,,,,,,,,,,,,,,,,,,,,,,,,,,,,,,,,,,,,
67,furnace_oil_existing_residential,heating_cooling,oil_furnace,test_utility_1,test_utility_2,single_family_li,10,1000.0,ROB,100.0,,,,,,,,,,,,,,,,,,,,,,,,,,,,,,,,,,,,,,,,,,,,,,,,,,,,,,,,,,,,,,,,,,,,,,,,,,,,,,,,,,,,,,,,,,,,,,,,,,,
68,furnace_oil_existing_residential,heating_cooling,oil_furnace,test_utility_1,none,single_family_li,10,950.0,ROB,95.0,,,,,,,,,,,,,,,,,,,,,,,,,,,,,,,,,,,,,,,,,,,,,,,,,,,,,,,,,,,,,,,,,,,,,,,,,,,,,,,,,,,,,,,,,,,,,,,,,,,
69,furnace_natural_gas_efficient_residential,heating_cooling,gas_furnace,test_utility_1,test_utility_1,single_family_li,10,500.0,ROB,50.0,furnace_natural_gas_baseline_residential_to_furnace_natural_gas_efficient_residential,residential,LIRROB,furnace_natural_gas_baseline_residential,furnace_natural_gas_efficient_residential,,,700.0,0.0,715.0,0.0,80.0,natural_gas,therms,30.0,electricity,kWh,,,,,,,700.0,0.03424657534246575,1.0,0.0,30.0,80.0,0.0,0.0,0.0,0.0,14.374105141607405,68.97389371814214,3495.310037392648,0.0,0.0,0.0,0.0,0.0,0.0,0.0,0.0,0.5,0.5,0.5,350.0,350.0,350.0,1050.0,210.0,210.0,210.0,14.02,20.23769604675697,0.04296818606869767,1.082368281891743,0.0,0.0,0.0,0.0,0.0,0.0,0.0,0.0,0.0,0.0,0.0,0.0,0.0,0.0,0.0,21.36303251471741,0.25590608510327484,52.71665353127462,7914.526916828697,0.0,560.0,83.34799885974954,0.14883571224955275,560.0,3495.310037392648,6.241625066772586,1120.0,3578.658036252398,3.1952303895110696,1680.0,3593.933942337501,2.1392463942485125,1680.0,3636.6600073669356,2.164678575813652,1172.7166535312745,4138.658036252398,3.5291202046036494,700.0,4682.630595868775,6.689472279812536
70,furnace_natural_gas_efficient_residential,heating_cooling,gas_furnace,test_utility_1,test_utility_2,single_family_li,10,2000.0,ROB,200.0,furnace_natural_gas_baseline_residential_to_furnace_natural_gas_efficient_residential,residential,LIRROB,furnace_natural_gas_baseline_residential,furnace_natural_gas_efficient_residential,,,700.0,0.0,715.0,0.0,80.0,natural_gas,therms,30.0,electricity,kWh,,,,,,,700.0,0.03424657534246575,1.0,0.0,30.0,80.0,0.0,0.0,0.0,0.0,14.374105141607405,68.97389371814214,3495.310037392648,0.0,0.0,0.0,0.0,0.0,0.0,0.0,0.0,0.5,0.5,0.5,350.0,350.0,350.0,1050.0,210.0,210.0,210.0,14.02,20.23769604675697,0.04296818606869767,1.082368281891743,0.0,0.0,0.0,0.0,0.0,0.0,0.0,0.0,0.0,0.0,0.0,0.0,0.0,0.0,0.0,21.36303251471741,8.786108921879103,52.71665353127462,7914.526916828697,0.0,560.0,83.34799885974954,0.14883571224955275,560.0,3495.310037392648,6.241625066772586,1120.0,3578.658036252398,3.1952303895110696,1680.0,3602.464145174277,2.1443238959370694,1680.0,3645.1902102037116,2.169756077502209,1172.7166535312745,4138.658036252398,3.5291202046036494,700.0,4691.160798705551,6.701658283865073
71,furnace_natural_gas_efficient_residential,heating_cooling,gas_furnace,test_utility_1,none,single_family_li,10,1900.0,ROB,190.0,furnace_natural_gas_baseline_residential_to_furnace_natural_gas_efficient_residential,residential,LIRROB,furnace_natural_gas_baseline_residential,furnace_natural_gas_efficient_residential,,,700.0,0.0,715.0,0.0,80.0,natural_gas,therms,30.0,electricity,kWh,,,,,,,700.0,0.03424657534246575,1.0,0.0,30.0,80.0,0.0,0.0,0.0,0.0,14.374105141607405,68.97389371814214,3495.310037392648,0.0,0.0,0.0,0.0,0.0,0.0,0.0,0.0,0.5,0.5,0.5,350.0,350.0,350.0,1050.0,210.0,210.0,210.0,14.02,20.23769604675697,0.04296818606869767,1.082368281891743,0.0,0.0,0.0,0.0,0.0,0.0,0.0,0.0,0.0,0.0,0.0,0.0,0.0,0.0,0.0,21.36303251471741,0.25590608510327484,52.71665353127462,7914.526916828697,0.0,560.0,83.34799885974954,0.14883571224955275,560.0,3495.310037392648,6.241625066772586,1120.0,3578.658036252398,3.1952303895110696,1680.0,3593.933942337501,2.1392463942485125,1680.0,3636.6600073669356,2.164678575813652,1172.7166535312745,4138.658036252398,3.5291202046036494,700.0,4682.630595868775,6.689472279812536
72,furnace_natural_gas_baseline_residential,heating_cooling,gas_furnace,test_utility_1,test_utility_1,single_family_li,10,250.0,ROB,25.0,,,,,,,,,,,,,,,,,,,,,,,,,,,,,,,,,,,,,,,,,,,,,,,,,,,,,,,,,,,,,,,,,,,,,,,,,,,,,,,,,,,,,,,,,,,,,,,,,,,
73,furnace_natural_gas_baseline_residential,heating_cooling,gas_furnace,test_utility_1,test_utility_2,single_family_li,10,1000.0,ROB,100.0,,,,,,,,,,,,,,,,,,,,,,,,,,,,,,,,,,,,,,,,,,,,,,,,,,,,,,,,,,,,,,,,,,,,,,,,,,,,,,,,,,,,,,,,,,,,,,,,,,,
74,furnace_natural_gas_baseline_residential,heating_cooling,gas_furnace,test_utility_1,none,single_family_li,10,950.0,ROB,95.0,,,,,,,,,,,,,,,,,,,,,,,,,,,,,,,,,,,,,,,,,,,,,,,,,,,,,,,,,,,,,,,,,,,,,,,,,,,,,,,,,,,,,,,,,,,,,,,,,,,
75,furnace_natural_gas_existing_residential,heating_cooling,gas_furnace,test_utility_1,test_utility_1,single_family_li,10,250.0,ROB,25.0,,,,,,,,,,,,,,,,,,,,,,,,,,,,,,,,,,,,,,,,,,,,,,,,,,,,,,,,,,,,,,,,,,,,,,,,,,,,,,,,,,,,,,,,,,,,,,,,,,,
76,furnace_natural_gas_existing_residential,heating_cooling,gas_furnace,test_utility_1,test_utility_2,single_family_li,10,1000.0,ROB,100.0,,,,,,,,,,,,,,,,,,,,,,,,,,,,,,,,,,,,,,,,,,,,,,,,,,,,,,,,,,,,,,,,,,,,,,,,,,,,,,,,,,,,,,,,,,,,,,,,,,,
77,furnace_natural_gas_existing_residential,heating_cooling,gas_furnace,test_utility_1,none,single_family_li,10,950.0,ROB,95.0,,,,,,,,,,,,,,,,,,,,,,,,,,,,,,,,,,,,,,,,,,,,,,,,,,,,,,,,,,,,,,,,,,,,,,,,,,,,,,,,,,,,,,,,,,,,,,,,,,,
78,refrigerator_electricity_efficient_residential,refrigeration,full_size,test_utility_1,test_utility_1,single_family_li,10,1500.0,ROB,150.0,refrigerator_electricity_efficient_residential_refrigerator_electricity_baseline_residential,residential,LIRROB,refrigerator_electricity_baseline_residential,refrigerator_electricity_efficient_residential,,unknown,450.0,0.0,0.0,0.0,450.0,electricity,kWh,,,,,,,refrigeration,,,450.0,0.03424657534246575,1.0,0.0,450.0,0.0,0.0,0.0,0.0,0.0,215.61157712411108,1034.608405772132,0.0,0.0,0.0,0.0,0.0,0.0,0.0,0.0,0.0,0.5,0.5,0.5,225.0,225.0,225.0,675.0,135.0,135.0,135.0,9.02,303.56544070135453,0.6445227910304651,16.235524228376146,0.0,0.0,0.0,0.0,0.0,0.0,0.0,0.0,0.0,0.0,0.0,0.0,0.0,0.0,0.0,320.44548772076115,0.25590608510327484,790.7498029691194,0.0,0.0,360.0,1250.2199828962432,3.472833285822898,360.0,0.0,0.0,720.0,1250.2199828962432,1.736416642911449,1080.0,1260.4958889813465,1.1671258231308763,1080.0,1901.3868644228687,1.7605433929841376,1510.7498029691194,1610.2199828962432,1.0658415971536996,450.0,2717.2256919504657,6.03827931544548
79,refrigerator_electricity_efficient_residential,refrigeration,full_size,test_utility_1,test_utility_2,single_family_li,10,6000.0,ROB,600.0,refrigerator_electricity_efficient_residential_refrigerator_electricity_baseline_residential,residential,LIRROB,refrigerator_electricity_baseline_residential,refrigerator_electricity_efficient_residential,,unknown,450.0,0.0,0.0,0.0,450.0,electricity,kWh,,,,,,,refrigeration,,,450.0,0.03424657534246575,1.0,0.0,450.0,0.0,0.0,0.0,0.0,0.0,215.61157712411108,1034.608405772132,0.0,0.0,0.0,0.0,0.0,0.0,0.0,0.0,0.0,0.5,0.5,0.5,225.0,225.0,225.0,675.0,135.0,135.0,135.0,9.02,303.56544070135453,0.6445227910304651,16.235524228376146,0.0,0.0,0.0,0.0,0.0,0.0,0.0,0.0,0.0,0.0,0.0,0.0,0.0,0.0,0.0,320.44548772076115,8.786108921879103,790.7498029691194,0.0,0.0,360.0,1250.2199828962432,3.472833285822898,360.0,0.0,0.0,720.0,1250.2199828962432,1.736416642911449,1080.0,1269.0260918181223,1.175024159090854,1080.0,1909.9170672596447,1.7684417289441154,1510.7498029691194,1610.2199828962432,1.0658415971536996,450.0,2725.7558947872417,6.057235321749426
80,refrigerator_electricity_efficient_residential,refrigeration,full_size,test_utility_1,none,single_family_li,10,5700.0,ROB,570.0,refrigerator_electricity_efficient_residential_refrigerator_electricity_baseline_residential,residential,LIRROB,refrigerator_electricity_baseline_residential,refrigerator_electricity_efficient_residential,,unknown,450.0,0.0,0.0,0.0,450.0,electricity,kWh,,,,,,,refrigeration,,,450.0,0.03424657534246575,1.0,0.0,450.0,0.0,0.0,0.0,0.0,0.0,215.61157712411108,1034.608405772132,0.0,0.0,0.0,0.0,0.0,0.0,0.0,0.0,0.0,0.5,0.5,0.5,225.0,225.0,225.0,675.0,135.0,135.0,135.0,9.02,303.56544070135453,0.6445227910304651,16.235524228376146,0.0,0.0,0.0,0.0,0.0,0.0,0.0,0.0,0.0,0.0,0.0,0.0,0.0,0.0,0.0,320.44548772076115,0.25590608510327484,790.7498029691194,0.0,0.0,360.0,1250.2199828962432,3.472833285822898,360.0,0.0,0.0,720.0,1250.2199828962432,1.736416642911449,1080.0,1260.4958889813465,1.1671258231308763,1080.0,1901.3868644228687,1.7605433929841376,1510.7498029691194,1610.2199828962432,1.0658415971536996,450.0,2717.2256919504657,6.03827931544548
81,refrigerator_electricity_baseline_residential,refrigeration,full_size,test_utility_1,test_utility_1,single_family_li,10,1250.0,ROB,125.0,,,,,,,,,,,,,,,,,,,,,,,,,,,,,,,,,,,,,,,,,,,,,,,,,,,,,,,,,,,,,,,,,,,,,,,,,,,,,,,,,,,,,,,,,,,,,,,,,,,
82,refrigerator_electricity_baseline_residential,refrigeration,full_size,test_utility_1,test_utility_2,single_family_li,10,5000.0,ROB,500.0,,,,,,,,,,,,,,,,,,,,,,,,,,,,,,,,,,,,,,,,,,,,,,,,,,,,,,,,,,,,,,,,,,,,,,,,,,,,,,,,,,,,,,,,,,,,,,,,,,,
83,refrigerator_electricity_baseline_residential,refrigeration,full_size,test_utility_1,none,single_family_li,10,4750.0,ROB,475.0,,,,,,,,,,,,,,,,,,,,,,,,,,,,,,,,,,,,,,,,,,,,,,,,,,,,,,,,,,,,,,,,,,,,,,,,,,,,,,,,,,,,,,,,,,,,,,,,,,,
84,refrigerator_electricity_top10_residential,refrigeration,full_size,test_utility_1,test_utility_1,single_family_li,10,1250.0,ROB,125.0,refrigerator_electricity_top10_residential_refrigerator_electricity_baseline_residential,residential,LIRROB,refrigerator_electricity_baseline_residential,refrigerator_electricity_top10_residential,,unknown,750.0,0.0,0.0,0.0,700.0,electricity,kWh,,,,,,,refrigeration,,,750.0,0.03424657534246575,1.0,0.0,700.0,0.0,0.0,0.0,0.0,0.0,335.39578663750615,1609.3908534233162,0.0,0.0,0.0,0.0,0.0,0.0,0.0,0.0,0.0,0.5,0.5,0.5,375.0,375.0,375.0,1125.0,225.0,225.0,225.0,15.02,472.2129077576627,1.0025910082696121,25.255259910807336,0.0,0.0,0.0,0.0,0.0,0.0,0.0,0.0,0.0,0.0,0.0,0.0,0.0,0.0,0.0,498.4707586767397,0.25590608510327484,1230.0552490630746,0.0,0.0,600.0,1944.7866400608223,3.241311066768037,600.0,0.0,0.0,1200.0,1944.7866400608223,1.6206555333840185,1800.0,1961.0625461459256,1.089479192303292,1800.0,2958.0040634994048,1.6433355908330027,2430.0552490630744,2544.7866400608223,1.0472134907393498,750.0,4301.097795209001,5.734797060278668
85,refrigerator_electricity_top10_residential,refrigeration,full_size,test_utility_1,test_utility_2,single_family_li,10,5000.0,ROB,500.0,refrigerator_electricity_top10_residential_refrigerator_electricity_baseline_residential,residential,LIRROB,refrigerator_electricity_baseline_residential,refrigerator_electricity_top10_residential,,unknown,750.0,0.0,0.0,0.0,700.0,electricity,kWh,,,,,,,refrigeration,,,750.0,0.03424657534246575,1.0,0.0,700.0,0.0,0.0,0.0,0.0,0.0,335.39578663750615,1609.3908534233162,0.0,0.0,0.0,0.0,0.0,0.0,0.0,0.0,0.0,0.5,0.5,0.5,375.0,375.0,375.0,1125.0,225.0,225.0,225.0,15.02,472.2129077576627,1.0025910082696121,25.255259910807336,0.0,0.0,0.0,0.0,0.0,0.0,0.0,0.0,0.0,0.0,0.0,0.0,0.0,0.0,0.0,498.4707586767397,8.786108921879103,1230.0552490630746,0.0,0.0,600.0,1944.7866400608223,3.241311066768037,600.0,0.0,0.0,1200.0,1944.7866400608223,1.6206555333840185,1800.0,1969.5927489827013,1.0942181938792785,1800.0,2966.5342663361807,1.6480745924089892,2430.0552490630744,2544.7866400608223,1.0472134907393498,750.0,4309.627998045777,5.746170664061036
86,refrigerator_electricity_top10_residential,refrigeration,full_size,test_utility_1,none,single_family_li,10,4750.0,ROB,475.0,refrigerator_electricity_top10_residential_refrigerator_electricity_baseline_residential,residential,LIRROB,refrigerator_electricity_baseline_residential,refrigerator_electricity_top10_residential,,unknown,750.0,0.0,0.0,0.0,700.0,electricity,kWh,,,,,,,refrigeration,,,750.0,0.03424657534246575,1.0,0.0,700.0,0.0,0.0,0.0,0.0,0.0,335.39578663750615,1609.3908534233162,0.0,0.0,0.0,0.0,0.0,0.0,0.0,0.0,0.0,0.5,0.5,0.5,375.0,375.0,375.0,1125.0,225.0,225.0,225.0,15.02,472.2129077576627,1.0025910082696121,25.255259910807336,0.0,0.0,0.0,0.0,0.0,0.0,0.0,0.0,0.0,0.0,0.0,0.0,0.0,0.0,0.0,498.4707586767397,0.25590608510327484,1230.0552490630746,0.0,0.0,600.0,1944.7866400608223,3.241311066768037,600.0,0.0,0.0,1200.0,1944.7866400608223,1.6206555333840185,1800.0,1961.0625461459256,1.089479192303292,1800.0,2958.0040634994048,1.6433355908330027,2430.0552490630744,2544.7866400608223,1.0472134907393498,750.0,4301.097795209001,5.734797060278668
87,refrigerator_electricity_existing_residential,refrigeration,full_size,test_utility_1,test_utility_1,single_family_li,10,1000.0,ROB,100.0,,,,,,,,,,,,,,,,,,,,,,,,,,,,,,,,,,,,,,,,,,,,,,,,,,,,,,,,,,,,,,,,,,,,,,,,,,,,,,,,,,,,,,,,,,,,,,,,,,,
88,refrigerator_electricity_existing_residential,refrigeration,full_size,test_utility_1,test_utility_2,single_family_li,10,4000.0,ROB,400.0,,,,,,,,,,,,,,,,,,,,,,,,,,,,,,,,,,,,,,,,,,,,,,,,,,,,,,,,,,,,,,,,,,,,,,,,,,,,,,,,,,,,,,,,,,,,,,,,,,,
89,refrigerator_electricity_existing_residential,refrigeration,full_size,test_utility_1,none,single_family_li,10,3800.0,ROB,380.0,,,,,,,,,,,,,,,,,,,,,,,,,,,,,,,,,,,,,,,,,,,,,,,,,,,,,,,,,,,,,,,,,,,,,,,,,,,,,,,,,,,,,,,,,,,,,,,,,,,
90,furnace_oil_efficient_residential,heating_cooling,oil_furnace,test_utility_1,test_utility_1,multifamily_li,10,250.0,ROB,25.0,furnace_oil_baseline_residential_to_furnace_oil_efficient_residential,residential,LIRROB,furnace_oil_baseline_residential,furnace_oil_efficient_residential,,,700.0,0.0,715.0,0.0,180.0,natural_gas,therms,67.5,electricity,kWh,,,,,,,700.0,0.03424657534246575,1.0,0.0,67.5,180.0,0.0,0.0,0.0,0.0,32.34173656861666,155.19126086581983,7864.447584133459,0.0,0.0,0.0,0.0,0.0,0.0,0.0,0.0,0.5,0.5,0.5,350.0,350.0,350.0,1050.0,210.0,210.0,210.0,14.02,45.534816105203184,0.09667841865456976,2.4353286342564213,0.0,0.0,0.0,0.0,0.0,0.0,0.0,0.0,0.0,0.0,0.0,0.0,0.0,0.0,0.0,48.066823158114175,0.25590608510327484,118.61247044536792,17807.685562864568,0.0,560.0,187.53299743443648,0.33488035256149373,560.0,7864.447584133459,14.04365640023832,1120.0,8051.980581567895,7.189268376399906,1680.0,8067.256487653,4.8019383855077376,1680.0,8163.390133969228,4.859160794029303,1238.6124704453678,8611.980581567896,6.952925783535254,700.0,9221.848958098366,13.174069940140523
91,furnace_oil_efficient_residential,heating_cooling,oil_furnace,test_utility_1,test_utility_2,multifamily_li,10,1000.0,ROB,100.0,furnace_oil_baseline_residential_to_furnace_oil_efficient_residential,residential,LIRROB,furnace_oil_baseline_residential,furnace_oil_efficient_residential,,,700.0,0.0,715.0,0.0,180.0,natural_gas,therms,67.5,electricity,kWh,,,,,,,700.0,0.03424657534246575,1.0,0.0,67.5,180.0,0.0,0.0,0.0,0.0,32.34173656861666,155.19126086581983,7864.447584133459,0.0,0.0,0.0,0.0,0.0,0.0,0.0,0.0,0.5,0.5,0.5,350.0,350.0,350.0,1050.0,210.0,210.0,210.0,14.02,45.534816105203184,0.09667841865456976,2.4353286342564213,0.0,0.0,0.0,0.0,0.0,0.0,0.0,0.0,0.0,0.0,0.0,0.0,0.0,0.0,0.0,48.066823158114175,8.786108921879103,118.61247044536792,17807.685562864568,0.0,560.0,187.53299743443648,0.33488035256149373,560.0,7864.447584133459,14.04365640023832,1120.0,8051.980581567895,7.189268376399906,1680.0,8075.7866904897755,4.807015887196295,1680.0,8171.920336806004,4.864238295717859,1238.6124704453678,8611.980581567896,6.952925783535254,700.0,9230.379160935141,13.186255944193059
92,furnace_oil_efficient_residential,heating_cooling,oil_furnace,test_utility_1,none,multifamily_li,10,700.0,ROB,70.0,furnace_oil_baseline_residential_to_furnace_oil_efficient_residential,residential,LIRROB,furnace_oil_baseline_residential,furnace_oil_efficient_residential,,,700.0,0.0,715.0,0.0,180.0,natural_gas,therms,67.5,electricity,kWh,,,,,,,700.0,0.03424657534246575,1.0,0.0,67.5,180.0,0.0,0.0,0.0,0.0,32.34173656861666,155.19126086581983,7864.447584133459,0.0,0.0,0.0,0.0,0.0,0.0,0.0,0.0,0.5,0.5,0.5,350.0,350.0,350.0,1050.0,210.0,210.0,210.0,14.02,45.534816105203184,0.09667841865456976,2.4353286342564213,0.0,0.0,0.0,0.0,0.0,0.0,0.0,0.0,0.0,0.0,0.0,0.0,0.0,0.0,0.0,48.066823158114175,0.25590608510327484,118.61247044536792,17807.685562864568,0.0,560.0,187.53299743443648,0.33488035256149373,560.0,7864.447584133459,14.04365640023832,1120.0,8051.980581567895,7.189268376399906,1680.0,8067.256487653,4.8019383855077376,1680.0,8163.390133969228,4.859160794029303,1238.6124704453678,8611.980581567896,6.952925783535254,700.0,9221.848958098366,13.174069940140523
93,furnace_oil_baseline_residential,heating_cooling,oil_furnace,test_utility_1,test_utility_1,multifamily_li,10,125.0,ROB,12.5,,,,,,,,,,,,,,,,,,,,,,,,,,,,,,,,,,,,,,,,,,,,,,,,,,,,,,,,,,,,,,,,,,,,,,,,,,,,,,,,,,,,,,,,,,,,,,,,,,,
94,furnace_oil_baseline_residential,heating_cooling,oil_furnace,test_utility_1,test_utility_2,multifamily_li,10,500.0,ROB,50.0,,,,,,,,,,,,,,,,,,,,,,,,,,,,,,,,,,,,,,,,,,,,,,,,,,,,,,,,,,,,,,,,,,,,,,,,,,,,,,,,,,,,,,,,,,,,,,,,,,,
95,furnace_oil_baseline_residential,heating_cooling,oil_furnace,test_utility_1,none,multifamily_li,10,350.0,ROB,35.0,,,,,,,,,,,,,,,,,,,,,,,,,,,,,,,,,,,,,,,,,,,,,,,,,,,,,,,,,,,,,,,,,,,,,,,,,,,,,,,,,,,,,,,,,,,,,,,,,,,
96,furnace_oil_existing_residential,heating_cooling,oil_furnace,test_utility_1,test_utility_1,multifamily_li,10,125.0,ROB,12.5,,,,,,,,,,,,,,,,,,,,,,,,,,,,,,,,,,,,,,,,,,,,,,,,,,,,,,,,,,,,,,,,,,,,,,,,,,,,,,,,,,,,,,,,,,,,,,,,,,,
97,furnace_oil_existing_residential,heating_cooling,oil_furnace,test_utility_1,test_utility_2,multifamily_li,10,500.0,ROB,50.0,,,,,,,,,,,,,,,,,,,,,,,,,,,,,,,,,,,,,,,,,,,,,,,,,,,,,,,,,,,,,,,,,,,,,,,,,,,,,,,,,,,,,,,,,,,,,,,,,,,
98,furnace_oil_existing_residential,heating_cooling,oil_furnace,test_utility_1,none,multifamily_li,10,350.0,ROB,35.0,,,,,,,,,,,,,,,,,,,,,,,,,,,,,,,,,,,,,,,,,,,,,,,,,,,,,,,,,,,,,,,,,,,,,,,,,,,,,,,,,,,,,,,,,,,,,,,,,,,
99,furnace_natural_gas_efficient_residential,heating_cooling,gas_furnace,test_utility_1,test_utility_1,multifamily_li,10,250.0,ROB,25.0,furnace_natural_gas_baseline_residential_to_furnace_natural_gas_efficient_residential,residential,LIRROB,furnace_natural_gas_baseline_residential,furnace_natural_gas_efficient_residential,,,700.0,0.0,715.0,0.0,180.0,natural_gas,therms,67.5,electricity,kWh,,,,,,,700.0,0.03424657534246575,1.0,0.0,67.5,180.0,0.0,0.0,0.0,0.0,32.34173656861666,155.19126086581983,7864.447584133459,0.0,0.0,0.0,0.0,0.0,0.0,0.0,0.0,0.5,0.5,0.5,350.0,350.0,350.0,1050.0,210.0,210.0,210.0,14.02,45.534816105203184,0.09667841865456976,2.4353286342564213,0.0,0.0,0.0,0.0,0.0,0.0,0.0,0.0,0.0,0.0,0.0,0.0,0.0,0.0,0.0,48.066823158114175,0.25590608510327484,118.61247044536792,17807.685562864568,0.0,560.0,187.53299743443648,0.33488035256149373,560.0,7864.447584133459,14.04365640023832,1120.0,8051.980581567895,7.189268376399906,1680.0,8067.256487653,4.8019383855077376,1680.0,8163.390133969228,4.859160794029303,1238.6124704453678,8611.980581567896,6.952925783535254,700.0,9221.848958098366,13.174069940140523
100,furnace_natural_gas_efficient_residential,heating_cooling,gas_furnace,test_utility_1,test_utility_2,multifamily_li,10,1000.0,ROB,100.0,furnace_natural_gas_baseline_residential_to_furnace_natural_gas_efficient_residential,residential,LIRROB,furnace_natural_gas_baseline_residential,furnace_natural_gas_efficient_residential,,,700.0,0.0,715.0,0.0,180.0,natural_gas,therms,67.5,electricity,kWh,,,,,,,700.0,0.03424657534246575,1.0,0.0,67.5,180.0,0.0,0.0,0.0,0.0,32.34173656861666,155.19126086581983,7864.447584133459,0.0,0.0,0.0,0.0,0.0,0.0,0.0,0.0,0.5,0.5,0.5,350.0,350.0,350.0,1050.0,210.0,210.0,210.0,14.02,45.534816105203184,0.09667841865456976,2.4353286342564213,0.0,0.0,0.0,0.0,0.0,0.0,0.0,0.0,0.0,0.0,0.0,0.0,0.0,0.0,0.0,48.066823158114175,8.786108921879103,118.61247044536792,17807.685562864568,0.0,560.0,187.53299743443648,0.33488035256149373,560.0,7864.447584133459,14.04365640023832,1120.0,8051.980581567895,7.189268376399906,1680.0,8075.7866904897755,4.807015887196295,1680.0,8171.920336806004,4.864238295717859,1238.6124704453678,8611.980581567896,6.952925783535254,700.0,9230.379160935141,13.186255944193059
101,furnace_natural_gas_efficient_residential,heating_cooling,gas_furnace,test_utility_1,none,multifamily_li,10,700.0,ROB,70.0,furnace_natural_gas_baseline_residential_to_furnace_natural_gas_efficient_residential,residential,LIRROB,furnace_natural_gas_baseline_residential,furnace_natural_gas_efficient_residential,,,700.0,0.0,715.0,0.0,180.0,natural_gas,therms,67.5,electricity,kWh,,,,,,,700.0,0.03424657534246575,1.0,0.0,67.5,180.0,0.0,0.0,0.0,0.0,32.34173656861666,155.19126086581983,7864.447584133459,0.0,0.0,0.0,0.0,0.0,0.0,0.0,0.0,0.5,0.5,0.5,350.0,350.0,350.0,1050.0,210.0,210.0,210.0,14.02,45.534816105203184,0.09667841865456976,2.4353286342564213,0.0,0.0,0.0,0.0,0.0,0.0,0.0,0.0,0.0,0.0,0.0,0.0,0.0,0.0,0.0,48.066823158114175,0.25590608510327484,118.61247044536792,17807.685562864568,0.0,560.0,187.53299743443648,0.33488035256149373,560.0,7864.447584133459,14.04365640023832,1120.0,8051.980581567895,7.189268376399906,1680.0,8067.256487653,4.8019383855077376,1680.0,8163.390133969228,4.859160794029303,1238.6124704453678,8611.980581567896,6.952925783535254,700.0,9221.848958098366,13.174069940140523
102,furnace_natural_gas_baseline_residential,heating_cooling,gas_furnace,test_utility_1,test_utility_1,multifamily_li,10,125.0,ROB,12.5,,,,,,,,,,,,,,,,,,,,,,,,,,,,,,,,,,,,,,,,,,,,,,,,,,,,,,,,,,,,,,,,,,,,,,,,,,,,,,,,,,,,,,,,,,,,,,,,,,,
103,furnace_natural_gas_baseline_residential,heating_cooling,gas_furnace,test_utility_1,test_utility_2,multifamily_li,10,500.0,ROB,50.0,,,,,,,,,,,,,,,,,,,,,,,,,,,,,,,,,,,,,,,,,,,,,,,,,,,,,,,,,,,,,,,,,,,,,,,,,,,,,,,,,,,,,,,,,,,,,,,,,,,
104,furnace_natural_gas_baseline_residential,heating_cooling,gas_furnace,test_utility_1,none,multifamily_li,10,350.0,ROB,35.0,,,,,,,,,,,,,,,,,,,,,,,,,,,,,,,,,,,,,,,,,,,,,,,,,,,,,,,,,,,,,,,,,,,,,,,,,,,,,,,,,,,,,,,,,,,,,,,,,,,
105,furnace_natural_gas_existing_residential,heating_cooling,gas_furnace,test_utility_1,test_utility_1,multifamily_li,10,125.0,ROB,12.5,,,,,,,,,,,,,,,,,,,,,,,,,,,,,,,,,,,,,,,,,,,,,,,,,,,,,,,,,,,,,,,,,,,,,,,,,,,,,,,,,,,,,,,,,,,,,,,,,,,
106,furnace_natural_gas_existing_residential,heating_cooling,gas_furnace,test_utility_1,test_utility_2,multifamily_li,10,500.0,ROB,50.0,,,,,,,,,,,,,,,,,,,,,,,,,,,,,,,,,,,,,,,,,,,,,,,,,,,,,,,,,,,,,,,,,,,,,,,,,,,,,,,,,,,,,,,,,,,,,,,,,,,
107,furnace_natural_gas_existing_residential,heating_cooling,gas_furnace,test_utility_1,none,multifamily_li,10,350.0,ROB,35.0,,,,,,,,,,,,,,,,,,,,,,,,,,,,,,,,,,,,,,,,,,,,,,,,,,,,,,,,,,,,,,,,,,,,,,,,,,,,,,,,,,,,,,,,,,,,,,,,,,,
108,refrigerator_electricity_efficient_residential,refrigeration,full_size,test_utility_1,test_utility_1,multifamily_li,10,900.0,ROB,90.0,refrigerator_electricity_efficient_residential_refrigerator_electricity_baseline_residential,residential,LIRROB,refrigerator_electricity_baseline_residential,refrigerator_electricity_efficient_residential,,unknown,450.0,0.0,0.0,0.0,750.0,electricity,kWh,,,,,,,refrigeration,,,450.0,0.03424657534246575,1.0,0.0,750.0,0.0,0.0,0.0,0.0,0.0,359.35262854018515,1724.3473429535532,0.0,0.0,0.0,0.0,0.0,0.0,0.0,0.0,0.0,0.5,0.5,0.5,225.0,225.0,225.0,675.0,135.0,135.0,135.0,9.02,505.94240116892433,1.0742046517174415,27.05920704729358,0.0,0.0,0.0,0.0,0.0,0.0,0.0,0.0,0.0,0.0,0.0,0.0,0.0,0.0,0.0,534.0758128679354,0.25590608510327484,1317.9163382818656,0.0,0.0,360.0,2083.6999714937383,5.788055476371495,360.0,0.0,0.0,720.0,2083.6999714937383,2.8940277381857475,1080.0,2093.9758775788414,1.9388665533137421,1080.0,3162.127503314712,2.927895836402511,2037.9163382818656,2443.6999714937383,1.1991169242766768,450.0,4077.872215860707,9.061938257468238
109,refrigerator_electricity_efficient_residential,refrigeration,full_size,test_utility_1,test_utility_2,multifamily_li,10,3600.0,ROB,360.0,refrigerator_electricity_efficient_residential_refrigerator_electricity_baseline_residential,residential,LIRROB,refrigerator_electricity_baseline_residential,refrigerator_electricity_efficient_residential,,unknown,450.0,0.0,0.0,0.0,750.0,electricity,kWh,,,,,,,refrigeration,,,450.0,0.03424657534246575,1.0,0.0,750.0,0.0,0.0,0.0,0.0,0.0,359.35262854018515,1724.3473429535532,0.0,0.0,0.0,0.0,0.0,0.0,0.0,0.0,0.0,0.5,0.5,0.5,225.0,225.0,225.0,675.0,135.0,135.0,135.0,9.02,505.94240116892433,1.0742046517174415,27.05920704729358,0.0,0.0,0.0,0.0,0.0,0.0,0.0,0.0,0.0,0.0,0.0,0.0,0.0,0.0,0.0,534.0758128679354,8.786108921879103,1317.9163382818656,0.0,0.0,360.0,2083.6999714937383,5.788055476371495,360.0,0.0,0.0,720.0,2083.6999714937383,2.8940277381857475,1080.0,2102.5060804156174,1.9467648892737197,1080.0,3170.657706151488,2.935794172362489,2037.9163382818656,2443.6999714937383,1.1991169242766768,450.0,4086.402418697483,9.080894263772185
110,refrigerator_electricity_efficient_residential,refrigeration,full_size,test_utility_1,none,multifamily_li,10,2520.0,ROB,252.0,refrigerator_electricity_efficient_residential_refrigerator_electricity_baseline_residential,residential,LIRROB,refrigerator_electricity_baseline_residential,refrigerator_electricity_efficient_residential,,unknown,450.0,0.0,0.0,0.0,750.0,electricity,kWh,,,,,,,refrigeration,,,450.0,0.03424657534246575,1.0,0.0,750.0,0.0,0.0,0.0,0.0,0.0,359.35262854018515,1724.3473429535532,0.0,0.0,0.0,0.0,0.0,0.0,0.0,0.0,0.0,0.5,0.5,0.5,225.0,225.0,225.0,675.0,135.0,135.0,135.0,9.02,505.94240116892433,1.0742046517174415,27.05920704729358,0.0,0.0,0.0,0.0,0.0,0.0,0.0,0.0,0.0,0.0,0.0,0.0,0.0,0.0,0.0,534.0758128679354,0.25590608510327484,1317.9163382818656,0.0,0.0,360.0,2083.6999714937383,5.788055476371495,360.0,0.0,0.0,720.0,2083.6999714937383,2.8940277381857475,1080.0,2093.9758775788414,1.9388665533137421,1080.0,3162.127503314712,2.927895836402511,2037.9163382818656,2443.6999714937383,1.1991169242766768,450.0,4077.872215860707,9.061938257468238
111,refrigerator_electricity_baseline_residential,refrigeration,full_size,test_utility_1,test_utility_1,multifamily_li,10,750.0,ROB,75.0,,,,,,,,,,,,,,,,,,,,,,,,,,,,,,,,,,,,,,,,,,,,,,,,,,,,,,,,,,,,,,,,,,,,,,,,,,,,,,,,,,,,,,,,,,,,,,,,,,,
112,refrigerator_electricity_baseline_residential,refrigeration,full_size,test_utility_1,test_utility_2,multifamily_li,10,3000.0,ROB,300.0,,,,,,,,,,,,,,,,,,,,,,,,,,,,,,,,,,,,,,,,,,,,,,,,,,,,,,,,,,,,,,,,,,,,,,,,,,,,,,,,,,,,,,,,,,,,,,,,,,,
113,refrigerator_electricity_baseline_residential,refrigeration,full_size,test_utility_1,none,multifamily_li,10,2100.0,ROB,210.0,,,,,,,,,,,,,,,,,,,,,,,,,,,,,,,,,,,,,,,,,,,,,,,,,,,,,,,,,,,,,,,,,,,,,,,,,,,,,,,,,,,,,,,,,,,,,,,,,,,
114,refrigerator_electricity_top10_residential,refrigeration,full_size,test_utility_1,test_utility_1,multifamily_li,10,750.0,ROB,75.0,refrigerator_electricity_top10_residential_refrigerator_electricity_baseline_residential,residential,LIRROB,refrigerator_electricity_baseline_residential,refrigerator_electricity_top10_residential,,unknown,750.0,0.0,0.0,0.0,1166.666666666667,electricity,kWh,,,,,,,refrigeration,,,750.0,0.03424657534246575,1.0,0.0,1166.666666666667,0.0,0.0,0.0,0.0,0.0,558.992977729177,2682.3180890388617,0.0,0.0,0.0,0.0,0.0,0.0,0.0,0.0,0.0,0.5,0.5,0.5,375.0,375.0,375.0,1125.0,225.0,225.0,225.0,15.02,787.0215129294379,1.6709850137826874,42.09209985134557,0.0,0.0,0.0,0.0,0.0,0.0,0.0,0.0,0.0,0.0,0.0,0.0,0.0,0.0,0.0,830.7845977945661,0.25590608510327484,2050.0920817717915,0.0,0.0,600.0,3241.3110667680385,5.4021851112800645,600.0,0.0,0.0,1200.0,3241.3110667680385,2.7010925556400323,1800.0,3257.5869728531416,1.8097705404739675,1800.0,4919.156168442274,2.7328645380234855,3250.0920817717915,3841.3110667680385,1.1819083798616385,750.0,6417.659054624934,8.556878739499911
115,refrigerator_electricity_top10_residential,refrigeration,full_size,test_utility_1,test_utility_2,multifamily_li,10,3000.0,ROB,300.0,refrigerator_electricity_top10_residential_refrigerator_electricity_baseline_residential,residential,LIRROB,refrigerator_electricity_baseline_residential,refrigerator_electricity_top10_residential,,unknown,750.0,0.0,0.0,0.0,1166.666666666667,electricity,kWh,,,,,,,refrigeration,,,750.0,0.03424657534246575,1.0,0.0,1166.666666666667,0.0,0.0,0.0,0.0,0.0,558.992977729177,2682.3180890388617,0.0,0.0,0.0,0.0,0.0,0.0,0.0,0.0,0.0,0.5,0.5,0.5,375.0,375.0,375.0,1125.0,225.0,225.0,225.0,15.02,787.0215129294379,1.6709850137826874,42.09209985134557,0.0,0.0,0.0,0.0,0.0,0.0,0.0,0.0,0.0,0.0,0.0,0.0,0.0,0.0,0.0,830.7845977945661,8.786108921879103,2050.0920817717915,0.0,0.0,600.0,3241.3110667680385,5.4021851112800645,600.0,0.0,0.0,1200.0,3241.3110667680385,2.7010925556400323,1800.0,3266.1171756899175,1.8145095420499542,1800.0,4927.68637127905,2.7376035395994722,3250.0920817717915,3841.3110667680385,1.1819083798616385,750.0,6426.1892574617095,8.56825234328228
116,refrigerator_electricity_top10_residential,refrigeration,full_size,test_utility_1,none,multifamily_li,10,2100.0,ROB,210.0,refrigerator_electricity_top10_residential_refrigerator_electricity_baseline_residential,residential,LIRROB,refrigerator_electricity_baseline_residential,refrigerator_electricity_top10_residential,,unknown,750.0,0.0,0.0,0.0,1166.666666666667,electricity,kWh,,,,,,,refrigeration,,,750.0,0.03424657534246575,1.0,0.0,1166.666666666667,0.0,0.0,0.0,0.0,0.0,558.992977729177,2682.3180890388617,0.0,0.0,0.0,0.0,0.0,0.0,0.0,0.0,0.0,0.5,0.5,0.5,375.0,375.0,375.0,1125.0,225.0,225.0,225.0,15.02,787.0215129294379,1.6709850137826874,42.09209985134557,0.0,0.0,0.0,0.0,0.0,0.0,0.0,0.0,0.0,0.0,0.0,0.0,0.0,0.0,0.0,830.7845977945661,0.25590608510327484,2050.0920817717915,0.0,0.0,600.0,3241.3110667680385,5.4021851112800645,600.0,0.0,0.0,1200.0,3241.3110667680385,2.7010925556400323,1800.0,3257.5869728531416,1.8097705404739675,1800.0,4919.156168442274,2.7328645380234855,3250.0920817717915,3841.3110667680385,1.1819083798616385,750.0,6417.659054624934,8.556878739499911
117,refrigerator_electricity_existing_residential,refrigeration,full_size,test_utility_1,test_utility_1,multifamily_li,10,600.0,ROB,60.0,,,,,,,,,,,,,,,,,,,,,,,,,,,,,,,,,,,,,,,,,,,,,,,,,,,,,,,,,,,,,,,,,,,,,,,,,,,,,,,,,,,,,,,,,,,,,,,,,,,
118,refrigerator_electricity_existing_residential,refrigeration,full_size,test_utility_1,test_utility_2,multifamily_li,10,2400.0,ROB,240.0,,,,,,,,,,,,,,,,,,,,,,,,,,,,,,,,,,,,,,,,,,,,,,,,,,,,,,,,,,,,,,,,,,,,,,,,,,,,,,,,,,,,,,,,,,,,,,,,,,,
119,refrigerator_electricity_existing_residential,refrigeration,full_size,test_utility_1,none,multifamily_li,10,1680.0,ROB,168.0,,,,,,,,,,,,,,,,,,,,,,,,,,,,,,,,,,,,,,,,,,,,,,,,,,,,,,,,,,,,,,,,,,,,,,,,,,,,,,,,,,,,,,,,,,,,,,,,,,,
120,furnace_oil_efficient_residential,heating_cooling,oil_furnace,test_utility_1,test_utility_1,single_family,10,5000.0,RET_ER,1500.0,,,,,,,,,,,,,,,,,,,,,,,,,,,,,,,,,,,,,,,,,,,,,,,,,,,,,,,,,,,,,,,,,,,,,,,,,,,,,,,,,,,,,,,,,,,,,,,,,,,
121,furnace_oil_efficient_residential,heating_cooling,oil_furnace,test_utility_1,test_utility_2,single_family,10,10000.0,RET_ER,3000.0,,,,,,,,,,,,,,,,,,,,,,,,,,,,,,,,,,,,,,,,,,,,,,,,,,,,,,,,,,,,,,,,,,,,,,,,,,,,,,,,,,,,,,,,,,,,,,,,,,,
122,furnace_oil_efficient_residential,heating_cooling,oil_furnace,test_utility_1,none,single_family,10,27500.0,RET_ER,8250.0,,,,,,,,,,,,,,,,,,,,,,,,,,,,,,,,,,,,,,,,,,,,,,,,,,,,,,,,,,,,,,,,,,,,,,,,,,,,,,,,,,,,,,,,,,,,,,,,,,,
123,furnace_oil_baseline_residential,heating_cooling,oil_furnace,test_utility_1,test_utility_1,single_family,10,2500.0,RET_ER,750.0,,,,,,,,,,,,,,,,,,,,,,,,,,,,,,,,,,,,,,,,,,,,,,,,,,,,,,,,,,,,,,,,,,,,,,,,,,,,,,,,,,,,,,,,,,,,,,,,,,,
124,furnace_oil_baseline_residential,heating_cooling,oil_furnace,test_utility_1,test_utility_2,single_family,10,5000.0,RET_ER,1500.0,,,,,,,,,,,,,,,,,,,,,,,,,,,,,,,,,,,,,,,,,,,,,,,,,,,,,,,,,,,,,,,,,,,,,,,,,,,,,,,,,,,,,,,,,,,,,,,,,,,
125,furnace_oil_baseline_residential,heating_cooling,oil_furnace,test_utility_1,none,single_family,10,13750.0,RET_ER,4125.0,,,,,,,,,,,,,,,,,,,,,,,,,,,,,,,,,,,,,,,,,,,,,,,,,,,,,,,,,,,,,,,,,,,,,,,,,,,,,,,,,,,,,,,,,,,,,,,,,,,
126,furnace_oil_existing_residential,heating_cooling,oil_furnace,test_utility_1,test_utility_1,single_family,10,2500.0,RET_ER,750.0,,,,,,,,,,,,,,,,,,,,,,,,,,,,,,,,,,,,,,,,,,,,,,,,,,,,,,,,,,,,,,,,,,,,,,,,,,,,,,,,,,,,,,,,,,,,,,,,,,,
127,furnace_oil_existing_residential,heating_cooling,oil_furnace,test_utility_1,test_utility_2,single_family,10,5000.0,RET_ER,1500.0,,,,,,,,,,,,,,,,,,,,,,,,,,,,,,,,,,,,,,,,,,,,,,,,,,,,,,,,,,,,,,,,,,,,,,,,,,,,,,,,,,,,,,,,,,,,,,,,,,,
128,furnace_oil_existing_residential,heating_cooling,oil_furnace,test_utility_1,none,single_family,10,13750.0,RET_ER,4125.0,,,,,,,,,,,,,,,,,,,,,,,,,,,,,,,,,,,,,,,,,,,,,,,,,,,,,,,,,,,,,,,,,,,,,,,,,,,,,,,,,,,,,,,,,,,,,,,,,,,
129,furnace_natural_gas_efficient_residential,heating_cooling,gas_furnace,test_utility_1,test_utility_1,single_family,10,5000.0,RET_ER,1500.0,,,,,,,,,,,,,,,,,,,,,,,,,,,,,,,,,,,,,,,,,,,,,,,,,,,,,,,,,,,,,,,,,,,,,,,,,,,,,,,,,,,,,,,,,,,,,,,,,,,
130,furnace_natural_gas_efficient_residential,heating_cooling,gas_furnace,test_utility_1,test_utility_2,single_family,10,10000.0,RET_ER,3000.0,,,,,,,,,,,,,,,,,,,,,,,,,,,,,,,,,,,,,,,,,,,,,,,,,,,,,,,,,,,,,,,,,,,,,,,,,,,,,,,,,,,,,,,,,,,,,,,,,,,
131,furnace_natural_gas_efficient_residential,heating_cooling,gas_furnace,test_utility_1,none,single_family,10,27500.0,RET_ER,8250.0,,,,,,,,,,,,,,,,,,,,,,,,,,,,,,,,,,,,,,,,,,,,,,,,,,,,,,,,,,,,,,,,,,,,,,,,,,,,,,,,,,,,,,,,,,,,,,,,,,,
132,furnace_natural_gas_baseline_residential,heating_cooling,gas_furnace,test_utility_1,test_utility_1,single_family,10,2500.0,RET_ER,750.0,,,,,,,,,,,,,,,,,,,,,,,,,,,,,,,,,,,,,,,,,,,,,,,,,,,,,,,,,,,,,,,,,,,,,,,,,,,,,,,,,,,,,,,,,,,,,,,,,,,
133,furnace_natural_gas_baseline_residential,heating_cooling,gas_furnace,test_utility_1,test_utility_2,single_family,10,5000.0,RET_ER,1500.0,,,,,,,,,,,,,,,,,,,,,,,,,,,,,,,,,,,,,,,,,,,,,,,,,,,,,,,,,,,,,,,,,,,,,,,,,,,,,,,,,,,,,,,,,,,,,,,,,,,
134,furnace_natural_gas_baseline_residential,heating_cooling,gas_furnace,test_utility_1,none,single_family,10,13750.0,RET_ER,4125.0,,,,,,,,,,,,,,,,,,,,,,,,,,,,,,,,,,,,,,,,,,,,,,,,,,,,,,,,,,,,,,,,,,,,,,,,,,,,,,,,,,,,,,,,,,,,,,,,,,,
135,furnace_natural_gas_existing_residential,heating_cooling,gas_furnace,test_utility_1,test_utility_1,single_family,10,2500.0,RET_ER,750.0,,,,,,,,,,,,,,,,,,,,,,,,,,,,,,,,,,,,,,,,,,,,,,,,,,,,,,,,,,,,,,,,,,,,,,,,,,,,,,,,,,,,,,,,,,,,,,,,,,,
136,furnace_natural_gas_existing_residential,heating_cooling,gas_furnace,test_utility_1,test_utility_2,single_family,10,5000.0,RET_ER,1500.0,,,,,,,,,,,,,,,,,,,,,,,,,,,,,,,,,,,,,,,,,,,,,,,,,,,,,,,,,,,,,,,,,,,,,,,,,,,,,,,,,,,,,,,,,,,,,,,,,,,
137,furnace_natural_gas_existing_residential,heating_cooling,gas_furnace,test_utility_1,none,single_family,10,13750.0,RET_ER,4125.0,,,,,,,,,,,,,,,,,,,,,,,,,,,,,,,,,,,,,,,,,,,,,,,,,,,,,,,,,,,,,,,,,,,,,,,,,,,,,,,,,,,,,,,,,,,,,,,,,,,
138,refrigerator_electricity_efficient_residential,refrigeration,full_size,test_utility_1,test_utility_1,single_family,10,15000.0,RET_ER,4500.0,refrigerator_electricity_efficient_residential_refrigerator_electricity_existing_residential,residential,NLIRRET_ER,refrigerator_electricity_existing_residential,refrigerator_electricity_efficient_residential,,unknown,1300.0,0.0,0.0,0.0,700.0,electricity,kWh,,,,,,,refrigeration,,,1300.0,0.03424657534246575,1.0,0.0,700.0,0.0,0.0,0.0,0.0,0.0,335.39578663750615,1609.3908534233162,0.0,0.0,0.0,0.0,0.0,0.0,0.0,0.0,0.0,0.5,0.5,0.5,650.0,650.0,650.0,1950.0,390.0,390.0,390.0,26.02,472.2129077576627,1.0025910082696121,25.255259910807336,0.0,0.0,0.0,0.0,0.0,0.0,0.0,0.0,0.0,0.0,0.0,0.0,0.0,0.0,0.0,498.4707586767397,0.25590608510327484,1230.0552490630746,0.0,0.0,1040.0,1944.7866400608223,1.8699871539046369,1040.0,0.0,0.0,2080.0,1944.7866400608223,0.9349935769523184,3120.0,1972.0625461459256,0.6320713288929248,3120.0,2969.0040634994048,0.9516038665062195,3310.0552490630744,2984.7866400608223,0.9017331782923198,1300.0,5126.097795209001,3.9431521501607696
139,refrigerator_electricity_efficient_residential,refrigeration,full_size,test_utility_1,test_utility_2,single_family,10,30000.0,RET_ER,9000.0,refrigerator_electricity_efficient_residential_refrigerator_electricity_existing_residential,residential,NLIRRET_ER,refrigerator_electricity_existing_residential,refrigerator_electricity_efficient_residential,,unknown,1300.0,0.0,0.0,0.0,700.0,electricity,kWh,,,,,,,refrigeration,,,1300.0,0.03424657534246575,1.0,0.0,700.0,0.0,0.0,0.0,0.0,0.0,335.39578663750615,1609.3908534233162,0.0,0.0,0.0,0.0,0.0,0.0,0.0,0.0,0.0,0.5,0.5,0.5,650.0,650.0,650.0,1950.0,390.0,390.0,390.0,26.02,472.2129077576627,1.0025910082696121,25.255259910807336,0.0,0.0,0.0,0.0,0.0,0.0,0.0,0.0,0.0,0.0,0.0,0.0,0.0,0.0,0.0,498.4707586767397,8.786108921879103,1230.0552490630746,0.0,0.0,1040.0,1944.7866400608223,1.8699871539046369,1040.0,0.0,0.0,2080.0,1944.7866400608223,0.9349935769523184,3120.0,1980.5927489827013,0.6348053682636863,3120.0,2977.5342663361807,0.954337905876981,3310.0552490630744,2984.7866400608223,0.9017331782923198,1300.0,5134.627998045777,3.9497138446505975
140,refrigerator_electricity_efficient_residential,refrigeration,full_size,test_utility_1,none,single_family,10,82500.0,RET_ER,24750.0,refrigerator_electricity_efficient_residential_refrigerator_electricity_existing_residential,residential,NLIRRET_ER,refrigerator_electricity_existing_residential,refrigerator_electricity_efficient_residential,,unknown,1300.0,0.0,0.0,0.0,700.0,electricity,kWh,,,,,,,refrigeration,,,1300.0,0.03424657534246575,1.0,0.0,700.0,0.0,0.0,0.0,0.0,0.0,335.39578663750615,1609.3908534233162,0.0,0.0,0.0,0.0,0.0,0.0,0.0,0.0,0.0,0.5,0.5,0.5,650.0,650.0,650.0,1950.0,390.0,390.0,390.0,26.02,472.2129077576627,1.0025910082696121,25.255259910807336,0.0,0.0,0.0,0.0,0.0,0.0,0.0,0.0,0.0,0.0,0.0,0.0,0.0,0.0,0.0,498.4707586767397,0.25590608510327484,1230.0552490630746,0.0,0.0,1040.0,1944.7866400608223,1.8699871539046369,1040.0,0.0,0.0,2080.0,1944.7866400608223,0.9349935769523184,3120.0,1972.0625461459256,0.6320713288929248,3120.0,2969.0040634994048,0.9516038665062195,3310.0552490630744,2984.7866400608223,0.9017331782923198,1300.0,5126.097795209001,3.9431521501607696
141,refrigerator_electricity_baseline_residential,refrigeration,full_size,test_utility_1,test_utility_1,single_family,10,12500.0,RET_ER,3750.0,,,,,,,,,,,,,,,,,,,,,,,,,,,,,,,,,,,,,,,,,,,,,,,,,,,,,,,,,,,,,,,,,,,,,,,,,,,,,,,,,,,,,,,,,,,,,,,,,,,
142,refrigerator_electricity_baseline_residential,refrigeration,full_size,test_utility_1,test_utility_2,single_family,10,25000.0,RET_ER,7500.0,,,,,,,,,,,,,,,,,,,,,,,,,,,,,,,,,,,,,,,,,,,,,,,,,,,,,,,,,,,,,,,,,,,,,,,,,,,,,,,,,,,,,,,,,,,,,,,,,,,
143,refrigerator_electricity_baseline_residential,refrigeration,full_size,test_utility_1,none,single_family,10,68750.0,RET_ER,20625.0,,,,,,,,,,,,,,,,,,,,,,,,,,,,,,,,,,,,,,,,,,,,,,,,,,,,,,,,,,,,,,,,,,,,,,,,,,,,,,,,,,,,,,,,,,,,,,,,,,,
144,refrigerator_electricity_top10_residential,refrigeration,full_size,test_utility_1,test_utility_1,single_family,10,12500.0,RET_ER,3750.0,refrigerator_electricity_top10_residential_refrigerator_electricity_existing_residential,residential,NLIRRET_ER,refrigerator_electricity_existing_residential,refrigerator_electricity_top10_residential,,unknown,1600.0,0.0,0.0,0.0,950.0,electricity,kWh,,,,,,,refrigeration,,,1600.0,0.03424657534246575,1.0,0.0,950.0,0.0,0.0,0.0,0.0,0.0,455.17999615090116,2184.173301074501,0.0,0.0,0.0,0.0,0.0,0.0,0.0,0.0,0.0,0.5,0.5,0.5,800.0,800.0,800.0,2400.0,480.0,480.0,480.0,32.02,640.8603748139707,1.360659225508759,34.27499559323852,0.0,0.0,0.0,0.0,0.0,0.0,0.0,0.0,0.0,0.0,0.0,0.0,0.0,0.0,0.0,676.496029632718,0.25590608510327484,1669.3606951570298,0.0,0.0,1280.0,2639.3532972254025,2.0619947634573457,1280.0,0.0,0.0,2560.0,2639.3532972254025,1.0309973817286728,3840.0,2672.6292033105055,0.6959971883621108,3840.0,4025.6212625759417,1.0483388704624848,4229.36069515703,3919.3532972254025,0.9267011209787305,1600.0,6709.969898467536,4.19373118654221
145,refrigerator_electricity_top10_residential,refrigeration,full_size,test_utility_1,test_utility_2,single_family,10,25000.0,RET_ER,7500.0,refrigerator_electricity_top10_residential_refrigerator_electricity_existing_residential,residential,NLIRRET_ER,refrigerator_electricity_existing_residential,refrigerator_electricity_top10_residential,,unknown,1600.0,0.0,0.0,0.0,950.0,electricity,kWh,,,,,,,refrigeration,,,1600.0,0.03424657534246575,1.0,0.0,950.0,0.0,0.0,0.0,0.0,0.0,455.17999615090116,2184.173301074501,0.0,0.0,0.0,0.0,0.0,0.0,0.0,0.0,0.0,0.5,0.5,0.5,800.0,800.0,800.0,2400.0,480.0,480.0,480.0,32.02,640.8603748139707,1.360659225508759,34.27499559323852,0.0,0.0,0.0,0.0,0.0,0.0,0.0,0.0,0.0,0.0,0.0,0.0,0.0,0.0,0.0,676.496029632718,8.786108921879103,1669.3606951570298,0.0,0.0,1280.0,2639.3532972254025,2.0619947634573457,1280.0,0.0,0.0,2560.0,2639.3532972254025,1.0309973817286728,3840.0,2681.1594061472815,0.6982185953508545,3840.0,4034.1514654127177,1.0505602774512286,4229.36069515703,3919.3532972254025,0.9267011209787305,1600.0,6718.500101304312,4.199062563315195
146,refrigerator_electricity_top10_residential,refrigeration,full_size,test_utility_1,none,single_family,10,68750.0,RET_ER,20625.0,refrigerator_electricity_top10_residential_refrigerator_electricity_existing_residential,residential,NLIRRET_ER,refrigerator_electricity_existing_residential,refrigerator_electricity_top10_residential,,unknown,1600.0,0.0,0.0,0.0,950.0,electricity,kWh,,,,,,,refrigeration,,,1600.0,0.03424657534246575,1.0,0.0,950.0,0.0,0.0,0.0,0.0,0.0,455.17999615090116,2184.173301074501,0.0,0.0,0.0,0.0,0.0,0.0,0.0,0.0,0.0,0.5,0.5,0.5,800.0,800.0,800.0,2400.0,480.0,480.0,480.0,32.02,640.8603748139707,1.360659225508759,34.27499559323852,0.0,0.0,0.0,0.0,0.0,0.0,0.0,0.0,0.0,0.0,0.0,0.0,0.0,0.0,0.0,676.496029632718,0.25590608510327484,1669.3606951570298,0.0,0.0,1280.0,2639.3532972254025,2.0619947634573457,1280.0,0.0,0.0,2560.0,2639.3532972254025,1.0309973817286728,3840.0,2672.6292033105055,0.6959971883621108,3840.0,4025.6212625759417,1.0483388704624848,4229.36069515703,3919.3532972254025,0.9267011209787305,1600.0,6709.969898467536,4.19373118654221
147,refrigerator_electricity_existing_residential,refrigeration,full_size,test_utility_1,test_utility_1,single_family,10,10000.0,RET_ER,3000.0,,,,,,,,,,,,,,,,,,,,,,,,,,,,,,,,,,,,,,,,,,,,,,,,,,,,,,,,,,,,,,,,,,,,,,,,,,,,,,,,,,,,,,,,,,,,,,,,,,,
148,refrigerator_electricity_existing_residential,refrigeration,full_size,test_utility_1,test_utility_2,single_family,10,20000.0,RET_ER,6000.0,,,,,,,,,,,,,,,,,,,,,,,,,,,,,,,,,,,,,,,,,,,,,,,,,,,,,,,,,,,,,,,,,,,,,,,,,,,,,,,,,,,,,,,,,,,,,,,,,,,
149,refrigerator_electricity_existing_residential,refrigeration,full_size,test_utility_1,none,single_family,10,55000.0,RET_ER,16500.0,,,,,,,,,,,,,,,,,,,,,,,,,,,,,,,,,,,,,,,,,,,,,,,,,,,,,,,,,,,,,,,,,,,,,,,,,,,,,,,,,,,,,,,,,,,,,,,,,,,
150,furnace_oil_efficient_residential,heating_cooling,oil_furnace,test_utility_1,test_utility_1,multifamily,10,2500.0,RET_ER,750.0,,,,,,,,,,,,,,,,,,,,,,,,,,,,,,,,,,,,,,,,,,,,,,,,,,,,,,,,,,,,,,,,,,,,,,,,,,,,,,,,,,,,,,,,,,,,,,,,,,,
151,furnace_oil_efficient_residential,heating_cooling,oil_furnace,test_utility_1,test_utility_2,multifamily,10,5000.0,RET_ER,1500.0,,,,,,,,,,,,,,,,,,,,,,,,,,,,,,,,,,,,,,,,,,,,,,,,,,,,,,,,,,,,,,,,,,,,,,,,,,,,,,,,,,,,,,,,,,,,,,,,,,,
152,furnace_oil_efficient_residential,heating_cooling,oil_furnace,test_utility_1,none,multifamily,10,4700.0,RET_ER,1410.0,,,,,,,,,,,,,,,,,,,,,,,,,,,,,,,,,,,,,,,,,,,,,,,,,,,,,,,,,,,,,,,,,,,,,,,,,,,,,,,,,,,,,,,,,,,,,,,,,,,
153,furnace_oil_baseline_residential,heating_cooling,oil_furnace,test_utility_1,test_utility_1,multifamily,10,1250.0,RET_ER,375.0,,,,,,,,,,,,,,,,,,,,,,,,,,,,,,,,,,,,,,,,,,,,,,,,,,,,,,,,,,,,,,,,,,,,,,,,,,,,,,,,,,,,,,,,,,,,,,,,,,,
154,furnace_oil_baseline_residential,heating_cooling,oil_furnace,test_utility_1,test_utility_2,multifamily,10,2500.0,RET_ER,750.0,,,,,,,,,,,,,,,,,,,,,,,,,,,,,,,,,,,,,,,,,,,,,,,,,,,,,,,,,,,,,,,,,,,,,,,,,,,,,,,,,,,,,,,,,,,,,,,,,,,
155,furnace_oil_baseline_residential,heating_cooling,oil_furnace,test_utility_1,none,multifamily,10,2350.0,RET_ER,705.0,,,,,,,,,,,,,,,,,,,,,,,,,,,,,,,,,,,,,,,,,,,,,,,,,,,,,,,,,,,,,,,,,,,,,,,,,,,,,,,,,,,,,,,,,,,,,,,,,,,
156,furnace_oil_existing_residential,heating_cooling,oil_furnace,test_utility_1,test_utility_1,multifamily,10,1250.0,RET_ER,375.0,,,,,,,,,,,,,,,,,,,,,,,,,,,,,,,,,,,,,,,,,,,,,,,,,,,,,,,,,,,,,,,,,,,,,,,,,,,,,,,,,,,,,,,,,,,,,,,,,,,
157,furnace_oil_existing_residential,heating_cooling,oil_furnace,test_utility_1,test_utility_2,multifamily,10,2500.0,RET_ER,750.0,,,,,,,,,,,,,,,,,,,,,,,,,,,,,,,,,,,,,,,,,,,,,,,,,,,,,,,,,,,,,,,,,,,,,,,,,,,,,,,,,,,,,,,,,,,,,,,,,,,
158,furnace_oil_existing_residential,heating_cooling,oil_furnace,test_utility_1,none,multifamily,10,2350.0,RET_ER,705.0,,,,,,,,,,,,,,,,,,,,,,,,,,,,,,,,,,,,,,,,,,,,,,,,,,,,,,,,,,,,,,,,,,,,,,,,,,,,,,,,,,,,,,,,,,,,,,,,,,,
159,furnace_natural_gas_efficient_residential,heating_cooling,gas_furnace,test_utility_1,test_utility_1,multifamily,10,2500.0,RET_ER,750.0,,,,,,,,,,,,,,,,,,,,,,,,,,,,,,,,,,,,,,,,,,,,,,,,,,,,,,,,,,,,,,,,,,,,,,,,,,,,,,,,,,,,,,,,,,,,,,,,,,,
160,furnace_natural_gas_efficient_residential,heating_cooling,gas_furnace,test_utility_1,test_utility_2,multifamily,10,5000.0,RET_ER,1500.0,,,,,,,,,,,,,,,,,,,,,,,,,,,,,,,,,,,,,,,,,,,,,,,,,,,,,,,,,,,,,,,,,,,,,,,,,,,,,,,,,,,,,,,,,,,,,,,,,,,
161,furnace_natural_gas_efficient_residential,heating_cooling,gas_furnace,test_utility_1,none,multifamily,10,4700.0,RET_ER,1410.0,,,,,,,,,,,,,,,,,,,,,,,,,,,,,,,,,,,,,,,,,,,,,,,,,,,,,,,,,,,,,,,,,,,,,,,,,,,,,,,,,,,,,,,,,,,,,,,,,,,
162,furnace_natural_gas_baseline_residential,heating_cooling,gas_furnace,test_utility_1,test_utility_1,multifamily,10,1250.0,RET_ER,375.0,,,,,,,,,,,,,,,,,,,,,,,,,,,,,,,,,,,,,,,,,,,,,,,,,,,,,,,,,,,,,,,,,,,,,,,,,,,,,,,,,,,,,,,,,,,,,,,,,,,
163,furnace_natural_gas_baseline_residential,heating_cooling,gas_furnace,test_utility_1,test_utility_2,multifamily,10,2500.0,RET_ER,750.0,,,,,,,,,,,,,,,,,,,,,,,,,,,,,,,,,,,,,,,,,,,,,,,,,,,,,,,,,,,,,,,,,,,,,,,,,,,,,,,,,,,,,,,,,,,,,,,,,,,
164,furnace_natural_gas_baseline_residential,heating_cooling,gas_furnace,test_utility_1,none,multifamily,10,2350.0,RET_ER,705.0,,,,,,,,,,,,,,,,,,,,,,,,,,,,,,,,,,,,,,,,,,,,,,,,,,,,,,,,,,,,,,,,,,,,,,,,,,,,,,,,,,,,,,,,,,,,,,,,,,,
165,furnace_natural_gas_existing_residential,heating_cooling,gas_furnace,test_utility_1,test_utility_1,multifamily,10,1250.0,RET_ER,375.0,,,,,,,,,,,,,,,,,,,,,,,,,,,,,,,,,,,,,,,,,,,,,,,,,,,,,,,,,,,,,,,,,,,,,,,,,,,,,,,,,,,,,,,,,,,,,,,,,,,
166,furnace_natural_gas_existing_residential,heating_cooling,gas_furnace,test_utility_1,test_utility_2,multifamily,10,2500.0,RET_ER,750.0,,,,,,,,,,,,,,,,,,,,,,,,,,,,,,,,,,,,,,,,,,,,,,,,,,,,,,,,,,,,,,,,,,,,,,,,,,,,,,,,,,,,,,,,,,,,,,,,,,,
167,furnace_natural_gas_existing_residential,heating_cooling,gas_furnace,test_utility_1,none,multifamily,10,2350.0,RET_ER,705.0,,,,,,,,,,,,,,,,,,,,,,,,,,,,,,,,,,,,,,,,,,,,,,,,,,,,,,,,,,,,,,,,,,,,,,,,,,,,,,,,,,,,,,,,,,,,,,,,,,,
168,refrigerator_electricity_efficient_residential,refrigeration,full_size,test_utility_1,test_utility_1,multifamily,10,9000.0,RET_ER,2700.0,refrigerator_electricity_efficient_residential_refrigerator_electricity_existing_residential,residential,NLIRRET_ER,refrigerator_electricity_existing_residential,refrigerator_electricity_efficient_residential,,unknown,1300.0,0.0,0.0,0.0,1166.666666666667,electricity,kWh,,,,,,,refrigeration,,,1300.0,0.03424657534246575,1.0,0.0,1166.666666666667,0.0,0.0,0.0,0.0,0.0,558.992977729177,2682.3180890388617,0.0,0.0,0.0,0.0,0.0,0.0,0.0,0.0,0.0,0.5,0.5,0.5,650.0,650.0,650.0,1950.0,390.0,390.0,390.0,26.02,787.0215129294379,1.6709850137826874,42.09209985134557,0.0,0.0,0.0,0.0,0.0,0.0,0.0,0.0,0.0,0.0,0.0,0.0,0.0,0.0,0.0,830.7845977945661,0.25590608510327484,2050.0920817717915,0.0,0.0,1040.0,3241.3110667680385,3.1166452565077294,1040.0,0.0,0.0,2080.0,3241.3110667680385,1.5583226282538647,3120.0,3268.5869728531416,1.0476240297606223,3120.0,4930.156168442274,1.5801782591161135,4130.0920817717915,4281.3110667680385,1.0366139500045661,1300.0,7242.659054624934,5.571276195865334
169,refrigerator_electricity_efficient_residential,refrigeration,full_size,test_utility_1,test_utility_2,multifamily,10,18000.0,RET_ER,5400.0,refrigerator_electricity_efficient_residential_refrigerator_electricity_existing_residential,residential,NLIRRET_ER,refrigerator_electricity_existing_residential,refrigerator_electricity_efficient_residential,,unknown,1300.0,0.0,0.0,0.0,1166.666666666667,electricity,kWh,,,,,,,refrigeration,,,1300.0,0.03424657534246575,1.0,0.0,1166.666666666667,0.0,0.0,0.0,0.0,0.0,558.992977729177,2682.3180890388617,0.0,0.0,0.0,0.0,0.0,0.0,0.0,0.0,0.0,0.5,0.5,0.5,650.0,650.0,650.0,1950.0,390.0,390.0,390.0,26.02,787.0215129294379,1.6709850137826874,42.09209985134557,0.0,0.0,0.0,0.0,0.0,0.0,0.0,0.0,0.0,0.0,0.0,0.0,0.0,0.0,0.0,830.7845977945661,8.786108921879103,2050.0920817717915,0.0,0.0,1040.0,3241.3110667680385,3.1166452565077294,1040.0,0.0,0.0,2080.0,3241.3110667680385,1.5583226282538647,3120.0,3277.1171756899175,1.0503580691313839,3120.0,4938.68637127905,1.582912298486875,4130.0920817717915,4281.3110667680385,1.0366139500045661,1300.0,7251.1892574617095,5.577837890355161
170,refrigerator_electricity_efficient_residential,refrigeration,full_size,test_utility_1,none,multifamily,10,16920.0,RET_ER,5076.0,refrigerator_electricity_efficient_residential_refrigerator_electricity_existing_residential,residential,NLIRRET_ER,refrigerator_electricity_existing_residential,refrigerator_electricity_efficient_residential,,unknown,1300.0,0.0,0.0,0.0,1166.666666666667,electricity,kWh,,,,,,,refrigeration,,,1300.0,0.03424657534246575,1.0,0.0,1166.666666666667,0.0,0.0,0.0,0.0,0.0,558.992977729177,2682.3180890388617,0.0,0.0,0.0,0.0,0.0,0.0,0.0,0.0,0.0,0.5,0.5,0.5,650.0,650.0,650.0,1950.0,390.0,390.0,390.0,26.02,787.0215129294379,1.6709850137826874,42.09209985134557,0.0,0.0,0.0,0.0,0.0,0.0,0.0,0.0,0.0,0.0,0.0,0.0,0.0,0.0,0.0,830.7845977945661,0.25590608510327484,2050.0920817717915,0.0,0.0,1040.0,3241.3110667680385,3.1166452565077294,1040.0,0.0,0.0,2080.0,3241.3110667680385,1.5583226282538647,3120.0,3268.5869728531416,1.0476240297606223,3120.0,4930.156168442274,1.5801782591161135,4130.0920817717915,4281.3110667680385,1.0366139500045661,1300.0,7242.659054624934,5.571276195865334
171,refrigerator_electricity_baseline_residential,refrigeration,full_size,test_utility_1,test_utility_1,multifamily,10,7500.0,RET_ER,2250.0,,,,,,,,,,,,,,,,,,,,,,,,,,,,,,,,,,,,,,,,,,,,,,,,,,,,,,,,,,,,,,,,,,,,,,,,,,,,,,,,,,,,,,,,,,,,,,,,,,,
172,refrigerator_electricity_baseline_residential,refrigeration,full_size,test_utility_1,test_utility_2,multifamily,10,15000.0,RET_ER,4500.0,,,,,,,,,,,,,,,,,,,,,,,,,,,,,,,,,,,,,,,,,,,,,,,,,,,,,,,,,,,,,,,,,,,,,,,,,,,,,,,,,,,,,,,,,,,,,,,,,,,
173,refrigerator_electricity_baseline_residential,refrigeration,full_size,test_utility_1,none,multifamily,10,14100.0,RET_ER,4230.0,,,,,,,,,,,,,,,,,,,,,,,,,,,,,,,,,,,,,,,,,,,,,,,,,,,,,,,,,,,,,,,,,,,,,,,,,,,,,,,,,,,,,,,,,,,,,,,,,,,
174,refrigerator_electricity_top10_residential,refrigeration,full_size,test_utility_1,test_utility_1,multifamily,10,7500.0,RET_ER,2250.0,refrigerator_electricity_top10_residential_refrigerator_electricity_existing_residential,residential,NLIRRET_ER,refrigerator_electricity_existing_residential,refrigerator_electricity_top10_residential,,unknown,1600.0,0.0,0.0,0.0,1583.333333333333,electricity,kWh,,,,,,,refrigeration,,,1600.0,0.03424657534246575,1.0,0.0,1583.333333333333,0.0,0.0,0.0,0.0,0.0,758.6333269181684,3640.2888351241672,0.0,0.0,0.0,0.0,0.0,0.0,0.0,0.0,0.0,0.5,0.5,0.5,800.0,800.0,800.0,2400.0,480.0,480.0,480.0,32.02,1068.100624689951,2.2677653758479317,57.12499265539754,0.0,0.0,0.0,0.0,0.0,0.0,0.0,0.0,0.0,0.0,0.0,0.0,0.0,0.0,0.0,1127.4933827211964,0.25590608510327484,2782.2678252617156,0.0,0.0,1280.0,4398.922162042336,3.436657939095575,1280.0,0.0,0.0,2560.0,4398.922162042336,1.7183289695477875,3840.0,4432.19806812744,1.1542182469081874,3840.0,6687.184833569832,1.741454383742144,5342.267825261715,5678.922162042336,1.0630171207794377,1600.0,9582.445893389155,5.989028683368222
175,refrigerator_electricity_top10_residential,refrigeration,full_size,test_utility_1,test_utility_2,multifamily,10,15000.0,RET_ER,4500.0,refrigerator_electricity_top10_residential_refrigerator_electricity_existing_residential,residential,NLIRRET_ER,refrigerator_electricity_existing_residential,refrigerator_electricity_top10_residential,,unknown,1600.0,0.0,0.0,0.0,1583.333333333333,electricity,kWh,,,,,,,refrigeration,,,1600.0,0.03424657534246575,1.0,0.0,1583.333333333333,0.0,0.0,0.0,0.0,0.0,758.6333269181684,3640.2888351241672,0.0,0.0,0.0,0.0,0.0,0.0,0.0,0.0,0.0,0.5,0.5,0.5,800.0,800.0,800.0,2400.0,480.0,480.0,480.0,32.02,1068.100624689951,2.2677653758479317,57.12499265539754,0.0,0.0,0.0,0.0,0.0,0.0,0.0,0.0,0.0,0.0,0.0,0.0,0.0,0.0,0.0,1127.4933827211964,8.786108921879103,2782.2678252617156,0.0,0.0,1280.0,4398.922162042336,3.436657939095575,1280.0,0.0,0.0,2560.0,4398.922162042336,1.7183289695477875,3840.0,4440.728270964216,1.1564396538969313,3840.0,6695.715036406609,1.7436757907308877,5342.267825261715,5678.922162042336,1.0630171207794377,1600.0,9590.97609622593,5.994360060141206
176,refrigerator_electricity_top10_residential,refrigeration,full_size,test_utility_1,none,multifamily,10,14100.0,RET_ER,4230.0,refrigerator_electricity_top10_residential_refrigerator_electricity_existing_residential,residential,NLIRRET_ER,refrigerator_electricity_existing_residential,refrigerator_electricity_top10_residential,,unknown,1600.0,0.0,0.0,0.0,1583.333333333333,electricity,kWh,,,,,,,refrigeration,,,1600.0,0.03424657534246575,1.0,0.0,1583.333333333333,0.0,0.0,0.0,0.0,0.0,758.6333269181684,3640.2888351241672,0.0,0.0,0.0,0.0,0.0,0.0,0.0,0.0,0.0,0.5,0.5,0.5,800.0,800.0,800.0,2400.0,480.0,480.0,480.0,32.02,1068.100624689951,2.2677653758479317,57.12499265539754,0.0,0.0,0.0,0.0,0.0,0.0,0.0,0.0,0.0,0.0,0.0,0.0,0.0,0.0,0.0,1127.4933827211964,0.25590608510327484,2782.2678252617156,0.0,0.0,1280.0,4398.922162042336,3.436657939095575,1280.0,0.0,0.0,2560.0,4398.922162042336,1.7183289695477875,3840.0,4432.19806812744,1.1542182469081874,3840.0,6687.184833569832,1.741454383742144,5342.267825261715,5678.922162042336,1.0630171207794377,1600.0,9582.445893389155,5.989028683368222
177,refrigerator_electricity_existing_residential,refrigeration,full_size,test_utility_1,test_utility_1,multifamily,10,6000.0,RET_ER,1800.0,,,,,,,,,,,,,,,,,,,,,,,,,,,,,,,,,,,,,,,,,,,,,,,,,,,,,,,,,,,,,,,,,,,,,,,,,,,,,,,,,,,,,,,,,,,,,,,,,,,
178,refrigerator_electricity_existing_residential,refrigeration,full_size,test_utility_1,test_utility_2,multifamily,10,12000.0,RET_ER,3600.0,,,,,,,,,,,,,,,,,,,,,,,,,,,,,,,,,,,,,,,,,,,,,,,,,,,,,,,,,,,,,,,,,,,,,,,,,,,,,,,,,,,,,,,,,,,,,,,,,,,
179,refrigerator_electricity_existing_residential,refrigeration,full_size,test_utility_1,none,multifamily,10,11280.0,RET_ER,3384.0,,,,,,,,,,,,,,,,,,,,,,,,,,,,,,,,,,,,,,,,,,,,,,,,,,,,,,,,,,,,,,,,,,,,,,,,,,,,,,,,,,,,,,,,,,,,,,,,,,,
180,furnace_oil_efficient_residential,heating_cooling,oil_furnace,test_utility_1,test_utility_1,single_family_li,10,500.0,RET_ER,150.0,,,,,,,,,,,,,,,,,,,,,,,,,,,,,,,,,,,,,,,,,,,,,,,,,,,,,,,,,,,,,,,,,,,,,,,,,,,,,,,,,,,,,,,,,,,,,,,,,,,
181,furnace_oil_efficient_residential,heating_cooling,oil_furnace,test_utility_1,test_utility_2,single_family_li,10,2000.0,RET_ER,600.0,,,,,,,,,,,,,,,,,,,,,,,,,,,,,,,,,,,,,,,,,,,,,,,,,,,,,,,,,,,,,,,,,,,,,,,,,,,,,,,,,,,,,,,,,,,,,,,,,,,
182,furnace_oil_efficient_residential,heating_cooling,oil_furnace,test_utility_1,none,single_family_li,10,1900.0,RET_ER,570.0,,,,,,,,,,,,,,,,,,,,,,,,,,,,,,,,,,,,,,,,,,,,,,,,,,,,,,,,,,,,,,,,,,,,,,,,,,,,,,,,,,,,,,,,,,,,,,,,,,,
183,furnace_oil_baseline_residential,heating_cooling,oil_furnace,test_utility_1,test_utility_1,single_family_li,10,250.0,RET_ER,75.0,,,,,,,,,,,,,,,,,,,,,,,,,,,,,,,,,,,,,,,,,,,,,,,,,,,,,,,,,,,,,,,,,,,,,,,,,,,,,,,,,,,,,,,,,,,,,,,,,,,
184,furnace_oil_baseline_residential,heating_cooling,oil_furnace,test_utility_1,test_utility_2,single_family_li,10,1000.0,RET_ER,300.0,,,,,,,,,,,,,,,,,,,,,,,,,,,,,,,,,,,,,,,,,,,,,,,,,,,,,,,,,,,,,,,,,,,,,,,,,,,,,,,,,,,,,,,,,,,,,,,,,,,
185,furnace_oil_baseline_residential,heating_cooling,oil_furnace,test_utility_1,none,single_family_li,10,950.0,RET_ER,285.0,,,,,,,,,,,,,,,,,,,,,,,,,,,,,,,,,,,,,,,,,,,,,,,,,,,,,,,,,,,,,,,,,,,,,,,,,,,,,,,,,,,,,,,,,,,,,,,,,,,
186,furnace_oil_existing_residential,heating_cooling,oil_furnace,test_utility_1,test_utility_1,single_family_li,10,250.0,RET_ER,75.0,,,,,,,,,,,,,,,,,,,,,,,,,,,,,,,,,,,,,,,,,,,,,,,,,,,,,,,,,,,,,,,,,,,,,,,,,,,,,,,,,,,,,,,,,,,,,,,,,,,
187,furnace_oil_existing_residential,heating_cooling,oil_furnace,test_utility_1,test_utility_2,single_family_li,10,1000.0,RET_ER,300.0,,,,,,,,,,,,,,,,,,,,,,,,,,,,,,,,,,,,,,,,,,,,,,,,,,,,,,,,,,,,,,,,,,,,,,,,,,,,,,,,,,,,,,,,,,,,,,,,,,,
188,furnace_oil_existing_residential,heating_cooling,oil_furnace,test_utility_1,none,single_family_li,10,950.0,RET_ER,285.0,,,,,,,,,,,,,,,,,,,,,,,,,,,,,,,,,,,,,,,,,,,,,,,,,,,,,,,,,,,,,,,,,,,,,,,,,,,,,,,,,,,,,,,,,,,,,,,,,,,
189,furnace_natural_gas_efficient_residential,heating_cooling,gas_furnace,test_utility_1,test_utility_1,single_family_li,10,500.0,RET_ER,150.0,,,,,,,,,,,,,,,,,,,,,,,,,,,,,,,,,,,,,,,,,,,,,,,,,,,,,,,,,,,,,,,,,,,,,,,,,,,,,,,,,,,,,,,,,,,,,,,,,,,
190,furnace_natural_gas_efficient_residential,heating_cooling,gas_furnace,test_utility_1,test_utility_2,single_family_li,10,2000.0,RET_ER,600.0,,,,,,,,,,,,,,,,,,,,,,,,,,,,,,,,,,,,,,,,,,,,,,,,,,,,,,,,,,,,,,,,,,,,,,,,,,,,,,,,,,,,,,,,,,,,,,,,,,,
191,furnace_natural_gas_efficient_residential,heating_cooling,gas_furnace,test_utility_1,none,single_family_li,10,1900.0,RET_ER,570.0,,,,,,,,,,,,,,,,,,,,,,,,,,,,,,,,,,,,,,,,,,,,,,,,,,,,,,,,,,,,,,,,,,,,,,,,,,,,,,,,,,,,,,,,,,,,,,,,,,,
192,furnace_natural_gas_baseline_residential,heating_cooling,gas_furnace,test_utility_1,test_utility_1,single_family_li,10,250.0,RET_ER,75.0,,,,,,,,,,,,,,,,,,,,,,,,,,,,,,,,,,,,,,,,,,,,,,,,,,,,,,,,,,,,,,,,,,,,,,,,,,,,,,,,,,,,,,,,,,,,,,,,,,,
193,furnace_natural_gas_baseline_residential,heating_cooling,gas_furnace,test_utility_1,test_utility_2,single_family_li,10,1000.0,RET_ER,300.0,,,,,,,,,,,,,,,,,,,,,,,,,,,,,,,,,,,,,,,,,,,,,,,,,,,,,,,,,,,,,,,,,,,,,,,,,,,,,,,,,,,,,,,,,,,,,,,,,,,
194,furnace_natural_gas_baseline_residential,heating_cooling,gas_furnace,test_utility_1,none,single_family_li,10,950.0,RET_ER,285.0,,,,,,,,,,,,,,,,,,,,,,,,,,,,,,,,,,,,,,,,,,,,,,,,,,,,,,,,,,,,,,,,,,,,,,,,,,,,,,,,,,,,,,,,,,,,,,,,,,,
195,furnace_natural_gas_existing_residential,heating_cooling,gas_furnace,test_utility_1,test_utility_1,single_family_li,10,250.0,RET_ER,75.0,,,,,,,,,,,,,,,,,,,,,,,,,,,,,,,,,,,,,,,,,,,,,,,,,,,,,,,,,,,,,,,,,,,,,,,,,,,,,,,,,,,,,,,,,,,,,,,,,,,
196,furnace_natural_gas_existing_residential,heating_cooling,gas_furnace,test_utility_1,test_utility_2,single_family_li,10,1000.0,RET_ER,300.0,,,,,,,,,,,,,,,,,,,,,,,,,,,,,,,,,,,,,,,,,,,,,,,,,,,,,,,,,,,,,,,,,,,,,,,,,,,,,,,,,,,,,,,,,,,,,,,,,,,
197,furnace_natural_gas_existing_residential,heating_cooling,gas_furnace,test_utility_1,none,single_family_li,10,950.0,RET_ER,285.0,,,,,,,,,,,,,,,,,,,,,,,,,,,,,,,,,,,,,,,,,,,,,,,,,,,,,,,,,,,,,,,,,,,,,,,,,,,,,,,,,,,,,,,,,,,,,,,,,,,
198,refrigerator_electricity_efficient_residential,refrigeration,full_size,test_utility_1,test_utility_1,single_family_li,10,1500.0,RET_ER,450.0,refrigerator_electricity_efficient_residential_refrigerator_electricity_existing_residential,residential,LIRRET_ER,refrigerator_electricity_existing_residential,refrigerator_electricity_efficient_residential,,unknown,1300.0,0.0,0.0,0.0,700.0,electricity,kWh,,,,,,,refrigeration,,,1300.0,0.03424657534246575,1.0,0.0,700.0,0.0,0.0,0.0,0.0,0.0,335.39578663750615,1609.3908534233162,0.0,0.0,0.0,0.0,0.0,0.0,0.0,0.0,0.0,0.5,0.5,0.5,650.0,650.0,650.0,1950.0,390.0,390.0,390.0,26.02,472.2129077576627,1.0025910082696121,25.255259910807336,0.0,0.0,0.0,0.0,0.0,0.0,0.0,0.0,0.0,0.0,0.0,0.0,0.0,0.0,0.0,498.4707586767397,0.25590608510327484,1230.0552490630746,0.0,0.0,1040.0,1944.7866400608223,1.8699871539046369,1040.0,0.0,0.0,2080.0,1944.7866400608223,0.9349935769523184,3120.0,1972.0625461459256,0.6320713288929248,3120.0,2969.0040634994048,0.9516038665062195,3310.0552490630744,2984.7866400608223,0.9017331782923198,1300.0,5126.097795209001,3.9431521501607696
199,refrigerator_electricity_efficient_residential,refrigeration,full_size,test_utility_1,test_utility_2,single_family_li,10,6000.0,RET_ER,1800.0,refrigerator_electricity_efficient_residential_refrigerator_electricity_existing_residential,residential,LIRRET_ER,refrigerator_electricity_existing_residential,refrigerator_electricity_efficient_residential,,unknown,1300.0,0.0,0.0,0.0,700.0,electricity,kWh,,,,,,,refrigeration,,,1300.0,0.03424657534246575,1.0,0.0,700.0,0.0,0.0,0.0,0.0,0.0,335.39578663750615,1609.3908534233162,0.0,0.0,0.0,0.0,0.0,0.0,0.0,0.0,0.0,0.5,0.5,0.5,650.0,650.0,650.0,1950.0,390.0,390.0,390.0,26.02,472.2129077576627,1.0025910082696121,25.255259910807336,0.0,0.0,0.0,0.0,0.0,0.0,0.0,0.0,0.0,0.0,0.0,0.0,0.0,0.0,0.0,498.4707586767397,8.786108921879103,1230.0552490630746,0.0,0.0,1040.0,1944.7866400608223,1.8699871539046369,1040.0,0.0,0.0,2080.0,1944.7866400608223,0.9349935769523184,3120.0,1980.5927489827013,0.6348053682636863,3120.0,2977.5342663361807,0.954337905876981,3310.0552490630744,2984.7866400608223,0.9017331782923198,1300.0,5134.627998045777,3.9497138446505975
200,refrigerator_electricity_efficient_residential,refrigeration,full_size,test_utility_1,none,single_family_li,10,5700.0,RET_ER,1710.0,refrigerator_electricity_efficient_residential_refrigerator_electricity_existing_residential,residential,LIRRET_ER,refrigerator_electricity_existing_residential,refrigerator_electricity_efficient_residential,,unknown,1300.0,0.0,0.0,0.0,700.0,electricity,kWh,,,,,,,refrigeration,,,1300.0,0.03424657534246575,1.0,0.0,700.0,0.0,0.0,0.0,0.0,0.0,335.39578663750615,1609.3908534233162,0.0,0.0,0.0,0.0,0.0,0.0,0.0,0.0,0.0,0.5,0.5,0.5,650.0,650.0,650.0,1950.0,390.0,390.0,390.0,26.02,472.2129077576627,1.0025910082696121,25.255259910807336,0.0,0.0,0.0,0.0,0.0,0.0,0.0,0.0,0.0,0.0,0.0,0.0,0.0,0.0,0.0,498.4707586767397,0.25590608510327484,1230.0552490630746,0.0,0.0,1040.0,1944.7866400608223,1.8699871539046369,1040.0,0.0,0.0,2080.0,1944.7866400608223,0.9349935769523184,3120.0,1972.0625461459256,0.6320713288929248,3120.0,2969.0040634994048,0.9516038665062195,3310.0552490630744,2984.7866400608223,0.9017331782923198,1300.0,5126.097795209001,3.9431521501607696
201,refrigerator_electricity_baseline_residential,refrigeration,full_size,test_utility_1,test_utility_1,single_family_li,10,1250.0,RET_ER,375.0,,,,,,,,,,,,,,,,,,,,,,,,,,,,,,,,,,,,,,,,,,,,,,,,,,,,,,,,,,,,,,,,,,,,,,,,,,,,,,,,,,,,,,,,,,,,,,,,,,,
202,refrigerator_electricity_baseline_residential,refrigeration,full_size,test_utility_1,test_utility_2,single_family_li,10,5000.0,RET_ER,1500.0,,,,,,,,,,,,,,,,,,,,,,,,,,,,,,,,,,,,,,,,,,,,,,,,,,,,,,,,,,,,,,,,,,,,,,,,,,,,,,,,,,,,,,,,,,,,,,,,,,,
203,refrigerator_electricity_baseline_residential,refrigeration,full_size,test_utility_1,none,single_family_li,10,4750.0,RET_ER,1425.0,,,,,,,,,,,,,,,,,,,,,,,,,,,,,,,,,,,,,,,,,,,,,,,,,,,,,,,,,,,,,,,,,,,,,,,,,,,,,,,,,,,,,,,,,,,,,,,,,,,
204,refrigerator_electricity_top10_residential,refrigeration,full_size,test_utility_1,test_utility_1,single_family_li,10,1250.0,RET_ER,375.0,refrigerator_electricity_top10_residential_refrigerator_electricity_existing_residential,residential,LIRRET_ER,refrigerator_electricity_existing_residential,refrigerator_electricity_top10_residential,,unknown,1600.0,0.0,0.0,0.0,950.0,electricity,kWh,,,,,,,refrigeration,,,1600.0,0.03424657534246575,1.0,0.0,950.0,0.0,0.0,0.0,0.0,0.0,455.17999615090116,2184.173301074501,0.0,0.0,0.0,0.0,0.0,0.0,0.0,0.0,0.0,0.5,0.5,0.5,800.0,800.0,800.0,2400.0,480.0,480.0,480.0,32.02,640.8603748139707,1.360659225508759,34.27499559323852,0.0,0.0,0.0,0.0,0.0,0.0,0.0,0.0,0.0,0.0,0.0,0.0,0.0,0.0,0.0,676.496029632718,0.25590608510327484,1669.3606951570298,0.0,0.0,1280.0,2639.3532972254025,2.0619947634573457,1280.0,0.0,0.0,2560.0,2639.3532972254025,1.0309973817286728,3840.0,2672.6292033105055,0.6959971883621108,3840.0,4025.6212625759417,1.0483388704624848,4229.36069515703,3919.3532972254025,0.9267011209787305,1600.0,6709.969898467536,4.19373118654221
205,refrigerator_electricity_top10_residential,refrigeration,full_size,test_utility_1,test_utility_2,single_family_li,10,5000.0,RET_ER,1500.0,refrigerator_electricity_top10_residential_refrigerator_electricity_existing_residential,residential,LIRRET_ER,refrigerator_electricity_existing_residential,refrigerator_electricity_top10_residential,,unknown,1600.0,0.0,0.0,0.0,950.0,electricity,kWh,,,,,,,refrigeration,,,1600.0,0.03424657534246575,1.0,0.0,950.0,0.0,0.0,0.0,0.0,0.0,455.17999615090116,2184.173301074501,0.0,0.0,0.0,0.0,0.0,0.0,0.0,0.0,0.0,0.5,0.5,0.5,800.0,800.0,800.0,2400.0,480.0,480.0,480.0,32.02,640.8603748139707,1.360659225508759,34.27499559323852,0.0,0.0,0.0,0.0,0.0,0.0,0.0,0.0,0.0,0.0,0.0,0.0,0.0,0.0,0.0,676.496029632718,8.786108921879103,1669.3606951570298,0.0,0.0,1280.0,2639.3532972254025,2.0619947634573457,1280.0,0.0,0.0,2560.0,2639.3532972254025,1.0309973817286728,3840.0,2681.1594061472815,0.6982185953508545,3840.0,4034.1514654127177,1.0505602774512286,4229.36069515703,3919.3532972254025,0.9267011209787305,1600.0,6718.500101304312,4.199062563315195
206,refrigerator_electricity_top10_residential,refrigeration,full_size,test_utility_1,none,single_family_li,10,4750.0,RET_ER,1425.0,refrigerator_electricity_top10_residential_refrigerator_electricity_existing_residential,residential,LIRRET_ER,refrigerator_electricity_existing_residential,refrigerator_electricity_top10_residential,,unknown,1600.0,0.0,0.0,0.0,950.0,electricity,kWh,,,,,,,refrigeration,,,1600.0,0.03424657534246575,1.0,0.0,950.0,0.0,0.0,0.0,0.0,0.0,455.17999615090116,2184.173301074501,0.0,0.0,0.0,0.0,0.0,0.0,0.0,0.0,0.0,0.5,0.5,0.5,800.0,800.0,800.0,2400.0,480.0,480.0,480.0,32.02,640.8603748139707,1.360659225508759,34.27499559323852,0.0,0.0,0.0,0.0,0.0,0.0,0.0,0.0,0.0,0.0,0.0,0.0,0.0,0.0,0.0,676.496029632718,0.25590608510327484,1669.3606951570298,0.0,0.0,1280.0,2639.3532972254025,2.0619947634573457,1280.0,0.0,0.0,2560.0,2639.3532972254025,1.0309973817286728,3840.0,2672.6292033105055,0.6959971883621108,3840.0,4025.6212625759417,1.0483388704624848,4229.36069515703,3919.3532972254025,0.9267011209787305,1600.0,6709.969898467536,4.19373118654221
207,refrigerator_electricity_existing_residential,refrigeration,full_size,test_utility_1,test_utility_1,single_family_li,10,1000.0,RET_ER,300.0,,,,,,,,,,,,,,,,,,,,,,,,,,,,,,,,,,,,,,,,,,,,,,,,,,,,,,,,,,,,,,,,,,,,,,,,,,,,,,,,,,,,,,,,,,,,,,,,,,,
208,refrigerator_electricity_existing_residential,refrigeration,full_size,test_utility_1,test_utility_2,single_family_li,10,4000.0,RET_ER,1200.0,,,,,,,,,,,,,,,,,,,,,,,,,,,,,,,,,,,,,,,,,,,,,,,,,,,,,,,,,,,,,,,,,,,,,,,,,,,,,,,,,,,,,,,,,,,,,,,,,,,
209,refrigerator_electricity_existing_residential,refrigeration,full_size,test_utility_1,none,single_family_li,10,3800.0,RET_ER,1140.0,,,,,,,,,,,,,,,,,,,,,,,,,,,,,,,,,,,,,,,,,,,,,,,,,,,,,,,,,,,,,,,,,,,,,,,,,,,,,,,,,,,,,,,,,,,,,,,,,,,
210,furnace_oil_efficient_residential,heating_cooling,oil_furnace,test_utility_1,test_utility_1,multifamily_li,10,250.0,RET_ER,75.0,,,,,,,,,,,,,,,,,,,,,,,,,,,,,,,,,,,,,,,,,,,,,,,,,,,,,,,,,,,,,,,,,,,,,,,,,,,,,,,,,,,,,,,,,,,,,,,,,,,
211,furnace_oil_efficient_residential,heating_cooling,oil_furnace,test_utility_1,test_utility_2,multifamily_li,10,1000.0,RET_ER,300.0,,,,,,,,,,,,,,,,,,,,,,,,,,,,,,,,,,,,,,,,,,,,,,,,,,,,,,,,,,,,,,,,,,,,,,,,,,,,,,,,,,,,,,,,,,,,,,,,,,,
212,furnace_oil_efficient_residential,heating_cooling,oil_furnace,test_utility_1,none,multifamily_li,10,700.0,RET_ER,210.0,,,,,,,,,,,,,,,,,,,,,,,,,,,,,,,,,,,,,,,,,,,,,,,,,,,,,,,,,,,,,,,,,,,,,,,,,,,,,,,,,,,,,,,,,,,,,,,,,,,
213,furnace_oil_baseline_residential,heating_cooling,oil_furnace,test_utility_1,test_utility_1,multifamily_li,10,125.0,RET_ER,37.5,,,,,,,,,,,,,,,,,,,,,,,,,,,,,,,,,,,,,,,,,,,,,,,,,,,,,,,,,,,,,,,,,,,,,,,,,,,,,,,,,,,,,,,,,,,,,,,,,,,
214,furnace_oil_baseline_residential,heating_cooling,oil_furnace,test_utility_1,test_utility_2,multifamily_li,10,500.0,RET_ER,150.0,,,,,,,,,,,,,,,,,,,,,,,,,,,,,,,,,,,,,,,,,,,,,,,,,,,,,,,,,,,,,,,,,,,,,,,,,,,,,,,,,,,,,,,,,,,,,,,,,,,
215,furnace_oil_baseline_residential,heating_cooling,oil_furnace,test_utility_1,none,multifamily_li,10,350.0,RET_ER,105.0,,,,,,,,,,,,,,,,,,,,,,,,,,,,,,,,,,,,,,,,,,,,,,,,,,,,,,,,,,,,,,,,,,,,,,,,,,,,,,,,,,,,,,,,,,,,,,,,,,,
216,furnace_oil_existing_residential,heating_cooling,oil_furnace,test_utility_1,test_utility_1,multifamily_li,10,125.0,RET_ER,37.5,,,,,,,,,,,,,,,,,,,,,,,,,,,,,,,,,,,,,,,,,,,,,,,,,,,,,,,,,,,,,,,,,,,,,,,,,,,,,,,,,,,,,,,,,,,,,,,,,,,
217,furnace_oil_existing_residential,heating_cooling,oil_furnace,test_utility_1,test_utility_2,multifamily_li,10,500.0,RET_ER,150.0,,,,,,,,,,,,,,,,,,,,,,,,,,,,,,,,,,,,,,,,,,,,,,,,,,,,,,,,,,,,,,,,,,,,,,,,,,,,,,,,,,,,,,,,,,,,,,,,,,,
218,furnace_oil_existing_residential,heating_cooling,oil_furnace,test_utility_1,none,multifamily_li,10,350.0,RET_ER,105.0,,,,,,,,,,,,,,,,,,,,,,,,,,,,,,,,,,,,,,,,,,,,,,,,,,,,,,,,,,,,,,,,,,,,,,,,,,,,,,,,,,,,,,,,,,,,,,,,,,,
219,furnace_natural_gas_efficient_residential,heating_cooling,gas_furnace,test_utility_1,test_utility_1,multifamily_li,10,250.0,RET_ER,75.0,,,,,,,,,,,,,,,,,,,,,,,,,,,,,,,,,,,,,,,,,,,,,,,,,,,,,,,,,,,,,,,,,,,,,,,,,,,,,,,,,,,,,,,,,,,,,,,,,,,
220,furnace_natural_gas_efficient_residential,heating_cooling,gas_furnace,test_utility_1,test_utility_2,multifamily_li,10,1000.0,RET_ER,300.0,,,,,,,,,,,,,,,,,,,,,,,,,,,,,,,,,,,,,,,,,,,,,,,,,,,,,,,,,,,,,,,,,,,,,,,,,,,,,,,,,,,,,,,,,,,,,,,,,,,
221,furnace_natural_gas_efficient_residential,heating_cooling,gas_furnace,test_utility_1,none,multifamily_li,10,700.0,RET_ER,210.0,,,,,,,,,,,,,,,,,,,,,,,,,,,,,,,,,,,,,,,,,,,,,,,,,,,,,,,,,,,,,,,,,,,,,,,,,,,,,,,,,,,,,,,,,,,,,,,,,,,
222,furnace_natural_gas_baseline_residential,heating_cooling,gas_furnace,test_utility_1,test_utility_1,multifamily_li,10,125.0,RET_ER,37.5,,,,,,,,,,,,,,,,,,,,,,,,,,,,,,,,,,,,,,,,,,,,,,,,,,,,,,,,,,,,,,,,,,,,,,,,,,,,,,,,,,,,,,,,,,,,,,,,,,,
223,furnace_natural_gas_baseline_residential,heating_cooling,gas_furnace,test_utility_1,test_utility_2,multifamily_li,10,500.0,RET_ER,150.0,,,,,,,,,,,,,,,,,,,,,,,,,,,,,,,,,,,,,,,,,,,,,,,,,,,,,,,,,,,,,,,,,,,,,,,,,,,,,,,,,,,,,,,,,,,,,,,,,,,
224,furnace_natural_gas_baseline_residential,heating_cooling,gas_furnace,test_utility_1,none,multifamily_li,10,350.0,RET_ER,105.0,,,,,,,,,,,,,,,,,,,,,,,,,,,,,,,,,,,,,,,,,,,,,,,,,,,,,,,,,,,,,,,,,,,,,,,,,,,,,,,,,,,,,,,,,,,,,,,,,,,
225,furnace_natural_gas_existing_residential,heating_cooling,gas_furnace,test_utility_1,test_utility_1,multifamily_li,10,125.0,RET_ER,37.5,,,,,,,,,,,,,,,,,,,,,,,,,,,,,,,,,,,,,,,,,,,,,,,,,,,,,,,,,,,,,,,,,,,,,,,,,,,,,,,,,,,,,,,,,,,,,,,,,,,
226,furnace_natural_gas_existing_residential,heating_cooling,gas_furnace,test_utility_1,test_utility_2,multifamily_li,10,500.0,RET_ER,150.0,,,,,,,,,,,,,,,,,,,,,,,,,,,,,,,,,,,,,,,,,,,,,,,,,,,,,,,,,,,,,,,,,,,,,,,,,,,,,,,,,,,,,,,,,,,,,,,,,,,
227,furnace_natural_gas_existing_residential,heating_cooling,gas_furnace,test_utility_1,none,multifamily_li,10,350.0,RET_ER,105.0,,,,,,,,,,,,,,,,,,,,,,,,,,,,,,,,,,,,,,,,,,,,,,,,,,,,,,,,,,,,,,,,,,,,,,,,,,,,,,,,,,,,,,,,,,,,,,,,,,,
228,refrigerator_electricity_efficient_residential,refrigeration,full_size,test_utility_1,test_utility_1,multifamily_li,10,900.0,RET_ER,270.0,refrigerator_electricity_efficient_residential_refrigerator_electricity_existing_residential,residential,LIRRET_ER,refrigerator_electricity_existing_residential,refrigerator_electricity_efficient_residential,,unknown,1300.0,0.0,0.0,0.0,1166.666666666667,electricity,kWh,,,,,,,refrigeration,,,1300.0,0.03424657534246575,1.0,0.0,1166.666666666667,0.0,0.0,0.0,0.0,0.0,558.992977729177,2682.3180890388617,0.0,0.0,0.0,0.0,0.0,0.0,0.0,0.0,0.0,0.5,0.5,0.5,650.0,650.0,650.0,1950.0,390.0,390.0,390.0,26.02,787.0215129294379,1.6709850137826874,42.09209985134557,0.0,0.0,0.0,0.0,0.0,0.0,0.0,0.0,0.0,0.0,0.0,0.0,0.0,0.0,0.0,830.7845977945661,0.25590608510327484,2050.0920817717915,0.0,0.0,1040.0,3241.3110667680385,3.1166452565077294,1040.0,0.0,0.0,2080.0,3241.3110667680385,1.5583226282538647,3120.0,3268.5869728531416,1.0476240297606223,3120.0,4930.156168442274,1.5801782591161135,4130.0920817717915,4281.3110667680385,1.0366139500045661,1300.0,7242.659054624934,5.571276195865334
229,refrigerator_electricity_efficient_residential,refrigeration,full_size,test_utility_1,test_utility_2,multifamily_li,10,3600.0,RET_ER,1080.0,refrigerator_electricity_efficient_residential_refrigerator_electricity_existing_residential,residential,LIRRET_ER,refrigerator_electricity_existing_residential,refrigerator_electricity_efficient_residential,,unknown,1300.0,0.0,0.0,0.0,1166.666666666667,electricity,kWh,,,,,,,refrigeration,,,1300.0,0.03424657534246575,1.0,0.0,1166.666666666667,0.0,0.0,0.0,0.0,0.0,558.992977729177,2682.3180890388617,0.0,0.0,0.0,0.0,0.0,0.0,0.0,0.0,0.0,0.5,0.5,0.5,650.0,650.0,650.0,1950.0,390.0,390.0,390.0,26.02,787.0215129294379,1.6709850137826874,42.09209985134557,0.0,0.0,0.0,0.0,0.0,0.0,0.0,0.0,0.0,0.0,0.0,0.0,0.0,0.0,0.0,830.7845977945661,8.786108921879103,2050.0920817717915,0.0,0.0,1040.0,3241.3110667680385,3.1166452565077294,1040.0,0.0,0.0,2080.0,3241.3110667680385,1.5583226282538647,3120.0,3277.1171756899175,1.0503580691313839,3120.0,4938.68637127905,1.582912298486875,4130.0920817717915,4281.3110667680385,1.0366139500045661,1300.0,7251.1892574617095,5.577837890355161
230,refrigerator_electricity_efficient_residential,refrigeration,full_size,test_utility_1,none,multifamily_li,10,2520.0,RET_ER,756.0,refrigerator_electricity_efficient_residential_refrigerator_electricity_existing_residential,residential,LIRRET_ER,refrigerator_electricity_existing_residential,refrigerator_electricity_efficient_residential,,unknown,1300.0,0.0,0.0,0.0,1166.666666666667,electricity,kWh,,,,,,,refrigeration,,,1300.0,0.03424657534246575,1.0,0.0,1166.666666666667,0.0,0.0,0.0,0.0,0.0,558.992977729177,2682.3180890388617,0.0,0.0,0.0,0.0,0.0,0.0,0.0,0.0,0.0,0.5,0.5,0.5,650.0,650.0,650.0,1950.0,390.0,390.0,390.0,26.02,787.0215129294379,1.6709850137826874,42.09209985134557,0.0,0.0,0.0,0.0,0.0,0.0,0.0,0.0,0.0,0.0,0.0,0.0,0.0,0.0,0.0,830.7845977945661,0.25590608510327484,2050.0920817717915,0.0,0.0,1040.0,3241.3110667680385,3.1166452565077294,1040.0,0.0,0.0,2080.0,3241.3110667680385,1.5583226282538647,3120.0,3268.5869728531416,1.0476240297606223,3120.0,4930.156168442274,1.5801782591161135,4130.0920817717915,4281.3110667680385,1.0366139500045661,1300.0,7242.659054624934,5.571276195865334
231,refrigerator_electricity_baseline_residential,refrigeration,full_size,test_utility_1,test_utility_1,multifamily_li,10,750.0,RET_ER,225.0,,,,,,,,,,,,,,,,,,,,,,,,,,,,,,,,,,,,,,,,,,,,,,,,,,,,,,,,,,,,,,,,,,,,,,,,,,,,,,,,,,,,,,,,,,,,,,,,,,,
232,refrigerator_electricity_baseline_residential,refrigeration,full_size,test_utility_1,test_utility_2,multifamily_li,10,3000.0,RET_ER,900.0,,,,,,,,,,,,,,,,,,,,,,,,,,,,,,,,,,,,,,,,,,,,,,,,,,,,,,,,,,,,,,,,,,,,,,,,,,,,,,,,,,,,,,,,,,,,,,,,,,,
233,refrigerator_electricity_baseline_residential,refrigeration,full_size,test_utility_1,none,multifamily_li,10,2100.0,RET_ER,630.0,,,,,,,,,,,,,,,,,,,,,,,,,,,,,,,,,,,,,,,,,,,,,,,,,,,,,,,,,,,,,,,,,,,,,,,,,,,,,,,,,,,,,,,,,,,,,,,,,,,
234,refrigerator_electricity_top10_residential,refrigeration,full_size,test_utility_1,test_utility_1,multifamily_li,10,750.0,RET_ER,225.0,refrigerator_electricity_top10_residential_refrigerator_electricity_existing_residential,residential,LIRRET_ER,refrigerator_electricity_existing_residential,refrigerator_electricity_top10_residential,,unknown,1600.0,0.0,0.0,0.0,1583.333333333333,electricity,kWh,,,,,,,refrigeration,,,1600.0,0.03424657534246575,1.0,0.0,1583.333333333333,0.0,0.0,0.0,0.0,0.0,758.6333269181684,3640.2888351241672,0.0,0.0,0.0,0.0,0.0,0.0,0.0,0.0,0.0,0.5,0.5,0.5,800.0,800.0,800.0,2400.0,480.0,480.0,480.0,32.02,1068.100624689951,2.2677653758479317,57.12499265539754,0.0,0.0,0.0,0.0,0.0,0.0,0.0,0.0,0.0,0.0,0.0,0.0,0.0,0.0,0.0,1127.4933827211964,0.25590608510327484,2782.2678252617156,0.0,0.0,1280.0,4398.922162042336,3.436657939095575,1280.0,0.0,0.0,2560.0,4398.922162042336,1.7183289695477875,3840.0,4432.19806812744,1.1542182469081874,3840.0,6687.184833569832,1.741454383742144,5342.267825261715,5678.922162042336,1.0630171207794377,1600.0,9582.445893389155,5.989028683368222
235,refrigerator_electricity_top10_residential,refrigeration,full_size,test_utility_1,test_utility_2,multifamily_li,10,3000.0,RET_ER,900.0,refrigerator_electricity_top10_residential_refrigerator_electricity_existing_residential,residential,LIRRET_ER,refrigerator_electricity_existing_residential,refrigerator_electricity_top10_residential,,unknown,1600.0,0.0,0.0,0.0,1583.333333333333,electricity,kWh,,,,,,,refrigeration,,,1600.0,0.03424657534246575,1.0,0.0,1583.333333333333,0.0,0.0,0.0,0.0,0.0,758.6333269181684,3640.2888351241672,0.0,0.0,0.0,0.0,0.0,0.0,0.0,0.0,0.0,0.5,0.5,0.5,800.0,800.0,800.0,2400.0,480.0,480.0,480.0,32.02,1068.100624689951,2.2677653758479317,57.12499265539754,0.0,0.0,0.0,0.0,0.0,0.0,0.0,0.0,0.0,0.0,0.0,0.0,0.0,0.0,0.0,1127.4933827211964,8.786108921879103,2782.2678252617156,0.0,0.0,1280.0,4398.922162042336,3.436657939095575,1280.0,0.0,0.0,2560.0,4398.922162042336,1.7183289695477875,3840.0,4440.728270964216,1.1564396538969313,3840.0,6695.715036406609,1.7436757907308877,5342.267825261715,5678.922162042336,1.0630171207794377,1600.0,9590.97609622593,5.994360060141206
236,refrigerator_electricity_top10_residential,refrigeration,full_size,test_utility_1,none,multifamily_li,10,2100.0,RET_ER,630.0,refrigerator_electricity_top10_residential_refrigerator_electricity_existing_residential,residential,LIRRET_ER,refrigerator_electricity_existing_residential,refrigerator_electricity_top10_residential,,unknown,1600.0,0.0,0.0,0.0,1583.333333333333,electricity,kWh,,,,,,,refrigeration,,,1600.0,0.03424657534246575,1.0,0.0,1583.333333333333,0.0,0.0,0.0,0.0,0.0,758.6333269181684,3640.2888351241672,0.0,0.0,0.0,0.0,0.0,0.0,0.0,0.0,0.0,0.5,0.5,0.5,800.0,800.0,800.0,2400.0,480.0,480.0,480.0,32.02,1068.100624689951,2.2677653758479317,57.12499265539754,0.0,0.0,0.0,0.0,0.0,0.0,0.0,0.0,0.0,0.0,0.0,0.0,0.0,0.0,0.0,1127.4933827211964,0.25590608510327484,2782.2678252617156,0.0,0.0,1280.0,4398.922162042336,3.436657939095575,1280.0,0.0,0.0,2560.0,4398.922162042336,1.7183289695477875,3840.0,4432.19806812744,1.1542182469081874,3840.0,6687.184833569832,1.741454383742144,5342.267825261715,5678.922162042336,1.0630171207794377,1600.0,9582.445893389155,5.989028683368222
237,refrigerator_electricity_existing_residential,refrigeration,full_size,test_utility_1,test_utility_1,multifamily_li,10,600.0,RET_ER,180.0,,,,,,,,,,,,,,,,,,,,,,,,,,,,,,,,,,,,,,,,,,,,,,,,,,,,,,,,,,,,,,,,,,,,,,,,,,,,,,,,,,,,,,,,,,,,,,,,,,,
238,refrigerator_electricity_existing_residential,refrigeration,full_size,test_utility_1,test_utility_2,multifamily_li,10,2400.0,RET_ER,720.0,,,,,,,,,,,,,,,,,,,,,,,,,,,,,,,,,,,,,,,,,,,,,,,,,,,,,,,,,,,,,,,,,,,,,,,,,,,,,,,,,,,,,,,,,,,,,,,,,,,
239,refrigerator_electricity_existing_residential,refrigeration,full_size,test_utility_1,none,multifamily_li,10,1680.0,RET_ER,504.0,,,,,,,,,,,,,,,,,,,,,,,,,,,,,,,,,,,,,,,,,,,,,,,,,,,,,,,,,,,,,,,,,,,,,,,,,,,,,,,,,,,,,,,,,,,,,,,,,,,
240,furnace_oil_efficient_residential,heating_cooling,oil_furnace,test_utility_1,test_utility_1,single_family,10,5000.0,REMAINING,3000.0,,,,,,,,,,,,,,,,,,,,,,,,,,,,,,,,,,,,,,,,,,,,,,,,,,,,,,,,,,,,,,,,,,,,,,,,,,,,,,,,,,,,,,,,,,,,,,,,,,,
241,furnace_oil_efficient_residential,heating_cooling,oil_furnace,test_utility_1,test_utility_2,single_family,10,10000.0,REMAINING,6000.0,,,,,,,,,,,,,,,,,,,,,,,,,,,,,,,,,,,,,,,,,,,,,,,,,,,,,,,,,,,,,,,,,,,,,,,,,,,,,,,,,,,,,,,,,,,,,,,,,,,
242,furnace_oil_efficient_residential,heating_cooling,oil_furnace,test_utility_1,none,single_family,10,27500.0,REMAINING,16500.0,,,,,,,,,,,,,,,,,,,,,,,,,,,,,,,,,,,,,,,,,,,,,,,,,,,,,,,,,,,,,,,,,,,,,,,,,,,,,,,,,,,,,,,,,,,,,,,,,,,
243,furnace_oil_baseline_residential,heating_cooling,oil_furnace,test_utility_1,test_utility_1,single_family,10,2500.0,REMAINING,1500.0,,,,,,,,,,,,,,,,,,,,,,,,,,,,,,,,,,,,,,,,,,,,,,,,,,,,,,,,,,,,,,,,,,,,,,,,,,,,,,,,,,,,,,,,,,,,,,,,,,,
244,furnace_oil_baseline_residential,heating_cooling,oil_furnace,test_utility_1,test_utility_2,single_family,10,5000.0,REMAINING,3000.0,,,,,,,,,,,,,,,,,,,,,,,,,,,,,,,,,,,,,,,,,,,,,,,,,,,,,,,,,,,,,,,,,,,,,,,,,,,,,,,,,,,,,,,,,,,,,,,,,,,
245,furnace_oil_baseline_residential,heating_cooling,oil_furnace,test_utility_1,none,single_family,10,13750.0,REMAINING,8250.0,,,,,,,,,,,,,,,,,,,,,,,,,,,,,,,,,,,,,,,,,,,,,,,,,,,,,,,,,,,,,,,,,,,,,,,,,,,,,,,,,,,,,,,,,,,,,,,,,,,
246,furnace_oil_existing_residential,heating_cooling,oil_furnace,test_utility_1,test_utility_1,single_family,10,2500.0,REMAINING,1500.0,,,,,,,,,,,,,,,,,,,,,,,,,,,,,,,,,,,,,,,,,,,,,,,,,,,,,,,,,,,,,,,,,,,,,,,,,,,,,,,,,,,,,,,,,,,,,,,,,,,
247,furnace_oil_existing_residential,heating_cooling,oil_furnace,test_utility_1,test_utility_2,single_family,10,5000.0,REMAINING,3000.0,,,,,,,,,,,,,,,,,,,,,,,,,,,,,,,,,,,,,,,,,,,,,,,,,,,,,,,,,,,,,,,,,,,,,,,,,,,,,,,,,,,,,,,,,,,,,,,,,,,
248,furnace_oil_existing_residential,heating_cooling,oil_furnace,test_utility_1,none,single_family,10,13750.0,REMAINING,8250.0,,,,,,,,,,,,,,,,,,,,,,,,,,,,,,,,,,,,,,,,,,,,,,,,,,,,,,,,,,,,,,,,,,,,,,,,,,,,,,,,,,,,,,,,,,,,,,,,,,,
249,furnace_natural_gas_efficient_residential,heating_cooling,gas_furnace,test_utility_1,test_utility_1,single_family,10,5000.0,REMAINING,3000.0,,,,,,,,,,,,,,,,,,,,,,,,,,,,,,,,,,,,,,,,,,,,,,,,,,,,,,,,,,,,,,,,,,,,,,,,,,,,,,,,,,,,,,,,,,,,,,,,,,,
250,furnace_natural_gas_efficient_residential,heating_cooling,gas_furnace,test_utility_1,test_utility_2,single_family,10,10000.0,REMAINING,6000.0,,,,,,,,,,,,,,,,,,,,,,,,,,,,,,,,,,,,,,,,,,,,,,,,,,,,,,,,,,,,,,,,,,,,,,,,,,,,,,,,,,,,,,,,,,,,,,,,,,,
251,furnace_natural_gas_efficient_residential,heating_cooling,gas_furnace,test_utility_1,none,single_family,10,27500.0,REMAINING,16500.0,,,,,,,,,,,,,,,,,,,,,,,,,,,,,,,,,,,,,,,,,,,,,,,,,,,,,,,,,,,,,,,,,,,,,,,,,,,,,,,,,,,,,,,,,,,,,,,,,,,
252,furnace_natural_gas_baseline_residential,heating_cooling,gas_furnace,test_utility_1,test_utility_1,single_family,10,2500.0,REMAINING,1500.0,,,,,,,,,,,,,,,,,,,,,,,,,,,,,,,,,,,,,,,,,,,,,,,,,,,,,,,,,,,,,,,,,,,,,,,,,,,,,,,,,,,,,,,,,,,,,,,,,,,
253,furnace_natural_gas_baseline_residential,heating_cooling,gas_furnace,test_utility_1,test_utility_2,single_family,10,5000.0,REMAINING,3000.0,,,,,,,,,,,,,,,,,,,,,,,,,,,,,,,,,,,,,,,,,,,,,,,,,,,,,,,,,,,,,,,,,,,,,,,,,,,,,,,,,,,,,,,,,,,,,,,,,,,
254,furnace_natural_gas_baseline_residential,heating_cooling,gas_furnace,test_utility_1,none,single_family,10,13750.0,REMAINING,8250.0,,,,,,,,,,,,,,,,,,,,,,,,,,,,,,,,,,,,,,,,,,,,,,,,,,,,,,,,,,,,,,,,,,,,,,,,,,,,,,,,,,,,,,,,,,,,,,,,,,,
255,furnace_natural_gas_existing_residential,heating_cooling,gas_furnace,test_utility_1,test_utility_1,single_family,10,2500.0,REMAINING,1500.0,,,,,,,,,,,,,,,,,,,,,,,,,,,,,,,,,,,,,,,,,,,,,,,,,,,,,,,,,,,,,,,,,,,,,,,,,,,,,,,,,,,,,,,,,,,,,,,,,,,
256,furnace_natural_gas_existing_residential,heating_cooling,gas_furnace,test_utility_1,test_utility_2,single_family,10,5000.0,REMAINING,3000.0,,,,,,,,,,,,,,,,,,,,,,,,,,,,,,,,,,,,,,,,,,,,,,,,,,,,,,,,,,,,,,,,,,,,,,,,,,,,,,,,,,,,,,,,,,,,,,,,,,,
257,furnace_natural_gas_existing_residential,heating_cooling,gas_furnace,test_utility_1,none,single_family,10,13750.0,REMAINING,8250.0,,,,,,,,,,,,,,,,,,,,,,,,,,,,,,,,,,,,,,,,,,,,,,,,,,,,,,,,,,,,,,,,,,,,,,,,,,,,,,,,,,,,,,,,,,,,,,,,,,,
258,refrigerator_electricity_efficient_residential,refrigeration,full_size,test_utility_1,test_utility_1,single_family,10,15000.0,REMAINING,9000.0,,,,,,,,,,,,,,,,,,,,,,,,,,,,,,,,,,,,,,,,,,,,,,,,,,,,,,,,,,,,,,,,,,,,,,,,,,,,,,,,,,,,,,,,,,,,,,,,,,,
259,refrigerator_electricity_efficient_residential,refrigeration,full_size,test_utility_1,test_utility_2,single_family,10,30000.0,REMAINING,18000.0,,,,,,,,,,,,,,,,,,,,,,,,,,,,,,,,,,,,,,,,,,,,,,,,,,,,,,,,,,,,,,,,,,,,,,,,,,,,,,,,,,,,,,,,,,,,,,,,,,,
260,refrigerator_electricity_efficient_residential,refrigeration,full_size,test_utility_1,none,single_family,10,82500.0,REMAINING,49500.0,,,,,,,,,,,,,,,,,,,,,,,,,,,,,,,,,,,,,,,,,,,,,,,,,,,,,,,,,,,,,,,,,,,,,,,,,,,,,,,,,,,,,,,,,,,,,,,,,,,
261,refrigerator_electricity_baseline_residential,refrigeration,full_size,test_utility_1,test_utility_1,single_family,10,12500.0,REMAINING,7500.0,,,,,,,,,,,,,,,,,,,,,,,,,,,,,,,,,,,,,,,,,,,,,,,,,,,,,,,,,,,,,,,,,,,,,,,,,,,,,,,,,,,,,,,,,,,,,,,,,,,
262,refrigerator_electricity_baseline_residential,refrigeration,full_size,test_utility_1,test_utility_2,single_family,10,25000.0,REMAINING,15000.0,,,,,,,,,,,,,,,,,,,,,,,,,,,,,,,,,,,,,,,,,,,,,,,,,,,,,,,,,,,,,,,,,,,,,,,,,,,,,,,,,,,,,,,,,,,,,,,,,,,
263,refrigerator_electricity_baseline_residential,refrigeration,full_size,test_utility_1,none,single_family,10,68750.0,REMAINING,41250.0,,,,,,,,,,,,,,,,,,,,,,,,,,,,,,,,,,,,,,,,,,,,,,,,,,,,,,,,,,,,,,,,,,,,,,,,,,,,,,,,,,,,,,,,,,,,,,,,,,,
264,refrigerator_electricity_top10_residential,refrigeration,full_size,test_utility_1,test_utility_1,single_family,10,12500.0,REMAINING,7500.0,,,,,,,,,,,,,,,,,,,,,,,,,,,,,,,,,,,,,,,,,,,,,,,,,,,,,,,,,,,,,,,,,,,,,,,,,,,,,,,,,,,,,,,,,,,,,,,,,,,
265,refrigerator_electricity_top10_residential,refrigeration,full_size,test_utility_1,test_utility_2,single_family,10,25000.0,REMAINING,15000.0,,,,,,,,,,,,,,,,,,,,,,,,,,,,,,,,,,,,,,,,,,,,,,,,,,,,,,,,,,,,,,,,,,,,,,,,,,,,,,,,,,,,,,,,,,,,,,,,,,,
266,refrigerator_electricity_top10_residential,refrigeration,full_size,test_utility_1,none,single_family,10,68750.0,REMAINING,41250.0,,,,,,,,,,,,,,,,,,,,,,,,,,,,,,,,,,,,,,,,,,,,,,,,,,,,,,,,,,,,,,,,,,,,,,,,,,,,,,,,,,,,,,,,,,,,,,,,,,,
267,refrigerator_electricity_existing_residential,refrigeration,full_size,test_utility_1,test_utility_1,single_family,10,10000.0,REMAINING,6000.0,,,,,,,,,,,,,,,,,,,,,,,,,,,,,,,,,,,,,,,,,,,,,,,,,,,,,,,,,,,,,,,,,,,,,,,,,,,,,,,,,,,,,,,,,,,,,,,,,,,
268,refrigerator_electricity_existing_residential,refrigeration,full_size,test_utility_1,test_utility_2,single_family,10,20000.0,REMAINING,12000.0,,,,,,,,,,,,,,,,,,,,,,,,,,,,,,,,,,,,,,,,,,,,,,,,,,,,,,,,,,,,,,,,,,,,,,,,,,,,,,,,,,,,,,,,,,,,,,,,,,,
269,refrigerator_electricity_existing_residential,refrigeration,full_size,test_utility_1,none,single_family,10,55000.0,REMAINING,33000.0,,,,,,,,,,,,,,,,,,,,,,,,,,,,,,,,,,,,,,,,,,,,,,,,,,,,,,,,,,,,,,,,,,,,,,,,,,,,,,,,,,,,,,,,,,,,,,,,,,,
270,furnace_oil_efficient_residential,heating_cooling,oil_furnace,test_utility_1,test_utility_1,multifamily,10,2500.0,REMAINING,1500.0,,,,,,,,,,,,,,,,,,,,,,,,,,,,,,,,,,,,,,,,,,,,,,,,,,,,,,,,,,,,,,,,,,,,,,,,,,,,,,,,,,,,,,,,,,,,,,,,,,,
271,furnace_oil_efficient_residential,heating_cooling,oil_furnace,test_utility_1,test_utility_2,multifamily,10,5000.0,REMAINING,3000.0,,,,,,,,,,,,,,,,,,,,,,,,,,,,,,,,,,,,,,,,,,,,,,,,,,,,,,,,,,,,,,,,,,,,,,,,,,,,,,,,,,,,,,,,,,,,,,,,,,,
272,furnace_oil_efficient_residential,heating_cooling,oil_furnace,test_utility_1,none,multifamily,10,4700.0,REMAINING,2820.0,,,,,,,,,,,,,,,,,,,,,,,,,,,,,,,,,,,,,,,,,,,,,,,,,,,,,,,,,,,,,,,,,,,,,,,,,,,,,,,,,,,,,,,,,,,,,,,,,,,
273,furnace_oil_baseline_residential,heating_cooling,oil_furnace,test_utility_1,test_utility_1,multifamily,10,1250.0,REMAINING,750.0,,,,,,,,,,,,,,,,,,,,,,,,,,,,,,,,,,,,,,,,,,,,,,,,,,,,,,,,,,,,,,,,,,,,,,,,,,,,,,,,,,,,,,,,,,,,,,,,,,,
274,furnace_oil_baseline_residential,heating_cooling,oil_furnace,test_utility_1,test_utility_2,multifamily,10,2500.0,REMAINING,1500.0,,,,,,,,,,,,,,,,,,,,,,,,,,,,,,,,,,,,,,,,,,,,,,,,,,,,,,,,,,,,,,,,,,,,,,,,,,,,,,,,,,,,,,,,,,,,,,,,,,,
275,furnace_oil_baseline_residential,heating_cooling,oil_furnace,test_utility_1,none,multifamily,10,2350.0,REMAINING,1410.0,,,,,,,,,,,,,,,,,,,,,,,,,,,,,,,,,,,,,,,,,,,,,,,,,,,,,,,,,,,,,,,,,,,,,,,,,,,,,,,,,,,,,,,,,,,,,,,,,,,
276,furnace_oil_existing_residential,heating_cooling,oil_furnace,test_utility_1,test_utility_1,multifamily,10,1250.0,REMAINING,750.0,,,,,,,,,,,,,,,,,,,,,,,,,,,,,,,,,,,,,,,,,,,,,,,,,,,,,,,,,,,,,,,,,,,,,,,,,,,,,,,,,,,,,,,,,,,,,,,,,,,
277,furnace_oil_existing_residential,heating_cooling,oil_furnace,test_utility_1,test_utility_2,multifamily,10,2500.0,REMAINING,1500.0,,,,,,,,,,,,,,,,,,,,,,,,,,,,,,,,,,,,,,,,,,,,,,,,,,,,,,,,,,,,,,,,,,,,,,,,,,,,,,,,,,,,,,,,,,,,,,,,,,,
278,furnace_oil_existing_residential,heating_cooling,oil_furnace,test_utility_1,none,multifamily,10,2350.0,REMAINING,1410.0,,,,,,,,,,,,,,,,,,,,,,,,,,,,,,,,,,,,,,,,,,,,,,,,,,,,,,,,,,,,,,,,,,,,,,,,,,,,,,,,,,,,,,,,,,,,,,,,,,,
279,furnace_natural_gas_efficient_residential,heating_cooling,gas_furnace,test_utility_1,test_utility_1,multifamily,10,2500.0,REMAINING,1500.0,,,,,,,,,,,,,,,,,,,,,,,,,,,,,,,,,,,,,,,,,,,,,,,,,,,,,,,,,,,,,,,,,,,,,,,,,,,,,,,,,,,,,,,,,,,,,,,,,,,
280,furnace_natural_gas_efficient_residential,heating_cooling,gas_furnace,test_utility_1,test_utility_2,multifamily,10,5000.0,REMAINING,3000.0,,,,,,,,,,,,,,,,,,,,,,,,,,,,,,,,,,,,,,,,,,,,,,,,,,,,,,,,,,,,,,,,,,,,,,,,,,,,,,,,,,,,,,,,,,,,,,,,,,,
281,furnace_natural_gas_efficient_residential,heating_cooling,gas_furnace,test_utility_1,none,multifamily,10,4700.0,REMAINING,2820.0,,,,,,,,,,,,,,,,,,,,,,,,,,,,,,,,,,,,,,,,,,,,,,,,,,,,,,,,,,,,,,,,,,,,,,,,,,,,,,,,,,,,,,,,,,,,,,,,,,,
282,furnace_natural_gas_baseline_residential,heating_cooling,gas_furnace,test_utility_1,test_utility_1,multifamily,10,1250.0,REMAINING,750.0,,,,,,,,,,,,,,,,,,,,,,,,,,,,,,,,,,,,,,,,,,,,,,,,,,,,,,,,,,,,,,,,,,,,,,,,,,,,,,,,,,,,,,,,,,,,,,,,,,,
283,furnace_natural_gas_baseline_residential,heating_cooling,gas_furnace,test_utility_1,test_utility_2,multifamily,10,2500.0,REMAINING,1500.0,,,,,,,,,,,,,,,,,,,,,,,,,,,,,,,,,,,,,,,,,,,,,,,,,,,,,,,,,,,,,,,,,,,,,,,,,,,,,,,,,,,,,,,,,,,,,,,,,,,
284,furnace_natural_gas_baseline_residential,heating_cooling,gas_furnace,test_utility_1,none,multifamily,10,2350.0,REMAINING,1410.0,,,,,,,,,,,,,,,,,,,,,,,,,,,,,,,,,,,,,,,,,,,,,,,,,,,,,,,,,,,,,,,,,,,,,,,,,,,,,,,,,,,,,,,,,,,,,,,,,,,
285,furnace_natural_gas_existing_residential,heating_cooling,gas_furnace,test_utility_1,test_utility_1,multifamily,10,1250.0,REMAINING,750.0,,,,,,,,,,,,,,,,,,,,,,,,,,,,,,,,,,,,,,,,,,,,,,,,,,,,,,,,,,,,,,,,,,,,,,,,,,,,,,,,,,,,,,,,,,,,,,,,,,,
286,furnace_natural_gas_existing_residential,heating_cooling,gas_furnace,test_utility_1,test_utility_2,multifamily,10,2500.0,REMAINING,1500.0,,,,,,,,,,,,,,,,,,,,,,,,,,,,,,,,,,,,,,,,,,,,,,,,,,,,,,,,,,,,,,,,,,,,,,,,,,,,,,,,,,,,,,,,,,,,,,,,,,,
287,furnace_natural_gas_existing_residential,heating_cooling,gas_furnace,test_utility_1,none,multifamily,10,2350.0,REMAINING,1410.0,,,,,,,,,,,,,,,,,,,,,,,,,,,,,,,,,,,,,,,,,,,,,,,,,,,,,,,,,,,,,,,,,,,,,,,,,,,,,,,,,,,,,,,,,,,,,,,,,,,
288,refrigerator_electricity_efficient_residential,refrigeration,full_size,test_utility_1,test_utility_1,multifamily,10,9000.0,REMAINING,5400.0,,,,,,,,,,,,,,,,,,,,,,,,,,,,,,,,,,,,,,,,,,,,,,,,,,,,,,,,,,,,,,,,,,,,,,,,,,,,,,,,,,,,,,,,,,,,,,,,,,,
289,refrigerator_electricity_efficient_residential,refrigeration,full_size,test_utility_1,test_utility_2,multifamily,10,18000.0,REMAINING,10800.0,,,,,,,,,,,,,,,,,,,,,,,,,,,,,,,,,,,,,,,,,,,,,,,,,,,,,,,,,,,,,,,,,,,,,,,,,,,,,,,,,,,,,,,,,,,,,,,,,,,
290,refrigerator_electricity_efficient_residential,refrigeration,full_size,test_utility_1,none,multifamily,10,16920.0,REMAINING,10152.0,,,,,,,,,,,,,,,,,,,,,,,,,,,,,,,,,,,,,,,,,,,,,,,,,,,,,,,,,,,,,,,,,,,,,,,,,,,,,,,,,,,,,,,,,,,,,,,,,,,
291,refrigerator_electricity_baseline_residential,refrigeration,full_size,test_utility_1,test_utility_1,multifamily,10,7500.0,REMAINING,4500.0,,,,,,,,,,,,,,,,,,,,,,,,,,,,,,,,,,,,,,,,,,,,,,,,,,,,,,,,,,,,,,,,,,,,,,,,,,,,,,,,,,,,,,,,,,,,,,,,,,,
292,refrigerator_electricity_baseline_residential,refrigeration,full_size,test_utility_1,test_utility_2,multifamily,10,15000.0,REMAINING,9000.0,,,,,,,,,,,,,,,,,,,,,,,,,,,,,,,,,,,,,,,,,,,,,,,,,,,,,,,,,,,,,,,,,,,,,,,,,,,,,,,,,,,,,,,,,,,,,,,,,,,
293,refrigerator_electricity_baseline_residential,refrigeration,full_size,test_utility_1,none,multifamily,10,14100.0,REMAINING,8460.0,,,,,,,,,,,,,,,,,,,,,,,,,,,,,,,,,,,,,,,,,,,,,,,,,,,,,,,,,,,,,,,,,,,,,,,,,,,,,,,,,,,,,,,,,,,,,,,,,,,
294,refrigerator_electricity_top10_residential,refrigeration,full_size,test_utility_1,test_utility_1,multifamily,10,7500.0,REMAINING,4500.0,,,,,,,,,,,,,,,,,,,,,,,,,,,,,,,,,,,,,,,,,,,,,,,,,,,,,,,,,,,,,,,,,,,,,,,,,,,,,,,,,,,,,,,,,,,,,,,,,,,
295,refrigerator_electricity_top10_residential,refrigeration,full_size,test_utility_1,test_utility_2,multifamily,10,15000.0,REMAINING,9000.0,,,,,,,,,,,,,,,,,,,,,,,,,,,,,,,,,,,,,,,,,,,,,,,,,,,,,,,,,,,,,,,,,,,,,,,,,,,,,,,,,,,,,,,,,,,,,,,,,,,
296,refrigerator_electricity_top10_residential,refrigeration,full_size,test_utility_1,none,multifamily,10,14100.0,REMAINING,8460.0,,,,,,,,,,,,,,,,,,,,,,,,,,,,,,,,,,,,,,,,,,,,,,,,,,,,,,,,,,,,,,,,,,,,,,,,,,,,,,,,,,,,,,,,,,,,,,,,,,,
297,refrigerator_electricity_existing_residential,refrigeration,full_size,test_utility_1,test_utility_1,multifamily,10,6000.0,REMAINING,3600.0,,,,,,,,,,,,,,,,,,,,,,,,,,,,,,,,,,,,,,,,,,,,,,,,,,,,,,,,,,,,,,,,,,,,,,,,,,,,,,,,,,,,,,,,,,,,,,,,,,,
298,refrigerator_electricity_existing_residential,refrigeration,full_size,test_utility_1,test_utility_2,multifamily,10,12000.0,REMAINING,7200.0,,,,,,,,,,,,,,,,,,,,,,,,,,,,,,,,,,,,,,,,,,,,,,,,,,,,,,,,,,,,,,,,,,,,,,,,,,,,,,,,,,,,,,,,,,,,,,,,,,,
299,refrigerator_electricity_existing_residential,refrigeration,full_size,test_utility_1,none,multifamily,10,11280.0,REMAINING,6768.0,,,,,,,,,,,,,,,,,,,,,,,,,,,,,,,,,,,,,,,,,,,,,,,,,,,,,,,,,,,,,,,,,,,,,,,,,,,,,,,,,,,,,,,,,,,,,,,,,,,
300,furnace_oil_efficient_residential,heating_cooling,oil_furnace,test_utility_1,test_utility_1,single_family_li,10,500.0,REMAINING,300.0,,,,,,,,,,,,,,,,,,,,,,,,,,,,,,,,,,,,,,,,,,,,,,,,,,,,,,,,,,,,,,,,,,,,,,,,,,,,,,,,,,,,,,,,,,,,,,,,,,,
301,furnace_oil_efficient_residential,heating_cooling,oil_furnace,test_utility_1,test_utility_2,single_family_li,10,2000.0,REMAINING,1200.0,,,,,,,,,,,,,,,,,,,,,,,,,,,,,,,,,,,,,,,,,,,,,,,,,,,,,,,,,,,,,,,,,,,,,,,,,,,,,,,,,,,,,,,,,,,,,,,,,,,
302,furnace_oil_efficient_residential,heating_cooling,oil_furnace,test_utility_1,none,single_family_li,10,1900.0,REMAINING,1140.0,,,,,,,,,,,,,,,,,,,,,,,,,,,,,,,,,,,,,,,,,,,,,,,,,,,,,,,,,,,,,,,,,,,,,,,,,,,,,,,,,,,,,,,,,,,,,,,,,,,
303,furnace_oil_baseline_residential,heating_cooling,oil_furnace,test_utility_1,test_utility_1,single_family_li,10,250.0,REMAINING,150.0,,,,,,,,,,,,,,,,,,,,,,,,,,,,,,,,,,,,,,,,,,,,,,,,,,,,,,,,,,,,,,,,,,,,,,,,,,,,,,,,,,,,,,,,,,,,,,,,,,,
304,furnace_oil_baseline_residential,heating_cooling,oil_furnace,test_utility_1,test_utility_2,single_family_li,10,1000.0,REMAINING,600.0,,,,,,,,,,,,,,,,,,,,,,,,,,,,,,,,,,,,,,,,,,,,,,,,,,,,,,,,,,,,,,,,,,,,,,,,,,,,,,,,,,,,,,,,,,,,,,,,,,,
305,furnace_oil_baseline_residential,heating_cooling,oil_furnace,test_utility_1,none,single_family_li,10,950.0,REMAINING,570.0,,,,,,,,,,,,,,,,,,,,,,,,,,,,,,,,,,,,,,,,,,,,,,,,,,,,,,,,,,,,,,,,,,,,,,,,,,,,,,,,,,,,,,,,,,,,,,,,,,,
306,furnace_oil_existing_residential,heating_cooling,oil_furnace,test_utility_1,test_utility_1,single_family_li,10,250.0,REMAINING,150.0,,,,,,,,,,,,,,,,,,,,,,,,,,,,,,,,,,,,,,,,,,,,,,,,,,,,,,,,,,,,,,,,,,,,,,,,,,,,,,,,,,,,,,,,,,,,,,,,,,,
307,furnace_oil_existing_residential,heating_cooling,oil_furnace,test_utility_1,test_utility_2,single_family_li,10,1000.0,REMAINING,600.0,,,,,,,,,,,,,,,,,,,,,,,,,,,,,,,,,,,,,,,,,,,,,,,,,,,,,,,,,,,,,,,,,,,,,,,,,,,,,,,,,,,,,,,,,,,,,,,,,,,
308,furnace_oil_existing_residential,heating_cooling,oil_furnace,test_utility_1,none,single_family_li,10,950.0,REMAINING,570.0,,,,,,,,,,,,,,,,,,,,,,,,,,,,,,,,,,,,,,,,,,,,,,,,,,,,,,,,,,,,,,,,,,,,,,,,,,,,,,,,,,,,,,,,,,,,,,,,,,,
309,furnace_natural_gas_efficient_residential,heating_cooling,gas_furnace,test_utility_1,test_utility_1,single_family_li,10,500.0,REMAINING,300.0,,,,,,,,,,,,,,,,,,,,,,,,,,,,,,,,,,,,,,,,,,,,,,,,,,,,,,,,,,,,,,,,,,,,,,,,,,,,,,,,,,,,,,,,,,,,,,,,,,,
310,furnace_natural_gas_efficient_residential,heating_cooling,gas_furnace,test_utility_1,test_utility_2,single_family_li,10,2000.0,REMAINING,1200.0,,,,,,,,,,,,,,,,,,,,,,,,,,,,,,,,,,,,,,,,,,,,,,,,,,,,,,,,,,,,,,,,,,,,,,,,,,,,,,,,,,,,,,,,,,,,,,,,,,,
311,furnace_natural_gas_efficient_residential,heating_cooling,gas_furnace,test_utility_1,none,single_family_li,10,1900.0,REMAINING,1140.0,,,,,,,,,,,,,,,,,,,,,,,,,,,,,,,,,,,,,,,,,,,,,,,,,,,,,,,,,,,,,,,,,,,,,,,,,,,,,,,,,,,,,,,,,,,,,,,,,,,
312,furnace_natural_gas_baseline_residential,heating_cooling,gas_furnace,test_utility_1,test_utility_1,single_family_li,10,250.0,REMAINING,150.0,,,,,,,,,,,,,,,,,,,,,,,,,,,,,,,,,,,,,,,,,,,,,,,,,,,,,,,,,,,,,,,,,,,,,,,,,,,,,,,,,,,,,,,,,,,,,,,,,,,
313,furnace_natural_gas_baseline_residential,heating_cooling,gas_furnace,test_utility_1,test_utility_2,single_family_li,10,1000.0,REMAINING,600.0,,,,,,,,,,,,,,,,,,,,,,,,,,,,,,,,,,,,,,,,,,,,,,,,,,,,,,,,,,,,,,,,,,,,,,,,,,,,,,,,,,,,,,,,,,,,,,,,,,,
314,furnace_natural_gas_baseline_residential,heating_cooling,gas_furnace,test_utility_1,none,single_family_li,10,950.0,REMAINING,570.0,,,,,,,,,,,,,,,,,,,,,,,,,,,,,,,,,,,,,,,,,,,,,,,,,,,,,,,,,,,,,,,,,,,,,,,,,,,,,,,,,,,,,,,,,,,,,,,,,,,
315,furnace_natural_gas_existing_residential,heating_cooling,gas_furnace,test_utility_1,test_utility_1,single_family_li,10,250.0,REMAINING,150.0,,,,,,,,,,,,,,,,,,,,,,,,,,,,,,,,,,,,,,,,,,,,,,,,,,,,,,,,,,,,,,,,,,,,,,,,,,,,,,,,,,,,,,,,,,,,,,,,,,,
316,furnace_natural_gas_existing_residential,heating_cooling,gas_furnace,test_utility_1,test_utility_2,single_family_li,10,1000.0,REMAINING,600.0,,,,,,,,,,,,,,,,,,,,,,,,,,,,,,,,,,,,,,,,,,,,,,,,,,,,,,,,,,,,,,,,,,,,,,,,,,,,,,,,,,,,,,,,,,,,,,,,,,,
317,furnace_natural_gas_existing_residential,heating_cooling,gas_furnace,test_utility_1,none,single_family_li,10,950.0,REMAINING,570.0,,,,,,,,,,,,,,,,,,,,,,,,,,,,,,,,,,,,,,,,,,,,,,,,,,,,,,,,,,,,,,,,,,,,,,,,,,,,,,,,,,,,,,,,,,,,,,,,,,,
318,refrigerator_electricity_efficient_residential,refrigeration,full_size,test_utility_1,test_utility_1,single_family_li,10,1500.0,REMAINING,900.0,,,,,,,,,,,,,,,,,,,,,,,,,,,,,,,,,,,,,,,,,,,,,,,,,,,,,,,,,,,,,,,,,,,,,,,,,,,,,,,,,,,,,,,,,,,,,,,,,,,
319,refrigerator_electricity_efficient_residential,refrigeration,full_size,test_utility_1,test_utility_2,single_family_li,10,6000.0,REMAINING,3600.0,,,,,,,,,,,,,,,,,,,,,,,,,,,,,,,,,,,,,,,,,,,,,,,,,,,,,,,,,,,,,,,,,,,,,,,,,,,,,,,,,,,,,,,,,,,,,,,,,,,
320,refrigerator_electricity_efficient_residential,refrigeration,full_size,test_utility_1,none,single_family_li,10,5700.0,REMAINING,3420.0,,,,,,,,,,,,,,,,,,,,,,,,,,,,,,,,,,,,,,,,,,,,,,,,,,,,,,,,,,,,,,,,,,,,,,,,,,,,,,,,,,,,,,,,,,,,,,,,,,,
321,refrigerator_electricity_baseline_residential,refrigeration,full_size,test_utility_1,test_utility_1,single_family_li,10,1250.0,REMAINING,750.0,,,,,,,,,,,,,,,,,,,,,,,,,,,,,,,,,,,,,,,,,,,,,,,,,,,,,,,,,,,,,,,,,,,,,,,,,,,,,,,,,,,,,,,,,,,,,,,,,,,
322,refrigerator_electricity_baseline_residential,refrigeration,full_size,test_utility_1,test_utility_2,single_family_li,10,5000.0,REMAINING,3000.0,,,,,,,,,,,,,,,,,,,,,,,,,,,,,,,,,,,,,,,,,,,,,,,,,,,,,,,,,,,,,,,,,,,,,,,,,,,,,,,,,,,,,,,,,,,,,,,,,,,
323,refrigerator_electricity_baseline_residential,refrigeration,full_size,test_utility_1,none,single_family_li,10,4750.0,REMAINING,2850.0,,,,,,,,,,,,,,,,,,,,,,,,,,,,,,,,,,,,,,,,,,,,,,,,,,,,,,,,,,,,,,,,,,,,,,,,,,,,,,,,,,,,,,,,,,,,,,,,,,,
324,refrigerator_electricity_top10_residential,refrigeration,full_size,test_utility_1,test_utility_1,single_family_li,10,1250.0,REMAINING,750.0,,,,,,,,,,,,,,,,,,,,,,,,,,,,,,,,,,,,,,,,,,,,,,,,,,,,,,,,,,,,,,,,,,,,,,,,,,,,,,,,,,,,,,,,,,,,,,,,,,,
325,refrigerator_electricity_top10_residential,refrigeration,full_size,test_utility_1,test_utility_2,single_family_li,10,5000.0,REMAINING,3000.0,,,,,,,,,,,,,,,,,,,,,,,,,,,,,,,,,,,,,,,,,,,,,,,,,,,,,,,,,,,,,,,,,,,,,,,,,,,,,,,,,,,,,,,,,,,,,,,,,,,
326,refrigerator_electricity_top10_residential,refrigeration,full_size,test_utility_1,none,single_family_li,10,4750.0,REMAINING,2850.0,,,,,,,,,,,,,,,,,,,,,,,,,,,,,,,,,,,,,,,,,,,,,,,,,,,,,,,,,,,,,,,,,,,,,,,,,,,,,,,,,,,,,,,,,,,,,,,,,,,
327,refrigerator_electricity_existing_residential,refrigeration,full_size,test_utility_1,test_utility_1,single_family_li,10,1000.0,REMAINING,600.0,,,,,,,,,,,,,,,,,,,,,,,,,,,,,,,,,,,,,,,,,,,,,,,,,,,,,,,,,,,,,,,,,,,,,,,,,,,,,,,,,,,,,,,,,,,,,,,,,,,
328,refrigerator_electricity_existing_residential,refrigeration,full_size,test_utility_1,test_utility_2,single_family_li,10,4000.0,REMAINING,2400.0,,,,,,,,,,,,,,,,,,,,,,,,,,,,,,,,,,,,,,,,,,,,,,,,,,,,,,,,,,,,,,,,,,,,,,,,,,,,,,,,,,,,,,,,,,,,,,,,,,,
329,refrigerator_electricity_existing_residential,refrigeration,full_size,test_utility_1,none,single_family_li,10,3800.0,REMAINING,2280.0,,,,,,,,,,,,,,,,,,,,,,,,,,,,,,,,,,,,,,,,,,,,,,,,,,,,,,,,,,,,,,,,,,,,,,,,,,,,,,,,,,,,,,,,,,,,,,,,,,,
330,furnace_oil_efficient_residential,heating_cooling,oil_furnace,test_utility_1,test_utility_1,multifamily_li,10,250.0,REMAINING,150.0,,,,,,,,,,,,,,,,,,,,,,,,,,,,,,,,,,,,,,,,,,,,,,,,,,,,,,,,,,,,,,,,,,,,,,,,,,,,,,,,,,,,,,,,,,,,,,,,,,,
331,furnace_oil_efficient_residential,heating_cooling,oil_furnace,test_utility_1,test_utility_2,multifamily_li,10,1000.0,REMAINING,600.0,,,,,,,,,,,,,,,,,,,,,,,,,,,,,,,,,,,,,,,,,,,,,,,,,,,,,,,,,,,,,,,,,,,,,,,,,,,,,,,,,,,,,,,,,,,,,,,,,,,
332,furnace_oil_efficient_residential,heating_cooling,oil_furnace,test_utility_1,none,multifamily_li,10,700.0,REMAINING,420.0,,,,,,,,,,,,,,,,,,,,,,,,,,,,,,,,,,,,,,,,,,,,,,,,,,,,,,,,,,,,,,,,,,,,,,,,,,,,,,,,,,,,,,,,,,,,,,,,,,,
333,furnace_oil_baseline_residential,heating_cooling,oil_furnace,test_utility_1,test_utility_1,multifamily_li,10,125.0,REMAINING,75.0,,,,,,,,,,,,,,,,,,,,,,,,,,,,,,,,,,,,,,,,,,,,,,,,,,,,,,,,,,,,,,,,,,,,,,,,,,,,,,,,,,,,,,,,,,,,,,,,,,,
334,furnace_oil_baseline_residential,heating_cooling,oil_furnace,test_utility_1,test_utility_2,multifamily_li,10,500.0,REMAINING,300.0,,,,,,,,,,,,,,,,,,,,,,,,,,,,,,,,,,,,,,,,,,,,,,,,,,,,,,,,,,,,,,,,,,,,,,,,,,,,,,,,,,,,,,,,,,,,,,,,,,,
335,furnace_oil_baseline_residential,heating_cooling,oil_furnace,test_utility_1,none,multifamily_li,10,350.0,REMAINING,210.0,,,,,,,,,,,,,,,,,,,,,,,,,,,,,,,,,,,,,,,,,,,,,,,,,,,,,,,,,,,,,,,,,,,,,,,,,,,,,,,,,,,,,,,,,,,,,,,,,,,
336,furnace_oil_existing_residential,heating_cooling,oil_furnace,test_utility_1,test_utility_1,multifamily_li,10,125.0,REMAINING,75.0,,,,,,,,,,,,,,,,,,,,,,,,,,,,,,,,,,,,,,,,,,,,,,,,,,,,,,,,,,,,,,,,,,,,,,,,,,,,,,,,,,,,,,,,,,,,,,,,,,,
337,furnace_oil_existing_residential,heating_cooling,oil_furnace,test_utility_1,test_utility_2,multifamily_li,10,500.0,REMAINING,300.0,,,,,,,,,,,,,,,,,,,,,,,,,,,,,,,,,,,,,,,,,,,,,,,,,,,,,,,,,,,,,,,,,,,,,,,,,,,,,,,,,,,,,,,,,,,,,,,,,,,
338,furnace_oil_existing_residential,heating_cooling,oil_furnace,test_utility_1,none,multifamily_li,10,350.0,REMAINING,210.0,,,,,,,,,,,,,,,,,,,,,,,,,,,,,,,,,,,,,,,,,,,,,,,,,,,,,,,,,,,,,,,,,,,,,,,,,,,,,,,,,,,,,,,,,,,,,,,,,,,
339,furnace_natural_gas_efficient_residential,heating_cooling,gas_furnace,test_utility_1,test_utility_1,multifamily_li,10,250.0,REMAINING,150.0,,,,,,,,,,,,,,,,,,,,,,,,,,,,,,,,,,,,,,,,,,,,,,,,,,,,,,,,,,,,,,,,,,,,,,,,,,,,,,,,,,,,,,,,,,,,,,,,,,,
340,furnace_natural_gas_efficient_residential,heating_cooling,gas_furnace,test_utility_1,test_utility_2,multifamily_li,10,1000.0,REMAINING,600.0,,,,,,,,,,,,,,,,,,,,,,,,,,,,,,,,,,,,,,,,,,,,,,,,,,,,,,,,,,,,,,,,,,,,,,,,,,,,,,,,,,,,,,,,,,,,,,,,,,,
341,furnace_natural_gas_efficient_residential,heating_cooling,gas_furnace,test_utility_1,none,multifamily_li,10,700.0,REMAINING,420.0,,,,,,,,,,,,,,,,,,,,,,,,,,,,,,,,,,,,,,,,,,,,,,,,,,,,,,,,,,,,,,,,,,,,,,,,,,,,,,,,,,,,,,,,,,,,,,,,,,,
342,furnace_natural_gas_baseline_residential,heating_cooling,gas_furnace,test_utility_1,test_utility_1,multifamily_li,10,125.0,REMAINING,75.0,,,,,,,,,,,,,,,,,,,,,,,,,,,,,,,,,,,,,,,,,,,,,,,,,,,,,,,,,,,,,,,,,,,,,,,,,,,,,,,,,,,,,,,,,,,,,,,,,,,
343,furnace_natural_gas_baseline_residential,heating_cooling,gas_furnace,test_utility_1,test_utility_2,multifamily_li,10,500.0,REMAINING,300.0,,,,,,,,,,,,,,,,,,,,,,,,,,,,,,,,,,,,,,,,,,,,,,,,,,,,,,,,,,,,,,,,,,,,,,,,,,,,,,,,,,,,,,,,,,,,,,,,,,,
344,furnace_natural_gas_baseline_residential,heating_cooling,gas_furnace,test_utility_1,none,multifamily_li,10,350.0,REMAINING,210.0,,,,,,,,,,,,,,,,,,,,,,,,,,,,,,,,,,,,,,,,,,,,,,,,,,,,,,,,,,,,,,,,,,,,,,,,,,,,,,,,,,,,,,,,,,,,,,,,,,,
345,furnace_natural_gas_existing_residential,heating_cooling,gas_furnace,test_utility_1,test_utility_1,multifamily_li,10,125.0,REMAINING,75.0,,,,,,,,,,,,,,,,,,,,,,,,,,,,,,,,,,,,,,,,,,,,,,,,,,,,,,,,,,,,,,,,,,,,,,,,,,,,,,,,,,,,,,,,,,,,,,,,,,,
346,furnace_natural_gas_existing_residential,heating_cooling,gas_furnace,test_utility_1,test_utility_2,multifamily_li,10,500.0,REMAINING,300.0,,,,,,,,,,,,,,,,,,,,,,,,,,,,,,,,,,,,,,,,,,,,,,,,,,,,,,,,,,,,,,,,,,,,,,,,,,,,,,,,,,,,,,,,,,,,,,,,,,,
347,furnace_natural_gas_existing_residential,heating_cooling,gas_furnace,test_utility_1,none,multifamily_li,10,350.0,REMAINING,210.0,,,,,,,,,,,,,,,,,,,,,,,,,,,,,,,,,,,,,,,,,,,,,,,,,,,,,,,,,,,,,,,,,,,,,,,,,,,,,,,,,,,,,,,,,,,,,,,,,,,
348,refrigerator_electricity_efficient_residential,refrigeration,full_size,test_utility_1,test_utility_1,multifamily_li,10,900.0,REMAINING,540.0,,,,,,,,,,,,,,,,,,,,,,,,,,,,,,,,,,,,,,,,,,,,,,,,,,,,,,,,,,,,,,,,,,,,,,,,,,,,,,,,,,,,,,,,,,,,,,,,,,,
349,refrigerator_electricity_efficient_residential,refrigeration,full_size,test_utility_1,test_utility_2,multifamily_li,10,3600.0,REMAINING,2160.0,,,,,,,,,,,,,,,,,,,,,,,,,,,,,,,,,,,,,,,,,,,,,,,,,,,,,,,,,,,,,,,,,,,,,,,,,,,,,,,,,,,,,,,,,,,,,,,,,,,
350,refrigerator_electricity_efficient_residential,refrigeration,full_size,test_utility_1,none,multifamily_li,10,2520.0,REMAINING,1512.0,,,,,,,,,,,,,,,,,,,,,,,,,,,,,,,,,,,,,,,,,,,,,,,,,,,,,,,,,,,,,,,,,,,,,,,,,,,,,,,,,,,,,,,,,,,,,,,,,,,
351,refrigerator_electricity_baseline_residential,refrigeration,full_size,test_utility_1,test_utility_1,multifamily_li,10,750.0,REMAINING,450.0,,,,,,,,,,,,,,,,,,,,,,,,,,,,,,,,,,,,,,,,,,,,,,,,,,,,,,,,,,,,,,,,,,,,,,,,,,,,,,,,,,,,,,,,,,,,,,,,,,,
352,refrigerator_electricity_baseline_residential,refrigeration,full_size,test_utility_1,test_utility_2,multifamily_li,10,3000.0,REMAINING,1800.0,,,,,,,,,,,,,,,,,,,,,,,,,,,,,,,,,,,,,,,,,,,,,,,,,,,,,,,,,,,,,,,,,,,,,,,,,,,,,,,,,,,,,,,,,,,,,,,,,,,
353,refrigerator_electricity_baseline_residential,refrigeration,full_size,test_utility_1,none,multifamily_li,10,2100.0,REMAINING,1260.0,,,,,,,,,,,,,,,,,,,,,,,,,,,,,,,,,,,,,,,,,,,,,,,,,,,,,,,,,,,,,,,,,,,,,,,,,,,,,,,,,,,,,,,,,,,,,,,,,,,
354,refrigerator_electricity_top10_residential,refrigeration,full_size,test_utility_1,test_utility_1,multifamily_li,10,750.0,REMAINING,450.0,,,,,,,,,,,,,,,,,,,,,,,,,,,,,,,,,,,,,,,,,,,,,,,,,,,,,,,,,,,,,,,,,,,,,,,,,,,,,,,,,,,,,,,,,,,,,,,,,,,
355,refrigerator_electricity_top10_residential,refrigeration,full_size,test_utility_1,test_utility_2,multifamily_li,10,3000.0,REMAINING,1800.0,,,,,,,,,,,,,,,,,,,,,,,,,,,,,,,,,,,,,,,,,,,,,,,,,,,,,,,,,,,,,,,,,,,,,,,,,,,,,,,,,,,,,,,,,,,,,,,,,,,
356,refrigerator_electricity_top10_residential,refrigeration,full_size,test_utility_1,none,multifamily_li,10,2100.0,REMAINING,1260.0,,,,,,,,,,,,,,,,,,,,,,,,,,,,,,,,,,,,,,,,,,,,,,,,,,,,,,,,,,,,,,,,,,,,,,,,,,,,,,,,,,,,,,,,,,,,,,,,,,,
357,refrigerator_electricity_existing_residential,refrigeration,full_size,test_utility_1,test_utility_1,multifamily_li,10,600.0,REMAINING,360.0,,,,,,,,,,,,,,,,,,,,,,,,,,,,,,,,,,,,,,,,,,,,,,,,,,,,,,,,,,,,,,,,,,,,,,,,,,,,,,,,,,,,,,,,,,,,,,,,,,,
358,refrigerator_electricity_existing_residential,refrigeration,full_size,test_utility_1,test_utility_2,multifamily_li,10,2400.0,REMAINING,1440.0,,,,,,,,,,,,,,,,,,,,,,,,,,,,,,,,,,,,,,,,,,,,,,,,,,,,,,,,,,,,,,,,,,,,,,,,,,,,,,,,,,,,,,,,,,,,,,,,,,,
359,refrigerator_electricity_existing_residential,refrigeration,full_size,test_utility_1,none,multifamily_li,10,1680.0,REMAINING,1008.0,,,,,,,,,,,,,,,,,,,,,,,,,,,,,,,,,,,,,,,,,,,,,,,,,,,,,,,,,,,,,,,,,,,,,,,,,,,,,,,,,,,,,,,,,,,,,,,,,,,
