competition_group,electric_utility,gas_utility,building_type,time,total_stock,ret_er_stock,remaining_stock,rob_stock,remaining_below_baseline_stock,remaining_baseline_stock,remaining_efficient_stock,remaining_top10_stock,ret_er_below_baseline_stock,ret_er_baseline_stock,ret_er_efficient_stock,ret_er_top10_stock,rob_below_baseline_stock,rob_baseline_stock,rob_efficient_stock,rob_top10_stock,ret_er_below_baseline_flow,ret_er_baseline_flow,ret_er_efficient_flow,ret_er_top10_flow,rob_below_baseline_flow,rob_baseline_flow,rob_efficient_flow,rob_top10_flow,remaining_below_baseline_flow,remaining_baseline_flow,remaining_efficient_flow,remaining_top10_flow,remaining_baseline_flow_2,remaining_efficient_flow_2,remaining_top10_flow_2
refrigeration,test_utility_1,test_utility_1,multifamily,0,30000.0,9000.0,18000.0,3000.0,3600.0,4500.0,5400.0,4500.0,1800.0,2250.0,2700.0,2250.0,600.0,750.0,900.0,750.0,0.0,0.0,0.0,0.0,0.0,0.0,0.0,0.0,0.0,0.0,0.0,0.0,0.0,0.0,0.0
refrigeration,test_utility_1,test_utility_1,multifamily,1,30000.0,9000.0,18000.0,3000.0,3000.0,6750.0,4500.0,3750.0,1776.0,2340.0,2664.0,2220.0,588.0,795.0,882.0,735.0,36.0,-135.0,54.0,45.0,600.0,-2250.0,900.0,750.0,0.0,0.0,0.0,0.0,0.0,0.0,0.0
refrigeration,test_utility_1,test_utility_1,multifamily,2,30000.0,9000.0,18000.0,2999.9999999999995,2500.0,8625.0,3750.0,3125.0,1660.32,2773.7999999999997,2490.4799999999996,2075.3999999999996,580.16,824.3999999999999,870.2399999999999,725.1999999999999,35.51999999999998,-133.19999999999982,53.2800000000002,44.40000000000009,588.0,-2205.0,882.0,735.0,0.0,0.0,0.0,0.0,0.0,0.0,0.0
refrigeration,test_utility_1,test_utility_1,multifamily,3,30000.0,8999.999999999998,18000.0,2999.9999999999995,2083.3333333333335,10187.5,3125.0,2604.166666666667,1501.4090666666666,3369.7159999999994,2252.1135999999997,1876.761333333333,542.3711999999999,966.1079999999998,813.5567999999998,677.9639999999998,33.20640000000003,-124.52399999999989,49.809600000000046,41.50800000000004,580.16,-2175.5999999999995,870.2399999999999,725.1999999999999,0.0,0.0,0.0,0.0,0.0,0.0,0.0
refrigeration,test_utility_1,test_utility_1,multifamily,4,30000.0,8999.999999999998,18000.000000000004,2999.999999999999,1736.1111111111113,11489.583333333334,2604.166666666667,2170.138888888889,1328.1428124444444,4019.4644533333326,1992.2142186666663,1660.1785155555554,490.46029511111107,1160.773893333333,735.6904426666665,613.0753688888888,30.02818133333335,-112.60568000000012,45.04227200000014,37.53522666666663,542.3711999999999,-2033.8919999999998,813.5567999999998,677.9639999999998,0.0,0.0,0.0,0.0,0.0,0.0,0.0
refrigeration,test_utility_1,test_utility_1,multifamily,5,29999.999999999996,8999.999999999998,18000.0,2999.999999999999,1446.7592592592596,12574.652777777777,2170.138888888889,1808.4490740740744,1157.0718226488889,4660.980665066666,1735.607733973333,1446.3397783111109,433.85998539851846,1373.0250547555552,650.7899780977776,542.324981748148,26.56285624888892,-99.61071093333294,39.84428437333327,33.20357031111121,490.46029511111107,-1839.226106666666,735.6904426666665,613.0753688888888,0.0,0.0,0.0,0.0,0.0,0.0,0.0
refrigeration,test_utility_1,test_utility_1,multifamily,6,30000.0,8999.999999999998,18000.0,2999.9999999999995,1205.6327160493831,13478.877314814814,1808.4490740740744,1507.0408950617286,997.0801340071506,5260.949497473184,1495.6202010107256,1246.3501675089383,377.976795398637,1582.5870172551108,566.9651930979554,472.4709942482962,23.141436452977814,-86.78038669866692,34.71215467946672,28.926795566222154,433.85998539851846,-1626.974945244444,650.7899780977776,542.324981748148,0.0,0.0,0.0,0.0,0.0,0.0,0.0
refrigeration,test_utility_1,test_utility_1,multifamily,7,30000.0,8999.999999999998,18000.0,2999.9999999999995,1004.6939300411526,14232.39776234568,1507.0408950617286,1255.8674125514406,852.3644735595689,5803.633224151616,1278.546710339353,1065.4555919494612,325.71284377566917,1778.5768358412402,488.56926566350364,407.1410547195865,19.941602680142978,-74.78101005053668,29.91240402021458,24.927003350178666,377.976795398637,-1417.4129827448887,566.9651930979554,472.4709942482962,0.0,0.0,0.0,0.0,0.0,0.0,0.0
refrigeration,test_utility_1,test_utility_1,multifamily,8,30000.0,9000.0,18000.0,2999.9999999999995,837.2449417009606,14860.3314686214,1255.8674125514406,1046.5561771262005,724.327111065777,6283.773333503335,1086.4906665986653,905.4088888322215,278.4390613627925,1955.853519889528,417.6585920441886,348.0488267034907,17.047289471191334,-63.927335516968014,25.570934206787115,21.30911183898911,325.71284377566917,-1221.4231641587594,488.56926566350364,407.1410547195865,0.0,0.0,0.0,0.0,0.0,0.0,0.0
refrigeration,test_utility_1,test_utility_1,multifamily,9,29999.999999999996,8999.999999999998,18000.0,2999.999999999999,697.7041180841338,15383.6095571845,1046.5561771262005,872.1301476051672,612.7678695131344,6702.120489325745,919.1518042697014,765.959836891418,236.61352294815381,2112.6992889444227,354.9202844222307,295.76690368519235,14.486542221315517,-54.32453332993373,21.72981333197322,18.108177776644425,278.4390613627925,-1044.1464801104717,417.6585920441886,348.0488267034907,0.0,0.0,0.0,0.0,0.0,0.0,0.0
refrigeration,test_utility_1,test_utility_1,multifamily,10,30000.0,9000.0,18000.0,2999.999999999999,581.4200984034449,15819.674630987083,872.1301476051672,726.775123004306,516.6256944292701,7062.6536458902365,774.938541643905,645.7821180365876,200.17083737429056,2249.35935984641,300.2562560614358,250.2135467178632,12.255357390262702,-45.957590213484764,18.383036085393996,15.319196737828406,236.61352294815381,-887.3007110555764,354.9202844222307,295.76690368519235,0.0,0.0,0.0,0.0,0.0,0.0,0.0
refrigeration,test_utility_1,test_utility_1,multifamily,11,30000.0,8999.999999999998,18000.000000000004,2999.9999999999995,484.5167486695374,16183.062192489237,726.775123004306,605.6459358369217,434.43213676103056,7370.879487146134,651.6482051415458,543.0401709512881,168.76439351356154,2367.1335243241438,253.14659027034227,210.9554918919519,10.332513888585424,-38.746927082195725,15.498770832878108,12.915642360731795,200.17083737429056,-750.6406401535892,300.2562560614358,250.2135467178632,0.0,0.0,0.0,0.0,0.0,0.0,0.0
refrigeration,test_utility_1,test_utility_1,multifamily,12,29999.999999999996,8999.999999999998,18000.0,2999.999999999999,403.7639572246145,16485.885160407695,605.6459358369217,504.7049465307681,364.58178746212945,7632.818297017013,546.8726811931942,455.72723432766185,141.9144980086033,2467.8206324677367,212.87174701290496,177.39312251075413,8.68864273522064,-32.582410257076845,13.032964102830874,10.860803419025729,168.76439351356154,-632.8664756758558,253.14659027034227,210.9554918919519,0.0,0.0,0.0,0.0,0.0,0.0,0.0
refrigeration,test_utility_1,test_utility_1,multifamily,13,29999.999999999996,9000.0,17999.999999999996,2999.999999999999,336.46996435384546,16738.237633673078,504.7049465307681,420.58745544230675,305.48742734602695,7854.422147452397,458.2311410190405,381.8592841825337,119.09671723762895,2553.3873103588908,178.64507585644344,148.87089654703618,7.291635749242573,-27.343634059659962,10.937453623863917,9.114544686553245,141.9144980086033,-532.1793675322624,212.87174701290496,177.39312251075413,0.0,0.0,0.0,0.0,0.0,0.0,0.0
refrigeration,test_utility_1,test_utility_1,multifamily,14,29999.999999999993,8999.999999999998,17999.999999999996,2999.9999999999995,280.39163696153787,16948.53136139423,420.58745544230675,350.4895462019223,255.66344659171187,8041.262075281079,383.4951698875678,319.57930823963983,99.79255959970214,2625.7779015011165,149.68883939955322,124.74069949962768,6.109748546920514,-22.91155705095207,9.164622820380828,7.637185683650671,119.09671723762895,-446.6126896411083,178.64507585644344,148.87089654703618,0.0,0.0,0.0,0.0,0.0,0.0,0.0
refrigeration,test_utility_1,test_utility_1,multifamily,15,29999.999999999993,8999.999999999998,17999.999999999996,2999.9999999999995,233.65969746794823,17123.77613449519,350.4895462019223,292.0746218349353,213.7653912668414,8198.379782749344,320.64808690026206,267.2067390835517,83.51672588662588,2686.8122779251526,125.27508882993881,104.39590735828234,5.113268931834227,-19.174758494378693,7.669903397751341,6.391586164792784,99.79255959970214,-374.22209849888304,149.68883939955322,124.74069949962768,0.0,0.0,0.0,0.0,0.0,0.0,0.0
refrigeration,test_utility_1,test_utility_1,multifamily,16,29999.999999999993,8999.999999999998,17999.999999999996,2999.9999999999995,194.71641455662353,17269.81344541266,292.0746218349353,243.3955181957794,178.6033385389944,8330.237480478769,267.9050078084916,223.254173173743,69.83002781383485,2738.137395698119,104.74504172075225,87.28753476729356,4.275307825336824,-16.032404345012765,6.412961738005265,5.344134781671016,83.51672588662588,-313.187722074847,125.27508882993881,104.39590735828234,0.0,0.0,0.0,0.0,0.0,0.0,0.0
refrigeration,test_utility_1,test_utility_1,multifamily,17,29999.999999999993,8999.999999999998,17999.999999999996,2999.9999999999986,162.2636787971863,17391.51120451055,243.3955181957794,202.82959849648284,149.14025027158024,8440.724061481571,223.71037540737035,186.4253128394753,58.3437572560715,2781.2109102897307,87.51563588410724,72.92969657008938,3.572066770779884,-13.395250390423826,5.358100156169826,4.465083463474855,69.83002781383485,-261.86260430188076,104.74504172075225,87.28753476729356,0.0,0.0,0.0,0.0,0.0,0.0,0.0
refrigeration,test_utility_1,test_utility_1,multifamily,18,29999.999999999993,8999.999999999995,18000.0,2999.9999999999986,135.2197323309886,17492.926003758792,202.82959849648284,169.0246654137357,124.4822433102968,8533.191587586383,186.72336496544517,155.602804137871,48.71914842204954,2817.3031934173127,73.0787226330743,60.89893552756193,2.982805005431601,-11.185518770367707,4.474207508147401,3.728506256789501,58.3437572560715,-218.78908971026794,87.51563588410724,72.92969657008938,0.0,0.0,0.0,0.0,0.0,0.0,0.0
refrigeration,test_utility_1,test_utility_1,multifamily,19,29999.999999999993,8999.999999999996,18000.0,2999.999999999998,112.68311027582384,17577.43833646566,169.0246654137357,140.85388784477976,103.86502101789199,8610.506171182902,155.797531526838,129.831276272365,40.66419948136362,2847.509251944885,60.99629922204542,50.83024935170452,2.4896448662059356,-9.33616824827186,3.7344672993089034,3.1120560827574195,48.71914842204954,-182.6968065826859,73.0787226330743,60.89893552756193,0.0,0.0,0.0,0.0,0.0,0.0,0.0
refrigeration,test_utility_1,test_utility_1,single_family,0,50000.0,15000.0,30000.0,5000.0,6000.0,7500.0,9000.0,7500.0,3000.0,3750.0,4500.0,3750.0,1000.0,1250.0,1500.0,1250.0,0.0,0.0,0.0,0.0,0.0,0.0,0.0,0.0,0.0,0.0,0.0,0.0,0.0,0.0,0.0
refrigeration,test_utility_1,test_utility_1,single_family,1,50000.0,14999.666666666668,30002.666666666668,4997.666666666666,4999.444444444444,11248.75,7499.166666666667,6255.305555555556,2959.342222222222,3899.133333333333,4439.013333333333,3702.177777777778,979.3466666666667,1324.1166666666666,1469.02,1225.1833333333334,60.0,-225.0,90.0,75.0,1000.0,-3750.0,1500.0,1250.0,0.0,0.0,0.0,0.0,0.0,0.0,0.0
refrigeration,test_utility_1,test_utility_1,single_family,2,50000.0,14999.888888888887,30002.555555555555,4997.555555555556,4165.740790466576,14370.028146863508,6248.611185699865,5218.175432525607,2766.0628511099144,4621.19385499474,4149.094276664872,3463.5379061193607,966.0739659643464,1372.7988365371084,1449.1109489465198,1209.5718041075809,59.18684444444443,-222.01066666666702,88.78026666666665,74.04355555555549,979.3466666666667,-3673.5499999999993,1469.02,1225.1833333333334,0.0,0.0,0.0,0.0,0.0,0.0,0.0
refrigeration,test_utility_1,test_utility_1,single_family,3,50000.0,15000.018518518516,30002.351851851854,4997.629629629629,3471.0649379346014,16970.693149372873,5206.597406901904,4353.996357642475,2500.8953294651665,5612.935627924045,3751.34299419775,3134.8445669315547,902.9781398795045,1608.5161844409658,1354.4672098192568,1131.6680954899016,55.3212570221981,-207.5739006778831,82.98188553329737,69.27075812238718,966.0739659643464,-3624.7567190184473,1449.1109489465198,1209.5718041075809,0.0,0.0,0.0,0.0,0.0,0.0,0.0
refrigeration,test_utility_1,test_utility_1,single_family,4,50000.0,15000.07098765432,30002.256172839505,4997.672839506172,2892.232715646093,19137.747239016167,4338.34907346914,3633.9271447081046,2211.9374672461026,6694.079185035798,3317.906200869154,2776.1481345032644,816.4145022037088,1932.2700574398857,1224.6217533055633,1024.366526557014,50.01790658930349,-187.74165781188913,75.02685988395478,62.6968913386313,902.9781398795045,-3389.113445188663,1354.4672098192568,1131.6680954899016,0.0,0.0,0.0,0.0,0.0,0.0,0.0
refrigeration,test_utility_1,test_utility_1,single_family,5,49999.999999999985,15000.090020576128,30002.219650205756,4997.690329218106,2409.9261263891385,20943.46819339218,3614.8891895837087,3033.936140840733,1926.7430163474965,7761.365471348637,2890.114524521244,2421.8670083587513,722.084530753884,2285.2085255726606,1083.1267961308258,907.2704767607356,44.23874934492187,-166.11983605237037,66.35812401738303,55.52296269006547,816.4145022037088,-3065.402782066286,1224.6217533055633,1024.366526557014,0.0,0.0,0.0,0.0,0.0,0.0,0.0
refrigeration,test_utility_1,test_utility_1,single_family,6,49999.99999999999,15000.096622085044,30002.206704389573,4997.696673525375,2008.048627261678,22448.085943188293,3012.0729408925176,2533.999193047084,1660.0908112567324,8759.39109892482,2490.1362168850983,2090.4784950183944,628.9831193792378,2633.623077996632,943.4746790688565,791.6157970806491,38.53486032694991,-144.77449098454963,57.802290490425094,48.43734016717508,722.084530753884,-2712.4818036454453,1083.1267961308258,907.2704767607356,0.0,0.0,0.0,0.0,0.0,0.0,0.0
refrigeration,test_utility_1,test_utility_1,single_family,7,50000.0,15000.098865454958,30002.20226051669,4997.698874028349,1673.1879227446623,23701.80109263621,2509.781884116994,2117.431361018822,1418.952050888671,9662.003602860617,2128.428076333006,1790.7151353726647,541.9348031181906,2959.427481355476,812.9022046772858,683.4343848773957,33.201816225134735,-124.814110463205,49.802724337701875,41.80956990036793,628.9831193792378,-2364.073595528743,943.4746790688565,791.6157970806491,0.0,0.0,0.0,0.0,0.0,0.0,0.0
refrigeration,test_utility_1,test_utility_1,single_family,8,49999.99999999999,15000.09962038942,30002.200757792256,4997.699621818319,1394.1683417401582,24746.449830763755,2091.252512610238,1770.330072678105,1205.645354033361,10460.485518950953,1808.4680310500412,1525.500716355065,463.2153224359386,3254.0843468992107,694.8229836539078,585.5769688292622,28.37904101777349,-106.76190525188758,42.56856152666023,35.81430270745318,541.9348031181906,-2038.2713926728725,812.9022046772858,683.4343848773957,0.0,0.0,0.0,0.0,0.0,0.0,0.0
refrigeration,test_utility_1,test_utility_1,single_family,9,50000.0,15000.099873224988,30002.20025331187,4997.69987346314,1161.677859781857,25616.894465291825,1742.5167896727864,1481.1111385653999,1019.8230170963493,11156.1138899471,1529.7345256445237,1294.4284405370151,393.5815879620038,3514.7478874984367,590.3723819430057,498.9980160596938,24.112907080667128,-90.79228202876948,36.169360621000806,30.510014327101317,463.2153224359386,-1743.6152749191087,694.8229836539078,585.5769688292622,0.0,0.0,0.0,0.0,0.0,0.0,0.0
refrigeration,test_utility_1,test_utility_1,single_family,10,50000.0,15000.09995770197,30002.200084556367,4997.699957741663,967.9573187138315,26342.184647687125,1451.935978070748,1240.1221400846614,859.7062650200436,11755.531971694738,1289.5593975300653,1095.3023234571224,332.92009227316254,3741.8349990223473,499.3801384097438,423.56472803640906,20.396460341926968,-76.87971966555779,30.594690512890566,25.888568810740253,393.5815879620038,-1482.951985964703,590.3723819430057,498.9980160596938,0.0,0.0,0.0,0.0,0.0,0.0,0.0
refrigeration,test_utility_1,test_utility_1,single_family,11,50000.0,15000.09998589404,30002.2000282053,4997.6999859006555,806.5414718564197,26946.526059737218,1209.81220778463,1039.320288827032,722.8403173555811,12267.919597365479,1084.2604760333716,925.0795951396077,280.6501562342397,3937.514367235527,420.9752343513596,358.56022807952945,17.194125300400856,-64.89135972014446,25.791187950601397,21.90604646914244,332.92009227316254,-1255.8649587193154,499.3801384097438,423.56472803640906,0.0,0.0,0.0,0.0,0.0,0.0,0.0
refrigeration,test_utility_1,test_utility_1,single_family,12,49999.999999999985,15000.099995296905,30002.20000940507,4997.699995298012,672.0432122860905,27450.087972857684,1008.0648184291362,872.0040058321604,606.5444389312595,12703.306310544234,909.8166583968891,780.432587424523,235.97041949412326,4104.782739252716,353.95562924118485,302.99120730998817,14.456806347111637,-54.64360777057118,21.685209520667513,18.501591902792143,280.6501562342397,-1060.1856186651285,420.9752343513596,358.56022807952945,0.0,0.0,0.0,0.0,0.0,0.0,0.0
refrigeration,test_utility_1,test_utility_1,single_family,13,49999.999999999985,15000.099998432115,30002.200003135575,4997.699998432301,559.9737830470768,27869.676283025383,839.9606745706157,732.5892624924986,508.16995365634943,13071.60408902339,762.2549304845239,658.0710252678504,198.00575903140958,4246.91424870335,297.00863854711423,255.77135215042782,12.130888778625149,-45.93587369505258,18.196333167937837,15.608651748490502,235.97041949412326,-892.9172560452962,353.95562924118485,302.99120730998817,0.0,0.0,0.0,0.0,0.0,0.0,0.0
refrigeration,test_utility_1,test_utility_1,single_family,14,49999.99999999999,15000.099999477337,30002.200001045283,4997.699999477371,466.5929689749838,28219.294359925043,699.889453462476,616.4232186827788,425.2388177752109,13382.08767967104,637.8582266628164,554.9152753682697,165.89151747560442,4367.144649824298,248.83727621340657,215.82655596406195,10.163399073126982,-38.56991818817369,15.245098609690444,13.161420505357,198.00575903140958,-750.7857497289515,297.00863854711423,255.77135215042782,0.0,0.0,0.0,0.0,0.0,0.0,0.0
refrigeration,test_utility_1,test_utility_1,single_family,15,49999.99999999999,15000.099999825772,30002.200000348443,4997.699999825779,388.78427042107955,28510.61038583858,583.1764056316197,519.6289384571647,355.50917179411016,13643.148613632453,533.2637576911653,468.1784567080425,138.81874019251873,4468.501673467393,208.22811028877808,182.15147587708867,8.504776355504191,-32.36024639612515,12.757164533256287,11.098305507365353,165.89151747560442,-630.5553496530738,248.83727621340657,215.82655596406195,0.0,0.0,0.0,0.0,0.0,0.0,0.0
refrigeration,test_utility_1,test_utility_1,single_family,16,49999.99999999999,15000.09999994192,30002.20000011615,4997.699999941923,323.9508929140229,28753.346766989165,485.9263393710346,438.97600084192453,296.997358466985,13862.212404554959,445.49603770047764,395.39419921949985,116.05557463813868,4553.7247256728015,174.083361957208,153.8363376737753,7.11018343588222,-27.139027723866093,10.665275153823359,9.363569134160855,138.81874019251873,-529.1983263583861,208.22811028877808,182.15147587708867,0.0,0.0,0.0,0.0,0.0,0.0,0.0
refrigeration,test_utility_1,test_utility_1,single_family,17,49999.999999999985,15000.099999980637,30002.200000038712,4997.69999998064,269.9290815087017,28955.604608790305,404.89362226305275,371.77268747665346,247.974973478639,14045.749350942746,371.9624602179586,334.41321534129327,96.95445810567533,4625.237857134084,145.43168715851303,130.07599758236734,5.939947169339689,-22.757751907738566,8.909920754009534,7.9078839843900255,116.05557463813868,-443.97527426912166,174.083361957208,153.8363376737753,0.0,0.0,0.0,0.0,0.0,0.0,0.0
refrigeration,test_utility_1,test_utility_1,single_family,18,49999.999999999985,15000.099999993543,30002.2000000129,4997.699999993544,224.91590743498563,29124.1340824607,337.3738611524786,315.77614896473926,206.95249792050024,14199.33565932626,310.42874688075045,283.3830958660323,80.95115492437384,4685.153289619169,121.4267323865608,110.16882306344102,4.9594994695727905,-19.08701298075721,7.439249204359157,6.688264306825886,96.95445810567533,-372.46214284655616,145.43168715851303,130.07599758236734,0.0,0.0,0.0,0.0,0.0,0.0,0.0
refrigeration,test_utility_1,test_utility_1,single_family,19,49999.999999999985,15000.099999997845,30002.200000004297,4997.699999997848,187.40909699154534,29264.559705708623,281.1136454873181,269.11755181680917,172.65657433365567,14327.738420284219,258.98486150048353,240.72014387948775,67.55941329938973,4735.291369562587,101.33911994908462,93.51009718678723,4.1390499584099985,-16.015286813346393,6.208574937615026,5.667661917320629,80.95115492437384,-312.5467103743749,121.4267323865608,110.16882306344102,0.0,0.0,0.0,0.0,0.0,0.0,0.0
refrigeration,test_utility_1,test_utility_1,multifamily_li,0,3000.0,900.0,1800.0,300.0,360.0,450.0,540.0,450.0,180.0,225.0,270.0,225.0,60.0,75.0,90.0,75.0,0.0,0.0,0.0,0.0,0.0,0.0,0.0,0.0,0.0,0.0,0.0,0.0,0.0,0.0,0.0
refrigeration,test_utility_1,test_utility_1,multifamily_li,1,3000.0,900.0,1800.0,300.0,300.0,675.0,450.0,375.0,177.6,234.0,266.4,222.0,58.8,79.5,88.2,73.5,3.5999999999999943,-13.5,5.399999999999977,4.5,60.0,-225.0,90.0,75.0,0.0,0.0,0.0,0.0,0.0,0.0,0.0
refrigeration,test_utility_1,test_utility_1,multifamily_li,2,3000.0,900.0,1800.0,300.0,250.0,862.5,375.0,312.5,166.03199999999998,277.38,249.048,207.54,58.016,82.44,87.024,72.52,3.5519999999999925,-13.319999999999993,5.3279999999999745,4.439999999999998,58.8,-220.5,88.2,73.5,0.0,0.0,0.0,0.0,0.0,0.0,0.0
refrigeration,test_utility_1,test_utility_1,multifamily_li,3,3000.0,900.0,1800.0,300.0,208.33333333333334,1018.75,312.5,260.4166666666667,150.14090666666664,336.97159999999997,225.21135999999998,187.67613333333333,54.23711999999999,96.6108,81.35567999999999,67.79639999999999,3.3206399999999974,-12.452400000000011,4.98096000000001,4.150800000000004,58.016,-217.56,87.024,72.52,0.0,0.0,0.0,0.0,0.0,0.0,0.0
refrigeration,test_utility_1,test_utility_1,multifamily_li,4,3000.0,899.9999999999998,1800.0000000000002,299.99999999999994,173.61111111111111,1148.9583333333335,260.4166666666667,217.0138888888889,132.81428124444443,401.94644533333326,199.22142186666662,166.01785155555555,49.0460295111111,116.07738933333331,73.56904426666665,61.30753688888888,3.002818133333335,-11.260567999999978,4.5042272000000025,3.753522666666669,54.23711999999999,-203.38920000000002,81.35567999999999,67.79639999999999,0.0,0.0,0.0,0.0,0.0,0.0,0.0
refrigeration,test_utility_1,test_utility_1,multifamily_li,5,2999.9999999999995,899.9999999999998,1800.0,299.9999999999999,144.67592592592592,1257.4652777777778,217.0138888888889,180.84490740740745,115.70718226488887,466.09806650666656,173.5607733973333,144.6339778311111,43.38599853985185,137.3025054755555,65.07899780977776,54.23249817481481,2.6562856248888806,-9.961071093333317,3.984428437333321,3.320357031111115,49.0460295111111,-183.92261066666663,73.56904426666665,61.30753688888888,0.0,0.0,0.0,0.0,0.0,0.0,0.0
refrigeration,test_utility_1,test_utility_1,multifamily_li,6,2999.9999999999995,899.9999999999998,1800.0,299.9999999999999,120.56327160493828,1347.8877314814813,180.84490740740745,150.7040895061729,99.70801340071503,526.0949497473184,149.56202010107256,124.63501675089383,37.797679539863694,158.25870172551106,56.696519309795534,47.24709942482963,2.3141436452977757,-8.67803866986668,3.471215467946678,2.8926795566222268,43.38599853985185,-162.69749452444438,65.07899780977776,54.23249817481481,0.0,0.0,0.0,0.0,0.0,0.0,0.0
refrigeration,test_utility_1,test_utility_1,multifamily_li,7,3000.0,899.9999999999999,1800.0,299.99999999999994,100.46939300411523,1423.2397762345677,150.7040895061729,125.58674125514408,85.23644735595687,580.3633224151615,127.8546710339353,106.54555919494611,32.57128437756691,177.857683584124,48.85692656635037,40.714105471958646,1.9941602680142978,-7.478101005053645,2.9912404020214467,2.4927003350178722,37.797679539863694,-141.74129827448883,56.696519309795534,47.24709942482963,0.0,0.0,0.0,0.0,0.0,0.0,0.0
refrigeration,test_utility_1,test_utility_1,multifamily_li,8,3000.0,899.9999999999998,1800.0,299.99999999999994,83.72449417009604,1486.0331468621398,125.58674125514408,104.65561771262007,72.4327111065777,628.3773333503334,108.64906665986653,90.54088888322212,27.843906136279244,195.58535198895277,41.76585920441886,34.80488267034906,1.7047289471191363,-6.392733551696779,2.5570934206787115,2.1309111838989168,32.57128437756691,-122.14231641587594,48.85692656635037,40.714105471958646,0.0,0.0,0.0,0.0,0.0,0.0,0.0
refrigeration,test_utility_1,test_utility_1,multifamily_li,9,3000.0,899.9999999999998,1800.0000000000002,299.9999999999999,69.77041180841337,1538.36095571845,104.65561771262007,87.21301476051673,61.27678695131343,670.2120489325744,91.91518042697015,76.5959836891418,23.66135229481538,211.26992889444222,35.49202844222307,29.576690368519227,1.4486542221315517,-5.432453332993305,2.1729813331973276,1.8108177776644396,27.843906136279244,-104.41464801104718,41.76585920441886,34.80488267034906,0.0,0.0,0.0,0.0,0.0,0.0,0.0
refrigeration,test_utility_1,test_utility_1,multifamily_li,10,2999.9999999999995,899.9999999999998,1800.0,299.9999999999999,58.14200984034448,1581.9674630987083,87.21301476051673,72.6775123004306,51.662569442927,706.2653645890235,77.49385416439051,64.57821180365876,20.017083737429054,224.93593598464093,30.02562560614358,25.02135467178632,1.2255357390262702,-4.595759021348499,1.8383036085394053,1.5319196737828378,23.66135229481538,-88.73007110555767,35.49202844222307,29.576690368519227,0.0,0.0,0.0,0.0,0.0,0.0,0.0
refrigeration,test_utility_1,test_utility_1,multifamily_li,11,3000.0,899.9999999999999,1800.0000000000002,299.99999999999994,48.45167486695373,1618.3062192489238,72.6775123004306,60.56459358369217,43.443213676103056,737.0879487146134,65.16482051415458,54.30401709512882,16.876439351356154,236.71335243241435,25.31465902703423,21.095549189195193,1.0332513888585382,-3.874692708219527,1.5498770832878108,1.291564236073178,20.017083737429054,-75.06406401535895,30.02562560614358,25.02135467178632,0.0,0.0,0.0,0.0,0.0,0.0,0.0
refrigeration,test_utility_1,test_utility_1,multifamily_li,12,3000.0000000000005,900.0,1800.0000000000005,299.99999999999994,40.376395722461446,1648.58851604077,60.56459358369217,50.47049465307681,36.45817874621295,763.2818297017013,54.68726811931943,45.57272343276618,14.19144980086033,246.7820632467737,21.287174701290496,17.73931225107541,0.868864273522064,-3.2582410257077754,1.3032964102830888,1.08608034190258,16.876439351356154,-63.28664756758559,25.31465902703423,21.095549189195193,0.0,0.0,0.0,0.0,0.0,0.0,0.0
refrigeration,test_utility_1,test_utility_1,multifamily_li,13,3000.000000000001,900.0,1800.0000000000007,299.99999999999994,33.64699643538454,1673.8237633673084,50.47049465307681,42.05874554423068,30.548742734602705,785.4422147452399,45.82311410190405,38.18592841825337,11.909671723762898,255.33873103588908,17.864507585644347,14.887089654703619,0.7291635749242573,-2.7343634059659507,1.093745362386386,0.9114544686553216,14.19144980086033,-53.21793675322624,21.287174701290496,17.73931225107541,0.0,0.0,0.0,0.0,0.0,0.0,0.0
refrigeration,test_utility_1,test_utility_1,multifamily_li,14,3000.0000000000005,900.0000000000001,1800.0000000000005,300.0,28.039163696153782,1694.8531361394237,42.05874554423068,35.048954620192234,25.56634465917119,804.1262075281081,38.349516988756776,31.957930823963984,9.979255959970217,262.5777901501117,14.968883939955322,12.474069949962768,0.6109748546920528,-2.291155705095207,0.9164622820380828,0.7637185683650642,11.909671723762898,-44.66126896411086,17.864507585644347,14.887089654703619,0.0,0.0,0.0,0.0,0.0,0.0,0.0
refrigeration,test_utility_1,test_utility_1,multifamily_li,15,3000.0000000000005,900.0000000000001,1800.0000000000005,300.0,23.365969746794818,1712.3776134495197,35.048954620192234,29.20746218349353,21.37653912668414,819.8379782749346,32.064808690026204,26.720673908355174,8.351672588662588,268.6812277925153,12.52750888299388,10.439590735828235,0.5113268931834227,-1.917475849437892,0.7669903397751341,0.6391586164792784,9.979255959970217,-37.422209849888304,14.968883939955322,12.474069949962768,0.0,0.0,0.0,0.0,0.0,0.0,0.0
refrigeration,test_utility_1,test_utility_1,multifamily_li,16,3000.000000000001,900.0000000000001,1800.0000000000005,300.00000000000006,19.47164145566235,1726.9813445412665,29.20746218349353,24.33955181957794,17.86033385389944,833.0237480478772,26.790500780849158,22.3254173173743,6.983002781383485,273.81373956981196,10.474504172075227,8.728753476729356,0.42753078253368315,-1.6032404345013447,0.641296173800523,0.534413478167103,8.351672588662588,-31.3187722074847,12.52750888299388,10.439590735828235,0.0,0.0,0.0,0.0,0.0,0.0,0.0
refrigeration,test_utility_1,test_utility_1,multifamily_li,17,3000.0000000000005,899.9999999999999,1800.0000000000005,300.0,16.226367879718627,1739.1511204510555,24.33955181957794,20.282959849648286,14.914025027158026,844.0724061481574,22.371037540737035,18.64253128394753,5.83437572560715,278.1210910289732,8.751563588410724,7.292969657008937,0.3572066770779898,-1.339525039042428,0.5358100156169847,0.4465083463474855,6.983002781383485,-26.1862604301881,10.474504172075227,8.728753476729356,0.0,0.0,0.0,0.0,0.0,0.0,0.0
refrigeration,test_utility_1,test_utility_1,multifamily_li,18,3000.0,900.0,1800.0000000000002,299.99999999999994,13.521973233098857,1749.2926003758796,20.282959849648286,16.902466541373574,12.448224331029682,853.3191587586387,18.67233649654452,15.5602804137871,4.871914842204955,281.7303193417314,7.307872263307432,6.089893552756193,0.2982805005431608,-1.1185518770369072,0.4474207508147394,0.3728506256789501,5.83437572560715,-21.878908971026817,8.751563588410724,7.292969657008937,0.0,0.0,0.0,0.0,0.0,0.0,0.0
refrigeration,test_utility_1,test_utility_1,multifamily_li,19,3000.0,900.0,1800.0000000000002,299.99999999999994,11.268311027582381,1757.7438336465664,16.902466541373574,14.08538878447798,10.386502101789201,861.0506171182905,15.5797531526838,12.983127627236499,4.066419948136362,284.7509251944886,6.099629922204543,5.083024935170452,0.24896448662059356,-0.9336168248272543,0.37344672993089034,0.31120560827574195,4.871914842204955,-18.269680658268555,7.307872263307432,6.089893552756193,0.0,0.0,0.0,0.0,0.0,0.0,0.0
refrigeration,test_utility_1,test_utility_1,single_family_li,0,5000.0,1500.0,3000.0,500.0,600.0,750.0,900.0,750.0,300.0,375.0,450.0,375.0,100.0,125.0,150.0,125.0,0.0,0.0,0.0,0.0,0.0,0.0,0.0,0.0,0.0,0.0,0.0,0.0,0.0,0.0,0.0
refrigeration,test_utility_1,test_utility_1,single_family_li,1,5000.0,1499.6666666666665,3002.6666666666665,497.6666666666667,499.44444444444446,1123.75,749.1666666666666,630.3055555555555,295.34222222222223,389.1333333333333,443.0133333333333,372.1777777777778,97.34666666666666,131.61666666666667,146.02,122.68333333333334,6.0,-22.5,9.0,7.5,100.0,-375.0,150.0,125.0,0.0,0.0,0.0,0.0,0.0,0.0,0.0
refrigeration,test_utility_1,test_utility_1,single_family_li,2,5000.0,1499.8888888888887,3002.5555555555557,497.55555555555554,415.7412380156741,1432.5314687581022,623.6118570235111,530.6709917582682,275.5839775989291,460.49554969634124,413.3759663983936,350.4333951952248,95.83512656804392,136.20036571089872,143.75268985206586,121.76737342454702,5.906844444444459,-22.21066666666667,8.86026666666669,7.443555555555577,97.34666666666666,-366.05,146.02,122.68333333333334,0.0,0.0,0.0,0.0,0.0,0.0,0.0
refrigeration,test_utility_1,test_utility_1,single_family_li,3,5000.0,1500.0185185185185,3002.351851851852,497.62962962962956,346.06604568920875,1689.452324761106,519.0990685338131,447.73441286772413,248.78444962954947,558.3675677357683,373.17667444432414,319.6898267088765,89.42389422701828,159.35820756063157,134.13584134052738,114.7116865014523,5.511679551978602,-20.787866783850973,8.267519327967875,7.008667903904495,95.83512656804392,-361.3551898446568,143.75268985206586,121.76737342454702,0.0,0.0,0.0,0.0,0.0,0.0,0.0
refrigeration,test_utility_1,test_utility_1,single_family_li,4,5000.0,1500.070987654321,3002.2561728395067,497.67283950617275,288.0678960328333,1903.3890476688778,432.1018440492499,378.6973850885455,219.72760913912293,664.8953426117506,329.59141370868434,285.856622194763,80.72779632189857,191.1175434484606,121.09169448284781,104.73580525296583,4.975688992590989,-18.833019015655054,7.463533488886469,6.393796534177511,89.42389422701828,-338.271422068998,134.13584134052738,114.7116865014523,0.0,0.0,0.0,0.0,0.0,0.0,0.0
refrigeration,test_utility_1,test_utility_1,single_family_li,5,5000.000000000001,1500.0900205761316,3002.2196502057623,497.6903292181069,239.78981074391038,2081.5146670883887,359.6847161158655,321.2304562575971,191.1411036751191,769.9164937877179,286.7116555126786,252.3207676006161,71.29919039260345,225.68502605908262,106.94878558890517,93.75732717751573,4.394552182782462,-16.703512900851365,6.591828274173679,5.717132443895252,80.72779632189857,-306.55529605771216,121.09169448284781,104.73580525296583,0.0,0.0,0.0,0.0,0.0,0.0,0.0
refrigeration,test_utility_1,test_utility_1,single_family_li,6,5000.0,1500.0966220850478,3002.2067043895754,497.69667352537715,199.60278063739074,2229.8051871324597,299.40417095608603,273.39456566363896,164.47760822268881,867.9997915361394,246.71641233403315,220.90280999218658,62.0231893325171,259.7633816962966,93.03478399877562,82.87531849778782,3.8228220735023797,-14.603470535768224,5.7342331102535695,5.046415352012332,71.29919039260345,-272.00530315902427,106.94878558890517,93.75732717751573,0.0,0.0,0.0,0.0,0.0,0.0,0.0
refrigeration,test_utility_1,test_utility_1,single_family_li,7,5000.0,1500.098865454961,3002.2022605166894,497.6988740283493,166.15080452713954,2353.2496267886377,249.22620679070923,233.5756224102034,140.41320014920007,956.5987887936191,210.61980022379998,192.4670762883419,53.37117941087176,291.59038714791114,80.05676911630762,72.68053835325871,3.2895521644537666,-12.641936610978178,4.93432824668065,4.418056199843733,62.0231893325171,-237.93329182908053,93.03478399877562,82.87531849778782,0.0,0.0,0.0,0.0,0.0,0.0,0.0
refrigeration,test_utility_1,test_utility_1,single_family_li,8,5000.0,1500.0996203894222,3002.2007577922577,497.6996218183203,138.30513653905462,2456.0078717537385,207.45770480858187,200.43004469088265,119.16310493316057,1034.8832687235208,178.74465739974076,167.3085893329999,45.562543455047845,320.3398078236864,68.34381518257173,63.45345535701434,2.8082640029840036,-10.870001533226855,4.212396004476005,3.849341525766846,53.37117941087176,-206.10848688043814,80.05676911630762,72.68053835325871,0.0,0.0,0.0,0.0,0.0,0.0,0.0
refrigeration,test_utility_1,test_utility_1,single_family_li,9,5000.0,1500.099873224991,3002.2002533118684,497.69987346314065,115.12620022482623,2541.545327739456,172.68930033723933,172.83942501034716,100.6799180872426,1103.0038412641593,151.01987713086382,145.3962367427253,38.66712075020889,345.7422691364746,58.00068112531329,55.28980245114389,2.3832620986632094,-9.304327033318032,3.5748931479948283,3.346171786659994,45.562543455047845,-177.3598139946339,68.34381518257173,63.45345535701434,0.0,0.0,0.0,0.0,0.0,0.0,0.0
refrigeration,test_utility_1,test_utility_1,single_family_li,10,5000.0,1500.099957701972,3002.2000845563643,497.6999577416637,95.83188527227634,2612.747578598952,143.74782790841448,149.87279277672172,84.77648938671648,1161.6349843472458,127.16473408007465,126.52374988793515,32.6695293512833,367.8466499729682,49.004294026924924,48.17948439048728,2.0135983617448545,-7.9419206392167325,3.0203975426172747,2.907924734854504,38.66712075020889,-151.95760432666606,58.00068112531329,55.28980245114389,0.0,0.0,0.0,0.0,0.0,0.0,0.0
refrigeration,test_utility_1,test_utility_1,single_family_li,11,5000.0,1500.0999858940418,3002.200028205301,497.6999859006573,79.77115736220027,2672.016933512291,119.65673604330038,130.75520128750895,71.20075688026263,1211.6962447388476,106.80113532039387,110.40184895453797,27.509041147260653,386.87181365293327,41.26356172089096,42.055569379572425,1.6955297877343298,-6.76929946709447,2.5432946816014947,2.530474997758702,32.6695293512833,-129.85330776869552,49.004294026924924,48.17948439048728,0.0,0.0,0.0,0.0,0.0,0.0,0.0
refrigeration,test_utility_1,test_utility_1,single_family_li,12,5000.0,1500.0999952969114,3002.2000094050745,497.69999529801396,66.40209079452865,2721.353203145588,99.60313619179296,114.84157927316498,59.680141285287554,1254.1865552559527,89.52021192793129,96.71308682773973,23.103864823272318,403.1161439159126,34.65579723490845,36.824189323920635,1.4240151376052523,-5.768074823103916,2.1360227064078714,2.208036979090764,27.509041147260653,-110.82817224772401,41.26356172089096,42.055569379572425,0.0,0.0,0.0,0.0,0.0,0.0,0.0
refrigeration,test_utility_1,test_utility_1,single_family_li,13,5000.0,1500.09999843212,3002.2000031355765,497.69999843230374,55.27358267919402,2762.421081715674,82.910374018791,101.59496472191705,49.94683280816679,1290.0896639619455,74.92024921225014,85.14325244975747,19.365551398082168,416.9037838116393,29.048327097123238,32.38233612545901,1.193602825705753,-4.918268800819078,1.7904042385586223,1.934261736554788,23.103864823272318,-94.58385138210139,34.65579723490845,36.824189323920635,0.0,0.0,0.0,0.0,0.0,0.0,0.0
refrigeration,test_utility_1,test_utility_1,single_family_li,14,5000.0,1500.0999994773426,3002.2000010452844,497.6999994773733,46.0101316936705,2796.6062852565533,69.01519754050572,90.56838655455456,41.75123430402187,1320.3236912487343,62.626851456032774,75.39822246855371,16.207199532384227,428.55394890208373,24.31079929857633,28.628051744329007,0.9989366561633375,-4.200206689403558,1.4984049842449991,1.7028650489951502,19.365551398082168,-80.79621462066444,29.048327097123238,32.38233612545901,0.0,0.0,0.0,0.0,0.0,0.0,0.0
refrigeration,test_utility_1,test_utility_1,single_family_li,15,5000.0,1500.0999998257755,3002.2000003484436,497.6999998257808,38.29916780960188,2825.0622980263392,57.44875171440279,81.38978279809956,34.86819339241924,1345.7175828329923,52.30229008862883,67.21193351173523,13.547817690276641,438.36455922115306,20.321726535414953,25.465896378936204,0.8350246860804376,-3.5955261645722203,1.2525370291206528,1.507964449371073,16.207199532384227,-69.14605057528956,24.31079929857633,28.628051744329007,0.0,0.0,0.0,0.0,0.0,0.0,0.0
refrigeration,test_utility_1,test_utility_1,single_family_li,16,5000.0,1500.0999999419244,3002.2000001161505,497.6999999419252,31.88050546505404,2848.7492900897264,47.82075819758103,73.74944636378893,29.098958040196443,1367.003533726885,43.64843706029463,60.349071114548245,11.314346393467845,446.60459857544924,16.97151959020176,22.80953538280635,0.697363867848388,-3.0876483398556047,1.0460458017725784,1.3442386702347022,13.547817690276641,-59.33544060462776,20.321726535414953,25.465896378936204,0.0,0.0,0.0,0.0,0.0,0.0,0.0
refrigeration,test_utility_1,test_utility_1,single_family_li,17,5000.0,1500.0999999806413,3002.2000000387175,497.69999998064145,26.53756430844695,2868.466514446187,39.806346462670405,67.38957482141322,24.27069747107283,1384.8185214414382,36.40604620660922,54.60473486152095,9.442292786741271,453.5116562211501,14.163439180111896,20.582611792638197,0.5819791608039289,-2.6619293243006723,0.8729687412058951,1.2069814222909656,11.314346393467845,-51.09540136647598,16.97151959020176,22.80953538280635,0.0,0.0,0.0,0.0,0.0,0.0,0.0
refrigeration,test_utility_1,test_utility_1,single_family_li,18,5000.0,1500.0999999935468,3002.200000012906,497.69999999354707,22.090061282024184,2884.8792752522927,33.13509192303626,62.09557155555289,20.234729896611118,1399.7106929885651,30.352094844916657,49.80248226345402,7.875575178456911,459.29242437684894,11.813362767685359,18.718637670555832,0.48541394942145644,-2.305629570784049,0.7281209241321847,1.0920946972304222,9.442292786741271,-44.188343759491374,14.163439180111896,20.582611792638197,0.0,0.0,0.0,0.0,0.0,0.0,0.0
refrigeration,test_utility_1,test_utility_1,single_family_li,19,5000.0,1500.099999997849,3002.2000000043017,497.699999997849,18.387927459049454,2898.541376571837,27.581891188574172,57.68880478484093,16.864151925879924,1412.1480131733347,25.29622788881987,45.791607009814456,6.565947958705101,464.1247707374093,9.848921938057645,17.160359363676925,0.40469459793222384,-2.007786140099597,0.607041896898334,0.9960496452690819,7.875575178456911,-38.407575616698125,11.813362767685359,18.718637670555832,0.0,0.0,0.0,0.0,0.0,0.0,0.0
refrigeration,test_utility_1,none,multifamily,0,56400.0,16920.0,33840.0,5640.0,6768.0,8460.0,10152.0,8460.0,3384.0,4230.0,5076.0,4230.0,1128.0,1410.0,1692.0,1410.0,0.0,0.0,0.0,0.0,0.0,0.0,0.0,0.0,0.0,0.0,0.0,0.0,0.0,0.0,0.0
refrigeration,test_utility_1,none,multifamily,1,56400.0,16920.0,33840.0,5640.0,5640.0,12690.0,8460.0,7050.0,3338.88,4399.2,5008.32,4173.599999999999,1105.44,1494.6,1658.1599999999999,1381.7999999999997,67.67999999999984,-253.80000000000018,101.52000000000044,84.60000000000036,1128.0,-4230.0,1692.0,1410.0,0.0,0.0,0.0,0.0,0.0,0.0,0.0
refrigeration,test_utility_1,none,multifamily,2,56400.0,16920.0,33840.0,5640.0,4700.0,16215.0,7050.0,5875.0,3121.4016,5214.744,4682.1024,3901.7519999999995,1090.7008,1549.8719999999998,1636.0511999999999,1363.3759999999997,66.7775999999999,-250.41600000000017,100.16640000000007,83.47200000000021,1105.44,-4145.4,1658.1599999999999,1381.7999999999997,0.0,0.0,0.0,0.0,0.0,0.0,0.0
refrigeration,test_utility_1,none,multifamily,3,56400.0,16919.999999999996,33840.0,5640.0,3916.666666666667,19152.5,5875.0,4895.833333333334,2822.6490453333336,6335.06608,4233.973567999999,3528.311306666666,1019.657856,1816.2830399999998,1529.486784,1274.5723199999998,62.4280319999998,-234.10512000000017,93.6420479999997,78.03504000000021,1090.7008,-4090.128,1636.0511999999999,1363.3759999999997,0.0,0.0,0.0,0.0,0.0,0.0,0.0
refrigeration,test_utility_1,none,multifamily,4,56400.0,16919.999999999996,33840.0,5639.999999999999,3263.888888888889,21600.416666666668,4895.833333333334,4079.8611111111118,2496.9084873955558,7556.5931722666655,3745.3627310933325,3121.135609244444,922.065354808889,2182.2549194666663,1383.098032213333,1152.5816935111109,56.45298090666665,-211.69867840000006,84.6794713600002,70.5662261333332,1019.657856,-3823.71696,1529.486784,1274.5723199999998,0.0,0.0,0.0,0.0,0.0,0.0,0.0
refrigeration,test_utility_1,none,multifamily,5,56400.00000000001,16920.0,33840.00000000001,5639.999999999999,2719.907407407408,23640.347222222223,4079.8611111111118,3399.88425925926,2175.295026579911,8762.643650325332,3262.942539869866,2719.118783224889,815.6567725492148,2581.287102940444,1223.4851588238218,1019.5709656865183,49.93816974791116,-187.26813655466685,74.90725462186674,62.42271218488895,922.065354808889,-3457.745080533333,1383.098032213333,1152.5816935111109,0.0,0.0,0.0,0.0,0.0,0.0,0.0
refrigeration,test_utility_1,none,multifamily,6,56400.0,16919.999999999996,33840.00000000001,5639.999999999998,2266.58950617284,25340.289351851854,3399.88425925926,2833.2368827160503,1874.510651933443,9890.585055249587,2811.765977900164,2343.138314916804,710.5963753494375,2975.263592439608,1065.894563024156,888.245469186797,43.5059005315984,-163.14712699349366,65.25885079739737,54.382375664497886,815.6567725492148,-3058.712897059555,1223.4851588238218,1019.5709656865183,0.0,0.0,0.0,0.0,0.0,0.0,0.0
refrigeration,test_utility_1,none,multifamily,7,56400.00000000001,16920.0,33840.00000000001,5640.0,1888.824588477367,26756.90779320988,2833.2368827160503,2361.030735596709,1602.4452102919893,10910.83046140504,2403.6678154379842,2003.0565128649869,612.340146298258,3343.7244513815317,918.510219447387,765.4251828728226,37.4902130386688,-140.58829889500885,56.235319558003084,46.86276629833628,710.5963753494375,-2664.73640756039,1065.894563024156,888.245469186797,0.0,0.0,0.0,0.0,0.0,0.0,0.0
refrigeration,test_utility_1,none,multifamily,8,56400.00000000001,16920.0,33840.00000000001,5640.0,1574.0204903978058,27937.423161008235,2361.030735596709,1967.5256129972574,1361.7349688036606,11813.493866986271,2042.6024532054914,1702.1687110045762,523.4654353620498,3677.004617392313,785.1981530430749,654.3317942025624,32.04890420583979,-120.18339077189921,48.073356308759685,40.06113025729974,612.340146298258,-2296.2755486184683,918.510219447387,765.4251828728226,0.0,0.0,0.0,0.0,0.0,0.0,0.0
refrigeration,test_utility_1,none,multifamily,9,56400.00000000001,16920.0,33840.00000000001,5640.0,1311.6837419981716,28921.185967506863,1967.5256129972574,1639.6046774977146,1152.0035946846924,12599.986519932403,1728.005392027039,1440.004493355866,444.8334231425291,3971.8746632155153,667.2501347137938,556.0417789281615,27.234699376073195,-102.13012266027545,40.852049064109906,34.04337422009144,523.4654353620498,-1962.9953826076871,785.1981530430749,654.3317942025624,0.0,0.0,0.0,0.0,0.0,0.0,0.0
refrigeration,test_utility_1,none,multifamily,10,56400.00000000001,16920.0,33840.00000000001,5639.999999999999,1093.0697849984765,29740.98830625572,1639.6046774977146,1366.3372312480956,971.2563055270275,13277.788854273647,1456.8844582905417,1214.0703819087848,376.32117426366614,4228.7955965112515,564.4817613954995,470.4014678295829,23.04007189369395,-86.40026960135219,34.560107840540695,28.80008986711732,444.8334231425291,-1668.1253367844847,667.2501347137938,556.0417789281615,0.0,0.0,0.0,0.0,0.0,0.0,0.0
refrigeration,test_utility_1,none,multifamily,11,56400.000000000015,16920.000000000004,33840.00000000001,5640.000000000001,910.8914874987305,30424.156921879767,1366.3372312480956,1138.614359373413,816.7324171107373,13857.253435834737,1225.0986256661063,1020.9155213884219,317.27705980549564,4450.211025729392,475.9155897082436,396.59632475686965,19.425126110540532,-72.84422291452756,29.137689165810798,24.28140763817578,376.32117426366614,-1411.2044034887476,564.4817613954995,470.4014678295829,0.0,0.0,0.0,0.0,0.0,0.0,0.0
refrigeration,test_utility_1,none,multifamily,12,56400.00000000001,16920.0,33840.00000000001,5639.999999999999,759.0762395822754,30993.464101566475,1138.614359373413,948.8452994778442,685.4137604288034,14349.698398391987,1028.1206406432054,856.7672005360045,266.79925625617415,4639.502789039347,400.1988843842614,333.4990703202178,16.33464834221479,-61.25493128330527,24.501972513322016,20.41831042776846,317.27705980549564,-1189.7889742706093,475.9155897082436,396.59632475686965,0.0,0.0,0.0,0.0,0.0,0.0,0.0
refrigeration,test_utility_1,none,multifamily,13,56400.00000000001,16920.0,33840.00000000001,5640.0,632.5635329852296,31467.886751305396,948.8452994778442,790.7044162315368,574.3163634105308,14766.313637210511,861.4745451157963,717.8954542631635,223.90182840674242,4800.368143474716,335.85274261011375,279.8772855084281,13.708275208576083,-51.40603203216051,20.562412812864068,17.135344010720132,266.79925625617415,-1000.4972109606524,400.1988843842614,333.4990703202178,0.0,0.0,0.0,0.0,0.0,0.0,0.0
refrigeration,test_utility_1,none,multifamily,14,56400.00000000001,16920.0,33840.00000000001,5640.000000000001,527.1362774876914,31863.238959421164,790.7044162315368,658.920346859614,480.6472795924184,15117.572701528432,720.9709193886276,600.809099490523,187.61001204744005,4936.4624548221,281.41501807116015,234.51251505930009,11.48632726821063,-43.07372725578898,17.229490902315888,14.357909085263259,223.90182840674242,-839.6318565252841,335.85274261011375,279.8772855084281,0.0,0.0,0.0,0.0,0.0,0.0,0.0
refrigeration,test_utility_1,none,multifamily,15,56400.000000000015,16920.0,33840.000000000015,5640.0,439.2802312397428,32192.699132850972,658.920346859614,549.1002890496784,401.8789355816619,15412.95399156877,602.8184033724929,502.34866947707735,157.01144466685668,5051.207082499288,235.517167000285,196.26430583357083,9.612945591848359,-36.04854596943187,14.419418387772566,12.016181989810434,187.61001204744005,-703.5375451779009,281.41501807116015,234.51251505930009,0.0,0.0,0.0,0.0,0.0,0.0,0.0
refrigeration,test_utility_1,none,multifamily,16,56400.000000000015,16920.000000000004,33840.000000000015,5640.0,366.0668593664524,32467.24927737581,549.1002890496784,457.58357420806533,335.77427645330954,15660.846463300091,503.6614146799643,419.7178455666369,131.28045229000955,5147.698303912464,196.92067843501434,164.10056536251193,8.037578711633216,-30.14092016862378,12.056368067449853,10.046973389541563,157.01144466685668,-588.7929175007121,235.517167000285,196.26430583357083,0.0,0.0,0.0,0.0,0.0,0.0,0.0
refrigeration,test_utility_1,none,multifamily,17,56400.00000000001,16920.0,33840.00000000001,5640.000000000001,305.05571613871035,32696.041064479843,457.58357420806533,381.3196451733878,280.38367051057094,15868.561235585361,420.5755057658564,350.47958813821367,109.68626364141444,5228.676511344696,164.52939546212167,137.10782955176805,6.7154855290662,-25.183070733997738,10.0732282935993,8.39435691133275,131.28045229000955,-492.3016960875357,196.92067843501434,164.10056536251193,0.0,0.0,0.0,0.0,0.0,0.0,0.0
refrigeration,test_utility_1,none,multifamily,18,56400.00000000001,16920.0,33840.00000000001,5640.0,254.21309678225865,32886.70088706654,381.3196451733878,317.7663709778232,234.02661742335806,16042.400184662409,351.03992613503704,292.53327177919755,91.59199903345316,5296.530003624551,137.38799855017976,114.48999879181646,5.607673410211419,-21.02877528829231,8.411510115317128,7.009591762764273,109.68626364141444,-411.3234886553046,164.52939546212167,137.10782955176805,0.0,0.0,0.0,0.0,0.0,0.0,0.0
refrigeration,test_utility_1,none,multifamily,19,56400.0,16920.000000000004,33840.0,5640.000000000001,211.84424731854887,33045.584072555444,317.7663709778232,264.80530914818604,195.26623951363703,16187.751601823864,292.89935927045553,244.08279939204627,76.44869502496363,5353.317393656387,114.67304253744544,95.56086878120453,4.680532348467153,-17.5519963067527,7.020798522700716,5.850665435583949,91.59199903345316,-343.4699963754492,137.38799855017976,114.48999879181646,0.0,0.0,0.0,0.0,0.0,0.0,0.0
refrigeration,test_utility_1,none,single_family,0,275000.0,82500.0,165000.0,27500.0,33000.0,41250.0,49500.0,41250.0,16500.0,20625.0,24750.0,20625.0,5500.0,6875.0,8250.0,6875.0,0.0,0.0,0.0,0.0,0.0,0.0,0.0,0.0,0.0,0.0,0.0,0.0,0.0,0.0,0.0
refrigeration,test_utility_1,none,single_family,1,275000.0,82499.66666666667,165002.66666666666,27497.666666666668,27499.444444444445,61873.75,41249.166666666664,34380.305555555555,16279.342222222222,21449.133333333335,24419.013333333332,20352.17777777778,5389.346666666666,7286.616666666667,8084.02,6737.683333333333,330.0,-1237.5,495.0,412.5,5500.0,-20625.0,8250.0,6875.0,0.0,0.0,0.0,0.0,0.0,0.0,0.0
refrigeration,test_utility_1,none,single_family,2,275000.0,82499.88888888888,165002.55555555556,27497.555555555555,22915.740749781777,79057.52784488407,34373.61112467266,28655.67583621705,15218.462748686927,25424.69370090855,22827.694123030386,19029.03831626302,5317.27386047794,7555.79869755164,7975.910790716909,6648.572206809066,325.58684444444407,-1221.0106666666652,488.380266666667,407.04355555555594,5389.346666666666,-20211.050000000003,8084.02,6737.683333333333,0.0,0.0,0.0,0.0,0.0,0.0,0.0
refrigeration,test_utility_1,none,single_family,3,275000.0,82500.01851851851,165002.35185185185,27497.629629629624,19096.06483720077,93376.94231504129,28644.097255801145,23885.247443808646,13761.463081967257,30885.805087509336,20642.194622950883,17210.55572609103,4970.7619074567165,8854.325818389016,7456.142861185073,6216.399042598819,304.36925497373886,-1141.503903759607,456.5538824606083,380.5807663252599,5317.27386047794,-19941.756858003915,7975.910790716909,6648.572206809066,0.0,0.0,0.0,0.0,0.0,0.0,0.0
refrigeration,test_utility_1,none,single_family,4,275000.0,82500.07098765431,165002.2561728395,27497.672839506165,15913.06588096116,105309.6207101393,23869.59882144173,19909.97076029733,12173.00816357593,36840.06141641536,18259.51224536389,15227.489162299122,4494.866375228774,10638.073499227352,6742.299562843159,5622.433402206881,275.22926163934426,-1032.2842686201839,412.8438924590191,344.2111145218223,4970.7619074567165,-18643.303811240607,7456.142861185073,6216.399042598819,0.0,0.0,0.0,0.0,0.0,0.0,0.0
refrigeration,test_utility_1,none,single_family,5,275000.0,82500.09002057611,165002.21965020578,27497.6903292181,13260.620336676511,115253.36169386773,19890.93050501476,16597.30711464676,10604.781155909559,42718.71845387413,15907.171733864334,13269.418676928093,3976.0339985768055,12582.89515295185,5964.050997865207,4974.710179824237,243.46016327151847,-913.2001914247812,365.1902449072768,304.5497832459823,4494.866375228774,-16859.599340278815,6742.299562843159,5622.433402206881,0.0,0.0,0.0,0.0,0.0,0.0,0.0
refrigeration,test_utility_1,none,single_family,6,275000.0,82500.09662208504,165002.2067043896,27497.696673525374,11050.293703841491,123539.66259930383,16575.440555762234,13836.809845482025,9138.19117846719,48216.50932876336,13707.286767700782,11438.109347153704,3463.8086049024664,14503.023808265178,5195.712907353699,4335.151353004027,212.09562311819172,-795.62743133404,318.14343467728577,265.3883735385625,3976.0339985768055,-14914.79517626625,5964.050997865207,4974.710179824237,0.0,0.0,0.0,0.0,0.0,0.0,0.0
refrigeration,test_utility_1,none,single_family,7,275000.0,82500.09886545496,165002.2022605167,27497.69887402834,9208.392054130438,130444.78019753791,13812.588081195652,11536.441927652691,7811.684885841016,53189.24868017615,11717.52732876152,9781.637970676265,2984.7806166077057,16298.751181490674,4477.1709249115565,3736.9961510184075,182.763823569343,-685.6717458664352,274.1457353540154,228.762186943075,3463.8086049024664,-12994.672865260196,5195.712907353699,4335.151353004027,0.0,0.0,0.0,0.0,0.0,0.0,0.0
refrigeration,test_utility_1,none,single_family,8,275000.0,82500.09962038942,165002.20075779225,27497.699621818316,7673.505021235705,136198.93081506825,11510.257531853553,9619.507389634766,6638.09791903193,57588.780254301775,9957.146878547894,8316.074568507813,2551.5077519196175,17922.982484476084,3827.2616278794253,3195.947757543188,156.23369771682064,-586.2170037055766,234.3505465752296,195.6327594135255,2984.7806166077057,-11198.947692537668,4477.1709249115565,3736.9961510184075,0.0,0.0,0.0,0.0,0.0,0.0,0.0
refrigeration,test_utility_1,none,single_family,9,275000.0,82500.09987322497,165002.2002533119,27497.699873463134,6394.458333745034,140993.96020594696,9591.687500617547,8022.094213002345,5615.581243825777,61422.011112266075,8423.371865738665,7039.135651394465,2168.1824786774873,19359.988600278528,3252.2737180162308,2717.2550764908888,132.76195838063904,-498.22638732175255,199.14293757095766,166.32149137015585,2551.5077519196175,-9574.717137342232,3827.2616278794253,3195.947757543188,0.0,0.0,0.0,0.0,0.0,0.0,0.0
refrigeration,test_utility_1,none,single_family,10,275000.0,82500.09995770194,165002.2000845564,27497.699957741657,5328.60762700275,144989.73755868725,7992.911440504121,6690.943458362262,4734.398172717528,64725.42669862743,7101.59725907629,5938.677827280705,1834.2008522575604,20612.025568635658,2751.3012783863405,2300.1722584620975,112.31162487651545,-421.5617752191756,168.46743731477363,140.78271302788926,2168.1824786774873,-8137.711273184606,3252.2737180162308,2717.2550764908888,0.0,0.0,0.0,0.0,0.0,0.0,0.0
refrigeration,test_utility_1,none,single_family,11,275000.0,82500.09998589403,165002.2000282053,27497.69998590065,4440.416648382815,148319.48483441072,6660.624972574218,5581.673572837557,3981.0805532819745,67549.50700003513,5971.62082992296,4997.8916026539655,1546.382606942766,21691.010525661102,2319.573910414148,1940.7329428826342,94.68796345435021,-355.49346518149105,142.03194518152577,118.77355654561416,1834.2008522575604,-6885.674389106,2751.3012783863405,2300.1722584620975,0.0,0.0,0.0,0.0,0.0,0.0,0.0
refrigeration,test_utility_1,none,single_family,12,275000.0,82500.0999952969,165002.20000940506,27497.699995298008,3700.2724522852263,151094.21820249505,5550.408678427835,4657.300676196969,3340.9070786516245,69949.43370647401,5011.360617977436,4198.39859219383,1300.3286795584206,22613.431602275785,1950.4930193376308,1633.446694126172,79.62161106563963,-299.01185971718223,119.43241659845899,99.95783205307907,1546.382606942766,-5806.689460239548,2319.573910414148,1940.7329428826342,0.0,0.0,0.0,0.0,0.0,0.0,0.0
refrigeration,test_utility_1,none,single_family,13,275000.0,82500.0999984321,165002.20000313557,27497.699998432297,3083.498082579142,153406.44930581396,4625.24712386871,3887.005490873765,2799.3249254199545,71979.75934657737,4198.987388129931,3522.0283383048413,1091.2306927648367,23397.312632489753,1636.8460391472547,1372.310634030453,66.81814157303234,-251.0133257764537,100.2272123595485,83.96797184387651,1300.3286795584206,-4884.268393022223,1950.4930193376308,1633.446694126172,0.0,0.0,0.0,0.0,0.0,0.0,0.0
refrigeration,test_utility_1,none,single_family,14,275000.0,82500.09999947733,165002.2000010453,27497.699999477365,2569.529824593669,155333.26963515428,3854.2947368905016,3245.105804406851,2342.713973266808,73691.5414500287,3514.070959900211,2951.7736162816063,914.3353004815605,24060.471949016624,1371.5029507223403,1151.3897992568393,55.98649850839911,-210.40681303710153,83.97974776259889,70.44056676609671,1091.2306927648367,-4100.387365942544,1636.8460391472547,1372.310634030453,0.0,0.0,0.0,0.0,0.0,0.0,0.0
refrigeration,test_utility_1,none,single_family,15,275000.0,82500.09999982578,165002.20000034844,27497.699999825774,2141.2315956278567,156938.92080583848,3211.847393441783,2710.2002054403474,1958.7489558126033,75130.98431783533,2938.123433718904,2472.2432924589357,765.1938027050982,24619.586323244883,1147.7907040576472,965.1291698181476,46.854279465336276,-176.1711709889787,70.28141919800419,59.03547232563233,914.3353004815605,-3437.2280504607406,1371.5029507223403,1151.3897992568393,0.0,0.0,0.0,0.0,0.0,0.0,0.0
refrigeration,test_utility_1,none,single_family,16,275000.00000000006,82500.09999994193,165002.2000001162,27497.69999994193,1784.3236152513005,158276.93641718276,2676.4854228769495,2264.4545448051604,1636.521792651871,76338.9800436305,2454.7826889778053,2069.8154746817568,639.7804337816142,25089.747330678172,959.670650672421,808.5015848097212,39.17497911625196,-147.38231363981322,58.76246867437794,49.44486584917877,765.1938027050982,-2878.1136765808915,1147.7907040576472,965.1291698181476,0.0,0.0,0.0,0.0,0.0,0.0,0.0
refrigeration,test_utility_1,none,single_family,17,275000.00000000006,82500.09999998065,165002.20000003875,27497.699999980643,1486.9063068396893,159391.92690117343,2230.3594602595326,1893.007331766096,1366.5262919500303,77351.16562188431,2049.789437925045,1732.618648221261,534.5323193607096,25484.31143608006,801.7984790410641,677.0577654988081,32.730435853037534,-123.22239912622899,49.09565377955596,41.396309493635044,639.7804337816142,-2407.952669263759,959.670650672421,808.5015848097212,0.0,0.0,0.0,0.0,0.0,0.0,0.0
refrigeration,test_utility_1,none,single_family,18,275000.00000000006,82500.09999999356,165002.20000001293,27497.699999993554,1239.0635568695686,160321.06686693436,1858.595335304352,1583.4742409046466,1140.5688100057203,78198.25771986261,1710.8532150085796,1450.420255116647,446.34447984942017,25814.91864656589,669.5167197741303,566.9201538041121,27.33052583900053,-102.97868756193202,40.995788758500794,34.65237296442524,534.5323193607096,-2013.388563900582,801.7984790410641,677.0577654988081,0.0,0.0,0.0,0.0,0.0,0.0,0.0
refrigeration,test_utility_1,none,single_family,19,275000.00000000006,82500.09999999785,165002.20000000435,27497.699999997854,1032.5321043431372,161095.33452961687,1548.798156514705,1325.5352095296394,951.6437637439526,78906.51926720129,1427.465645615928,1214.4713234366814,372.54064940675954,26091.601857188387,558.810974110139,474.74651929256555,22.81137620011441,-86.036845602619,34.217064300171614,29.008405102332972,446.34447984942017,-1682.7813534276647,669.5167197741303,566.9201538041121,0.0,0.0,0.0,0.0,0.0,0.0,0.0
refrigeration,test_utility_1,none,multifamily_li,0,8400.0,2520.0,5040.0,840.0,1008.0,1260.0,1512.0,1260.0,504.0,630.0,756.0,630.0,168.0,210.0,252.0,210.0,0.0,0.0,0.0,0.0,0.0,0.0,0.0,0.0,0.0,0.0,0.0,0.0,0.0,0.0,0.0
refrigeration,test_utility_1,none,multifamily_li,1,8400.0,2520.0,5040.0,839.9999999999999,840.0,1890.0,1260.0,1050.0,497.28,655.1999999999999,745.92,621.5999999999999,164.64,222.59999999999997,246.95999999999998,205.79999999999998,10.079999999999984,-37.799999999999955,15.120000000000005,12.600000000000023,168.0,-630.0,252.0,210.0,0.0,0.0,0.0,0.0,0.0,0.0,0.0
refrigeration,test_utility_1,none,multifamily_li,2,8400.0,2520.0,5040.0,839.9999999999999,700.0,2415.0,1050.0,875.0,464.8896,776.664,697.3344,581.1119999999999,162.4448,230.832,243.66719999999998,203.05599999999995,9.945600000000013,-37.29600000000005,14.91840000000002,12.432000000000016,164.64,-617.3999999999999,246.95999999999998,205.79999999999998,0.0,0.0,0.0,0.0,0.0,0.0,0.0
refrigeration,test_utility_1,none,multifamily_li,3,8400.0,2519.9999999999995,5040.000000000001,839.9999999999998,583.3333333333334,2852.5,875.0,729.1666666666667,420.39453866666656,943.5204799999999,630.5918079999999,525.4931733333332,151.86393599999997,270.51023999999995,227.79590399999998,189.82991999999993,9.297792000000015,-34.86671999999999,13.946687999999995,11.622240000000033,162.4448,-609.1679999999999,243.66719999999998,203.05599999999995,0.0,0.0,0.0,0.0,0.0,0.0,0.0
refrigeration,test_utility_1,none,multifamily_li,4,8400.0,2519.9999999999995,5040.0,839.9999999999998,486.11111111111114,3217.083333333333,729.1666666666667,607.638888888889,371.87998748444437,1125.4500469333332,557.8199812266665,464.8499843555555,137.32888263111107,325.01669013333327,205.9933239466666,171.66110328888885,8.40789077333335,-31.52959039999996,12.611836160000053,10.509863466666616,151.86393599999997,-569.4897599999998,227.79590399999998,189.82991999999993,0.0,0.0,0.0,0.0,0.0,0.0,0.0
refrigeration,test_utility_1,none,multifamily_li,5,8400.0,2519.9999999999995,5040.0,839.9999999999998,405.0925925925926,3520.9027777777774,607.638888888889,506.3657407407409,323.9801103416888,1305.0745862186664,485.9701655125332,404.97513792711106,121.48079591158515,384.44701533155546,182.2211938673777,151.85099488948146,7.4375997496889,-27.890999061333332,11.156399624533378,9.29699968711111,137.32888263111107,-514.9833098666666,205.9933239466666,171.66110328888885,0.0,0.0,0.0,0.0,0.0,0.0,0.0
refrigeration,test_utility_1,none,multifamily_li,6,8400.0,2519.9999999999995,5040.0,839.9999999999998,337.5771604938272,3774.085648148148,506.3657407407409,421.97145061728406,279.18243752200215,1473.0658592924915,418.77365628300316,348.9780469025027,105.83350271161835,443.124364831431,158.7502540674275,132.29187838952294,6.479602206833761,-24.298508275626773,9.719403310250641,8.0995027585422,121.48079591158515,-455.5529846684443,182.2211938673777,151.85099488948146,0.0,0.0,0.0,0.0,0.0,0.0,0.0
refrigeration,test_utility_1,none,multifamily_li,7,8400.0,2519.999999999999,5040.0,839.9999999999999,281.31430041152265,3985.07137345679,421.97145061728406,351.6428755144034,238.66205259667925,1625.0173027624523,357.99307889501887,298.3275657458491,91.19959625718737,498.0015140355472,136.79939438578103,113.9994953214842,5.583648750440034,-20.93868281415007,8.37547312566005,6.979560938050042,105.83350271161835,-396.87563516856875,158.7502540674275,132.29187838952294,0.0,0.0,0.0,0.0,0.0,0.0,0.0
refrigeration,test_utility_1,none,multifamily_li,8,8400.0,2519.9999999999995,5040.0,839.9999999999998,234.4285836762689,4160.892811213991,351.6428755144034,293.0357295953362,202.81159109841752,1759.4565333809337,304.2173866476263,253.51448887302197,77.96293718158188,547.6389855690677,116.94440577237283,97.45367147697738,4.7732410519335815,-17.89965394475098,7.159861577900358,5.966551314916956,91.19959625718737,-341.9984859644527,136.79939438578103,113.9994953214842,0.0,0.0,0.0,0.0,0.0,0.0,0.0
refrigeration,test_utility_1,none,multifamily_li,9,8400.0,2519.9999999999995,5040.0,839.9999999999997,195.3571530635574,4307.410676011659,293.0357295953362,244.19644132944683,171.5750034636776,1876.5937370112083,257.3625051955164,214.46875432959706,66.25178642548306,591.5558009044382,99.37767963822458,82.81473303185385,4.056231821968339,-15.210869332381208,6.084347732952551,5.070289777460431,77.96293718158188,-292.3610144309321,116.94440577237283,97.45367147697738,0.0,0.0,0.0,0.0,0.0,0.0,0.0
refrigeration,test_utility_1,none,multifamily_li,10,8400.0,2519.9999999999995,5040.0,839.9999999999997,162.7976275529645,4429.508896676382,244.19644132944683,203.4970344412057,144.6551944401956,1977.5430208492658,216.9827916602934,180.81899305024453,56.047834464801355,629.8206207569947,84.07175169720202,70.0597930810017,3.4315000692735396,-12.868125259775752,5.147250103910324,4.289375086591946,66.25178642548306,-248.44419909556143,99.37767963822458,82.81473303185385,0.0,0.0,0.0,0.0,0.0,0.0,0.0
refrigeration,test_utility_1,none,multifamily_li,11,8399.999999999998,2519.9999999999995,5039.999999999999,839.9999999999997,135.66468962747044,4531.257413896985,203.4970344412057,169.58086203433808,121.64099829308853,2063.8462564009174,182.4614974396328,152.0512478663607,47.25403018379723,662.7973868107601,70.88104527569584,59.06753772974654,2.893103888803921,-10.849139583014676,4.339655833205882,3.6163798610049014,56.047834464801355,-210.17937924300497,84.07175169720202,70.0597930810017,0.0,0.0,0.0,0.0,0.0,0.0,0.0
refrigeration,test_utility_1,none,multifamily_li,12,8399.999999999996,2519.9999999999995,5039.999999999998,839.9999999999997,113.05390802289203,4616.047844914154,169.58086203433808,141.31738502861506,102.08290048939624,2137.1891231647633,153.12435073409438,127.60362561174534,39.736059442408916,690.9897770909663,59.60408916361338,49.67007430301116,2.4328199658617677,-9.123074871981771,3.6492299487926516,3.0410249573272097,47.25403018379723,-177.20261318923951,70.88104527569584,59.06753772974654,0.0,0.0,0.0,0.0,0.0,0.0,0.0
refrigeration,test_utility_1,none,multifamily_li,13,8399.999999999996,2519.999999999999,5039.999999999998,839.9999999999998,94.2115900190767,4686.706537428461,141.31738502861506,117.76448752384589,85.53647965688754,2199.238201286671,128.30471948533133,106.92059957110946,33.3470808265361,714.9484469004893,50.02062123980416,41.68385103317014,2.0416580097879233,-7.656217536704844,3.062487014681892,2.5520725122349006,39.736059442408916,-149.01022290903336,59.60408916361338,49.67007430301116,0.0,0.0,0.0,0.0,0.0,0.0,0.0
refrigeration,test_utility_1,none,multifamily_li,14,8399.999999999996,2519.999999999999,5039.999999999998,839.9999999999998,78.50965834923058,4745.588781190384,117.76448752384589,98.13707293653825,71.5857650456793,2251.553381078702,107.37864756851899,89.48220630709915,27.941916687916592,735.2178124203125,41.912875031874904,34.92739585989575,1.7107295931377564,-6.415235974266579,2.5660943897066204,2.1384119914221884,33.3470808265361,-125.05155309951044,50.02062123980416,41.68385103317014,0.0,0.0,0.0,0.0,0.0,0.0,0.0
refrigeration,test_utility_1,none,multifamily_li,15,8399.999999999998,2519.9999999999995,5039.999999999999,839.9999999999998,65.42471529102548,4794.6573176586535,98.13707293653825,81.78089411378187,59.85430955471557,2295.546339169816,89.78146433207337,74.81788694339448,23.384683248255236,752.3074378190427,35.077024872382864,29.230854060319054,1.4317153009135808,-5.368932378426052,2.1475729513703783,1.7896441261419795,27.941916687916592,-104.78218757968727,41.912875031874904,34.92739585989575,0.0,0.0,0.0,0.0,0.0,0.0,0.0
refrigeration,test_utility_1,none,multifamily_li,16,8400.0,2519.999999999999,5040.0,839.9999999999998,54.52059607585457,4835.547764715545,81.78089411378187,68.15074509481823,50.00893479091842,2332.466494534055,75.01340218637763,62.51116848864804,19.55240778787375,766.6784707954731,29.32861168181063,24.4405097348422,1.1970861910943142,-4.489073216603629,1.7956292866414714,1.4963577388678857,23.384683248255236,-87.69256218095711,35.077024872382864,29.230854060319054,0.0,0.0,0.0,0.0,0.0,0.0,0.0
refrigeration,test_utility_1,none,multifamily_li,17,8400.0,2519.9999999999995,5040.0,839.9999999999998,45.43383006321214,4869.623137262954,68.15074509481823,56.792287579015195,41.759270076042455,2363.4027372148403,62.63890511406369,52.199087595053086,16.336252031700013,778.7390548811246,24.504378047550023,20.420315039625024,1.00017869581837,-3.7506701093188894,1.5002680437275586,1.2502233697729608,19.55240778787375,-73.32152920452666,29.32861168181063,24.4405097348422,0.0,0.0,0.0,0.0,0.0,0.0,0.0
refrigeration,test_utility_1,none,multifamily_li,18,8399.999999999998,2519.9999999999995,5039.999999999999,839.9999999999998,37.86152505267679,4898.019281052461,56.792287579015195,47.326906315845996,34.8550281268831,2389.2936445241876,52.28254219032465,43.56878515860388,13.64136155817387,788.8448941568478,20.462042337260804,17.05170194771734,0.835185401520846,-3.131945255703158,1.252778102281276,1.0439817519010646,16.336252031700013,-61.260945118875156,24.504378047550023,20.420315039625024,0.0,0.0,0.0,0.0,0.0,0.0,0.0
refrigeration,test_utility_1,none,multifamily_li,19,8400.0,2520.0,5039.999999999999,839.9999999999998,31.55127087723066,4921.682734210384,47.326906315845996,39.43908859653833,29.082205885009756,2410.941727931213,43.623308827514634,36.3527573562622,11.385975854781812,797.3025905445679,17.078963782172718,14.232469818477266,0.6971005625376634,-2.6141271095161756,1.0456508438064915,0.8713757031720775,13.64136155817387,-51.155105843152,20.462042337260804,17.05170194771734,0.0,0.0,0.0,0.0,0.0,0.0,0.0
refrigeration,test_utility_1,none,single_family_li,0,19000.0,5700.0,11400.0,1900.0,2280.0,2850.0,3420.0,2850.0,1140.0,1425.0,1710.0,1425.0,380.0,475.0,570.0,475.0,0.0,0.0,0.0,0.0,0.0,0.0,0.0,0.0,0.0,0.0,0.0,0.0,0.0,0.0,0.0
refrigeration,test_utility_1,none,single_family_li,1,19000.0,5699.666666666667,11402.666666666668,1897.6666666666665,1899.4444444444443,4273.75,2849.1666666666665,2380.3055555555557,1124.1422222222222,1481.1333333333334,1686.2133333333331,1408.1777777777777,371.74666666666667,502.6166666666667,557.6199999999999,465.68333333333334,22.799999999999955,-85.5,34.200000000000045,28.5,380.0,-1425.0,570.0,475.0,0.0,0.0,0.0,0.0,0.0,0.0,0.0
refrigeration,test_utility_1,none,single_family_li,2,19000.0,5699.888888888888,11402.555555555557,1897.5555555555552,1582.4075382656608,5457.528749061882,2373.611307398491,1989.0079608295223,1050.3990553495134,1754.9341622548827,1575.59858302427,1318.9570882602222,366.57550966506597,520.9191137103534,549.8632644975988,460.19766768253714,22.48284444444448,-84.3706666666667,33.72426666666661,28.163555555555604,371.74666666666667,-1395.0499999999997,557.6199999999999,465.68333333333334,0.0,0.0,0.0,0.0,0.0,0.0,0.0
refrigeration,test_utility_1,none,single_family_li,3,19000.0,5700.018518518518,11402.351851851852,1897.6296296296293,1318.2873610210463,6443.611479721386,1977.4310415315695,1663.0219695778508,949.4397873534404,2130.8968387115606,1424.1596810301603,1195.522211423356,342.52836326169694,610.2053142480639,513.7925448925453,431.1034072273232,21.0079811069902,-78.89909453268001,31.511971660485415,26.379141765204395,366.57550966506597,-1376.6364418452017,549.8632644975988,460.19766768253714,0.0,0.0,0.0,0.0,0.0,0.0,0.0
refrigeration,test_utility_1,none,single_family_li,4,19000.0,5700.07098765432,11402.256172839507,1897.672839506172,1098.2515691666797,7265.180842977867,1647.3773537500194,1391.446406944941,839.5240191122922,2540.6349128842166,1259.286028668438,1060.6260269893728,309.60620891632936,732.805212337989,464.409313374494,390.85210487735986,18.98879574706882,-71.38243359613898,28.483193620603288,23.910444228467213,342.52836326169694,-1287.4243153815655,513.7925448925453,431.1034072273232,0.0,0.0,0.0,0.0,0.0,0.0,0.0
refrigeration,test_utility_1,none,single_family_li,5,19000.0,5700.09002057613,11402.219650205761,1897.6903292181064,914.9420253203172,7949.664974141504,1372.4130379804756,1165.1996127634645,731.103189906096,2945.0227815151925,1096.6547848591438,927.3092642956983,273.763388177527,866.4185265435977,410.6450822662904,346.8633322306913,16.790480382245846,-63.188721495402206,25.185720573368826,21.21252053978742,309.60620891632936,-1164.867627168183,464.409313374494,390.85210487735986,0.0,0.0,0.0,0.0,0.0,0.0,0.0
refrigeration,test_utility_1,none,single_family_li,6,18999.999999999996,5700.096622085047,11402.206704389573,1897.696673525377,762.2287396815275,8519.91910737303,1143.3431095222911,976.7157478127235,629.7759439102061,3323.0825996990975,944.6639158653091,802.5741626104347,238.40805384251743,998.2869445866203,357.61208076377613,303.38959433246305,14.622063798121872,-55.10134478121881,21.933095697182807,18.54618528591402,273.763388177527,-1031.2718026745088,410.6450822662904,346.8633322306913,0.0,0.0,0.0,0.0,0.0,0.0,0.0
refrigeration,test_utility_1,none,single_family_li,7,18999.999999999996,5700.09886545496,11402.202260516688,1897.698874028349,635.0048805844723,8994.998270073724,952.5073208767085,819.6917889817834,538.1768563938241,3664.9241161185296,807.265284590736,689.7326083518705,205.3658902368463,1121.5698689700687,308.04883535526943,262.7142794661647,12.595518878204075,-47.54028044771894,18.893278317306226,16.05148325220864,238.40805384251743,-899.4097289387568,357.61208076377613,303.38959433246305,0.0,0.0,0.0,0.0,0.0,0.0,0.0
refrigeration,test_utility_1,none,single_family_li,8,18999.999999999993,5700.099620389421,11402.200757792254,1897.6996218183197,529.0159992117711,9390.784007075887,793.5239988176569,688.8767526869398,457.17553605072897,3967.2635674498756,685.7633040760933,589.8972128127231,175.49601626318878,1233.0422075971978,263.2440243947831,225.91737356315002,10.763537127876475,-40.7034949867284,16.14530569181477,13.794652167037384,205.3658902368463,-776.1290050582804,308.04883535526943,262.7142794661647,0.0,0.0,0.0,0.0,0.0,0.0,0.0
refrigeration,test_utility_1,none,single_family_li,9,18999.999999999996,5700.09987322499,11402.200253311867,1897.6998734631404,440.7177582018249,9720.509759061892,661.0766373027375,579.8960987454112,386.631134912579,4230.602231043257,579.9467023688683,502.9198049002854,149.08200598996692,1331.6331661419974,223.62300898495027,193.36169234622574,9.143510721014593,-34.656721058790936,13.715266081521918,11.797944256254482,175.49601626318878,-664.6574142211218,263.2440243947831,225.91737356315002,0.0,0.0,0.0,0.0,0.0,0.0,0.0
refrigeration,test_utility_1,none,single_family_li,10,19000.0,5700.099957701971,11402.200084556363,1897.6999577416634,367.1574067381804,9995.201124758803,550.7361101072706,489.10544295210866,325.8613086709259,4457.471713582525,488.79196300638864,427.9749724421315,126.07792987646265,1417.5062147791177,189.1168948146939,164.9989182713891,7.732622698251589,-29.389952843635,11.598934047377384,10.058396098005687,149.08200598996692,-566.066707321143,223.62300898495027,193.36169234622574,0.0,0.0,0.0,0.0,0.0,0.0,0.0
refrigeration,test_utility_1,none,single_family_li,11,18999.999999999993,5700.09998589404,11402.200028205298,1897.6999859006569,305.8750386472458,10224.043745078463,458.81255797086874,413.46868650872074,273.9286823662739,4651.36156067091,410.89302354941066,363.9167193074458,106.26127984862075,1491.4868965199787,159.39191977293106,140.55988975912643,6.517226173418521,-24.852564882388833,9.775839260127782,8.559499448842644,126.07792987646265,-480.1937429625457,189.1168948146939,164.9989182713891,0.0,0.0,0.0,0.0,0.0,0.0,0.0
refrigeration,test_utility_1,none,single_family_li,12,18999.999999999996,5700.099995296909,11402.200009405075,1897.699995298013,254.82133153349727,10414.690193668956,382.23199730024595,350.45648690237465,229.81145118219996,4816.080322074551,344.71717677329985,309.49104526685846,89.32638395905597,1554.7131305605842,133.98957593858393,119.67090483978912,5.478573647325504,-20.97476850446219,8.217860470988228,7.278334386148913,106.26127984862075,-406.2130893806782,159.39191977293106,140.55988975912643,0.0,0.0,0.0,0.0,0.0,0.0,0.0
refrigeration,test_utility_1,none,single_family_li,13,18999.999999999996,5700.099998432119,11402.200003135575,1897.699998432303,212.28901610170263,10573.515787839273,318.433524152554,297.96167504204584,192.50107233123987,4955.3894789376545,288.7516084968598,263.45783866636384,74.94003822170026,1608.4268607830604,112.41005733255037,101.92304209499189,4.596229023643986,-17.68039346444675,6.894343535466021,6.1898209053371716,89.32638395905597,-342.98686473742873,133.98957593858393,119.67090483978912,0.0,0.0,0.0,0.0,0.0,0.0,0.0
refrigeration,test_utility_1,none,single_family_li,14,19000.0,5700.099999477342,11402.200001045285,1897.6999994773726,176.8557839574053,10705.831751002886,265.283675936108,254.22879014888431,161.0546379986222,5072.807026973435,241.58195699793328,224.65637750735053,62.77336331163952,1653.854682118383,94.16004496745926,86.91190907989083,3.850021446624794,-14.89421038988894,5.775032169937219,5.269156773327268,74.94003822170026,-289.27313764924247,112.41005733255037,101.92304209499189,0.0,0.0,0.0,0.0,0.0,0.0,0.0
refrigeration,test_utility_1,none,single_family_li,15,19000.0,5700.099999825775,11402.200000348443,1897.6999998257804,147.336724685762,10816.062812632188,221.0050870286431,217.79537600184958,134.61956252156554,5171.514732377333,201.92934378234827,192.0363611445279,52.51888304663054,1692.1437904033128,78.7783245699458,74.25900180589123,3.2210927599724357,-12.545859450077842,4.831639139958668,4.4931275501470225,62.77336331163952,-243.84531735898963,94.16004496745926,86.91190907989083,0.0,0.0,0.0,0.0,0.0,0.0,0.0
refrigeration,test_utility_1,none,single_family_li,16,18999.999999999996,5700.099999941923,11402.200000116149,1897.699999941925,122.74470167374439,10907.895170484819,184.11705251061665,187.443075446969,112.44177939695656,5254.3271572140075,168.66266909543486,164.66839423552432,43.89857471797808,1724.3317391686019,65.8478620769671,63.621823978377634,2.6923912504313137,-10.571705348968862,4.038586875646956,3.840727222890564,52.51888304663054,-205.55620942246765,78.7783245699458,74.25900180589123,0.0,0.0,0.0,0.0,0.0,0.0,0.0
refrigeration,test_utility_1,none,single_family_li,17,18999.999999999996,5700.099999980638,11402.200000038718,1897.6999999806408,102.25734161737083,10984.399758256557,153.38601242605628,162.1568877387342,93.86449336023857,5323.696080479518,140.79674004035786,141.74268610052465,36.66654208216691,1751.3363390297834,54.99981312325037,54.6973057454401,2.2488355879391264,-8.915456854558215,3.373253381908711,3.2933678847104773,43.89857471797808,-173.36826077332307,65.8478620769671,63.621823978377634,0.0,0.0,0.0,0.0,0.0,0.0,0.0
refrigeration,test_utility_1,none,single_family_li,18,19000.0,5700.099999993546,11402.200000012906,1897.699999993546,85.18953382155132,11048.13493920648,127.784300732327,141.0912262525486,78.32186702206772,5381.733917443292,117.48280053310157,122.56141499508435,30.608608421823508,1773.9570993715542,45.912912632735264,47.221379567433246,1.877289867204766,-7.528078390022529,2.815934800807156,2.834853722010479,36.66654208216691,-146.36366095085737,54.99981312325037,54.6973057454401,0.0,0.0,0.0,0.0,0.0,0.0,0.0
refrigeration,test_utility_1,none,single_family_li,19,19000.0,5700.099999997848,11402.200000004304,1897.6999999978486,70.97051965118187,11101.232059360373,106.45577947677282,123.54164151597541,65.33031777968733,5430.246116936422,97.99547666953097,106.52808861220767,25.540257798484316,1792.882865246247,38.310386697726464,40.96649025539069,1.5664373404413539,-6.367321651005113,2.349656010662031,2.451228299901686,30.608608421823508,-123.7429006219918,45.912912632735264,47.221379567433246,0.0,0.0,0.0,0.0,0.0,0.0,0.0
refrigeration,test_utility_1,test_utility_2,multifamily,0,60000.0,18000.0,36000.0,6000.0,7200.0,9000.0,10800.0,9000.0,3600.0,4500.0,5400.0,4500.0,1200.0,1500.0,1800.0,1500.0,0.0,0.0,0.0,0.0,0.0,0.0,0.0,0.0,0.0,0.0,0.0,0.0,0.0,0.0,0.0
refrigeration,test_utility_1,test_utility_2,multifamily,1,60000.0,18000.0,36000.0,6000.0,6000.0,13500.0,9000.0,7500.0,3552.0,4680.0,5328.0,4440.0,1176.0,1590.0,1764.0,1470.0,72.0,-270.0,108.0,90.0,1200.0,-4500.0,1800.0,1500.0,0.0,0.0,0.0,0.0,0.0,0.0,0.0
refrigeration,test_utility_1,test_utility_2,multifamily,2,60000.0,18000.0,36000.0,5999.999999999999,5000.0,17250.0,7500.0,6250.0,3320.64,5547.599999999999,4980.959999999999,4150.799999999999,1160.32,1648.7999999999997,1740.4799999999998,1450.3999999999999,71.03999999999996,-266.39999999999964,106.5600000000004,88.80000000000018,1176.0,-4410.0,1764.0,1470.0,0.0,0.0,0.0,0.0,0.0,0.0,0.0
refrigeration,test_utility_1,test_utility_2,multifamily,3,60000.0,17999.999999999996,36000.0,5999.999999999999,4166.666666666667,20375.0,6250.0,5208.333333333334,3002.818133333333,6739.431999999999,4504.227199999999,3753.522666666666,1084.7423999999999,1932.2159999999997,1627.1135999999997,1355.9279999999997,66.41280000000006,-249.04799999999977,99.61920000000009,83.01600000000008,1160.32,-4351.199999999999,1740.4799999999998,1450.3999999999999,0.0,0.0,0.0,0.0,0.0,0.0,0.0
refrigeration,test_utility_1,test_utility_2,multifamily,4,60000.0,17999.999999999996,36000.00000000001,5999.999999999998,3472.2222222222226,22979.166666666668,5208.333333333334,4340.277777777778,2656.285624888889,8038.928906666665,3984.4284373333326,3320.3570311111107,980.9205902222221,2321.547786666666,1471.380885333333,1226.1507377777775,60.0563626666667,-225.21136000000024,90.08454400000028,75.07045333333326,1084.7423999999999,-4067.7839999999997,1627.1135999999997,1355.9279999999997,0.0,0.0,0.0,0.0,0.0,0.0,0.0
refrigeration,test_utility_1,test_utility_2,multifamily,5,59999.99999999999,17999.999999999996,36000.0,5999.999999999998,2893.518518518519,25149.305555555555,4340.277777777778,3616.8981481481487,2314.1436452977778,9321.961330133332,3471.215467946666,2892.6795566222218,867.7199707970369,2746.0501095111103,1301.5799561955553,1084.649963496296,53.12571249777784,-199.22142186666588,79.68856874666653,66.40714062222241,980.9205902222221,-3678.452213333332,1471.380885333333,1226.1507377777775,0.0,0.0,0.0,0.0,0.0,0.0,0.0
refrigeration,test_utility_1,test_utility_2,multifamily,6,60000.0,17999.999999999996,36000.0,5999.999999999999,2411.2654320987663,26957.754629629628,3616.8981481481487,3014.0817901234573,1994.1602680143012,10521.898994946368,2991.2404020214512,2492.7003350178766,755.953590797274,3165.1740345102216,1133.9303861959108,944.9419884965924,46.28287290595563,-173.56077339733383,69.42430935893344,57.85359113244431,867.7199707970369,-3253.949890488888,1301.5799561955553,1084.649963496296,0.0,0.0,0.0,0.0,0.0,0.0,0.0
refrigeration,test_utility_1,test_utility_2,multifamily,7,60000.0,17999.999999999996,36000.0,5999.999999999999,2009.3878600823052,28464.79552469136,3014.0817901234573,2511.734825102881,1704.7289471191377,11607.266448303231,2557.093420678706,2130.9111838989224,651.4256875513383,3557.1536716824803,977.1385313270073,814.282109439173,39.883205360285956,-149.56202010107336,59.82480804042916,49.85400670035733,755.953590797274,-2834.8259654897774,1133.9303861959108,944.9419884965924,0.0,0.0,0.0,0.0,0.0,0.0,0.0
refrigeration,test_utility_1,test_utility_2,multifamily,8,60000.0,18000.0,36000.0,5999.999999999999,1674.4898834019211,29720.6629372428,2511.734825102881,2093.112354252401,1448.654222131554,12567.54666700667,2172.9813331973305,1810.817777664443,556.878122725585,3911.707039779056,835.3171840883772,696.0976534069814,34.09457894238267,-127.85467103393603,51.14186841357423,42.61822367797822,651.4256875513383,-2442.846328317519,977.1385313270073,814.282109439173,0.0,0.0,0.0,0.0,0.0,0.0,0.0
refrigeration,test_utility_1,test_utility_2,multifamily,9,59999.99999999999,17999.999999999996,36000.0,5999.999999999998,1395.4082361682676,30767.219114369,2093.112354252401,1744.2602952103343,1225.5357390262689,13404.24097865149,1838.3036085394028,1531.919673782836,473.22704589630763,4225.3985778888455,709.8405688444614,591.5338073703847,28.973084442631034,-108.64906665986746,43.45962666394644,36.21635555328885,556.878122725585,-2088.2929602209433,835.3171840883772,696.0976534069814,0.0,0.0,0.0,0.0,0.0,0.0,0.0
refrigeration,test_utility_1,test_utility_2,multifamily,10,60000.0,18000.0,36000.0,5999.999999999998,1162.8401968068897,31639.349261974166,1744.2602952103343,1453.550246008612,1033.2513888585402,14125.307291780473,1549.87708328781,1291.5642360731752,400.3416747485811,4498.71871969282,600.5125121228716,500.4270934357264,24.510714780525404,-91.91518042696953,36.76607217078799,30.638393475656812,473.22704589630763,-1774.6014221111527,709.8405688444614,591.5338073703847,0.0,0.0,0.0,0.0,0.0,0.0,0.0
refrigeration,test_utility_1,test_utility_2,multifamily,11,60000.0,17999.999999999996,36000.00000000001,5999.999999999999,969.0334973390748,32366.124384978473,1453.550246008612,1211.2918716738434,868.8642735220611,14741.758974292268,1303.2964102830915,1086.0803419025763,337.5287870271231,4734.2670486482875,506.29318054068455,421.9109837839038,20.66502777717085,-77.49385416439145,30.997541665756216,25.83128472146359,400.3416747485811,-1501.2812803071783,600.5125121228716,500.4270934357264,0.0,0.0,0.0,0.0,0.0,0.0,0.0
refrigeration,test_utility_1,test_utility_2,multifamily,12,59999.99999999999,17999.999999999996,36000.0,5999.999999999998,807.527914449229,32971.77032081539,1211.2918716738434,1009.4098930615362,729.1635749242589,15265.636594034026,1093.7453623863885,911.4544686553237,283.8289960172066,4935.641264935473,425.7434940258099,354.78624502150825,17.37728547044128,-65.16482051415369,26.06592820566175,21.721606838051457,337.5287870271231,-1265.7329513517116,506.29318054068455,421.9109837839038,0.0,0.0,0.0,0.0,0.0,0.0,0.0
refrigeration,test_utility_1,test_utility_2,multifamily,13,59999.99999999999,18000.0,35999.99999999999,5999.999999999998,672.9399287076909,33476.475267346155,1009.4098930615362,841.1749108846135,610.9748546920539,15708.844294904795,916.462282038081,763.7185683650674,238.1934344752579,5106.7746207177815,357.2901517128869,297.74179309407236,14.583271498485146,-54.687268119319924,21.874907247727833,18.22908937310649,283.8289960172066,-1064.3587350645248,425.7434940258099,354.78624502150825,0.0,0.0,0.0,0.0,0.0,0.0,0.0
refrigeration,test_utility_1,test_utility_2,multifamily,14,59999.999999999985,17999.999999999996,35999.99999999999,5999.999999999999,560.7832739230757,33897.06272278846,841.1749108846135,700.9790924038446,511.32689318342375,16082.524150562158,766.9903397751356,639.1586164792797,199.5851191994043,5251.555803002233,299.37767879910643,249.48139899925536,12.219497093841028,-45.82311410190414,18.329245640761656,15.274371367301342,238.1934344752579,-893.2253792822166,357.2901517128869,297.74179309407236,0.0,0.0,0.0,0.0,0.0,0.0,0.0
refrigeration,test_utility_1,test_utility_2,multifamily,15,59999.999999999985,17999.999999999996,35999.99999999999,5999.999999999999,467.31939493589647,34247.55226899038,700.9790924038446,584.1492436698705,427.5307825336828,16396.759565498687,641.2961738005241,534.4134781671034,167.03345177325176,5373.624555850305,250.55017765987762,208.7918147165647,10.226537863668455,-38.34951698875739,15.339806795502682,12.783172329585568,199.5851191994043,-748.4441969977661,299.37767879910643,249.48139899925536,0.0,0.0,0.0,0.0,0.0,0.0,0.0
refrigeration,test_utility_1,test_utility_2,multifamily,16,59999.999999999985,17999.999999999996,35999.99999999999,5999.999999999999,389.43282911324707,34539.62689082532,584.1492436698705,486.7910363915588,357.2066770779888,16660.474960957537,535.8100156169832,446.508346347486,139.6600556276697,5476.274791396238,209.4900834415045,174.57506953458713,8.550615650673649,-32.06480869002553,12.82592347601053,10.688269563342033,167.03345177325176,-626.375444149694,250.55017765987762,208.7918147165647,0.0,0.0,0.0,0.0,0.0,0.0,0.0
refrigeration,test_utility_1,test_utility_2,multifamily,17,59999.999999999985,17999.999999999996,35999.99999999999,5999.999999999997,324.5273575943726,34783.0224090211,486.7910363915588,405.6591969929657,298.2805005431605,16881.448122963142,447.4207508147407,372.8506256789506,116.687514512143,5562.421820579461,175.03127176821448,145.85939314017875,7.144133541559768,-26.79050078084765,10.716200312339652,8.93016692694971,139.6600556276697,-523.7252086037615,209.4900834415045,174.57506953458713,0.0,0.0,0.0,0.0,0.0,0.0,0.0
refrigeration,test_utility_1,test_utility_2,multifamily,18,59999.999999999985,17999.99999999999,36000.0,5999.999999999997,270.4394646619772,34985.852007517584,405.6591969929657,338.0493308274714,248.9644866205936,17066.383175172767,373.44672993089034,311.205608275742,97.43829684409909,5634.6063868346255,146.1574452661486,121.79787105512386,5.965610010863202,-22.371037540735415,8.948415016294803,7.457012513579002,116.687514512143,-437.5781794205359,175.03127176821448,145.85939314017875,0.0,0.0,0.0,0.0,0.0,0.0,0.0
refrigeration,test_utility_1,test_utility_2,multifamily,19,59999.999999999985,17999.999999999993,36000.0,5999.999999999996,225.36622055164767,35154.87667293132,338.0493308274714,281.7077756895595,207.73004203578398,17221.012342365804,311.595063053676,259.66255254473,81.32839896272723,5695.01850388977,121.99259844409085,101.66049870340905,4.979289732411871,-18.67233649654372,7.468934598617807,6.224112165514839,97.43829684409909,-365.3936131653718,146.1574452661486,121.79787105512386,0.0,0.0,0.0,0.0,0.0,0.0,0.0
refrigeration,test_utility_1,test_utility_2,single_family,0,100000.0,30000.0,60000.0,10000.0,12000.0,15000.0,18000.0,15000.0,6000.0,7500.0,9000.0,7500.0,2000.0,2500.0,3000.0,2500.0,0.0,0.0,0.0,0.0,0.0,0.0,0.0,0.0,0.0,0.0,0.0,0.0,0.0,0.0,0.0
refrigeration,test_utility_1,test_utility_2,single_family,1,100000.0,29999.666666666668,60002.666666666664,9997.666666666668,9999.444444444445,22498.75,14999.166666666666,12505.305555555555,5919.3422222222225,7799.133333333333,8879.013333333334,7402.177777777778,1959.3466666666666,2649.116666666667,2939.02,2450.1833333333334,120.0,-450.0,180.0,150.0,2000.0,-7500.0,3000.0,2500.0,0.0,0.0,0.0,0.0,0.0,0.0,0.0
refrigeration,test_utility_1,test_utility_2,single_family,2,100000.00000000001,29999.888888888887,60002.55555555557,9997.555555555557,8332.407432270282,28745.027962320306,12498.611148405418,10426.509012559558,5533.262788518385,9244.1937608314,8299.894182777576,6922.538156761527,1933.007234833309,2746.798751600944,2899.5108522499636,2418.2387168713394,118.38684444444425,-444.010666666667,177.58026666666592,148.04355555555594,1959.3466666666666,-7348.550000000001,2939.02,2450.1833333333334,0.0,0.0,0.0,0.0,0.0,0.0,0.0
refrigeration,test_utility_1,test_utility_2,single_family,3,100000.0,30000.01851851852,60002.35185185186,9997.62962962963,6943.287098597832,33949.859306174316,10414.930647896743,8694.274799182973,5003.243622665055,11229.128631012502,7504.865433997581,6262.78083084338,1806.929997847504,3218.695960748768,2710.394996771255,2261.6086742621023,110.66525577036737,-415.1139025611501,165.99788365555196,138.45076313523077,1933.007234833309,-7250.756803954613,2899.5108522499636,2418.2387168713394,0.0,0.0,0.0,0.0,0.0,0.0,0.0
refrigeration,test_utility_1,test_utility_2,single_family,4,100000.00000000001,30000.07098765432,60002.25617283952,9997.672839506173,5785.751131488848,38287.05186027428,8678.626697233267,7250.826483843125,4425.508578718598,13393.185893132166,6638.262868077896,5543.1136477256605,1633.8481194346334,3866.8927496691554,2450.77217915195,2046.1597912504335,100.06487245330118,-375.41779775012037,150.0973086799513,125.25561661686788,1806.929997847504,-6778.933668880862,2710.394996771255,2261.6086742621023,0.0,0.0,0.0,0.0,0.0,0.0,0.0
refrigeration,test_utility_1,test_utility_2,single_family,5,100000.00000000003,30000.090020576135,60002.21965020578,9997.690329218107,4821.19141539639,41901.221397424466,7231.787123094581,6048.019714290341,3855.1957300423296,15529.665354297751,5782.793595063493,4832.43534117256,1445.1842481431058,4573.582832661149,2167.7763722146587,1811.1468761991925,88.51017157437218,-332.13770189044226,132.76525736155781,110.86227295451317,1633.8481194346334,-6130.780089837017,2450.77217915195,2046.1597912504335,0.0,0.0,0.0,0.0,0.0,0.0,0.0
refrigeration,test_utility_1,test_utility_2,single_family,6,100000.00000000003,30000.096622085053,60002.2067043896,9997.696673525377,4017.4363078129586,44912.87950934113,6026.154461719434,5045.736425516072,3321.890644841932,17527.63842744145,4982.835967262897,4167.731582538773,1258.9441517606488,5271.266946276695,1888.4162276409727,1579.06934784706,77.10391460084657,-289.4084933255672,115.65587190127007,96.648706823451,1445.1842481431058,-5424.107496556958,2167.7763722146587,1811.1468761991925,0.0,0.0,0.0,0.0,0.0,0.0,0.0
refrigeration,test_utility_1,test_utility_2,single_family,7,100000.00000000001,30000.098865454966,60002.2022605167,9997.698874028349,3347.6775959828624,47422.461516679505,5021.5163939742915,4210.546753880045,2839.5590688551656,19334.723135438544,4259.338603282747,3566.4780578785085,1084.7892281653617,5923.720638185195,1627.1838422480419,1362.0051654297515,66.43781289683875,-249.4491638928739,99.65671934525835,83.35463165077545,1258.9441517606488,-4726.429727248682,1888.4162276409727,1579.06934784706,0.0,0.0,0.0,0.0,0.0,0.0,0.0
refrigeration,test_utility_1,test_utility_2,single_family,8,100000.00000000003,30000.099620389432,60002.20075779227,9997.699621818321,2789.576343708339,49513.6658711885,4184.364515562507,3514.594027332924,2412.8567365344697,20933.437857041026,3619.2851048017033,3034.519922012229,927.2801004130368,6513.8382204319105,1390.920150619555,1165.6611503538188,56.791181377103385,-213.30751460032843,85.18677206565462,71.32956115756997,1084.7892281653617,-4073.978235843154,1627.1838422480419,1362.0051654297515,0.0,0.0,0.0,0.0,0.0,0.0,0.0
refrigeration,test_utility_1,test_utility_2,single_family,9,100000.00000000001,30000.099873224994,60002.20025331188,9997.699873463143,2324.517805033394,51256.240098568946,3486.776707550089,2934.6656421594535,2041.102314081872,22326.310765705774,3061.653471122807,2571.0333223145444,787.9371348512876,7035.910952882981,1181.9057022769312,991.9460834519425,48.25713473068936,-181.33323526696768,72.38570209603404,60.690398440244735,927.2801004130368,-3483.8614013864108,1390.920150619555,1165.6611503538188,0.0,0.0,0.0,0.0,0.0,0.0,0.0
refrigeration,test_utility_1,test_utility_2,single_family,10,100000.00000000001,30000.09995770198,60002.200084556374,9997.699957741665,1936.9905534592413,52708.30486431537,2905.4858301888603,2451.4188365929067,1720.7485999326693,23526.616727085624,2581.122899899003,2171.6117307846807,666.5378366435588,7490.76443687311,999.8067549653379,840.5909292596584,40.82204628163754,-153.47578215038448,61.23306942245608,51.42066644629085,787.9371348512876,-2961.788920580162,1181.9057022769312,991.9460834519425,0.0,0.0,0.0,0.0,0.0,0.0,0.0
refrigeration,test_utility_1,test_utility_2,single_family,11,100000.00000000001,30000.099985894045,60002.20002820531,9997.69998590066,1614.0691183633423,53918.29169429834,2421.1036775450125,2048.7355379986175,1446.8933960573706,24552.713395510586,2170.3400940860547,1830.153100240034,561.9238395325366,7882.73368528024,842.8857592988045,710.1567017890776,34.4149719986533,-129.4696646123266,51.62245799798029,43.43223461569369,666.5378366435588,-2506.9355208685547,999.8067549653379,840.5909292596584,0.0,0.0,0.0,0.0,0.0,0.0,0.0
refrigeration,test_utility_1,test_utility_2,single_family,12,100000.00000000003,30000.09999529691,60002.200009405096,9997.699995298013,1344.9828726327817,54926.558062429496,2017.4743089491717,1713.1847653936438,1214.1802831885407,25424.664131474045,1821.2704247828099,1539.9851558515152,472.4942926229299,8217.81353366901,708.7414389343944,598.6507300716779,28.937867921147472,-108.94773180766788,43.406801881721094,36.60306200480068,561.9238395325366,-2114.966300620419,842.8857592988045,710.1567017890776,0.0,0.0,0.0,0.0,0.0,0.0,0.0
refrigeration,test_utility_1,test_utility_2,single_family,13,100000.00000000001,30000.09999843212,60002.20000313559,9997.699998432301,1120.756792317428,55766.73336590705,1681.1351884761418,1433.574656434973,1017.315217836658,26162.30103953771,1525.9728267549865,1294.5109143027644,396.500015540323,8502.55582871693,594.7500233104842,503.89413086456494,24.283605663770913,-91.5087172764579,36.42540849565626,30.799703117030276,472.4942926229299,-1779.886461629003,708.7414389343944,598.6507300716779,0.0,0.0,0.0,0.0,0.0,0.0,0.0
refrigeration,test_utility_1,test_utility_2,single_family,14,100000.00000000003,30000.099999477345,60002.200001045305,9997.699999477374,933.9121063057567,56466.840557965035,1400.8681594586349,1200.5791773158792,851.3441381014466,26784.183931981515,1277.016207152169,1087.5557222422144,332.21219720549567,8743.436898509994,498.3182958082433,423.7326079536407,20.346304356733185,-76.75597917788764,30.519456535099835,25.890218286055187,396.500015540323,-1495.1441697153714,594.7500233104842,503.89413086456494,0.0,0.0,0.0,0.0,0.0,0.0,0.0
refrigeration,test_utility_1,test_utility_2,single_family,15,100000.00000000003,30000.099999825783,60002.20000034846,9997.699999825782,778.2168515802547,57050.23080643622,1167.325277370382,1006.4270649616021,711.7844264729093,27307.107178868322,1067.6766397093636,913.5317547751866,278.0130501715497,8946.517594137245,417.0195752573243,356.1497802596627,17.02688276202889,-64.31832134991782,25.540324143043335,21.751114444844234,332.21219720549567,-1254.2631009673805,498.3182958082433,423.7326079536407,0.0,0.0,0.0,0.0,0.0,0.0,0.0
refrigeration,test_utility_1,test_utility_2,single_family,16,100000.00000000003,30000.09999994193,60002.200000116165,9997.699999941928,648.4780141453778,57536.362338159386,972.7170212180667,844.6426265933358,594.6692198134473,27745.93331174457,892.0038297201706,767.4936386637378,232.43874082417338,9117.282247781099,348.65811123625997,299.3209001003953,14.23568852945823,-53.859856419148855,21.35353279418723,18.270635095503735,278.0130501715497,-1051.1824056885362,417.0195752573243,356.1497802596627,0.0,0.0,0.0,0.0,0.0,0.0,0.0
refrigeration,test_utility_1,test_utility_2,single_family,17,100000.00000000003,30000.099999980648,60002.20000003873,9997.699999980643,540.3683227573564,57941.44944178034,810.5524841360348,709.8297513649981,496.5417160001625,28113.614116473513,744.8125740002436,645.131593506728,194.19385915096626,9260.584334724046,291.29078872644925,251.6310173791816,11.89338439626897,-45.08333376394876,17.8400765944034,15.349872773274797,232.43874082417338,-880.417752160829,348.65811123625997,299.3209001003953,0.0,0.0,0.0,0.0,0.0,0.0,0.0
refrigeration,test_utility_1,test_utility_2,single_family,18,100000.00000000001,30000.099999993552,60002.20000001291,9997.699999993549,450.28191838457224,58279.00327399141,675.4228775768585,597.4919300600768,414.4225901735659,28421.312567478424,621.6338852603487,542.7309570812156,162.1495595312031,9380.65336138159,243.22433929680463,211.6727397839518,9.930834320003271,-37.729717670143145,14.896251480004821,12.902631870134542,194.19385915096626,-737.1156652565969,291.29078872644925,251.6310173791816,0.0,0.0,0.0,0.0,0.0,0.0,0.0
refrigeration,test_utility_1,test_utility_2,single_family,19,100000.00000000001,30000.09999999785,60002.20000000432,9997.69999999785,375.2140854398934,58560.28250656643,562.8211281598401,503.8822798381541,345.7646566348492,28678.57260695805,518.6469849522738,457.11575145267886,135.33292025840993,9481.134683879187,202.99938038761488,178.2330154726388,8.288451803471332,-31.575748650302558,12.43267770520697,10.854619141624312,162.1495595312031,-617.0466386119588,243.22433929680463,211.6727397839518,0.0,0.0,0.0,0.0,0.0,0.0,0.0
refrigeration,test_utility_1,test_utility_2,multifamily_li,0,12000.0,3600.0,7200.0,1200.0,1440.0,1800.0,2160.0,1800.0,720.0,900.0,1080.0,900.0,240.0,300.0,360.0,300.0,0.0,0.0,0.0,0.0,0.0,0.0,0.0,0.0,0.0,0.0,0.0,0.0,0.0,0.0,0.0
refrigeration,test_utility_1,test_utility_2,multifamily_li,1,12000.0,3600.0,7200.0,1200.0,1200.0,2700.0,1800.0,1500.0,710.4,936.0,1065.6,888.0,235.2,318.0,352.8,294.0,14.399999999999977,-54.0,21.59999999999991,18.0,240.0,-900.0,360.0,300.0,0.0,0.0,0.0,0.0,0.0,0.0,0.0
refrigeration,test_utility_1,test_utility_2,multifamily_li,2,12000.0,3600.0,7200.0,1200.0,1000.0,3450.0,1500.0,1250.0,664.1279999999999,1109.52,996.192,830.16,232.064,329.76,348.096,290.08,14.20799999999997,-53.27999999999997,21.311999999999898,17.75999999999999,235.2,-882.0,352.8,294.0,0.0,0.0,0.0,0.0,0.0,0.0,0.0
refrigeration,test_utility_1,test_utility_2,multifamily_li,3,12000.0,3600.0,7200.0,1200.0,833.3333333333334,4075.0,1250.0,1041.6666666666667,600.5636266666666,1347.8863999999999,900.8454399999999,750.7045333333333,216.94847999999996,386.4432,325.42271999999997,271.18559999999997,13.28255999999999,-49.809600000000046,19.92384000000004,16.603200000000015,232.064,-870.24,348.096,290.08,0.0,0.0,0.0,0.0,0.0,0.0,0.0
refrigeration,test_utility_1,test_utility_2,multifamily_li,4,12000.0,3599.999999999999,7200.000000000001,1199.9999999999998,694.4444444444445,4595.833333333334,1041.6666666666667,868.0555555555557,531.2571249777777,1607.785781333333,796.8856874666665,664.0714062222222,196.1841180444444,464.30955733333326,294.2761770666666,245.23014755555553,12.01127253333334,-45.04227199999991,18.01690880000001,15.014090666666675,216.94847999999996,-813.5568000000001,325.42271999999997,271.18559999999997,0.0,0.0,0.0,0.0,0.0,0.0,0.0
refrigeration,test_utility_1,test_utility_2,multifamily_li,5,11999.999999999998,3599.999999999999,7200.0,1199.9999999999995,578.7037037037037,5029.861111111111,868.0555555555557,723.3796296296298,462.8287290595555,1864.3922660266662,694.2430935893332,578.5359113244444,173.5439941594074,549.210021902222,260.31599123911104,216.92999269925923,10.625142499555523,-39.84428437333327,15.937713749333284,13.28142812444446,196.1841180444444,-735.6904426666665,294.2761770666666,245.23014755555553,0.0,0.0,0.0,0.0,0.0,0.0,0.0
refrigeration,test_utility_1,test_utility_2,multifamily_li,6,11999.999999999998,3599.999999999999,7200.0,1199.9999999999995,482.2530864197531,5391.550925925925,723.3796296296298,602.8163580246916,398.8320536028601,2104.3797989892737,598.2480804042902,498.5400670035753,151.19071815945478,633.0348069020442,226.78607723918213,188.9883976993185,9.256574581191103,-34.71215467946672,13.884861871786711,11.570718226488907,173.5439941594074,-650.7899780977775,260.31599123911104,216.92999269925923,0.0,0.0,0.0,0.0,0.0,0.0,0.0
refrigeration,test_utility_1,test_utility_2,multifamily_li,7,12000.0,3599.9999999999995,7200.0,1199.9999999999998,401.87757201646093,5692.959104938271,602.8163580246916,502.3469650205763,340.9457894238275,2321.453289660646,511.4186841357412,426.18223677978443,130.28513751026765,711.430734336496,195.42770626540147,162.85642188783459,7.976641072057191,-29.91240402021458,11.964961608085787,9.970801340071489,151.19071815945478,-566.9651930979553,226.78607723918213,188.9883976993185,0.0,0.0,0.0,0.0,0.0,0.0,0.0
refrigeration,test_utility_1,test_utility_2,multifamily_li,8,12000.0,3599.999999999999,7200.0,1199.9999999999998,334.89797668038415,5944.132587448559,502.3469650205763,418.6224708504803,289.7308444263108,2513.5093334013336,434.59626663946614,362.1635555328885,111.37562454511698,782.3414079558111,167.06343681767544,139.21953068139624,6.818915788476545,-25.570934206787115,10.228373682714846,8.523644735595667,130.28513751026765,-488.56926566350376,195.42770626540147,162.85642188783459,0.0,0.0,0.0,0.0,0.0,0.0,0.0
refrigeration,test_utility_1,test_utility_2,multifamily_li,9,12000.0,3599.999999999999,7200.000000000001,1199.9999999999995,279.0816472336535,6153.4438228738,418.6224708504803,348.8520590420669,245.10714780525373,2680.8481957302974,367.6607217078806,306.3839347565672,94.64540917926152,845.0797155777689,141.96811376889227,118.30676147407691,5.794616888526207,-21.72981333197322,8.69192533278931,7.2432711106577585,111.37562454511698,-417.6585920441887,167.06343681767544,139.21953068139624,0.0,0.0,0.0,0.0,0.0,0.0,0.0
refrigeration,test_utility_1,test_utility_2,multifamily_li,10,11999.999999999998,3599.999999999999,7200.0,1199.9999999999995,232.5680393613779,6327.869852394833,348.8520590420669,290.7100492017224,206.650277771708,2825.061458356094,309.97541665756205,258.31284721463504,80.06833494971622,899.7437439385637,120.10250242457433,100.08541868714528,4.902142956105081,-18.383036085393996,7.353214434157621,6.127678695131351,94.64540917926152,-354.9202844222307,141.96811376889227,118.30676147407691,0.0,0.0,0.0,0.0,0.0,0.0,0.0
refrigeration,test_utility_1,test_utility_2,multifamily_li,11,12000.0,3599.9999999999995,7200.000000000001,1199.9999999999998,193.80669946781492,6473.224876995695,290.7100492017224,242.2583743347687,173.77285470441223,2948.3517948584536,260.65928205661834,217.21606838051528,67.50575740542462,946.8534097296574,101.25863610813693,84.38219675678077,4.133005555434153,-15.498770832878108,6.199508333151243,5.166256944292712,80.06833494971622,-300.2562560614358,120.10250242457433,100.08541868714528,0.0,0.0,0.0,0.0,0.0,0.0,0.0
refrigeration,test_utility_1,test_utility_2,multifamily_li,12,12000.000000000002,3600.0,7200.000000000002,1199.9999999999998,161.50558288984578,6594.35406416308,242.2583743347687,201.88197861230725,145.8327149848518,3053.1273188068053,218.7490724772777,182.29089373106473,56.76579920344132,987.1282529870948,85.14869880516198,70.95724900430164,3.475457094088256,-13.032964102831102,5.213185641132355,4.34432136761032,67.50575740542462,-253.14659027034236,101.25863610813693,84.38219675678077,0.0,0.0,0.0,0.0,0.0,0.0,0.0
refrigeration,test_utility_1,test_utility_2,multifamily_li,13,12000.000000000004,3600.0,7200.000000000003,1199.9999999999998,134.58798574153815,6695.295053469234,201.88197861230725,168.23498217692273,122.19497093841082,3141.7688589809595,183.2924564076162,152.74371367301347,47.63868689505159,1021.3549241435563,71.45803034257739,59.548358618814476,2.9166542996970293,-10.937453623863803,4.374981449545544,3.6458178746212866,56.76579920344132,-212.87174701290496,85.14869880516198,70.95724900430164,0.0,0.0,0.0,0.0,0.0,0.0,0.0
refrigeration,test_utility_1,test_utility_2,multifamily_li,14,12000.000000000002,3600.0000000000005,7200.000000000002,1200.0,112.15665478461513,6779.412544557695,168.23498217692273,140.19581848076893,102.26537863668476,3216.5048301124325,153.3980679550271,127.83172329585594,39.91702383988087,1050.3111606004468,59.87553575982129,49.89627979985107,2.4438994187682113,-9.164622820380828,3.665849128152331,3.054874273460257,47.63868689505159,-178.64507585644344,71.45803034257739,59.548358618814476,0.0,0.0,0.0,0.0,0.0,0.0,0.0
refrigeration,test_utility_1,test_utility_2,multifamily_li,15,12000.000000000002,3600.0000000000005,7200.000000000002,1200.0,93.46387898717927,6849.510453798079,140.19581848076893,116.82984873397412,85.50615650673656,3279.3519130997383,128.25923476010482,106.8826956334207,33.40669035465035,1074.7249111700612,50.11003553197552,41.75836294331294,2.045307572733691,-7.669903397751568,3.0679613591005364,2.5566344659171136,39.91702383988087,-149.68883939955322,59.87553575982129,49.89627979985107,0.0,0.0,0.0,0.0,0.0,0.0,0.0
refrigeration,test_utility_1,test_utility_2,multifamily_li,16,12000.000000000004,3600.0000000000005,7200.000000000002,1200.0000000000002,77.8865658226494,6907.925378165066,116.82984873397412,97.35820727831177,71.44133541559776,3332.094992191509,107.16200312339663,89.3016692694972,27.93201112553394,1095.2549582792478,41.898016688300906,34.91501390691742,1.7101231301347326,-6.412961738005379,2.565184695202092,2.137653912668412,33.40669035465035,-125.2750888299388,50.11003553197552,41.75836294331294,0.0,0.0,0.0,0.0,0.0,0.0,0.0
refrigeration,test_utility_1,test_utility_2,multifamily_li,17,12000.000000000002,3599.9999999999995,7200.000000000002,1200.0,64.9054715188745,6956.604481804222,97.35820727831177,81.13183939859314,59.6561001086321,3376.2896245926295,89.48415016294814,74.57012513579012,23.3375029024286,1112.4843641158927,35.006254353642895,29.17187862803575,1.4288267083119592,-5.358100156169712,2.143240062467939,1.786033385389942,27.93201112553394,-104.7450417207524,41.898016688300906,34.91501390691742,0.0,0.0,0.0,0.0,0.0,0.0,0.0
refrigeration,test_utility_1,test_utility_2,multifamily_li,18,12000.0,3600.0,7200.000000000001,1199.9999999999998,54.08789293239543,6997.170401503518,81.13183939859314,67.6098661654943,49.79289732411873,3413.2766350345546,74.68934598617808,62.2411216551484,19.48765936881982,1126.9212773669256,29.231489053229726,24.35957421102477,1.1931220021726432,-4.474207508147629,1.7896830032589577,1.4914025027158004,23.3375029024286,-87.51563588410727,35.006254353642895,29.17187862803575,0.0,0.0,0.0,0.0,0.0,0.0,0.0
refrigeration,test_utility_1,test_utility_2,multifamily_li,19,12000.0,3600.0,7200.000000000001,1199.9999999999998,45.073244110329526,7030.9753345862655,67.6098661654943,56.34155513791192,41.546008407156805,3444.202468473162,62.3190126107352,51.932510508945995,16.26567979254545,1139.0037007779545,24.398519688818173,20.33209974068181,0.9958579464823742,-3.734467299309017,1.4937869197235614,1.2448224331029678,19.48765936881982,-73.07872263307422,29.231489053229726,24.35957421102477,0.0,0.0,0.0,0.0,0.0,0.0,0.0
refrigeration,test_utility_1,test_utility_2,single_family_li,0,20000.0,6000.0,12000.0,2000.0,2400.0,3000.0,3600.0,3000.0,1200.0,1500.0,1800.0,1500.0,400.0,500.0,600.0,500.0,0.0,0.0,0.0,0.0,0.0,0.0,0.0,0.0,0.0,0.0,0.0,0.0,0.0,0.0,0.0
refrigeration,test_utility_1,test_utility_2,single_family_li,1,20000.0,5999.666666666667,12002.666666666668,1997.6666666666667,1999.4444444444443,4498.75,2999.1666666666665,2505.3055555555557,1183.3422222222223,1559.1333333333334,1775.0133333333333,1482.1777777777777,391.3466666666667,529.1166666666667,587.02,490.18333333333334,24.0,-90.0,36.0,30.0,400.0,-1500.0,600.0,500.0,0.0,0.0,0.0,0.0,0.0,0.0,0.0
refrigeration,test_utility_1,test_utility_2,single_family_li,2,20000.0,5999.888888888889,12002.555555555557,1997.5555555555552,1665.7408650560208,5745.028700497227,2498.611297584031,2093.174692418277,1105.7430388789442,1847.3941374763897,1658.614558318416,1388.1371542151387,385.91415936605534,548.3990913569272,578.8712390490829,484.37106578348994,23.66684444444445,-88.81066666666675,35.500266666666676,29.643555555555622,391.3466666666667,-1468.5500000000002,587.02,490.18333333333334,0.0,0.0,0.0,0.0,0.0,0.0,0.0
refrigeration,test_utility_1,test_utility_2,single_family_li,3,20000.0,6000.018518518518,12002.351851851854,1997.6296296296296,1387.7317892674723,6783.194678891874,2081.5976839012083,1749.8276997912974,999.4867164536385,2243.2206184973725,1499.2300746804574,1258.0811088870496,360.6073658973099,642.408855400363,540.9110488459646,453.7023594859919,22.11486077757877,-83.04989502824992,33.17229116636827,27.762743084302883,385.91415936605534,-1449.1564641986279,578.8712390490829,484.37106578348994,0.0,0.0,0.0,0.0,0.0,0.0,0.0
refrigeration,test_utility_1,test_utility_2,single_family_li,4,19999.999999999996,6000.07098765432,12002.256172839505,1997.6728395061727,1156.1219125233174,7648.1667082698605,1734.1828687849759,1463.7846832613525,883.795382386306,2674.6168734941216,1325.693073579459,1115.9656581944334,325.9548307309691,771.4975535986549,488.9322460964535,411.28820908009504,19.989734329072803,-75.13595800042276,29.984601493609034,25.161622177741037,360.6073658973099,-1355.2207742292667,540.9110488459646,453.7023594859919,0.0,0.0,0.0,0.0,0.0,0.0,0.0
refrigeration,test_utility_1,test_utility_2,single_family_li,5,20000.0,6000.090020576131,12002.219650205761,1997.6903292181064,963.1672963200666,8368.819691690875,1444.7509444800996,1225.4817177147197,769.6721654490832,3100.38848140274,1154.5082481736247,975.5211255506827,288.22531978643684,912.185822189584,432.3379796796553,364.94120756243035,17.67590764772615,-66.50908228320395,26.51386147158928,22.319313163888637,325.9548307309691,-1226.1752859075177,488.9322460964535,411.28820908009504,0.0,0.0,0.0,0.0,0.0,0.0,0.0
refrigeration,test_utility_1,test_utility_2,single_family_li,6,20000.0,6000.096622085047,12002.206704389575,1997.6966735253768,802.4164496611387,8969.21450267179,1203.624674491708,1026.9510775649373,663.0118459077329,3498.447100735957,994.5177688615992,844.1199065797576,251.00720326584363,1051.039540102998,376.5108048987654,319.1391252577697,15.39344330898166,-57.99403078346768,23.09016496347249,19.510422511013644,288.22531978643684,-1085.5045070285223,432.3379796796553,364.94120756243035,0.0,0.0,0.0,0.0,0.0,0.0,0.0
refrigeration,test_utility_1,test_utility_2,single_family_li,7,20000.0,6000.09886545496,12002.20226051669,1997.6988740283489,668.4946229803954,9469.410867785344,1002.7419344705933,861.5548352803562,566.5888903913784,3858.37789765815,849.8833355870673,725.2487418183646,216.22290235998966,1180.8553509718172,324.3343535399844,276.2862671565576,13.260236918154646,-50.032990426981996,19.890355377232027,16.882398131595096,251.00720326584363,-946.6571334223788,376.5108048987654,319.1391252577697,0.0,0.0,0.0,0.0,0.0,0.0,0.0
refrigeration,test_utility_1,test_utility_2,single_family_li,8,19999.999999999996,6000.09962038942,12002.200757792258,1997.6996218183197,556.9241023496846,9886.127580917537,835.386153524527,723.7629210005092,481.3196497576741,4176.721832738983,721.9794746365111,620.0786632562525,184.7772331037152,1298.2368012071665,277.16584965557274,237.5197378518654,11.33177780782762,-42.83441935593601,16.997666711741317,14.504974836367296,216.22290235998966,-816.8435230565317,324.3343535399844,276.2862671565576,0.0,0.0,0.0,0.0,0.0,0.0,0.0
refrigeration,test_utility_1,test_utility_2,single_family_li,9,20000.0,6000.09987322499,12002.200253311868,1997.6998734631402,463.9744959975163,10233.29579004292,695.9617439962744,608.9682232751577,407.0566029828747,4454.0052118607755,610.5849044743121,528.4531539070277,156.96903812907266,1402.055840921557,235.453557193609,203.2214372189014,9.62639299515348,-36.46755575300904,14.439589492730192,12.40157326512508,184.7772331037152,-699.4628206111531,277.16584965557274,237.5197378518654,0.0,0.0,0.0,0.0,0.0,0.0,0.0
refrigeration,test_utility_1,test_utility_2,single_family_li,10,20000.0,6000.099957701971,12002.200084556365,1997.699957741663,386.5380076514298,10522.522516379511,579.8070114771447,513.332549048279,343.0820366471536,4692.89227859929,514.6230549707304,449.5025874847967,132.75020762392168,1492.4841170002928,199.1253114358825,173.3403216815661,8.14113205965748,-30.921893227284272,12.211698089486276,10.569063078140516,156.96903812907266,-595.6440325415831,235.453557193609,203.2214372189014,0.0,0.0,0.0,0.0,0.0,0.0,0.0
refrigeration,test_utility_1,test_utility_2,single_family_li,11,20000.0,6000.099985894041,12002.200028205303,1997.6999859006569,322.025526505969,10763.477919333376,483.0382897589535,433.65829260700326,288.4096268330973,4897.056138514667,432.614440249646,382.0197802966312,111.88667930767879,1570.3905008292527,167.8300189615182,147.59278680220734,6.861640732943044,-26.14415358205406,10.292461099414595,8.990051749695908,132.75020762392168,-505.21584074137013,199.1253114358825,173.3403216815661,0.0,0.0,0.0,0.0,0.0,0.0,0.0
refrigeration,test_utility_1,test_utility_2,single_family_li,12,20000.0,6000.0999952969105,12002.200009405076,1997.6999952980136,268.2800595767438,10964.2183377253,402.42008936511564,367.2815227379166,241.9640544705594,5070.506020222689,362.9460817058391,324.68383889782314,94.0567910297291,1636.9728745745795,141.08518654459365,125.58514314911153,5.768192536661957,-22.06087694758753,8.652288804992907,7.640395605932611,111.88667930767879,-427.3094850714042,167.8300189615182,147.59278680220734,0.0,0.0,0.0,0.0,0.0,0.0,0.0
refrigeration,test_utility_1,test_utility_2,single_family_li,13,20000.0,6000.09999843212,12002.200003135578,1997.6999984323033,223.50461203316013,11131.455559615148,335.2569180497402,311.98291343753056,202.68386891677173,5217.201809060692,304.0258033751576,276.1885170794982,78.90985733729755,1693.5387370820417,118.36478600594633,106.88661800701762,4.839281089411202,-18.591879501484073,7.258921634116803,6.493676777956466,94.0567910297291,-360.72712072343415,141.08518654459365,125.58514314911153,0.0,0.0,0.0,0.0,0.0,0.0,0.0
refrigeration,test_utility_1,test_utility_2,single_family_li,14,20000.0,6000.099999477342,12002.200001045285,1997.6999994773728,186.20210417018026,11270.781200497482,279.3031562552704,265.91354012235166,169.57664156267586,5340.847203022796,254.3649623440138,235.31119254785617,66.09971557884414,1741.3794950819624,99.14957336826622,91.07121544830012,4.053677378335436,-15.657963787428343,6.08051606750314,5.523770341589966,78.90985733729755,-304.1612613502616,118.36478600594633,106.88661800701762,0.0,0.0,0.0,0.0,0.0,0.0,0.0
refrigeration,test_utility_1,test_utility_2,single_family_li,15,20000.0,6000.099999825775,12002.200000348443,1997.6999998257804,155.12531612662258,11386.853649717334,232.6879741899339,227.53306031455259,141.7449712301822,5444.792025524315,212.61745684527332,200.945546226004,55.302712722118414,1781.7030068578317,82.95406908317764,77.74021116265251,3.391532831253528,-13.185055929090595,5.087299246880264,4.706223850957116,66.09971557884414,-256.32050439541035,99.14957336826622,91.07121544830012,0.0,0.0,0.0,0.0,0.0,0.0,0.0
refrigeration,test_utility_1,test_utility_2,single_family_li,16,19999.999999999996,6000.099999941923,12002.200000116149,1997.699999941925,129.23518673769223,11483.55382141469,193.85278010653835,195.558211857228,118.39512701426801,5531.999579030983,177.59269052140203,172.11260337526977,46.226186292592665,1815.6017243061992,69.339279438889,66.53280990424392,2.834899424603634,-11.106159486029355,4.2523491369054796,4.018910924520071,55.302712722118414,-215.9969929679487,82.95406908317764,77.74021116265251,0.0,0.0,0.0,0.0,0.0,0.0,0.0
refrigeration,test_utility_1,test_utility_2,single_family_li,17,19999.999999999996,6000.09999998064,12002.200000038716,1997.6999999806408,107.66607223216354,11564.114912775709,161.49910834824533,168.91990668259882,98.835745472724,5605.051272040689,148.253618209086,147.959364258141,38.61128299648296,1844.042046242503,57.91692449472445,57.129746246930495,2.367902540285357,-9.362008418218466,3.5518538104280424,3.442252067505393,46.226186292592665,-182.0982756357257,69.339279438889,66.53280990424392,0.0,0.0,0.0,0.0,0.0,0.0,0.0
refrigeration,test_utility_1,test_utility_2,single_family_li,18,20000.0,6000.099999993546,12002.200000012906,1997.6999999935465,89.69680318897684,11631.230506489233,134.5452047834653,146.72748555122925,82.47119292905069,5666.171254735331,123.70678939357605,127.75076293558799,32.23253384538244,1867.8658273670665,48.34880076807367,49.252838013023776,1.9767149094544862,-7.900974558799135,2.965072364181708,2.9591872851628125,38.61128299648296,-153.65795373813785,57.91692449472445,57.129746246930495,0.0,0.0,0.0,0.0,0.0,0.0,0.0
refrigeration,test_utility_1,test_utility_2,single_family_li,19,19999.999999999996,6000.099999997848,12002.2000000043,1997.6999999978484,74.72657203444051,11687.144631308805,112.0898580516608,128.2389386093943,68.79241009190079,5717.2605124022875,103.18861513785119,110.85846236580839,26.895689455676823,1887.7984125003177,40.34353418351524,42.66236385833874,1.6494238585810166,-6.678574905164169,2.4741357878715178,2.5550152587117623,32.23253384538244,-129.83417262648004,48.34880076807367,49.252838013023776,0.0,0.0,0.0,0.0,0.0,0.0,0.0
refrigeration,none,test_utility_1,multifamily,0,0.0,0.0,0.0,0.0,0.0,0.0,0.0,0.0,0.0,0.0,0.0,0.0,0.0,0.0,0.0,0.0,0.0,0.0,0.0,0.0,0.0,0.0,0.0,0.0,0.0,0.0,0.0,0.0,0.0,0.0,0.0
refrigeration,none,test_utility_1,multifamily,1,0.0,0.0,0.0,0.0,0.0,0.0,0.0,0.0,0.0,0.0,0.0,0.0,0.0,0.0,0.0,0.0,0.0,0.0,0.0,0.0,0.0,0.0,0.0,0.0,0.0,0.0,0.0,0.0,0.0,0.0,0.0
refrigeration,none,test_utility_1,multifamily,2,0.0,0.0,0.0,0.0,0.0,0.0,0.0,0.0,0.0,0.0,0.0,0.0,0.0,0.0,0.0,0.0,0.0,0.0,0.0,0.0,0.0,0.0,0.0,0.0,0.0,0.0,0.0,0.0,0.0,0.0,0.0
refrigeration,none,test_utility_1,multifamily,3,0.0,0.0,0.0,0.0,0.0,0.0,0.0,0.0,0.0,0.0,0.0,0.0,0.0,0.0,0.0,0.0,0.0,0.0,0.0,0.0,0.0,0.0,0.0,0.0,0.0,0.0,0.0,0.0,0.0,0.0,0.0
refrigeration,none,test_utility_1,multifamily,4,0.0,0.0,0.0,0.0,0.0,0.0,0.0,0.0,0.0,0.0,0.0,0.0,0.0,0.0,0.0,0.0,0.0,0.0,0.0,0.0,0.0,0.0,0.0,0.0,0.0,0.0,0.0,0.0,0.0,0.0,0.0
refrigeration,none,test_utility_1,multifamily,5,0.0,0.0,0.0,0.0,0.0,0.0,0.0,0.0,0.0,0.0,0.0,0.0,0.0,0.0,0.0,0.0,0.0,0.0,0.0,0.0,0.0,0.0,0.0,0.0,0.0,0.0,0.0,0.0,0.0,0.0,0.0
refrigeration,none,test_utility_1,multifamily,6,0.0,0.0,0.0,0.0,0.0,0.0,0.0,0.0,0.0,0.0,0.0,0.0,0.0,0.0,0.0,0.0,0.0,0.0,0.0,0.0,0.0,0.0,0.0,0.0,0.0,0.0,0.0,0.0,0.0,0.0,0.0
refrigeration,none,test_utility_1,multifamily,7,0.0,0.0,0.0,0.0,0.0,0.0,0.0,0.0,0.0,0.0,0.0,0.0,0.0,0.0,0.0,0.0,0.0,0.0,0.0,0.0,0.0,0.0,0.0,0.0,0.0,0.0,0.0,0.0,0.0,0.0,0.0
refrigeration,none,test_utility_1,multifamily,8,0.0,0.0,0.0,0.0,0.0,0.0,0.0,0.0,0.0,0.0,0.0,0.0,0.0,0.0,0.0,0.0,0.0,0.0,0.0,0.0,0.0,0.0,0.0,0.0,0.0,0.0,0.0,0.0,0.0,0.0,0.0
refrigeration,none,test_utility_1,multifamily,9,0.0,0.0,0.0,0.0,0.0,0.0,0.0,0.0,0.0,0.0,0.0,0.0,0.0,0.0,0.0,0.0,0.0,0.0,0.0,0.0,0.0,0.0,0.0,0.0,0.0,0.0,0.0,0.0,0.0,0.0,0.0
refrigeration,none,test_utility_1,multifamily,10,0.0,0.0,0.0,0.0,0.0,0.0,0.0,0.0,0.0,0.0,0.0,0.0,0.0,0.0,0.0,0.0,0.0,0.0,0.0,0.0,0.0,0.0,0.0,0.0,0.0,0.0,0.0,0.0,0.0,0.0,0.0
refrigeration,none,test_utility_1,multifamily,11,0.0,0.0,0.0,0.0,0.0,0.0,0.0,0.0,0.0,0.0,0.0,0.0,0.0,0.0,0.0,0.0,0.0,0.0,0.0,0.0,0.0,0.0,0.0,0.0,0.0,0.0,0.0,0.0,0.0,0.0,0.0
refrigeration,none,test_utility_1,multifamily,12,0.0,0.0,0.0,0.0,0.0,0.0,0.0,0.0,0.0,0.0,0.0,0.0,0.0,0.0,0.0,0.0,0.0,0.0,0.0,0.0,0.0,0.0,0.0,0.0,0.0,0.0,0.0,0.0,0.0,0.0,0.0
refrigeration,none,test_utility_1,multifamily,13,0.0,0.0,0.0,0.0,0.0,0.0,0.0,0.0,0.0,0.0,0.0,0.0,0.0,0.0,0.0,0.0,0.0,0.0,0.0,0.0,0.0,0.0,0.0,0.0,0.0,0.0,0.0,0.0,0.0,0.0,0.0
refrigeration,none,test_utility_1,multifamily,14,0.0,0.0,0.0,0.0,0.0,0.0,0.0,0.0,0.0,0.0,0.0,0.0,0.0,0.0,0.0,0.0,0.0,0.0,0.0,0.0,0.0,0.0,0.0,0.0,0.0,0.0,0.0,0.0,0.0,0.0,0.0
refrigeration,none,test_utility_1,multifamily,15,0.0,0.0,0.0,0.0,0.0,0.0,0.0,0.0,0.0,0.0,0.0,0.0,0.0,0.0,0.0,0.0,0.0,0.0,0.0,0.0,0.0,0.0,0.0,0.0,0.0,0.0,0.0,0.0,0.0,0.0,0.0
refrigeration,none,test_utility_1,multifamily,16,0.0,0.0,0.0,0.0,0.0,0.0,0.0,0.0,0.0,0.0,0.0,0.0,0.0,0.0,0.0,0.0,0.0,0.0,0.0,0.0,0.0,0.0,0.0,0.0,0.0,0.0,0.0,0.0,0.0,0.0,0.0
refrigeration,none,test_utility_1,multifamily,17,0.0,0.0,0.0,0.0,0.0,0.0,0.0,0.0,0.0,0.0,0.0,0.0,0.0,0.0,0.0,0.0,0.0,0.0,0.0,0.0,0.0,0.0,0.0,0.0,0.0,0.0,0.0,0.0,0.0,0.0,0.0
refrigeration,none,test_utility_1,multifamily,18,0.0,0.0,0.0,0.0,0.0,0.0,0.0,0.0,0.0,0.0,0.0,0.0,0.0,0.0,0.0,0.0,0.0,0.0,0.0,0.0,0.0,0.0,0.0,0.0,0.0,0.0,0.0,0.0,0.0,0.0,0.0
refrigeration,none,test_utility_1,multifamily,19,0.0,0.0,0.0,0.0,0.0,0.0,0.0,0.0,0.0,0.0,0.0,0.0,0.0,0.0,0.0,0.0,0.0,0.0,0.0,0.0,0.0,0.0,0.0,0.0,0.0,0.0,0.0,0.0,0.0,0.0,0.0
refrigeration,none,test_utility_1,single_family,0,0.0,0.0,0.0,0.0,0.0,0.0,0.0,0.0,0.0,0.0,0.0,0.0,0.0,0.0,0.0,0.0,0.0,0.0,0.0,0.0,0.0,0.0,0.0,0.0,0.0,0.0,0.0,0.0,0.0,0.0,0.0
refrigeration,none,test_utility_1,single_family,1,0.0,0.0,0.0,0.0,0.0,0.0,0.0,0.0,0.0,0.0,0.0,0.0,0.0,0.0,0.0,0.0,0.0,0.0,0.0,0.0,0.0,0.0,0.0,0.0,0.0,0.0,0.0,0.0,0.0,0.0,0.0
refrigeration,none,test_utility_1,single_family,2,0.0,0.0,0.0,0.0,0.0,0.0,0.0,0.0,0.0,0.0,0.0,0.0,0.0,0.0,0.0,0.0,0.0,0.0,0.0,0.0,0.0,0.0,0.0,0.0,0.0,0.0,0.0,0.0,0.0,0.0,0.0
refrigeration,none,test_utility_1,single_family,3,0.0,0.0,0.0,0.0,0.0,0.0,0.0,0.0,0.0,0.0,0.0,0.0,0.0,0.0,0.0,0.0,0.0,0.0,0.0,0.0,0.0,0.0,0.0,0.0,0.0,0.0,0.0,0.0,0.0,0.0,0.0
refrigeration,none,test_utility_1,single_family,4,0.0,0.0,0.0,0.0,0.0,0.0,0.0,0.0,0.0,0.0,0.0,0.0,0.0,0.0,0.0,0.0,0.0,0.0,0.0,0.0,0.0,0.0,0.0,0.0,0.0,0.0,0.0,0.0,0.0,0.0,0.0
refrigeration,none,test_utility_1,single_family,5,0.0,0.0,0.0,0.0,0.0,0.0,0.0,0.0,0.0,0.0,0.0,0.0,0.0,0.0,0.0,0.0,0.0,0.0,0.0,0.0,0.0,0.0,0.0,0.0,0.0,0.0,0.0,0.0,0.0,0.0,0.0
refrigeration,none,test_utility_1,single_family,6,0.0,0.0,0.0,0.0,0.0,0.0,0.0,0.0,0.0,0.0,0.0,0.0,0.0,0.0,0.0,0.0,0.0,0.0,0.0,0.0,0.0,0.0,0.0,0.0,0.0,0.0,0.0,0.0,0.0,0.0,0.0
refrigeration,none,test_utility_1,single_family,7,0.0,0.0,0.0,0.0,0.0,0.0,0.0,0.0,0.0,0.0,0.0,0.0,0.0,0.0,0.0,0.0,0.0,0.0,0.0,0.0,0.0,0.0,0.0,0.0,0.0,0.0,0.0,0.0,0.0,0.0,0.0
refrigeration,none,test_utility_1,single_family,8,0.0,0.0,0.0,0.0,0.0,0.0,0.0,0.0,0.0,0.0,0.0,0.0,0.0,0.0,0.0,0.0,0.0,0.0,0.0,0.0,0.0,0.0,0.0,0.0,0.0,0.0,0.0,0.0,0.0,0.0,0.0
refrigeration,none,test_utility_1,single_family,9,0.0,0.0,0.0,0.0,0.0,0.0,0.0,0.0,0.0,0.0,0.0,0.0,0.0,0.0,0.0,0.0,0.0,0.0,0.0,0.0,0.0,0.0,0.0,0.0,0.0,0.0,0.0,0.0,0.0,0.0,0.0
refrigeration,none,test_utility_1,single_family,10,0.0,0.0,0.0,0.0,0.0,0.0,0.0,0.0,0.0,0.0,0.0,0.0,0.0,0.0,0.0,0.0,0.0,0.0,0.0,0.0,0.0,0.0,0.0,0.0,0.0,0.0,0.0,0.0,0.0,0.0,0.0
refrigeration,none,test_utility_1,single_family,11,0.0,0.0,0.0,0.0,0.0,0.0,0.0,0.0,0.0,0.0,0.0,0.0,0.0,0.0,0.0,0.0,0.0,0.0,0.0,0.0,0.0,0.0,0.0,0.0,0.0,0.0,0.0,0.0,0.0,0.0,0.0
refrigeration,none,test_utility_1,single_family,12,0.0,0.0,0.0,0.0,0.0,0.0,0.0,0.0,0.0,0.0,0.0,0.0,0.0,0.0,0.0,0.0,0.0,0.0,0.0,0.0,0.0,0.0,0.0,0.0,0.0,0.0,0.0,0.0,0.0,0.0,0.0
refrigeration,none,test_utility_1,single_family,13,0.0,0.0,0.0,0.0,0.0,0.0,0.0,0.0,0.0,0.0,0.0,0.0,0.0,0.0,0.0,0.0,0.0,0.0,0.0,0.0,0.0,0.0,0.0,0.0,0.0,0.0,0.0,0.0,0.0,0.0,0.0
refrigeration,none,test_utility_1,single_family,14,0.0,0.0,0.0,0.0,0.0,0.0,0.0,0.0,0.0,0.0,0.0,0.0,0.0,0.0,0.0,0.0,0.0,0.0,0.0,0.0,0.0,0.0,0.0,0.0,0.0,0.0,0.0,0.0,0.0,0.0,0.0
refrigeration,none,test_utility_1,single_family,15,0.0,0.0,0.0,0.0,0.0,0.0,0.0,0.0,0.0,0.0,0.0,0.0,0.0,0.0,0.0,0.0,0.0,0.0,0.0,0.0,0.0,0.0,0.0,0.0,0.0,0.0,0.0,0.0,0.0,0.0,0.0
refrigeration,none,test_utility_1,single_family,16,0.0,0.0,0.0,0.0,0.0,0.0,0.0,0.0,0.0,0.0,0.0,0.0,0.0,0.0,0.0,0.0,0.0,0.0,0.0,0.0,0.0,0.0,0.0,0.0,0.0,0.0,0.0,0.0,0.0,0.0,0.0
refrigeration,none,test_utility_1,single_family,17,0.0,0.0,0.0,0.0,0.0,0.0,0.0,0.0,0.0,0.0,0.0,0.0,0.0,0.0,0.0,0.0,0.0,0.0,0.0,0.0,0.0,0.0,0.0,0.0,0.0,0.0,0.0,0.0,0.0,0.0,0.0
refrigeration,none,test_utility_1,single_family,18,0.0,0.0,0.0,0.0,0.0,0.0,0.0,0.0,0.0,0.0,0.0,0.0,0.0,0.0,0.0,0.0,0.0,0.0,0.0,0.0,0.0,0.0,0.0,0.0,0.0,0.0,0.0,0.0,0.0,0.0,0.0
refrigeration,none,test_utility_1,single_family,19,0.0,0.0,0.0,0.0,0.0,0.0,0.0,0.0,0.0,0.0,0.0,0.0,0.0,0.0,0.0,0.0,0.0,0.0,0.0,0.0,0.0,0.0,0.0,0.0,0.0,0.0,0.0,0.0,0.0,0.0,0.0
refrigeration,none,test_utility_1,multifamily_li,0,0.0,0.0,0.0,0.0,0.0,0.0,0.0,0.0,0.0,0.0,0.0,0.0,0.0,0.0,0.0,0.0,0.0,0.0,0.0,0.0,0.0,0.0,0.0,0.0,0.0,0.0,0.0,0.0,0.0,0.0,0.0
refrigeration,none,test_utility_1,multifamily_li,1,0.0,0.0,0.0,0.0,0.0,0.0,0.0,0.0,0.0,0.0,0.0,0.0,0.0,0.0,0.0,0.0,0.0,0.0,0.0,0.0,0.0,0.0,0.0,0.0,0.0,0.0,0.0,0.0,0.0,0.0,0.0
refrigeration,none,test_utility_1,multifamily_li,2,0.0,0.0,0.0,0.0,0.0,0.0,0.0,0.0,0.0,0.0,0.0,0.0,0.0,0.0,0.0,0.0,0.0,0.0,0.0,0.0,0.0,0.0,0.0,0.0,0.0,0.0,0.0,0.0,0.0,0.0,0.0
refrigeration,none,test_utility_1,multifamily_li,3,0.0,0.0,0.0,0.0,0.0,0.0,0.0,0.0,0.0,0.0,0.0,0.0,0.0,0.0,0.0,0.0,0.0,0.0,0.0,0.0,0.0,0.0,0.0,0.0,0.0,0.0,0.0,0.0,0.0,0.0,0.0
refrigeration,none,test_utility_1,multifamily_li,4,0.0,0.0,0.0,0.0,0.0,0.0,0.0,0.0,0.0,0.0,0.0,0.0,0.0,0.0,0.0,0.0,0.0,0.0,0.0,0.0,0.0,0.0,0.0,0.0,0.0,0.0,0.0,0.0,0.0,0.0,0.0
refrigeration,none,test_utility_1,multifamily_li,5,0.0,0.0,0.0,0.0,0.0,0.0,0.0,0.0,0.0,0.0,0.0,0.0,0.0,0.0,0.0,0.0,0.0,0.0,0.0,0.0,0.0,0.0,0.0,0.0,0.0,0.0,0.0,0.0,0.0,0.0,0.0
refrigeration,none,test_utility_1,multifamily_li,6,0.0,0.0,0.0,0.0,0.0,0.0,0.0,0.0,0.0,0.0,0.0,0.0,0.0,0.0,0.0,0.0,0.0,0.0,0.0,0.0,0.0,0.0,0.0,0.0,0.0,0.0,0.0,0.0,0.0,0.0,0.0
refrigeration,none,test_utility_1,multifamily_li,7,0.0,0.0,0.0,0.0,0.0,0.0,0.0,0.0,0.0,0.0,0.0,0.0,0.0,0.0,0.0,0.0,0.0,0.0,0.0,0.0,0.0,0.0,0.0,0.0,0.0,0.0,0.0,0.0,0.0,0.0,0.0
refrigeration,none,test_utility_1,multifamily_li,8,0.0,0.0,0.0,0.0,0.0,0.0,0.0,0.0,0.0,0.0,0.0,0.0,0.0,0.0,0.0,0.0,0.0,0.0,0.0,0.0,0.0,0.0,0.0,0.0,0.0,0.0,0.0,0.0,0.0,0.0,0.0
refrigeration,none,test_utility_1,multifamily_li,9,0.0,0.0,0.0,0.0,0.0,0.0,0.0,0.0,0.0,0.0,0.0,0.0,0.0,0.0,0.0,0.0,0.0,0.0,0.0,0.0,0.0,0.0,0.0,0.0,0.0,0.0,0.0,0.0,0.0,0.0,0.0
refrigeration,none,test_utility_1,multifamily_li,10,0.0,0.0,0.0,0.0,0.0,0.0,0.0,0.0,0.0,0.0,0.0,0.0,0.0,0.0,0.0,0.0,0.0,0.0,0.0,0.0,0.0,0.0,0.0,0.0,0.0,0.0,0.0,0.0,0.0,0.0,0.0
refrigeration,none,test_utility_1,multifamily_li,11,0.0,0.0,0.0,0.0,0.0,0.0,0.0,0.0,0.0,0.0,0.0,0.0,0.0,0.0,0.0,0.0,0.0,0.0,0.0,0.0,0.0,0.0,0.0,0.0,0.0,0.0,0.0,0.0,0.0,0.0,0.0
refrigeration,none,test_utility_1,multifamily_li,12,0.0,0.0,0.0,0.0,0.0,0.0,0.0,0.0,0.0,0.0,0.0,0.0,0.0,0.0,0.0,0.0,0.0,0.0,0.0,0.0,0.0,0.0,0.0,0.0,0.0,0.0,0.0,0.0,0.0,0.0,0.0
refrigeration,none,test_utility_1,multifamily_li,13,0.0,0.0,0.0,0.0,0.0,0.0,0.0,0.0,0.0,0.0,0.0,0.0,0.0,0.0,0.0,0.0,0.0,0.0,0.0,0.0,0.0,0.0,0.0,0.0,0.0,0.0,0.0,0.0,0.0,0.0,0.0
refrigeration,none,test_utility_1,multifamily_li,14,0.0,0.0,0.0,0.0,0.0,0.0,0.0,0.0,0.0,0.0,0.0,0.0,0.0,0.0,0.0,0.0,0.0,0.0,0.0,0.0,0.0,0.0,0.0,0.0,0.0,0.0,0.0,0.0,0.0,0.0,0.0
refrigeration,none,test_utility_1,multifamily_li,15,0.0,0.0,0.0,0.0,0.0,0.0,0.0,0.0,0.0,0.0,0.0,0.0,0.0,0.0,0.0,0.0,0.0,0.0,0.0,0.0,0.0,0.0,0.0,0.0,0.0,0.0,0.0,0.0,0.0,0.0,0.0
refrigeration,none,test_utility_1,multifamily_li,16,0.0,0.0,0.0,0.0,0.0,0.0,0.0,0.0,0.0,0.0,0.0,0.0,0.0,0.0,0.0,0.0,0.0,0.0,0.0,0.0,0.0,0.0,0.0,0.0,0.0,0.0,0.0,0.0,0.0,0.0,0.0
refrigeration,none,test_utility_1,multifamily_li,17,0.0,0.0,0.0,0.0,0.0,0.0,0.0,0.0,0.0,0.0,0.0,0.0,0.0,0.0,0.0,0.0,0.0,0.0,0.0,0.0,0.0,0.0,0.0,0.0,0.0,0.0,0.0,0.0,0.0,0.0,0.0
refrigeration,none,test_utility_1,multifamily_li,18,0.0,0.0,0.0,0.0,0.0,0.0,0.0,0.0,0.0,0.0,0.0,0.0,0.0,0.0,0.0,0.0,0.0,0.0,0.0,0.0,0.0,0.0,0.0,0.0,0.0,0.0,0.0,0.0,0.0,0.0,0.0
refrigeration,none,test_utility_1,multifamily_li,19,0.0,0.0,0.0,0.0,0.0,0.0,0.0,0.0,0.0,0.0,0.0,0.0,0.0,0.0,0.0,0.0,0.0,0.0,0.0,0.0,0.0,0.0,0.0,0.0,0.0,0.0,0.0,0.0,0.0,0.0,0.0
refrigeration,none,test_utility_1,single_family_li,0,0.0,0.0,0.0,0.0,0.0,0.0,0.0,0.0,0.0,0.0,0.0,0.0,0.0,0.0,0.0,0.0,0.0,0.0,0.0,0.0,0.0,0.0,0.0,0.0,0.0,0.0,0.0,0.0,0.0,0.0,0.0
refrigeration,none,test_utility_1,single_family_li,1,0.0,0.0,0.0,0.0,0.0,0.0,0.0,0.0,0.0,0.0,0.0,0.0,0.0,0.0,0.0,0.0,0.0,0.0,0.0,0.0,0.0,0.0,0.0,0.0,0.0,0.0,0.0,0.0,0.0,0.0,0.0
refrigeration,none,test_utility_1,single_family_li,2,0.0,0.0,0.0,0.0,0.0,0.0,0.0,0.0,0.0,0.0,0.0,0.0,0.0,0.0,0.0,0.0,0.0,0.0,0.0,0.0,0.0,0.0,0.0,0.0,0.0,0.0,0.0,0.0,0.0,0.0,0.0
refrigeration,none,test_utility_1,single_family_li,3,0.0,0.0,0.0,0.0,0.0,0.0,0.0,0.0,0.0,0.0,0.0,0.0,0.0,0.0,0.0,0.0,0.0,0.0,0.0,0.0,0.0,0.0,0.0,0.0,0.0,0.0,0.0,0.0,0.0,0.0,0.0
refrigeration,none,test_utility_1,single_family_li,4,0.0,0.0,0.0,0.0,0.0,0.0,0.0,0.0,0.0,0.0,0.0,0.0,0.0,0.0,0.0,0.0,0.0,0.0,0.0,0.0,0.0,0.0,0.0,0.0,0.0,0.0,0.0,0.0,0.0,0.0,0.0
refrigeration,none,test_utility_1,single_family_li,5,0.0,0.0,0.0,0.0,0.0,0.0,0.0,0.0,0.0,0.0,0.0,0.0,0.0,0.0,0.0,0.0,0.0,0.0,0.0,0.0,0.0,0.0,0.0,0.0,0.0,0.0,0.0,0.0,0.0,0.0,0.0
refrigeration,none,test_utility_1,single_family_li,6,0.0,0.0,0.0,0.0,0.0,0.0,0.0,0.0,0.0,0.0,0.0,0.0,0.0,0.0,0.0,0.0,0.0,0.0,0.0,0.0,0.0,0.0,0.0,0.0,0.0,0.0,0.0,0.0,0.0,0.0,0.0
refrigeration,none,test_utility_1,single_family_li,7,0.0,0.0,0.0,0.0,0.0,0.0,0.0,0.0,0.0,0.0,0.0,0.0,0.0,0.0,0.0,0.0,0.0,0.0,0.0,0.0,0.0,0.0,0.0,0.0,0.0,0.0,0.0,0.0,0.0,0.0,0.0
refrigeration,none,test_utility_1,single_family_li,8,0.0,0.0,0.0,0.0,0.0,0.0,0.0,0.0,0.0,0.0,0.0,0.0,0.0,0.0,0.0,0.0,0.0,0.0,0.0,0.0,0.0,0.0,0.0,0.0,0.0,0.0,0.0,0.0,0.0,0.0,0.0
refrigeration,none,test_utility_1,single_family_li,9,0.0,0.0,0.0,0.0,0.0,0.0,0.0,0.0,0.0,0.0,0.0,0.0,0.0,0.0,0.0,0.0,0.0,0.0,0.0,0.0,0.0,0.0,0.0,0.0,0.0,0.0,0.0,0.0,0.0,0.0,0.0
refrigeration,none,test_utility_1,single_family_li,10,0.0,0.0,0.0,0.0,0.0,0.0,0.0,0.0,0.0,0.0,0.0,0.0,0.0,0.0,0.0,0.0,0.0,0.0,0.0,0.0,0.0,0.0,0.0,0.0,0.0,0.0,0.0,0.0,0.0,0.0,0.0
refrigeration,none,test_utility_1,single_family_li,11,0.0,0.0,0.0,0.0,0.0,0.0,0.0,0.0,0.0,0.0,0.0,0.0,0.0,0.0,0.0,0.0,0.0,0.0,0.0,0.0,0.0,0.0,0.0,0.0,0.0,0.0,0.0,0.0,0.0,0.0,0.0
refrigeration,none,test_utility_1,single_family_li,12,0.0,0.0,0.0,0.0,0.0,0.0,0.0,0.0,0.0,0.0,0.0,0.0,0.0,0.0,0.0,0.0,0.0,0.0,0.0,0.0,0.0,0.0,0.0,0.0,0.0,0.0,0.0,0.0,0.0,0.0,0.0
refrigeration,none,test_utility_1,single_family_li,13,0.0,0.0,0.0,0.0,0.0,0.0,0.0,0.0,0.0,0.0,0.0,0.0,0.0,0.0,0.0,0.0,0.0,0.0,0.0,0.0,0.0,0.0,0.0,0.0,0.0,0.0,0.0,0.0,0.0,0.0,0.0
refrigeration,none,test_utility_1,single_family_li,14,0.0,0.0,0.0,0.0,0.0,0.0,0.0,0.0,0.0,0.0,0.0,0.0,0.0,0.0,0.0,0.0,0.0,0.0,0.0,0.0,0.0,0.0,0.0,0.0,0.0,0.0,0.0,0.0,0.0,0.0,0.0
refrigeration,none,test_utility_1,single_family_li,15,0.0,0.0,0.0,0.0,0.0,0.0,0.0,0.0,0.0,0.0,0.0,0.0,0.0,0.0,0.0,0.0,0.0,0.0,0.0,0.0,0.0,0.0,0.0,0.0,0.0,0.0,0.0,0.0,0.0,0.0,0.0
refrigeration,none,test_utility_1,single_family_li,16,0.0,0.0,0.0,0.0,0.0,0.0,0.0,0.0,0.0,0.0,0.0,0.0,0.0,0.0,0.0,0.0,0.0,0.0,0.0,0.0,0.0,0.0,0.0,0.0,0.0,0.0,0.0,0.0,0.0,0.0,0.0
refrigeration,none,test_utility_1,single_family_li,17,0.0,0.0,0.0,0.0,0.0,0.0,0.0,0.0,0.0,0.0,0.0,0.0,0.0,0.0,0.0,0.0,0.0,0.0,0.0,0.0,0.0,0.0,0.0,0.0,0.0,0.0,0.0,0.0,0.0,0.0,0.0
refrigeration,none,test_utility_1,single_family_li,18,0.0,0.0,0.0,0.0,0.0,0.0,0.0,0.0,0.0,0.0,0.0,0.0,0.0,0.0,0.0,0.0,0.0,0.0,0.0,0.0,0.0,0.0,0.0,0.0,0.0,0.0,0.0,0.0,0.0,0.0,0.0
refrigeration,none,test_utility_1,single_family_li,19,0.0,0.0,0.0,0.0,0.0,0.0,0.0,0.0,0.0,0.0,0.0,0.0,0.0,0.0,0.0,0.0,0.0,0.0,0.0,0.0,0.0,0.0,0.0,0.0,0.0,0.0,0.0,0.0,0.0,0.0,0.0
refrigeration,none,none,multifamily,0,0.0,0.0,0.0,0.0,0.0,0.0,0.0,0.0,0.0,0.0,0.0,0.0,0.0,0.0,0.0,0.0,0.0,0.0,0.0,0.0,0.0,0.0,0.0,0.0,0.0,0.0,0.0,0.0,0.0,0.0,0.0
refrigeration,none,none,multifamily,1,0.0,0.0,0.0,0.0,0.0,0.0,0.0,0.0,0.0,0.0,0.0,0.0,0.0,0.0,0.0,0.0,0.0,0.0,0.0,0.0,0.0,0.0,0.0,0.0,0.0,0.0,0.0,0.0,0.0,0.0,0.0
refrigeration,none,none,multifamily,2,0.0,0.0,0.0,0.0,0.0,0.0,0.0,0.0,0.0,0.0,0.0,0.0,0.0,0.0,0.0,0.0,0.0,0.0,0.0,0.0,0.0,0.0,0.0,0.0,0.0,0.0,0.0,0.0,0.0,0.0,0.0
refrigeration,none,none,multifamily,3,0.0,0.0,0.0,0.0,0.0,0.0,0.0,0.0,0.0,0.0,0.0,0.0,0.0,0.0,0.0,0.0,0.0,0.0,0.0,0.0,0.0,0.0,0.0,0.0,0.0,0.0,0.0,0.0,0.0,0.0,0.0
refrigeration,none,none,multifamily,4,0.0,0.0,0.0,0.0,0.0,0.0,0.0,0.0,0.0,0.0,0.0,0.0,0.0,0.0,0.0,0.0,0.0,0.0,0.0,0.0,0.0,0.0,0.0,0.0,0.0,0.0,0.0,0.0,0.0,0.0,0.0
refrigeration,none,none,multifamily,5,0.0,0.0,0.0,0.0,0.0,0.0,0.0,0.0,0.0,0.0,0.0,0.0,0.0,0.0,0.0,0.0,0.0,0.0,0.0,0.0,0.0,0.0,0.0,0.0,0.0,0.0,0.0,0.0,0.0,0.0,0.0
refrigeration,none,none,multifamily,6,0.0,0.0,0.0,0.0,0.0,0.0,0.0,0.0,0.0,0.0,0.0,0.0,0.0,0.0,0.0,0.0,0.0,0.0,0.0,0.0,0.0,0.0,0.0,0.0,0.0,0.0,0.0,0.0,0.0,0.0,0.0
refrigeration,none,none,multifamily,7,0.0,0.0,0.0,0.0,0.0,0.0,0.0,0.0,0.0,0.0,0.0,0.0,0.0,0.0,0.0,0.0,0.0,0.0,0.0,0.0,0.0,0.0,0.0,0.0,0.0,0.0,0.0,0.0,0.0,0.0,0.0
refrigeration,none,none,multifamily,8,0.0,0.0,0.0,0.0,0.0,0.0,0.0,0.0,0.0,0.0,0.0,0.0,0.0,0.0,0.0,0.0,0.0,0.0,0.0,0.0,0.0,0.0,0.0,0.0,0.0,0.0,0.0,0.0,0.0,0.0,0.0
refrigeration,none,none,multifamily,9,0.0,0.0,0.0,0.0,0.0,0.0,0.0,0.0,0.0,0.0,0.0,0.0,0.0,0.0,0.0,0.0,0.0,0.0,0.0,0.0,0.0,0.0,0.0,0.0,0.0,0.0,0.0,0.0,0.0,0.0,0.0
refrigeration,none,none,multifamily,10,0.0,0.0,0.0,0.0,0.0,0.0,0.0,0.0,0.0,0.0,0.0,0.0,0.0,0.0,0.0,0.0,0.0,0.0,0.0,0.0,0.0,0.0,0.0,0.0,0.0,0.0,0.0,0.0,0.0,0.0,0.0
refrigeration,none,none,multifamily,11,0.0,0.0,0.0,0.0,0.0,0.0,0.0,0.0,0.0,0.0,0.0,0.0,0.0,0.0,0.0,0.0,0.0,0.0,0.0,0.0,0.0,0.0,0.0,0.0,0.0,0.0,0.0,0.0,0.0,0.0,0.0
refrigeration,none,none,multifamily,12,0.0,0.0,0.0,0.0,0.0,0.0,0.0,0.0,0.0,0.0,0.0,0.0,0.0,0.0,0.0,0.0,0.0,0.0,0.0,0.0,0.0,0.0,0.0,0.0,0.0,0.0,0.0,0.0,0.0,0.0,0.0
refrigeration,none,none,multifamily,13,0.0,0.0,0.0,0.0,0.0,0.0,0.0,0.0,0.0,0.0,0.0,0.0,0.0,0.0,0.0,0.0,0.0,0.0,0.0,0.0,0.0,0.0,0.0,0.0,0.0,0.0,0.0,0.0,0.0,0.0,0.0
refrigeration,none,none,multifamily,14,0.0,0.0,0.0,0.0,0.0,0.0,0.0,0.0,0.0,0.0,0.0,0.0,0.0,0.0,0.0,0.0,0.0,0.0,0.0,0.0,0.0,0.0,0.0,0.0,0.0,0.0,0.0,0.0,0.0,0.0,0.0
refrigeration,none,none,multifamily,15,0.0,0.0,0.0,0.0,0.0,0.0,0.0,0.0,0.0,0.0,0.0,0.0,0.0,0.0,0.0,0.0,0.0,0.0,0.0,0.0,0.0,0.0,0.0,0.0,0.0,0.0,0.0,0.0,0.0,0.0,0.0
refrigeration,none,none,multifamily,16,0.0,0.0,0.0,0.0,0.0,0.0,0.0,0.0,0.0,0.0,0.0,0.0,0.0,0.0,0.0,0.0,0.0,0.0,0.0,0.0,0.0,0.0,0.0,0.0,0.0,0.0,0.0,0.0,0.0,0.0,0.0
refrigeration,none,none,multifamily,17,0.0,0.0,0.0,0.0,0.0,0.0,0.0,0.0,0.0,0.0,0.0,0.0,0.0,0.0,0.0,0.0,0.0,0.0,0.0,0.0,0.0,0.0,0.0,0.0,0.0,0.0,0.0,0.0,0.0,0.0,0.0
refrigeration,none,none,multifamily,18,0.0,0.0,0.0,0.0,0.0,0.0,0.0,0.0,0.0,0.0,0.0,0.0,0.0,0.0,0.0,0.0,0.0,0.0,0.0,0.0,0.0,0.0,0.0,0.0,0.0,0.0,0.0,0.0,0.0,0.0,0.0
refrigeration,none,none,multifamily,19,0.0,0.0,0.0,0.0,0.0,0.0,0.0,0.0,0.0,0.0,0.0,0.0,0.0,0.0,0.0,0.0,0.0,0.0,0.0,0.0,0.0,0.0,0.0,0.0,0.0,0.0,0.0,0.0,0.0,0.0,0.0
refrigeration,none,none,single_family,0,0.0,0.0,0.0,0.0,0.0,0.0,0.0,0.0,0.0,0.0,0.0,0.0,0.0,0.0,0.0,0.0,0.0,0.0,0.0,0.0,0.0,0.0,0.0,0.0,0.0,0.0,0.0,0.0,0.0,0.0,0.0
refrigeration,none,none,single_family,1,0.0,0.0,0.0,0.0,0.0,0.0,0.0,0.0,0.0,0.0,0.0,0.0,0.0,0.0,0.0,0.0,0.0,0.0,0.0,0.0,0.0,0.0,0.0,0.0,0.0,0.0,0.0,0.0,0.0,0.0,0.0
refrigeration,none,none,single_family,2,0.0,0.0,0.0,0.0,0.0,0.0,0.0,0.0,0.0,0.0,0.0,0.0,0.0,0.0,0.0,0.0,0.0,0.0,0.0,0.0,0.0,0.0,0.0,0.0,0.0,0.0,0.0,0.0,0.0,0.0,0.0
refrigeration,none,none,single_family,3,0.0,0.0,0.0,0.0,0.0,0.0,0.0,0.0,0.0,0.0,0.0,0.0,0.0,0.0,0.0,0.0,0.0,0.0,0.0,0.0,0.0,0.0,0.0,0.0,0.0,0.0,0.0,0.0,0.0,0.0,0.0
refrigeration,none,none,single_family,4,0.0,0.0,0.0,0.0,0.0,0.0,0.0,0.0,0.0,0.0,0.0,0.0,0.0,0.0,0.0,0.0,0.0,0.0,0.0,0.0,0.0,0.0,0.0,0.0,0.0,0.0,0.0,0.0,0.0,0.0,0.0
refrigeration,none,none,single_family,5,0.0,0.0,0.0,0.0,0.0,0.0,0.0,0.0,0.0,0.0,0.0,0.0,0.0,0.0,0.0,0.0,0.0,0.0,0.0,0.0,0.0,0.0,0.0,0.0,0.0,0.0,0.0,0.0,0.0,0.0,0.0
refrigeration,none,none,single_family,6,0.0,0.0,0.0,0.0,0.0,0.0,0.0,0.0,0.0,0.0,0.0,0.0,0.0,0.0,0.0,0.0,0.0,0.0,0.0,0.0,0.0,0.0,0.0,0.0,0.0,0.0,0.0,0.0,0.0,0.0,0.0
refrigeration,none,none,single_family,7,0.0,0.0,0.0,0.0,0.0,0.0,0.0,0.0,0.0,0.0,0.0,0.0,0.0,0.0,0.0,0.0,0.0,0.0,0.0,0.0,0.0,0.0,0.0,0.0,0.0,0.0,0.0,0.0,0.0,0.0,0.0
refrigeration,none,none,single_family,8,0.0,0.0,0.0,0.0,0.0,0.0,0.0,0.0,0.0,0.0,0.0,0.0,0.0,0.0,0.0,0.0,0.0,0.0,0.0,0.0,0.0,0.0,0.0,0.0,0.0,0.0,0.0,0.0,0.0,0.0,0.0
refrigeration,none,none,single_family,9,0.0,0.0,0.0,0.0,0.0,0.0,0.0,0.0,0.0,0.0,0.0,0.0,0.0,0.0,0.0,0.0,0.0,0.0,0.0,0.0,0.0,0.0,0.0,0.0,0.0,0.0,0.0,0.0,0.0,0.0,0.0
refrigeration,none,none,single_family,10,0.0,0.0,0.0,0.0,0.0,0.0,0.0,0.0,0.0,0.0,0.0,0.0,0.0,0.0,0.0,0.0,0.0,0.0,0.0,0.0,0.0,0.0,0.0,0.0,0.0,0.0,0.0,0.0,0.0,0.0,0.0
refrigeration,none,none,single_family,11,0.0,0.0,0.0,0.0,0.0,0.0,0.0,0.0,0.0,0.0,0.0,0.0,0.0,0.0,0.0,0.0,0.0,0.0,0.0,0.0,0.0,0.0,0.0,0.0,0.0,0.0,0.0,0.0,0.0,0.0,0.0
refrigeration,none,none,single_family,12,0.0,0.0,0.0,0.0,0.0,0.0,0.0,0.0,0.0,0.0,0.0,0.0,0.0,0.0,0.0,0.0,0.0,0.0,0.0,0.0,0.0,0.0,0.0,0.0,0.0,0.0,0.0,0.0,0.0,0.0,0.0
refrigeration,none,none,single_family,13,0.0,0.0,0.0,0.0,0.0,0.0,0.0,0.0,0.0,0.0,0.0,0.0,0.0,0.0,0.0,0.0,0.0,0.0,0.0,0.0,0.0,0.0,0.0,0.0,0.0,0.0,0.0,0.0,0.0,0.0,0.0
refrigeration,none,none,single_family,14,0.0,0.0,0.0,0.0,0.0,0.0,0.0,0.0,0.0,0.0,0.0,0.0,0.0,0.0,0.0,0.0,0.0,0.0,0.0,0.0,0.0,0.0,0.0,0.0,0.0,0.0,0.0,0.0,0.0,0.0,0.0
refrigeration,none,none,single_family,15,0.0,0.0,0.0,0.0,0.0,0.0,0.0,0.0,0.0,0.0,0.0,0.0,0.0,0.0,0.0,0.0,0.0,0.0,0.0,0.0,0.0,0.0,0.0,0.0,0.0,0.0,0.0,0.0,0.0,0.0,0.0
refrigeration,none,none,single_family,16,0.0,0.0,0.0,0.0,0.0,0.0,0.0,0.0,0.0,0.0,0.0,0.0,0.0,0.0,0.0,0.0,0.0,0.0,0.0,0.0,0.0,0.0,0.0,0.0,0.0,0.0,0.0,0.0,0.0,0.0,0.0
refrigeration,none,none,single_family,17,0.0,0.0,0.0,0.0,0.0,0.0,0.0,0.0,0.0,0.0,0.0,0.0,0.0,0.0,0.0,0.0,0.0,0.0,0.0,0.0,0.0,0.0,0.0,0.0,0.0,0.0,0.0,0.0,0.0,0.0,0.0
refrigeration,none,none,single_family,18,0.0,0.0,0.0,0.0,0.0,0.0,0.0,0.0,0.0,0.0,0.0,0.0,0.0,0.0,0.0,0.0,0.0,0.0,0.0,0.0,0.0,0.0,0.0,0.0,0.0,0.0,0.0,0.0,0.0,0.0,0.0
refrigeration,none,none,single_family,19,0.0,0.0,0.0,0.0,0.0,0.0,0.0,0.0,0.0,0.0,0.0,0.0,0.0,0.0,0.0,0.0,0.0,0.0,0.0,0.0,0.0,0.0,0.0,0.0,0.0,0.0,0.0,0.0,0.0,0.0,0.0
refrigeration,none,none,multifamily_li,0,0.0,0.0,0.0,0.0,0.0,0.0,0.0,0.0,0.0,0.0,0.0,0.0,0.0,0.0,0.0,0.0,0.0,0.0,0.0,0.0,0.0,0.0,0.0,0.0,0.0,0.0,0.0,0.0,0.0,0.0,0.0
refrigeration,none,none,multifamily_li,1,0.0,0.0,0.0,0.0,0.0,0.0,0.0,0.0,0.0,0.0,0.0,0.0,0.0,0.0,0.0,0.0,0.0,0.0,0.0,0.0,0.0,0.0,0.0,0.0,0.0,0.0,0.0,0.0,0.0,0.0,0.0
refrigeration,none,none,multifamily_li,2,0.0,0.0,0.0,0.0,0.0,0.0,0.0,0.0,0.0,0.0,0.0,0.0,0.0,0.0,0.0,0.0,0.0,0.0,0.0,0.0,0.0,0.0,0.0,0.0,0.0,0.0,0.0,0.0,0.0,0.0,0.0
refrigeration,none,none,multifamily_li,3,0.0,0.0,0.0,0.0,0.0,0.0,0.0,0.0,0.0,0.0,0.0,0.0,0.0,0.0,0.0,0.0,0.0,0.0,0.0,0.0,0.0,0.0,0.0,0.0,0.0,0.0,0.0,0.0,0.0,0.0,0.0
refrigeration,none,none,multifamily_li,4,0.0,0.0,0.0,0.0,0.0,0.0,0.0,0.0,0.0,0.0,0.0,0.0,0.0,0.0,0.0,0.0,0.0,0.0,0.0,0.0,0.0,0.0,0.0,0.0,0.0,0.0,0.0,0.0,0.0,0.0,0.0
refrigeration,none,none,multifamily_li,5,0.0,0.0,0.0,0.0,0.0,0.0,0.0,0.0,0.0,0.0,0.0,0.0,0.0,0.0,0.0,0.0,0.0,0.0,0.0,0.0,0.0,0.0,0.0,0.0,0.0,0.0,0.0,0.0,0.0,0.0,0.0
refrigeration,none,none,multifamily_li,6,0.0,0.0,0.0,0.0,0.0,0.0,0.0,0.0,0.0,0.0,0.0,0.0,0.0,0.0,0.0,0.0,0.0,0.0,0.0,0.0,0.0,0.0,0.0,0.0,0.0,0.0,0.0,0.0,0.0,0.0,0.0
refrigeration,none,none,multifamily_li,7,0.0,0.0,0.0,0.0,0.0,0.0,0.0,0.0,0.0,0.0,0.0,0.0,0.0,0.0,0.0,0.0,0.0,0.0,0.0,0.0,0.0,0.0,0.0,0.0,0.0,0.0,0.0,0.0,0.0,0.0,0.0
refrigeration,none,none,multifamily_li,8,0.0,0.0,0.0,0.0,0.0,0.0,0.0,0.0,0.0,0.0,0.0,0.0,0.0,0.0,0.0,0.0,0.0,0.0,0.0,0.0,0.0,0.0,0.0,0.0,0.0,0.0,0.0,0.0,0.0,0.0,0.0
refrigeration,none,none,multifamily_li,9,0.0,0.0,0.0,0.0,0.0,0.0,0.0,0.0,0.0,0.0,0.0,0.0,0.0,0.0,0.0,0.0,0.0,0.0,0.0,0.0,0.0,0.0,0.0,0.0,0.0,0.0,0.0,0.0,0.0,0.0,0.0
refrigeration,none,none,multifamily_li,10,0.0,0.0,0.0,0.0,0.0,0.0,0.0,0.0,0.0,0.0,0.0,0.0,0.0,0.0,0.0,0.0,0.0,0.0,0.0,0.0,0.0,0.0,0.0,0.0,0.0,0.0,0.0,0.0,0.0,0.0,0.0
refrigeration,none,none,multifamily_li,11,0.0,0.0,0.0,0.0,0.0,0.0,0.0,0.0,0.0,0.0,0.0,0.0,0.0,0.0,0.0,0.0,0.0,0.0,0.0,0.0,0.0,0.0,0.0,0.0,0.0,0.0,0.0,0.0,0.0,0.0,0.0
refrigeration,none,none,multifamily_li,12,0.0,0.0,0.0,0.0,0.0,0.0,0.0,0.0,0.0,0.0,0.0,0.0,0.0,0.0,0.0,0.0,0.0,0.0,0.0,0.0,0.0,0.0,0.0,0.0,0.0,0.0,0.0,0.0,0.0,0.0,0.0
refrigeration,none,none,multifamily_li,13,0.0,0.0,0.0,0.0,0.0,0.0,0.0,0.0,0.0,0.0,0.0,0.0,0.0,0.0,0.0,0.0,0.0,0.0,0.0,0.0,0.0,0.0,0.0,0.0,0.0,0.0,0.0,0.0,0.0,0.0,0.0
refrigeration,none,none,multifamily_li,14,0.0,0.0,0.0,0.0,0.0,0.0,0.0,0.0,0.0,0.0,0.0,0.0,0.0,0.0,0.0,0.0,0.0,0.0,0.0,0.0,0.0,0.0,0.0,0.0,0.0,0.0,0.0,0.0,0.0,0.0,0.0
refrigeration,none,none,multifamily_li,15,0.0,0.0,0.0,0.0,0.0,0.0,0.0,0.0,0.0,0.0,0.0,0.0,0.0,0.0,0.0,0.0,0.0,0.0,0.0,0.0,0.0,0.0,0.0,0.0,0.0,0.0,0.0,0.0,0.0,0.0,0.0
refrigeration,none,none,multifamily_li,16,0.0,0.0,0.0,0.0,0.0,0.0,0.0,0.0,0.0,0.0,0.0,0.0,0.0,0.0,0.0,0.0,0.0,0.0,0.0,0.0,0.0,0.0,0.0,0.0,0.0,0.0,0.0,0.0,0.0,0.0,0.0
refrigeration,none,none,multifamily_li,17,0.0,0.0,0.0,0.0,0.0,0.0,0.0,0.0,0.0,0.0,0.0,0.0,0.0,0.0,0.0,0.0,0.0,0.0,0.0,0.0,0.0,0.0,0.0,0.0,0.0,0.0,0.0,0.0,0.0,0.0,0.0
refrigeration,none,none,multifamily_li,18,0.0,0.0,0.0,0.0,0.0,0.0,0.0,0.0,0.0,0.0,0.0,0.0,0.0,0.0,0.0,0.0,0.0,0.0,0.0,0.0,0.0,0.0,0.0,0.0,0.0,0.0,0.0,0.0,0.0,0.0,0.0
refrigeration,none,none,multifamily_li,19,0.0,0.0,0.0,0.0,0.0,0.0,0.0,0.0,0.0,0.0,0.0,0.0,0.0,0.0,0.0,0.0,0.0,0.0,0.0,0.0,0.0,0.0,0.0,0.0,0.0,0.0,0.0,0.0,0.0,0.0,0.0
refrigeration,none,none,single_family_li,0,0.0,0.0,0.0,0.0,0.0,0.0,0.0,0.0,0.0,0.0,0.0,0.0,0.0,0.0,0.0,0.0,0.0,0.0,0.0,0.0,0.0,0.0,0.0,0.0,0.0,0.0,0.0,0.0,0.0,0.0,0.0
refrigeration,none,none,single_family_li,1,0.0,0.0,0.0,0.0,0.0,0.0,0.0,0.0,0.0,0.0,0.0,0.0,0.0,0.0,0.0,0.0,0.0,0.0,0.0,0.0,0.0,0.0,0.0,0.0,0.0,0.0,0.0,0.0,0.0,0.0,0.0
refrigeration,none,none,single_family_li,2,0.0,0.0,0.0,0.0,0.0,0.0,0.0,0.0,0.0,0.0,0.0,0.0,0.0,0.0,0.0,0.0,0.0,0.0,0.0,0.0,0.0,0.0,0.0,0.0,0.0,0.0,0.0,0.0,0.0,0.0,0.0
refrigeration,none,none,single_family_li,3,0.0,0.0,0.0,0.0,0.0,0.0,0.0,0.0,0.0,0.0,0.0,0.0,0.0,0.0,0.0,0.0,0.0,0.0,0.0,0.0,0.0,0.0,0.0,0.0,0.0,0.0,0.0,0.0,0.0,0.0,0.0
refrigeration,none,none,single_family_li,4,0.0,0.0,0.0,0.0,0.0,0.0,0.0,0.0,0.0,0.0,0.0,0.0,0.0,0.0,0.0,0.0,0.0,0.0,0.0,0.0,0.0,0.0,0.0,0.0,0.0,0.0,0.0,0.0,0.0,0.0,0.0
refrigeration,none,none,single_family_li,5,0.0,0.0,0.0,0.0,0.0,0.0,0.0,0.0,0.0,0.0,0.0,0.0,0.0,0.0,0.0,0.0,0.0,0.0,0.0,0.0,0.0,0.0,0.0,0.0,0.0,0.0,0.0,0.0,0.0,0.0,0.0
refrigeration,none,none,single_family_li,6,0.0,0.0,0.0,0.0,0.0,0.0,0.0,0.0,0.0,0.0,0.0,0.0,0.0,0.0,0.0,0.0,0.0,0.0,0.0,0.0,0.0,0.0,0.0,0.0,0.0,0.0,0.0,0.0,0.0,0.0,0.0
refrigeration,none,none,single_family_li,7,0.0,0.0,0.0,0.0,0.0,0.0,0.0,0.0,0.0,0.0,0.0,0.0,0.0,0.0,0.0,0.0,0.0,0.0,0.0,0.0,0.0,0.0,0.0,0.0,0.0,0.0,0.0,0.0,0.0,0.0,0.0
refrigeration,none,none,single_family_li,8,0.0,0.0,0.0,0.0,0.0,0.0,0.0,0.0,0.0,0.0,0.0,0.0,0.0,0.0,0.0,0.0,0.0,0.0,0.0,0.0,0.0,0.0,0.0,0.0,0.0,0.0,0.0,0.0,0.0,0.0,0.0
refrigeration,none,none,single_family_li,9,0.0,0.0,0.0,0.0,0.0,0.0,0.0,0.0,0.0,0.0,0.0,0.0,0.0,0.0,0.0,0.0,0.0,0.0,0.0,0.0,0.0,0.0,0.0,0.0,0.0,0.0,0.0,0.0,0.0,0.0,0.0
refrigeration,none,none,single_family_li,10,0.0,0.0,0.0,0.0,0.0,0.0,0.0,0.0,0.0,0.0,0.0,0.0,0.0,0.0,0.0,0.0,0.0,0.0,0.0,0.0,0.0,0.0,0.0,0.0,0.0,0.0,0.0,0.0,0.0,0.0,0.0
refrigeration,none,none,single_family_li,11,0.0,0.0,0.0,0.0,0.0,0.0,0.0,0.0,0.0,0.0,0.0,0.0,0.0,0.0,0.0,0.0,0.0,0.0,0.0,0.0,0.0,0.0,0.0,0.0,0.0,0.0,0.0,0.0,0.0,0.0,0.0
refrigeration,none,none,single_family_li,12,0.0,0.0,0.0,0.0,0.0,0.0,0.0,0.0,0.0,0.0,0.0,0.0,0.0,0.0,0.0,0.0,0.0,0.0,0.0,0.0,0.0,0.0,0.0,0.0,0.0,0.0,0.0,0.0,0.0,0.0,0.0
refrigeration,none,none,single_family_li,13,0.0,0.0,0.0,0.0,0.0,0.0,0.0,0.0,0.0,0.0,0.0,0.0,0.0,0.0,0.0,0.0,0.0,0.0,0.0,0.0,0.0,0.0,0.0,0.0,0.0,0.0,0.0,0.0,0.0,0.0,0.0
refrigeration,none,none,single_family_li,14,0.0,0.0,0.0,0.0,0.0,0.0,0.0,0.0,0.0,0.0,0.0,0.0,0.0,0.0,0.0,0.0,0.0,0.0,0.0,0.0,0.0,0.0,0.0,0.0,0.0,0.0,0.0,0.0,0.0,0.0,0.0
refrigeration,none,none,single_family_li,15,0.0,0.0,0.0,0.0,0.0,0.0,0.0,0.0,0.0,0.0,0.0,0.0,0.0,0.0,0.0,0.0,0.0,0.0,0.0,0.0,0.0,0.0,0.0,0.0,0.0,0.0,0.0,0.0,0.0,0.0,0.0
refrigeration,none,none,single_family_li,16,0.0,0.0,0.0,0.0,0.0,0.0,0.0,0.0,0.0,0.0,0.0,0.0,0.0,0.0,0.0,0.0,0.0,0.0,0.0,0.0,0.0,0.0,0.0,0.0,0.0,0.0,0.0,0.0,0.0,0.0,0.0
refrigeration,none,none,single_family_li,17,0.0,0.0,0.0,0.0,0.0,0.0,0.0,0.0,0.0,0.0,0.0,0.0,0.0,0.0,0.0,0.0,0.0,0.0,0.0,0.0,0.0,0.0,0.0,0.0,0.0,0.0,0.0,0.0,0.0,0.0,0.0
refrigeration,none,none,single_family_li,18,0.0,0.0,0.0,0.0,0.0,0.0,0.0,0.0,0.0,0.0,0.0,0.0,0.0,0.0,0.0,0.0,0.0,0.0,0.0,0.0,0.0,0.0,0.0,0.0,0.0,0.0,0.0,0.0,0.0,0.0,0.0
refrigeration,none,none,single_family_li,19,0.0,0.0,0.0,0.0,0.0,0.0,0.0,0.0,0.0,0.0,0.0,0.0,0.0,0.0,0.0,0.0,0.0,0.0,0.0,0.0,0.0,0.0,0.0,0.0,0.0,0.0,0.0,0.0,0.0,0.0,0.0
refrigeration,none,test_utility_2,multifamily,0,0.0,0.0,0.0,0.0,0.0,0.0,0.0,0.0,0.0,0.0,0.0,0.0,0.0,0.0,0.0,0.0,0.0,0.0,0.0,0.0,0.0,0.0,0.0,0.0,0.0,0.0,0.0,0.0,0.0,0.0,0.0
refrigeration,none,test_utility_2,multifamily,1,0.0,0.0,0.0,0.0,0.0,0.0,0.0,0.0,0.0,0.0,0.0,0.0,0.0,0.0,0.0,0.0,0.0,0.0,0.0,0.0,0.0,0.0,0.0,0.0,0.0,0.0,0.0,0.0,0.0,0.0,0.0
refrigeration,none,test_utility_2,multifamily,2,0.0,0.0,0.0,0.0,0.0,0.0,0.0,0.0,0.0,0.0,0.0,0.0,0.0,0.0,0.0,0.0,0.0,0.0,0.0,0.0,0.0,0.0,0.0,0.0,0.0,0.0,0.0,0.0,0.0,0.0,0.0
refrigeration,none,test_utility_2,multifamily,3,0.0,0.0,0.0,0.0,0.0,0.0,0.0,0.0,0.0,0.0,0.0,0.0,0.0,0.0,0.0,0.0,0.0,0.0,0.0,0.0,0.0,0.0,0.0,0.0,0.0,0.0,0.0,0.0,0.0,0.0,0.0
refrigeration,none,test_utility_2,multifamily,4,0.0,0.0,0.0,0.0,0.0,0.0,0.0,0.0,0.0,0.0,0.0,0.0,0.0,0.0,0.0,0.0,0.0,0.0,0.0,0.0,0.0,0.0,0.0,0.0,0.0,0.0,0.0,0.0,0.0,0.0,0.0
refrigeration,none,test_utility_2,multifamily,5,0.0,0.0,0.0,0.0,0.0,0.0,0.0,0.0,0.0,0.0,0.0,0.0,0.0,0.0,0.0,0.0,0.0,0.0,0.0,0.0,0.0,0.0,0.0,0.0,0.0,0.0,0.0,0.0,0.0,0.0,0.0
refrigeration,none,test_utility_2,multifamily,6,0.0,0.0,0.0,0.0,0.0,0.0,0.0,0.0,0.0,0.0,0.0,0.0,0.0,0.0,0.0,0.0,0.0,0.0,0.0,0.0,0.0,0.0,0.0,0.0,0.0,0.0,0.0,0.0,0.0,0.0,0.0
refrigeration,none,test_utility_2,multifamily,7,0.0,0.0,0.0,0.0,0.0,0.0,0.0,0.0,0.0,0.0,0.0,0.0,0.0,0.0,0.0,0.0,0.0,0.0,0.0,0.0,0.0,0.0,0.0,0.0,0.0,0.0,0.0,0.0,0.0,0.0,0.0
refrigeration,none,test_utility_2,multifamily,8,0.0,0.0,0.0,0.0,0.0,0.0,0.0,0.0,0.0,0.0,0.0,0.0,0.0,0.0,0.0,0.0,0.0,0.0,0.0,0.0,0.0,0.0,0.0,0.0,0.0,0.0,0.0,0.0,0.0,0.0,0.0
refrigeration,none,test_utility_2,multifamily,9,0.0,0.0,0.0,0.0,0.0,0.0,0.0,0.0,0.0,0.0,0.0,0.0,0.0,0.0,0.0,0.0,0.0,0.0,0.0,0.0,0.0,0.0,0.0,0.0,0.0,0.0,0.0,0.0,0.0,0.0,0.0
refrigeration,none,test_utility_2,multifamily,10,0.0,0.0,0.0,0.0,0.0,0.0,0.0,0.0,0.0,0.0,0.0,0.0,0.0,0.0,0.0,0.0,0.0,0.0,0.0,0.0,0.0,0.0,0.0,0.0,0.0,0.0,0.0,0.0,0.0,0.0,0.0
refrigeration,none,test_utility_2,multifamily,11,0.0,0.0,0.0,0.0,0.0,0.0,0.0,0.0,0.0,0.0,0.0,0.0,0.0,0.0,0.0,0.0,0.0,0.0,0.0,0.0,0.0,0.0,0.0,0.0,0.0,0.0,0.0,0.0,0.0,0.0,0.0
refrigeration,none,test_utility_2,multifamily,12,0.0,0.0,0.0,0.0,0.0,0.0,0.0,0.0,0.0,0.0,0.0,0.0,0.0,0.0,0.0,0.0,0.0,0.0,0.0,0.0,0.0,0.0,0.0,0.0,0.0,0.0,0.0,0.0,0.0,0.0,0.0
refrigeration,none,test_utility_2,multifamily,13,0.0,0.0,0.0,0.0,0.0,0.0,0.0,0.0,0.0,0.0,0.0,0.0,0.0,0.0,0.0,0.0,0.0,0.0,0.0,0.0,0.0,0.0,0.0,0.0,0.0,0.0,0.0,0.0,0.0,0.0,0.0
refrigeration,none,test_utility_2,multifamily,14,0.0,0.0,0.0,0.0,0.0,0.0,0.0,0.0,0.0,0.0,0.0,0.0,0.0,0.0,0.0,0.0,0.0,0.0,0.0,0.0,0.0,0.0,0.0,0.0,0.0,0.0,0.0,0.0,0.0,0.0,0.0
refrigeration,none,test_utility_2,multifamily,15,0.0,0.0,0.0,0.0,0.0,0.0,0.0,0.0,0.0,0.0,0.0,0.0,0.0,0.0,0.0,0.0,0.0,0.0,0.0,0.0,0.0,0.0,0.0,0.0,0.0,0.0,0.0,0.0,0.0,0.0,0.0
refrigeration,none,test_utility_2,multifamily,16,0.0,0.0,0.0,0.0,0.0,0.0,0.0,0.0,0.0,0.0,0.0,0.0,0.0,0.0,0.0,0.0,0.0,0.0,0.0,0.0,0.0,0.0,0.0,0.0,0.0,0.0,0.0,0.0,0.0,0.0,0.0
refrigeration,none,test_utility_2,multifamily,17,0.0,0.0,0.0,0.0,0.0,0.0,0.0,0.0,0.0,0.0,0.0,0.0,0.0,0.0,0.0,0.0,0.0,0.0,0.0,0.0,0.0,0.0,0.0,0.0,0.0,0.0,0.0,0.0,0.0,0.0,0.0
refrigeration,none,test_utility_2,multifamily,18,0.0,0.0,0.0,0.0,0.0,0.0,0.0,0.0,0.0,0.0,0.0,0.0,0.0,0.0,0.0,0.0,0.0,0.0,0.0,0.0,0.0,0.0,0.0,0.0,0.0,0.0,0.0,0.0,0.0,0.0,0.0
refrigeration,none,test_utility_2,multifamily,19,0.0,0.0,0.0,0.0,0.0,0.0,0.0,0.0,0.0,0.0,0.0,0.0,0.0,0.0,0.0,0.0,0.0,0.0,0.0,0.0,0.0,0.0,0.0,0.0,0.0,0.0,0.0,0.0,0.0,0.0,0.0
refrigeration,none,test_utility_2,single_family,0,0.0,0.0,0.0,0.0,0.0,0.0,0.0,0.0,0.0,0.0,0.0,0.0,0.0,0.0,0.0,0.0,0.0,0.0,0.0,0.0,0.0,0.0,0.0,0.0,0.0,0.0,0.0,0.0,0.0,0.0,0.0
refrigeration,none,test_utility_2,single_family,1,0.0,0.0,0.0,0.0,0.0,0.0,0.0,0.0,0.0,0.0,0.0,0.0,0.0,0.0,0.0,0.0,0.0,0.0,0.0,0.0,0.0,0.0,0.0,0.0,0.0,0.0,0.0,0.0,0.0,0.0,0.0
refrigeration,none,test_utility_2,single_family,2,0.0,0.0,0.0,0.0,0.0,0.0,0.0,0.0,0.0,0.0,0.0,0.0,0.0,0.0,0.0,0.0,0.0,0.0,0.0,0.0,0.0,0.0,0.0,0.0,0.0,0.0,0.0,0.0,0.0,0.0,0.0
refrigeration,none,test_utility_2,single_family,3,0.0,0.0,0.0,0.0,0.0,0.0,0.0,0.0,0.0,0.0,0.0,0.0,0.0,0.0,0.0,0.0,0.0,0.0,0.0,0.0,0.0,0.0,0.0,0.0,0.0,0.0,0.0,0.0,0.0,0.0,0.0
refrigeration,none,test_utility_2,single_family,4,0.0,0.0,0.0,0.0,0.0,0.0,0.0,0.0,0.0,0.0,0.0,0.0,0.0,0.0,0.0,0.0,0.0,0.0,0.0,0.0,0.0,0.0,0.0,0.0,0.0,0.0,0.0,0.0,0.0,0.0,0.0
refrigeration,none,test_utility_2,single_family,5,0.0,0.0,0.0,0.0,0.0,0.0,0.0,0.0,0.0,0.0,0.0,0.0,0.0,0.0,0.0,0.0,0.0,0.0,0.0,0.0,0.0,0.0,0.0,0.0,0.0,0.0,0.0,0.0,0.0,0.0,0.0
refrigeration,none,test_utility_2,single_family,6,0.0,0.0,0.0,0.0,0.0,0.0,0.0,0.0,0.0,0.0,0.0,0.0,0.0,0.0,0.0,0.0,0.0,0.0,0.0,0.0,0.0,0.0,0.0,0.0,0.0,0.0,0.0,0.0,0.0,0.0,0.0
refrigeration,none,test_utility_2,single_family,7,0.0,0.0,0.0,0.0,0.0,0.0,0.0,0.0,0.0,0.0,0.0,0.0,0.0,0.0,0.0,0.0,0.0,0.0,0.0,0.0,0.0,0.0,0.0,0.0,0.0,0.0,0.0,0.0,0.0,0.0,0.0
refrigeration,none,test_utility_2,single_family,8,0.0,0.0,0.0,0.0,0.0,0.0,0.0,0.0,0.0,0.0,0.0,0.0,0.0,0.0,0.0,0.0,0.0,0.0,0.0,0.0,0.0,0.0,0.0,0.0,0.0,0.0,0.0,0.0,0.0,0.0,0.0
refrigeration,none,test_utility_2,single_family,9,0.0,0.0,0.0,0.0,0.0,0.0,0.0,0.0,0.0,0.0,0.0,0.0,0.0,0.0,0.0,0.0,0.0,0.0,0.0,0.0,0.0,0.0,0.0,0.0,0.0,0.0,0.0,0.0,0.0,0.0,0.0
refrigeration,none,test_utility_2,single_family,10,0.0,0.0,0.0,0.0,0.0,0.0,0.0,0.0,0.0,0.0,0.0,0.0,0.0,0.0,0.0,0.0,0.0,0.0,0.0,0.0,0.0,0.0,0.0,0.0,0.0,0.0,0.0,0.0,0.0,0.0,0.0
refrigeration,none,test_utility_2,single_family,11,0.0,0.0,0.0,0.0,0.0,0.0,0.0,0.0,0.0,0.0,0.0,0.0,0.0,0.0,0.0,0.0,0.0,0.0,0.0,0.0,0.0,0.0,0.0,0.0,0.0,0.0,0.0,0.0,0.0,0.0,0.0
refrigeration,none,test_utility_2,single_family,12,0.0,0.0,0.0,0.0,0.0,0.0,0.0,0.0,0.0,0.0,0.0,0.0,0.0,0.0,0.0,0.0,0.0,0.0,0.0,0.0,0.0,0.0,0.0,0.0,0.0,0.0,0.0,0.0,0.0,0.0,0.0
refrigeration,none,test_utility_2,single_family,13,0.0,0.0,0.0,0.0,0.0,0.0,0.0,0.0,0.0,0.0,0.0,0.0,0.0,0.0,0.0,0.0,0.0,0.0,0.0,0.0,0.0,0.0,0.0,0.0,0.0,0.0,0.0,0.0,0.0,0.0,0.0
refrigeration,none,test_utility_2,single_family,14,0.0,0.0,0.0,0.0,0.0,0.0,0.0,0.0,0.0,0.0,0.0,0.0,0.0,0.0,0.0,0.0,0.0,0.0,0.0,0.0,0.0,0.0,0.0,0.0,0.0,0.0,0.0,0.0,0.0,0.0,0.0
refrigeration,none,test_utility_2,single_family,15,0.0,0.0,0.0,0.0,0.0,0.0,0.0,0.0,0.0,0.0,0.0,0.0,0.0,0.0,0.0,0.0,0.0,0.0,0.0,0.0,0.0,0.0,0.0,0.0,0.0,0.0,0.0,0.0,0.0,0.0,0.0
refrigeration,none,test_utility_2,single_family,16,0.0,0.0,0.0,0.0,0.0,0.0,0.0,0.0,0.0,0.0,0.0,0.0,0.0,0.0,0.0,0.0,0.0,0.0,0.0,0.0,0.0,0.0,0.0,0.0,0.0,0.0,0.0,0.0,0.0,0.0,0.0
refrigeration,none,test_utility_2,single_family,17,0.0,0.0,0.0,0.0,0.0,0.0,0.0,0.0,0.0,0.0,0.0,0.0,0.0,0.0,0.0,0.0,0.0,0.0,0.0,0.0,0.0,0.0,0.0,0.0,0.0,0.0,0.0,0.0,0.0,0.0,0.0
refrigeration,none,test_utility_2,single_family,18,0.0,0.0,0.0,0.0,0.0,0.0,0.0,0.0,0.0,0.0,0.0,0.0,0.0,0.0,0.0,0.0,0.0,0.0,0.0,0.0,0.0,0.0,0.0,0.0,0.0,0.0,0.0,0.0,0.0,0.0,0.0
refrigeration,none,test_utility_2,single_family,19,0.0,0.0,0.0,0.0,0.0,0.0,0.0,0.0,0.0,0.0,0.0,0.0,0.0,0.0,0.0,0.0,0.0,0.0,0.0,0.0,0.0,0.0,0.0,0.0,0.0,0.0,0.0,0.0,0.0,0.0,0.0
refrigeration,none,test_utility_2,multifamily_li,0,0.0,0.0,0.0,0.0,0.0,0.0,0.0,0.0,0.0,0.0,0.0,0.0,0.0,0.0,0.0,0.0,0.0,0.0,0.0,0.0,0.0,0.0,0.0,0.0,0.0,0.0,0.0,0.0,0.0,0.0,0.0
refrigeration,none,test_utility_2,multifamily_li,1,0.0,0.0,0.0,0.0,0.0,0.0,0.0,0.0,0.0,0.0,0.0,0.0,0.0,0.0,0.0,0.0,0.0,0.0,0.0,0.0,0.0,0.0,0.0,0.0,0.0,0.0,0.0,0.0,0.0,0.0,0.0
refrigeration,none,test_utility_2,multifamily_li,2,0.0,0.0,0.0,0.0,0.0,0.0,0.0,0.0,0.0,0.0,0.0,0.0,0.0,0.0,0.0,0.0,0.0,0.0,0.0,0.0,0.0,0.0,0.0,0.0,0.0,0.0,0.0,0.0,0.0,0.0,0.0
refrigeration,none,test_utility_2,multifamily_li,3,0.0,0.0,0.0,0.0,0.0,0.0,0.0,0.0,0.0,0.0,0.0,0.0,0.0,0.0,0.0,0.0,0.0,0.0,0.0,0.0,0.0,0.0,0.0,0.0,0.0,0.0,0.0,0.0,0.0,0.0,0.0
refrigeration,none,test_utility_2,multifamily_li,4,0.0,0.0,0.0,0.0,0.0,0.0,0.0,0.0,0.0,0.0,0.0,0.0,0.0,0.0,0.0,0.0,0.0,0.0,0.0,0.0,0.0,0.0,0.0,0.0,0.0,0.0,0.0,0.0,0.0,0.0,0.0
refrigeration,none,test_utility_2,multifamily_li,5,0.0,0.0,0.0,0.0,0.0,0.0,0.0,0.0,0.0,0.0,0.0,0.0,0.0,0.0,0.0,0.0,0.0,0.0,0.0,0.0,0.0,0.0,0.0,0.0,0.0,0.0,0.0,0.0,0.0,0.0,0.0
refrigeration,none,test_utility_2,multifamily_li,6,0.0,0.0,0.0,0.0,0.0,0.0,0.0,0.0,0.0,0.0,0.0,0.0,0.0,0.0,0.0,0.0,0.0,0.0,0.0,0.0,0.0,0.0,0.0,0.0,0.0,0.0,0.0,0.0,0.0,0.0,0.0
refrigeration,none,test_utility_2,multifamily_li,7,0.0,0.0,0.0,0.0,0.0,0.0,0.0,0.0,0.0,0.0,0.0,0.0,0.0,0.0,0.0,0.0,0.0,0.0,0.0,0.0,0.0,0.0,0.0,0.0,0.0,0.0,0.0,0.0,0.0,0.0,0.0
refrigeration,none,test_utility_2,multifamily_li,8,0.0,0.0,0.0,0.0,0.0,0.0,0.0,0.0,0.0,0.0,0.0,0.0,0.0,0.0,0.0,0.0,0.0,0.0,0.0,0.0,0.0,0.0,0.0,0.0,0.0,0.0,0.0,0.0,0.0,0.0,0.0
refrigeration,none,test_utility_2,multifamily_li,9,0.0,0.0,0.0,0.0,0.0,0.0,0.0,0.0,0.0,0.0,0.0,0.0,0.0,0.0,0.0,0.0,0.0,0.0,0.0,0.0,0.0,0.0,0.0,0.0,0.0,0.0,0.0,0.0,0.0,0.0,0.0
refrigeration,none,test_utility_2,multifamily_li,10,0.0,0.0,0.0,0.0,0.0,0.0,0.0,0.0,0.0,0.0,0.0,0.0,0.0,0.0,0.0,0.0,0.0,0.0,0.0,0.0,0.0,0.0,0.0,0.0,0.0,0.0,0.0,0.0,0.0,0.0,0.0
refrigeration,none,test_utility_2,multifamily_li,11,0.0,0.0,0.0,0.0,0.0,0.0,0.0,0.0,0.0,0.0,0.0,0.0,0.0,0.0,0.0,0.0,0.0,0.0,0.0,0.0,0.0,0.0,0.0,0.0,0.0,0.0,0.0,0.0,0.0,0.0,0.0
refrigeration,none,test_utility_2,multifamily_li,12,0.0,0.0,0.0,0.0,0.0,0.0,0.0,0.0,0.0,0.0,0.0,0.0,0.0,0.0,0.0,0.0,0.0,0.0,0.0,0.0,0.0,0.0,0.0,0.0,0.0,0.0,0.0,0.0,0.0,0.0,0.0
refrigeration,none,test_utility_2,multifamily_li,13,0.0,0.0,0.0,0.0,0.0,0.0,0.0,0.0,0.0,0.0,0.0,0.0,0.0,0.0,0.0,0.0,0.0,0.0,0.0,0.0,0.0,0.0,0.0,0.0,0.0,0.0,0.0,0.0,0.0,0.0,0.0
refrigeration,none,test_utility_2,multifamily_li,14,0.0,0.0,0.0,0.0,0.0,0.0,0.0,0.0,0.0,0.0,0.0,0.0,0.0,0.0,0.0,0.0,0.0,0.0,0.0,0.0,0.0,0.0,0.0,0.0,0.0,0.0,0.0,0.0,0.0,0.0,0.0
refrigeration,none,test_utility_2,multifamily_li,15,0.0,0.0,0.0,0.0,0.0,0.0,0.0,0.0,0.0,0.0,0.0,0.0,0.0,0.0,0.0,0.0,0.0,0.0,0.0,0.0,0.0,0.0,0.0,0.0,0.0,0.0,0.0,0.0,0.0,0.0,0.0
refrigeration,none,test_utility_2,multifamily_li,16,0.0,0.0,0.0,0.0,0.0,0.0,0.0,0.0,0.0,0.0,0.0,0.0,0.0,0.0,0.0,0.0,0.0,0.0,0.0,0.0,0.0,0.0,0.0,0.0,0.0,0.0,0.0,0.0,0.0,0.0,0.0
refrigeration,none,test_utility_2,multifamily_li,17,0.0,0.0,0.0,0.0,0.0,0.0,0.0,0.0,0.0,0.0,0.0,0.0,0.0,0.0,0.0,0.0,0.0,0.0,0.0,0.0,0.0,0.0,0.0,0.0,0.0,0.0,0.0,0.0,0.0,0.0,0.0
refrigeration,none,test_utility_2,multifamily_li,18,0.0,0.0,0.0,0.0,0.0,0.0,0.0,0.0,0.0,0.0,0.0,0.0,0.0,0.0,0.0,0.0,0.0,0.0,0.0,0.0,0.0,0.0,0.0,0.0,0.0,0.0,0.0,0.0,0.0,0.0,0.0
refrigeration,none,test_utility_2,multifamily_li,19,0.0,0.0,0.0,0.0,0.0,0.0,0.0,0.0,0.0,0.0,0.0,0.0,0.0,0.0,0.0,0.0,0.0,0.0,0.0,0.0,0.0,0.0,0.0,0.0,0.0,0.0,0.0,0.0,0.0,0.0,0.0
refrigeration,none,test_utility_2,single_family_li,0,0.0,0.0,0.0,0.0,0.0,0.0,0.0,0.0,0.0,0.0,0.0,0.0,0.0,0.0,0.0,0.0,0.0,0.0,0.0,0.0,0.0,0.0,0.0,0.0,0.0,0.0,0.0,0.0,0.0,0.0,0.0
refrigeration,none,test_utility_2,single_family_li,1,0.0,0.0,0.0,0.0,0.0,0.0,0.0,0.0,0.0,0.0,0.0,0.0,0.0,0.0,0.0,0.0,0.0,0.0,0.0,0.0,0.0,0.0,0.0,0.0,0.0,0.0,0.0,0.0,0.0,0.0,0.0
refrigeration,none,test_utility_2,single_family_li,2,0.0,0.0,0.0,0.0,0.0,0.0,0.0,0.0,0.0,0.0,0.0,0.0,0.0,0.0,0.0,0.0,0.0,0.0,0.0,0.0,0.0,0.0,0.0,0.0,0.0,0.0,0.0,0.0,0.0,0.0,0.0
refrigeration,none,test_utility_2,single_family_li,3,0.0,0.0,0.0,0.0,0.0,0.0,0.0,0.0,0.0,0.0,0.0,0.0,0.0,0.0,0.0,0.0,0.0,0.0,0.0,0.0,0.0,0.0,0.0,0.0,0.0,0.0,0.0,0.0,0.0,0.0,0.0
refrigeration,none,test_utility_2,single_family_li,4,0.0,0.0,0.0,0.0,0.0,0.0,0.0,0.0,0.0,0.0,0.0,0.0,0.0,0.0,0.0,0.0,0.0,0.0,0.0,0.0,0.0,0.0,0.0,0.0,0.0,0.0,0.0,0.0,0.0,0.0,0.0
refrigeration,none,test_utility_2,single_family_li,5,0.0,0.0,0.0,0.0,0.0,0.0,0.0,0.0,0.0,0.0,0.0,0.0,0.0,0.0,0.0,0.0,0.0,0.0,0.0,0.0,0.0,0.0,0.0,0.0,0.0,0.0,0.0,0.0,0.0,0.0,0.0
refrigeration,none,test_utility_2,single_family_li,6,0.0,0.0,0.0,0.0,0.0,0.0,0.0,0.0,0.0,0.0,0.0,0.0,0.0,0.0,0.0,0.0,0.0,0.0,0.0,0.0,0.0,0.0,0.0,0.0,0.0,0.0,0.0,0.0,0.0,0.0,0.0
refrigeration,none,test_utility_2,single_family_li,7,0.0,0.0,0.0,0.0,0.0,0.0,0.0,0.0,0.0,0.0,0.0,0.0,0.0,0.0,0.0,0.0,0.0,0.0,0.0,0.0,0.0,0.0,0.0,0.0,0.0,0.0,0.0,0.0,0.0,0.0,0.0
refrigeration,none,test_utility_2,single_family_li,8,0.0,0.0,0.0,0.0,0.0,0.0,0.0,0.0,0.0,0.0,0.0,0.0,0.0,0.0,0.0,0.0,0.0,0.0,0.0,0.0,0.0,0.0,0.0,0.0,0.0,0.0,0.0,0.0,0.0,0.0,0.0
refrigeration,none,test_utility_2,single_family_li,9,0.0,0.0,0.0,0.0,0.0,0.0,0.0,0.0,0.0,0.0,0.0,0.0,0.0,0.0,0.0,0.0,0.0,0.0,0.0,0.0,0.0,0.0,0.0,0.0,0.0,0.0,0.0,0.0,0.0,0.0,0.0
refrigeration,none,test_utility_2,single_family_li,10,0.0,0.0,0.0,0.0,0.0,0.0,0.0,0.0,0.0,0.0,0.0,0.0,0.0,0.0,0.0,0.0,0.0,0.0,0.0,0.0,0.0,0.0,0.0,0.0,0.0,0.0,0.0,0.0,0.0,0.0,0.0
refrigeration,none,test_utility_2,single_family_li,11,0.0,0.0,0.0,0.0,0.0,0.0,0.0,0.0,0.0,0.0,0.0,0.0,0.0,0.0,0.0,0.0,0.0,0.0,0.0,0.0,0.0,0.0,0.0,0.0,0.0,0.0,0.0,0.0,0.0,0.0,0.0
refrigeration,none,test_utility_2,single_family_li,12,0.0,0.0,0.0,0.0,0.0,0.0,0.0,0.0,0.0,0.0,0.0,0.0,0.0,0.0,0.0,0.0,0.0,0.0,0.0,0.0,0.0,0.0,0.0,0.0,0.0,0.0,0.0,0.0,0.0,0.0,0.0
refrigeration,none,test_utility_2,single_family_li,13,0.0,0.0,0.0,0.0,0.0,0.0,0.0,0.0,0.0,0.0,0.0,0.0,0.0,0.0,0.0,0.0,0.0,0.0,0.0,0.0,0.0,0.0,0.0,0.0,0.0,0.0,0.0,0.0,0.0,0.0,0.0
refrigeration,none,test_utility_2,single_family_li,14,0.0,0.0,0.0,0.0,0.0,0.0,0.0,0.0,0.0,0.0,0.0,0.0,0.0,0.0,0.0,0.0,0.0,0.0,0.0,0.0,0.0,0.0,0.0,0.0,0.0,0.0,0.0,0.0,0.0,0.0,0.0
refrigeration,none,test_utility_2,single_family_li,15,0.0,0.0,0.0,0.0,0.0,0.0,0.0,0.0,0.0,0.0,0.0,0.0,0.0,0.0,0.0,0.0,0.0,0.0,0.0,0.0,0.0,0.0,0.0,0.0,0.0,0.0,0.0,0.0,0.0,0.0,0.0
refrigeration,none,test_utility_2,single_family_li,16,0.0,0.0,0.0,0.0,0.0,0.0,0.0,0.0,0.0,0.0,0.0,0.0,0.0,0.0,0.0,0.0,0.0,0.0,0.0,0.0,0.0,0.0,0.0,0.0,0.0,0.0,0.0,0.0,0.0,0.0,0.0
refrigeration,none,test_utility_2,single_family_li,17,0.0,0.0,0.0,0.0,0.0,0.0,0.0,0.0,0.0,0.0,0.0,0.0,0.0,0.0,0.0,0.0,0.0,0.0,0.0,0.0,0.0,0.0,0.0,0.0,0.0,0.0,0.0,0.0,0.0,0.0,0.0
refrigeration,none,test_utility_2,single_family_li,18,0.0,0.0,0.0,0.0,0.0,0.0,0.0,0.0,0.0,0.0,0.0,0.0,0.0,0.0,0.0,0.0,0.0,0.0,0.0,0.0,0.0,0.0,0.0,0.0,0.0,0.0,0.0,0.0,0.0,0.0,0.0
refrigeration,none,test_utility_2,single_family_li,19,0.0,0.0,0.0,0.0,0.0,0.0,0.0,0.0,0.0,0.0,0.0,0.0,0.0,0.0,0.0,0.0,0.0,0.0,0.0,0.0,0.0,0.0,0.0,0.0,0.0,0.0,0.0,0.0,0.0,0.0,0.0
refrigeration,test_utility_2,test_utility_1,multifamily,0,0.0,0.0,0.0,0.0,0.0,0.0,0.0,0.0,0.0,0.0,0.0,0.0,0.0,0.0,0.0,0.0,0.0,0.0,0.0,0.0,0.0,0.0,0.0,0.0,0.0,0.0,0.0,0.0,0.0,0.0,0.0
refrigeration,test_utility_2,test_utility_1,multifamily,1,0.0,0.0,0.0,0.0,0.0,0.0,0.0,0.0,0.0,0.0,0.0,0.0,0.0,0.0,0.0,0.0,0.0,0.0,0.0,0.0,0.0,0.0,0.0,0.0,0.0,0.0,0.0,0.0,0.0,0.0,0.0
refrigeration,test_utility_2,test_utility_1,multifamily,2,0.0,0.0,0.0,0.0,0.0,0.0,0.0,0.0,0.0,0.0,0.0,0.0,0.0,0.0,0.0,0.0,0.0,0.0,0.0,0.0,0.0,0.0,0.0,0.0,0.0,0.0,0.0,0.0,0.0,0.0,0.0
refrigeration,test_utility_2,test_utility_1,multifamily,3,0.0,0.0,0.0,0.0,0.0,0.0,0.0,0.0,0.0,0.0,0.0,0.0,0.0,0.0,0.0,0.0,0.0,0.0,0.0,0.0,0.0,0.0,0.0,0.0,0.0,0.0,0.0,0.0,0.0,0.0,0.0
refrigeration,test_utility_2,test_utility_1,multifamily,4,0.0,0.0,0.0,0.0,0.0,0.0,0.0,0.0,0.0,0.0,0.0,0.0,0.0,0.0,0.0,0.0,0.0,0.0,0.0,0.0,0.0,0.0,0.0,0.0,0.0,0.0,0.0,0.0,0.0,0.0,0.0
refrigeration,test_utility_2,test_utility_1,multifamily,5,0.0,0.0,0.0,0.0,0.0,0.0,0.0,0.0,0.0,0.0,0.0,0.0,0.0,0.0,0.0,0.0,0.0,0.0,0.0,0.0,0.0,0.0,0.0,0.0,0.0,0.0,0.0,0.0,0.0,0.0,0.0
refrigeration,test_utility_2,test_utility_1,multifamily,6,0.0,0.0,0.0,0.0,0.0,0.0,0.0,0.0,0.0,0.0,0.0,0.0,0.0,0.0,0.0,0.0,0.0,0.0,0.0,0.0,0.0,0.0,0.0,0.0,0.0,0.0,0.0,0.0,0.0,0.0,0.0
refrigeration,test_utility_2,test_utility_1,multifamily,7,0.0,0.0,0.0,0.0,0.0,0.0,0.0,0.0,0.0,0.0,0.0,0.0,0.0,0.0,0.0,0.0,0.0,0.0,0.0,0.0,0.0,0.0,0.0,0.0,0.0,0.0,0.0,0.0,0.0,0.0,0.0
refrigeration,test_utility_2,test_utility_1,multifamily,8,0.0,0.0,0.0,0.0,0.0,0.0,0.0,0.0,0.0,0.0,0.0,0.0,0.0,0.0,0.0,0.0,0.0,0.0,0.0,0.0,0.0,0.0,0.0,0.0,0.0,0.0,0.0,0.0,0.0,0.0,0.0
refrigeration,test_utility_2,test_utility_1,multifamily,9,0.0,0.0,0.0,0.0,0.0,0.0,0.0,0.0,0.0,0.0,0.0,0.0,0.0,0.0,0.0,0.0,0.0,0.0,0.0,0.0,0.0,0.0,0.0,0.0,0.0,0.0,0.0,0.0,0.0,0.0,0.0
refrigeration,test_utility_2,test_utility_1,multifamily,10,0.0,0.0,0.0,0.0,0.0,0.0,0.0,0.0,0.0,0.0,0.0,0.0,0.0,0.0,0.0,0.0,0.0,0.0,0.0,0.0,0.0,0.0,0.0,0.0,0.0,0.0,0.0,0.0,0.0,0.0,0.0
refrigeration,test_utility_2,test_utility_1,multifamily,11,0.0,0.0,0.0,0.0,0.0,0.0,0.0,0.0,0.0,0.0,0.0,0.0,0.0,0.0,0.0,0.0,0.0,0.0,0.0,0.0,0.0,0.0,0.0,0.0,0.0,0.0,0.0,0.0,0.0,0.0,0.0
refrigeration,test_utility_2,test_utility_1,multifamily,12,0.0,0.0,0.0,0.0,0.0,0.0,0.0,0.0,0.0,0.0,0.0,0.0,0.0,0.0,0.0,0.0,0.0,0.0,0.0,0.0,0.0,0.0,0.0,0.0,0.0,0.0,0.0,0.0,0.0,0.0,0.0
refrigeration,test_utility_2,test_utility_1,multifamily,13,0.0,0.0,0.0,0.0,0.0,0.0,0.0,0.0,0.0,0.0,0.0,0.0,0.0,0.0,0.0,0.0,0.0,0.0,0.0,0.0,0.0,0.0,0.0,0.0,0.0,0.0,0.0,0.0,0.0,0.0,0.0
refrigeration,test_utility_2,test_utility_1,multifamily,14,0.0,0.0,0.0,0.0,0.0,0.0,0.0,0.0,0.0,0.0,0.0,0.0,0.0,0.0,0.0,0.0,0.0,0.0,0.0,0.0,0.0,0.0,0.0,0.0,0.0,0.0,0.0,0.0,0.0,0.0,0.0
refrigeration,test_utility_2,test_utility_1,multifamily,15,0.0,0.0,0.0,0.0,0.0,0.0,0.0,0.0,0.0,0.0,0.0,0.0,0.0,0.0,0.0,0.0,0.0,0.0,0.0,0.0,0.0,0.0,0.0,0.0,0.0,0.0,0.0,0.0,0.0,0.0,0.0
refrigeration,test_utility_2,test_utility_1,multifamily,16,0.0,0.0,0.0,0.0,0.0,0.0,0.0,0.0,0.0,0.0,0.0,0.0,0.0,0.0,0.0,0.0,0.0,0.0,0.0,0.0,0.0,0.0,0.0,0.0,0.0,0.0,0.0,0.0,0.0,0.0,0.0
refrigeration,test_utility_2,test_utility_1,multifamily,17,0.0,0.0,0.0,0.0,0.0,0.0,0.0,0.0,0.0,0.0,0.0,0.0,0.0,0.0,0.0,0.0,0.0,0.0,0.0,0.0,0.0,0.0,0.0,0.0,0.0,0.0,0.0,0.0,0.0,0.0,0.0
refrigeration,test_utility_2,test_utility_1,multifamily,18,0.0,0.0,0.0,0.0,0.0,0.0,0.0,0.0,0.0,0.0,0.0,0.0,0.0,0.0,0.0,0.0,0.0,0.0,0.0,0.0,0.0,0.0,0.0,0.0,0.0,0.0,0.0,0.0,0.0,0.0,0.0
refrigeration,test_utility_2,test_utility_1,multifamily,19,0.0,0.0,0.0,0.0,0.0,0.0,0.0,0.0,0.0,0.0,0.0,0.0,0.0,0.0,0.0,0.0,0.0,0.0,0.0,0.0,0.0,0.0,0.0,0.0,0.0,0.0,0.0,0.0,0.0,0.0,0.0
refrigeration,test_utility_2,test_utility_1,single_family,0,0.0,0.0,0.0,0.0,0.0,0.0,0.0,0.0,0.0,0.0,0.0,0.0,0.0,0.0,0.0,0.0,0.0,0.0,0.0,0.0,0.0,0.0,0.0,0.0,0.0,0.0,0.0,0.0,0.0,0.0,0.0
refrigeration,test_utility_2,test_utility_1,single_family,1,0.0,0.0,0.0,0.0,0.0,0.0,0.0,0.0,0.0,0.0,0.0,0.0,0.0,0.0,0.0,0.0,0.0,0.0,0.0,0.0,0.0,0.0,0.0,0.0,0.0,0.0,0.0,0.0,0.0,0.0,0.0
refrigeration,test_utility_2,test_utility_1,single_family,2,0.0,0.0,0.0,0.0,0.0,0.0,0.0,0.0,0.0,0.0,0.0,0.0,0.0,0.0,0.0,0.0,0.0,0.0,0.0,0.0,0.0,0.0,0.0,0.0,0.0,0.0,0.0,0.0,0.0,0.0,0.0
refrigeration,test_utility_2,test_utility_1,single_family,3,0.0,0.0,0.0,0.0,0.0,0.0,0.0,0.0,0.0,0.0,0.0,0.0,0.0,0.0,0.0,0.0,0.0,0.0,0.0,0.0,0.0,0.0,0.0,0.0,0.0,0.0,0.0,0.0,0.0,0.0,0.0
refrigeration,test_utility_2,test_utility_1,single_family,4,0.0,0.0,0.0,0.0,0.0,0.0,0.0,0.0,0.0,0.0,0.0,0.0,0.0,0.0,0.0,0.0,0.0,0.0,0.0,0.0,0.0,0.0,0.0,0.0,0.0,0.0,0.0,0.0,0.0,0.0,0.0
refrigeration,test_utility_2,test_utility_1,single_family,5,0.0,0.0,0.0,0.0,0.0,0.0,0.0,0.0,0.0,0.0,0.0,0.0,0.0,0.0,0.0,0.0,0.0,0.0,0.0,0.0,0.0,0.0,0.0,0.0,0.0,0.0,0.0,0.0,0.0,0.0,0.0
refrigeration,test_utility_2,test_utility_1,single_family,6,0.0,0.0,0.0,0.0,0.0,0.0,0.0,0.0,0.0,0.0,0.0,0.0,0.0,0.0,0.0,0.0,0.0,0.0,0.0,0.0,0.0,0.0,0.0,0.0,0.0,0.0,0.0,0.0,0.0,0.0,0.0
refrigeration,test_utility_2,test_utility_1,single_family,7,0.0,0.0,0.0,0.0,0.0,0.0,0.0,0.0,0.0,0.0,0.0,0.0,0.0,0.0,0.0,0.0,0.0,0.0,0.0,0.0,0.0,0.0,0.0,0.0,0.0,0.0,0.0,0.0,0.0,0.0,0.0
refrigeration,test_utility_2,test_utility_1,single_family,8,0.0,0.0,0.0,0.0,0.0,0.0,0.0,0.0,0.0,0.0,0.0,0.0,0.0,0.0,0.0,0.0,0.0,0.0,0.0,0.0,0.0,0.0,0.0,0.0,0.0,0.0,0.0,0.0,0.0,0.0,0.0
refrigeration,test_utility_2,test_utility_1,single_family,9,0.0,0.0,0.0,0.0,0.0,0.0,0.0,0.0,0.0,0.0,0.0,0.0,0.0,0.0,0.0,0.0,0.0,0.0,0.0,0.0,0.0,0.0,0.0,0.0,0.0,0.0,0.0,0.0,0.0,0.0,0.0
refrigeration,test_utility_2,test_utility_1,single_family,10,0.0,0.0,0.0,0.0,0.0,0.0,0.0,0.0,0.0,0.0,0.0,0.0,0.0,0.0,0.0,0.0,0.0,0.0,0.0,0.0,0.0,0.0,0.0,0.0,0.0,0.0,0.0,0.0,0.0,0.0,0.0
refrigeration,test_utility_2,test_utility_1,single_family,11,0.0,0.0,0.0,0.0,0.0,0.0,0.0,0.0,0.0,0.0,0.0,0.0,0.0,0.0,0.0,0.0,0.0,0.0,0.0,0.0,0.0,0.0,0.0,0.0,0.0,0.0,0.0,0.0,0.0,0.0,0.0
refrigeration,test_utility_2,test_utility_1,single_family,12,0.0,0.0,0.0,0.0,0.0,0.0,0.0,0.0,0.0,0.0,0.0,0.0,0.0,0.0,0.0,0.0,0.0,0.0,0.0,0.0,0.0,0.0,0.0,0.0,0.0,0.0,0.0,0.0,0.0,0.0,0.0
refrigeration,test_utility_2,test_utility_1,single_family,13,0.0,0.0,0.0,0.0,0.0,0.0,0.0,0.0,0.0,0.0,0.0,0.0,0.0,0.0,0.0,0.0,0.0,0.0,0.0,0.0,0.0,0.0,0.0,0.0,0.0,0.0,0.0,0.0,0.0,0.0,0.0
refrigeration,test_utility_2,test_utility_1,single_family,14,0.0,0.0,0.0,0.0,0.0,0.0,0.0,0.0,0.0,0.0,0.0,0.0,0.0,0.0,0.0,0.0,0.0,0.0,0.0,0.0,0.0,0.0,0.0,0.0,0.0,0.0,0.0,0.0,0.0,0.0,0.0
refrigeration,test_utility_2,test_utility_1,single_family,15,0.0,0.0,0.0,0.0,0.0,0.0,0.0,0.0,0.0,0.0,0.0,0.0,0.0,0.0,0.0,0.0,0.0,0.0,0.0,0.0,0.0,0.0,0.0,0.0,0.0,0.0,0.0,0.0,0.0,0.0,0.0
refrigeration,test_utility_2,test_utility_1,single_family,16,0.0,0.0,0.0,0.0,0.0,0.0,0.0,0.0,0.0,0.0,0.0,0.0,0.0,0.0,0.0,0.0,0.0,0.0,0.0,0.0,0.0,0.0,0.0,0.0,0.0,0.0,0.0,0.0,0.0,0.0,0.0
refrigeration,test_utility_2,test_utility_1,single_family,17,0.0,0.0,0.0,0.0,0.0,0.0,0.0,0.0,0.0,0.0,0.0,0.0,0.0,0.0,0.0,0.0,0.0,0.0,0.0,0.0,0.0,0.0,0.0,0.0,0.0,0.0,0.0,0.0,0.0,0.0,0.0
refrigeration,test_utility_2,test_utility_1,single_family,18,0.0,0.0,0.0,0.0,0.0,0.0,0.0,0.0,0.0,0.0,0.0,0.0,0.0,0.0,0.0,0.0,0.0,0.0,0.0,0.0,0.0,0.0,0.0,0.0,0.0,0.0,0.0,0.0,0.0,0.0,0.0
refrigeration,test_utility_2,test_utility_1,single_family,19,0.0,0.0,0.0,0.0,0.0,0.0,0.0,0.0,0.0,0.0,0.0,0.0,0.0,0.0,0.0,0.0,0.0,0.0,0.0,0.0,0.0,0.0,0.0,0.0,0.0,0.0,0.0,0.0,0.0,0.0,0.0
refrigeration,test_utility_2,test_utility_1,multifamily_li,0,0.0,0.0,0.0,0.0,0.0,0.0,0.0,0.0,0.0,0.0,0.0,0.0,0.0,0.0,0.0,0.0,0.0,0.0,0.0,0.0,0.0,0.0,0.0,0.0,0.0,0.0,0.0,0.0,0.0,0.0,0.0
refrigeration,test_utility_2,test_utility_1,multifamily_li,1,0.0,0.0,0.0,0.0,0.0,0.0,0.0,0.0,0.0,0.0,0.0,0.0,0.0,0.0,0.0,0.0,0.0,0.0,0.0,0.0,0.0,0.0,0.0,0.0,0.0,0.0,0.0,0.0,0.0,0.0,0.0
refrigeration,test_utility_2,test_utility_1,multifamily_li,2,0.0,0.0,0.0,0.0,0.0,0.0,0.0,0.0,0.0,0.0,0.0,0.0,0.0,0.0,0.0,0.0,0.0,0.0,0.0,0.0,0.0,0.0,0.0,0.0,0.0,0.0,0.0,0.0,0.0,0.0,0.0
refrigeration,test_utility_2,test_utility_1,multifamily_li,3,0.0,0.0,0.0,0.0,0.0,0.0,0.0,0.0,0.0,0.0,0.0,0.0,0.0,0.0,0.0,0.0,0.0,0.0,0.0,0.0,0.0,0.0,0.0,0.0,0.0,0.0,0.0,0.0,0.0,0.0,0.0
refrigeration,test_utility_2,test_utility_1,multifamily_li,4,0.0,0.0,0.0,0.0,0.0,0.0,0.0,0.0,0.0,0.0,0.0,0.0,0.0,0.0,0.0,0.0,0.0,0.0,0.0,0.0,0.0,0.0,0.0,0.0,0.0,0.0,0.0,0.0,0.0,0.0,0.0
refrigeration,test_utility_2,test_utility_1,multifamily_li,5,0.0,0.0,0.0,0.0,0.0,0.0,0.0,0.0,0.0,0.0,0.0,0.0,0.0,0.0,0.0,0.0,0.0,0.0,0.0,0.0,0.0,0.0,0.0,0.0,0.0,0.0,0.0,0.0,0.0,0.0,0.0
refrigeration,test_utility_2,test_utility_1,multifamily_li,6,0.0,0.0,0.0,0.0,0.0,0.0,0.0,0.0,0.0,0.0,0.0,0.0,0.0,0.0,0.0,0.0,0.0,0.0,0.0,0.0,0.0,0.0,0.0,0.0,0.0,0.0,0.0,0.0,0.0,0.0,0.0
refrigeration,test_utility_2,test_utility_1,multifamily_li,7,0.0,0.0,0.0,0.0,0.0,0.0,0.0,0.0,0.0,0.0,0.0,0.0,0.0,0.0,0.0,0.0,0.0,0.0,0.0,0.0,0.0,0.0,0.0,0.0,0.0,0.0,0.0,0.0,0.0,0.0,0.0
refrigeration,test_utility_2,test_utility_1,multifamily_li,8,0.0,0.0,0.0,0.0,0.0,0.0,0.0,0.0,0.0,0.0,0.0,0.0,0.0,0.0,0.0,0.0,0.0,0.0,0.0,0.0,0.0,0.0,0.0,0.0,0.0,0.0,0.0,0.0,0.0,0.0,0.0
refrigeration,test_utility_2,test_utility_1,multifamily_li,9,0.0,0.0,0.0,0.0,0.0,0.0,0.0,0.0,0.0,0.0,0.0,0.0,0.0,0.0,0.0,0.0,0.0,0.0,0.0,0.0,0.0,0.0,0.0,0.0,0.0,0.0,0.0,0.0,0.0,0.0,0.0
refrigeration,test_utility_2,test_utility_1,multifamily_li,10,0.0,0.0,0.0,0.0,0.0,0.0,0.0,0.0,0.0,0.0,0.0,0.0,0.0,0.0,0.0,0.0,0.0,0.0,0.0,0.0,0.0,0.0,0.0,0.0,0.0,0.0,0.0,0.0,0.0,0.0,0.0
refrigeration,test_utility_2,test_utility_1,multifamily_li,11,0.0,0.0,0.0,0.0,0.0,0.0,0.0,0.0,0.0,0.0,0.0,0.0,0.0,0.0,0.0,0.0,0.0,0.0,0.0,0.0,0.0,0.0,0.0,0.0,0.0,0.0,0.0,0.0,0.0,0.0,0.0
refrigeration,test_utility_2,test_utility_1,multifamily_li,12,0.0,0.0,0.0,0.0,0.0,0.0,0.0,0.0,0.0,0.0,0.0,0.0,0.0,0.0,0.0,0.0,0.0,0.0,0.0,0.0,0.0,0.0,0.0,0.0,0.0,0.0,0.0,0.0,0.0,0.0,0.0
refrigeration,test_utility_2,test_utility_1,multifamily_li,13,0.0,0.0,0.0,0.0,0.0,0.0,0.0,0.0,0.0,0.0,0.0,0.0,0.0,0.0,0.0,0.0,0.0,0.0,0.0,0.0,0.0,0.0,0.0,0.0,0.0,0.0,0.0,0.0,0.0,0.0,0.0
refrigeration,test_utility_2,test_utility_1,multifamily_li,14,0.0,0.0,0.0,0.0,0.0,0.0,0.0,0.0,0.0,0.0,0.0,0.0,0.0,0.0,0.0,0.0,0.0,0.0,0.0,0.0,0.0,0.0,0.0,0.0,0.0,0.0,0.0,0.0,0.0,0.0,0.0
refrigeration,test_utility_2,test_utility_1,multifamily_li,15,0.0,0.0,0.0,0.0,0.0,0.0,0.0,0.0,0.0,0.0,0.0,0.0,0.0,0.0,0.0,0.0,0.0,0.0,0.0,0.0,0.0,0.0,0.0,0.0,0.0,0.0,0.0,0.0,0.0,0.0,0.0
refrigeration,test_utility_2,test_utility_1,multifamily_li,16,0.0,0.0,0.0,0.0,0.0,0.0,0.0,0.0,0.0,0.0,0.0,0.0,0.0,0.0,0.0,0.0,0.0,0.0,0.0,0.0,0.0,0.0,0.0,0.0,0.0,0.0,0.0,0.0,0.0,0.0,0.0
refrigeration,test_utility_2,test_utility_1,multifamily_li,17,0.0,0.0,0.0,0.0,0.0,0.0,0.0,0.0,0.0,0.0,0.0,0.0,0.0,0.0,0.0,0.0,0.0,0.0,0.0,0.0,0.0,0.0,0.0,0.0,0.0,0.0,0.0,0.0,0.0,0.0,0.0
refrigeration,test_utility_2,test_utility_1,multifamily_li,18,0.0,0.0,0.0,0.0,0.0,0.0,0.0,0.0,0.0,0.0,0.0,0.0,0.0,0.0,0.0,0.0,0.0,0.0,0.0,0.0,0.0,0.0,0.0,0.0,0.0,0.0,0.0,0.0,0.0,0.0,0.0
refrigeration,test_utility_2,test_utility_1,multifamily_li,19,0.0,0.0,0.0,0.0,0.0,0.0,0.0,0.0,0.0,0.0,0.0,0.0,0.0,0.0,0.0,0.0,0.0,0.0,0.0,0.0,0.0,0.0,0.0,0.0,0.0,0.0,0.0,0.0,0.0,0.0,0.0
refrigeration,test_utility_2,test_utility_1,single_family_li,0,0.0,0.0,0.0,0.0,0.0,0.0,0.0,0.0,0.0,0.0,0.0,0.0,0.0,0.0,0.0,0.0,0.0,0.0,0.0,0.0,0.0,0.0,0.0,0.0,0.0,0.0,0.0,0.0,0.0,0.0,0.0
refrigeration,test_utility_2,test_utility_1,single_family_li,1,0.0,0.0,0.0,0.0,0.0,0.0,0.0,0.0,0.0,0.0,0.0,0.0,0.0,0.0,0.0,0.0,0.0,0.0,0.0,0.0,0.0,0.0,0.0,0.0,0.0,0.0,0.0,0.0,0.0,0.0,0.0
refrigeration,test_utility_2,test_utility_1,single_family_li,2,0.0,0.0,0.0,0.0,0.0,0.0,0.0,0.0,0.0,0.0,0.0,0.0,0.0,0.0,0.0,0.0,0.0,0.0,0.0,0.0,0.0,0.0,0.0,0.0,0.0,0.0,0.0,0.0,0.0,0.0,0.0
refrigeration,test_utility_2,test_utility_1,single_family_li,3,0.0,0.0,0.0,0.0,0.0,0.0,0.0,0.0,0.0,0.0,0.0,0.0,0.0,0.0,0.0,0.0,0.0,0.0,0.0,0.0,0.0,0.0,0.0,0.0,0.0,0.0,0.0,0.0,0.0,0.0,0.0
refrigeration,test_utility_2,test_utility_1,single_family_li,4,0.0,0.0,0.0,0.0,0.0,0.0,0.0,0.0,0.0,0.0,0.0,0.0,0.0,0.0,0.0,0.0,0.0,0.0,0.0,0.0,0.0,0.0,0.0,0.0,0.0,0.0,0.0,0.0,0.0,0.0,0.0
refrigeration,test_utility_2,test_utility_1,single_family_li,5,0.0,0.0,0.0,0.0,0.0,0.0,0.0,0.0,0.0,0.0,0.0,0.0,0.0,0.0,0.0,0.0,0.0,0.0,0.0,0.0,0.0,0.0,0.0,0.0,0.0,0.0,0.0,0.0,0.0,0.0,0.0
refrigeration,test_utility_2,test_utility_1,single_family_li,6,0.0,0.0,0.0,0.0,0.0,0.0,0.0,0.0,0.0,0.0,0.0,0.0,0.0,0.0,0.0,0.0,0.0,0.0,0.0,0.0,0.0,0.0,0.0,0.0,0.0,0.0,0.0,0.0,0.0,0.0,0.0
refrigeration,test_utility_2,test_utility_1,single_family_li,7,0.0,0.0,0.0,0.0,0.0,0.0,0.0,0.0,0.0,0.0,0.0,0.0,0.0,0.0,0.0,0.0,0.0,0.0,0.0,0.0,0.0,0.0,0.0,0.0,0.0,0.0,0.0,0.0,0.0,0.0,0.0
refrigeration,test_utility_2,test_utility_1,single_family_li,8,0.0,0.0,0.0,0.0,0.0,0.0,0.0,0.0,0.0,0.0,0.0,0.0,0.0,0.0,0.0,0.0,0.0,0.0,0.0,0.0,0.0,0.0,0.0,0.0,0.0,0.0,0.0,0.0,0.0,0.0,0.0
refrigeration,test_utility_2,test_utility_1,single_family_li,9,0.0,0.0,0.0,0.0,0.0,0.0,0.0,0.0,0.0,0.0,0.0,0.0,0.0,0.0,0.0,0.0,0.0,0.0,0.0,0.0,0.0,0.0,0.0,0.0,0.0,0.0,0.0,0.0,0.0,0.0,0.0
refrigeration,test_utility_2,test_utility_1,single_family_li,10,0.0,0.0,0.0,0.0,0.0,0.0,0.0,0.0,0.0,0.0,0.0,0.0,0.0,0.0,0.0,0.0,0.0,0.0,0.0,0.0,0.0,0.0,0.0,0.0,0.0,0.0,0.0,0.0,0.0,0.0,0.0
refrigeration,test_utility_2,test_utility_1,single_family_li,11,0.0,0.0,0.0,0.0,0.0,0.0,0.0,0.0,0.0,0.0,0.0,0.0,0.0,0.0,0.0,0.0,0.0,0.0,0.0,0.0,0.0,0.0,0.0,0.0,0.0,0.0,0.0,0.0,0.0,0.0,0.0
refrigeration,test_utility_2,test_utility_1,single_family_li,12,0.0,0.0,0.0,0.0,0.0,0.0,0.0,0.0,0.0,0.0,0.0,0.0,0.0,0.0,0.0,0.0,0.0,0.0,0.0,0.0,0.0,0.0,0.0,0.0,0.0,0.0,0.0,0.0,0.0,0.0,0.0
refrigeration,test_utility_2,test_utility_1,single_family_li,13,0.0,0.0,0.0,0.0,0.0,0.0,0.0,0.0,0.0,0.0,0.0,0.0,0.0,0.0,0.0,0.0,0.0,0.0,0.0,0.0,0.0,0.0,0.0,0.0,0.0,0.0,0.0,0.0,0.0,0.0,0.0
refrigeration,test_utility_2,test_utility_1,single_family_li,14,0.0,0.0,0.0,0.0,0.0,0.0,0.0,0.0,0.0,0.0,0.0,0.0,0.0,0.0,0.0,0.0,0.0,0.0,0.0,0.0,0.0,0.0,0.0,0.0,0.0,0.0,0.0,0.0,0.0,0.0,0.0
refrigeration,test_utility_2,test_utility_1,single_family_li,15,0.0,0.0,0.0,0.0,0.0,0.0,0.0,0.0,0.0,0.0,0.0,0.0,0.0,0.0,0.0,0.0,0.0,0.0,0.0,0.0,0.0,0.0,0.0,0.0,0.0,0.0,0.0,0.0,0.0,0.0,0.0
refrigeration,test_utility_2,test_utility_1,single_family_li,16,0.0,0.0,0.0,0.0,0.0,0.0,0.0,0.0,0.0,0.0,0.0,0.0,0.0,0.0,0.0,0.0,0.0,0.0,0.0,0.0,0.0,0.0,0.0,0.0,0.0,0.0,0.0,0.0,0.0,0.0,0.0
refrigeration,test_utility_2,test_utility_1,single_family_li,17,0.0,0.0,0.0,0.0,0.0,0.0,0.0,0.0,0.0,0.0,0.0,0.0,0.0,0.0,0.0,0.0,0.0,0.0,0.0,0.0,0.0,0.0,0.0,0.0,0.0,0.0,0.0,0.0,0.0,0.0,0.0
refrigeration,test_utility_2,test_utility_1,single_family_li,18,0.0,0.0,0.0,0.0,0.0,0.0,0.0,0.0,0.0,0.0,0.0,0.0,0.0,0.0,0.0,0.0,0.0,0.0,0.0,0.0,0.0,0.0,0.0,0.0,0.0,0.0,0.0,0.0,0.0,0.0,0.0
refrigeration,test_utility_2,test_utility_1,single_family_li,19,0.0,0.0,0.0,0.0,0.0,0.0,0.0,0.0,0.0,0.0,0.0,0.0,0.0,0.0,0.0,0.0,0.0,0.0,0.0,0.0,0.0,0.0,0.0,0.0,0.0,0.0,0.0,0.0,0.0,0.0,0.0
refrigeration,test_utility_2,none,multifamily,0,0.0,0.0,0.0,0.0,0.0,0.0,0.0,0.0,0.0,0.0,0.0,0.0,0.0,0.0,0.0,0.0,0.0,0.0,0.0,0.0,0.0,0.0,0.0,0.0,0.0,0.0,0.0,0.0,0.0,0.0,0.0
refrigeration,test_utility_2,none,multifamily,1,0.0,0.0,0.0,0.0,0.0,0.0,0.0,0.0,0.0,0.0,0.0,0.0,0.0,0.0,0.0,0.0,0.0,0.0,0.0,0.0,0.0,0.0,0.0,0.0,0.0,0.0,0.0,0.0,0.0,0.0,0.0
refrigeration,test_utility_2,none,multifamily,2,0.0,0.0,0.0,0.0,0.0,0.0,0.0,0.0,0.0,0.0,0.0,0.0,0.0,0.0,0.0,0.0,0.0,0.0,0.0,0.0,0.0,0.0,0.0,0.0,0.0,0.0,0.0,0.0,0.0,0.0,0.0
refrigeration,test_utility_2,none,multifamily,3,0.0,0.0,0.0,0.0,0.0,0.0,0.0,0.0,0.0,0.0,0.0,0.0,0.0,0.0,0.0,0.0,0.0,0.0,0.0,0.0,0.0,0.0,0.0,0.0,0.0,0.0,0.0,0.0,0.0,0.0,0.0
refrigeration,test_utility_2,none,multifamily,4,0.0,0.0,0.0,0.0,0.0,0.0,0.0,0.0,0.0,0.0,0.0,0.0,0.0,0.0,0.0,0.0,0.0,0.0,0.0,0.0,0.0,0.0,0.0,0.0,0.0,0.0,0.0,0.0,0.0,0.0,0.0
refrigeration,test_utility_2,none,multifamily,5,0.0,0.0,0.0,0.0,0.0,0.0,0.0,0.0,0.0,0.0,0.0,0.0,0.0,0.0,0.0,0.0,0.0,0.0,0.0,0.0,0.0,0.0,0.0,0.0,0.0,0.0,0.0,0.0,0.0,0.0,0.0
refrigeration,test_utility_2,none,multifamily,6,0.0,0.0,0.0,0.0,0.0,0.0,0.0,0.0,0.0,0.0,0.0,0.0,0.0,0.0,0.0,0.0,0.0,0.0,0.0,0.0,0.0,0.0,0.0,0.0,0.0,0.0,0.0,0.0,0.0,0.0,0.0
refrigeration,test_utility_2,none,multifamily,7,0.0,0.0,0.0,0.0,0.0,0.0,0.0,0.0,0.0,0.0,0.0,0.0,0.0,0.0,0.0,0.0,0.0,0.0,0.0,0.0,0.0,0.0,0.0,0.0,0.0,0.0,0.0,0.0,0.0,0.0,0.0
refrigeration,test_utility_2,none,multifamily,8,0.0,0.0,0.0,0.0,0.0,0.0,0.0,0.0,0.0,0.0,0.0,0.0,0.0,0.0,0.0,0.0,0.0,0.0,0.0,0.0,0.0,0.0,0.0,0.0,0.0,0.0,0.0,0.0,0.0,0.0,0.0
refrigeration,test_utility_2,none,multifamily,9,0.0,0.0,0.0,0.0,0.0,0.0,0.0,0.0,0.0,0.0,0.0,0.0,0.0,0.0,0.0,0.0,0.0,0.0,0.0,0.0,0.0,0.0,0.0,0.0,0.0,0.0,0.0,0.0,0.0,0.0,0.0
refrigeration,test_utility_2,none,multifamily,10,0.0,0.0,0.0,0.0,0.0,0.0,0.0,0.0,0.0,0.0,0.0,0.0,0.0,0.0,0.0,0.0,0.0,0.0,0.0,0.0,0.0,0.0,0.0,0.0,0.0,0.0,0.0,0.0,0.0,0.0,0.0
refrigeration,test_utility_2,none,multifamily,11,0.0,0.0,0.0,0.0,0.0,0.0,0.0,0.0,0.0,0.0,0.0,0.0,0.0,0.0,0.0,0.0,0.0,0.0,0.0,0.0,0.0,0.0,0.0,0.0,0.0,0.0,0.0,0.0,0.0,0.0,0.0
refrigeration,test_utility_2,none,multifamily,12,0.0,0.0,0.0,0.0,0.0,0.0,0.0,0.0,0.0,0.0,0.0,0.0,0.0,0.0,0.0,0.0,0.0,0.0,0.0,0.0,0.0,0.0,0.0,0.0,0.0,0.0,0.0,0.0,0.0,0.0,0.0
refrigeration,test_utility_2,none,multifamily,13,0.0,0.0,0.0,0.0,0.0,0.0,0.0,0.0,0.0,0.0,0.0,0.0,0.0,0.0,0.0,0.0,0.0,0.0,0.0,0.0,0.0,0.0,0.0,0.0,0.0,0.0,0.0,0.0,0.0,0.0,0.0
refrigeration,test_utility_2,none,multifamily,14,0.0,0.0,0.0,0.0,0.0,0.0,0.0,0.0,0.0,0.0,0.0,0.0,0.0,0.0,0.0,0.0,0.0,0.0,0.0,0.0,0.0,0.0,0.0,0.0,0.0,0.0,0.0,0.0,0.0,0.0,0.0
refrigeration,test_utility_2,none,multifamily,15,0.0,0.0,0.0,0.0,0.0,0.0,0.0,0.0,0.0,0.0,0.0,0.0,0.0,0.0,0.0,0.0,0.0,0.0,0.0,0.0,0.0,0.0,0.0,0.0,0.0,0.0,0.0,0.0,0.0,0.0,0.0
refrigeration,test_utility_2,none,multifamily,16,0.0,0.0,0.0,0.0,0.0,0.0,0.0,0.0,0.0,0.0,0.0,0.0,0.0,0.0,0.0,0.0,0.0,0.0,0.0,0.0,0.0,0.0,0.0,0.0,0.0,0.0,0.0,0.0,0.0,0.0,0.0
refrigeration,test_utility_2,none,multifamily,17,0.0,0.0,0.0,0.0,0.0,0.0,0.0,0.0,0.0,0.0,0.0,0.0,0.0,0.0,0.0,0.0,0.0,0.0,0.0,0.0,0.0,0.0,0.0,0.0,0.0,0.0,0.0,0.0,0.0,0.0,0.0
refrigeration,test_utility_2,none,multifamily,18,0.0,0.0,0.0,0.0,0.0,0.0,0.0,0.0,0.0,0.0,0.0,0.0,0.0,0.0,0.0,0.0,0.0,0.0,0.0,0.0,0.0,0.0,0.0,0.0,0.0,0.0,0.0,0.0,0.0,0.0,0.0
refrigeration,test_utility_2,none,multifamily,19,0.0,0.0,0.0,0.0,0.0,0.0,0.0,0.0,0.0,0.0,0.0,0.0,0.0,0.0,0.0,0.0,0.0,0.0,0.0,0.0,0.0,0.0,0.0,0.0,0.0,0.0,0.0,0.0,0.0,0.0,0.0
refrigeration,test_utility_2,none,single_family,0,0.0,0.0,0.0,0.0,0.0,0.0,0.0,0.0,0.0,0.0,0.0,0.0,0.0,0.0,0.0,0.0,0.0,0.0,0.0,0.0,0.0,0.0,0.0,0.0,0.0,0.0,0.0,0.0,0.0,0.0,0.0
refrigeration,test_utility_2,none,single_family,1,0.0,0.0,0.0,0.0,0.0,0.0,0.0,0.0,0.0,0.0,0.0,0.0,0.0,0.0,0.0,0.0,0.0,0.0,0.0,0.0,0.0,0.0,0.0,0.0,0.0,0.0,0.0,0.0,0.0,0.0,0.0
refrigeration,test_utility_2,none,single_family,2,0.0,0.0,0.0,0.0,0.0,0.0,0.0,0.0,0.0,0.0,0.0,0.0,0.0,0.0,0.0,0.0,0.0,0.0,0.0,0.0,0.0,0.0,0.0,0.0,0.0,0.0,0.0,0.0,0.0,0.0,0.0
refrigeration,test_utility_2,none,single_family,3,0.0,0.0,0.0,0.0,0.0,0.0,0.0,0.0,0.0,0.0,0.0,0.0,0.0,0.0,0.0,0.0,0.0,0.0,0.0,0.0,0.0,0.0,0.0,0.0,0.0,0.0,0.0,0.0,0.0,0.0,0.0
refrigeration,test_utility_2,none,single_family,4,0.0,0.0,0.0,0.0,0.0,0.0,0.0,0.0,0.0,0.0,0.0,0.0,0.0,0.0,0.0,0.0,0.0,0.0,0.0,0.0,0.0,0.0,0.0,0.0,0.0,0.0,0.0,0.0,0.0,0.0,0.0
refrigeration,test_utility_2,none,single_family,5,0.0,0.0,0.0,0.0,0.0,0.0,0.0,0.0,0.0,0.0,0.0,0.0,0.0,0.0,0.0,0.0,0.0,0.0,0.0,0.0,0.0,0.0,0.0,0.0,0.0,0.0,0.0,0.0,0.0,0.0,0.0
refrigeration,test_utility_2,none,single_family,6,0.0,0.0,0.0,0.0,0.0,0.0,0.0,0.0,0.0,0.0,0.0,0.0,0.0,0.0,0.0,0.0,0.0,0.0,0.0,0.0,0.0,0.0,0.0,0.0,0.0,0.0,0.0,0.0,0.0,0.0,0.0
refrigeration,test_utility_2,none,single_family,7,0.0,0.0,0.0,0.0,0.0,0.0,0.0,0.0,0.0,0.0,0.0,0.0,0.0,0.0,0.0,0.0,0.0,0.0,0.0,0.0,0.0,0.0,0.0,0.0,0.0,0.0,0.0,0.0,0.0,0.0,0.0
refrigeration,test_utility_2,none,single_family,8,0.0,0.0,0.0,0.0,0.0,0.0,0.0,0.0,0.0,0.0,0.0,0.0,0.0,0.0,0.0,0.0,0.0,0.0,0.0,0.0,0.0,0.0,0.0,0.0,0.0,0.0,0.0,0.0,0.0,0.0,0.0
refrigeration,test_utility_2,none,single_family,9,0.0,0.0,0.0,0.0,0.0,0.0,0.0,0.0,0.0,0.0,0.0,0.0,0.0,0.0,0.0,0.0,0.0,0.0,0.0,0.0,0.0,0.0,0.0,0.0,0.0,0.0,0.0,0.0,0.0,0.0,0.0
refrigeration,test_utility_2,none,single_family,10,0.0,0.0,0.0,0.0,0.0,0.0,0.0,0.0,0.0,0.0,0.0,0.0,0.0,0.0,0.0,0.0,0.0,0.0,0.0,0.0,0.0,0.0,0.0,0.0,0.0,0.0,0.0,0.0,0.0,0.0,0.0
refrigeration,test_utility_2,none,single_family,11,0.0,0.0,0.0,0.0,0.0,0.0,0.0,0.0,0.0,0.0,0.0,0.0,0.0,0.0,0.0,0.0,0.0,0.0,0.0,0.0,0.0,0.0,0.0,0.0,0.0,0.0,0.0,0.0,0.0,0.0,0.0
refrigeration,test_utility_2,none,single_family,12,0.0,0.0,0.0,0.0,0.0,0.0,0.0,0.0,0.0,0.0,0.0,0.0,0.0,0.0,0.0,0.0,0.0,0.0,0.0,0.0,0.0,0.0,0.0,0.0,0.0,0.0,0.0,0.0,0.0,0.0,0.0
refrigeration,test_utility_2,none,single_family,13,0.0,0.0,0.0,0.0,0.0,0.0,0.0,0.0,0.0,0.0,0.0,0.0,0.0,0.0,0.0,0.0,0.0,0.0,0.0,0.0,0.0,0.0,0.0,0.0,0.0,0.0,0.0,0.0,0.0,0.0,0.0
refrigeration,test_utility_2,none,single_family,14,0.0,0.0,0.0,0.0,0.0,0.0,0.0,0.0,0.0,0.0,0.0,0.0,0.0,0.0,0.0,0.0,0.0,0.0,0.0,0.0,0.0,0.0,0.0,0.0,0.0,0.0,0.0,0.0,0.0,0.0,0.0
refrigeration,test_utility_2,none,single_family,15,0.0,0.0,0.0,0.0,0.0,0.0,0.0,0.0,0.0,0.0,0.0,0.0,0.0,0.0,0.0,0.0,0.0,0.0,0.0,0.0,0.0,0.0,0.0,0.0,0.0,0.0,0.0,0.0,0.0,0.0,0.0
refrigeration,test_utility_2,none,single_family,16,0.0,0.0,0.0,0.0,0.0,0.0,0.0,0.0,0.0,0.0,0.0,0.0,0.0,0.0,0.0,0.0,0.0,0.0,0.0,0.0,0.0,0.0,0.0,0.0,0.0,0.0,0.0,0.0,0.0,0.0,0.0
refrigeration,test_utility_2,none,single_family,17,0.0,0.0,0.0,0.0,0.0,0.0,0.0,0.0,0.0,0.0,0.0,0.0,0.0,0.0,0.0,0.0,0.0,0.0,0.0,0.0,0.0,0.0,0.0,0.0,0.0,0.0,0.0,0.0,0.0,0.0,0.0
refrigeration,test_utility_2,none,single_family,18,0.0,0.0,0.0,0.0,0.0,0.0,0.0,0.0,0.0,0.0,0.0,0.0,0.0,0.0,0.0,0.0,0.0,0.0,0.0,0.0,0.0,0.0,0.0,0.0,0.0,0.0,0.0,0.0,0.0,0.0,0.0
refrigeration,test_utility_2,none,single_family,19,0.0,0.0,0.0,0.0,0.0,0.0,0.0,0.0,0.0,0.0,0.0,0.0,0.0,0.0,0.0,0.0,0.0,0.0,0.0,0.0,0.0,0.0,0.0,0.0,0.0,0.0,0.0,0.0,0.0,0.0,0.0
refrigeration,test_utility_2,none,multifamily_li,0,0.0,0.0,0.0,0.0,0.0,0.0,0.0,0.0,0.0,0.0,0.0,0.0,0.0,0.0,0.0,0.0,0.0,0.0,0.0,0.0,0.0,0.0,0.0,0.0,0.0,0.0,0.0,0.0,0.0,0.0,0.0
refrigeration,test_utility_2,none,multifamily_li,1,0.0,0.0,0.0,0.0,0.0,0.0,0.0,0.0,0.0,0.0,0.0,0.0,0.0,0.0,0.0,0.0,0.0,0.0,0.0,0.0,0.0,0.0,0.0,0.0,0.0,0.0,0.0,0.0,0.0,0.0,0.0
refrigeration,test_utility_2,none,multifamily_li,2,0.0,0.0,0.0,0.0,0.0,0.0,0.0,0.0,0.0,0.0,0.0,0.0,0.0,0.0,0.0,0.0,0.0,0.0,0.0,0.0,0.0,0.0,0.0,0.0,0.0,0.0,0.0,0.0,0.0,0.0,0.0
refrigeration,test_utility_2,none,multifamily_li,3,0.0,0.0,0.0,0.0,0.0,0.0,0.0,0.0,0.0,0.0,0.0,0.0,0.0,0.0,0.0,0.0,0.0,0.0,0.0,0.0,0.0,0.0,0.0,0.0,0.0,0.0,0.0,0.0,0.0,0.0,0.0
refrigeration,test_utility_2,none,multifamily_li,4,0.0,0.0,0.0,0.0,0.0,0.0,0.0,0.0,0.0,0.0,0.0,0.0,0.0,0.0,0.0,0.0,0.0,0.0,0.0,0.0,0.0,0.0,0.0,0.0,0.0,0.0,0.0,0.0,0.0,0.0,0.0
refrigeration,test_utility_2,none,multifamily_li,5,0.0,0.0,0.0,0.0,0.0,0.0,0.0,0.0,0.0,0.0,0.0,0.0,0.0,0.0,0.0,0.0,0.0,0.0,0.0,0.0,0.0,0.0,0.0,0.0,0.0,0.0,0.0,0.0,0.0,0.0,0.0
refrigeration,test_utility_2,none,multifamily_li,6,0.0,0.0,0.0,0.0,0.0,0.0,0.0,0.0,0.0,0.0,0.0,0.0,0.0,0.0,0.0,0.0,0.0,0.0,0.0,0.0,0.0,0.0,0.0,0.0,0.0,0.0,0.0,0.0,0.0,0.0,0.0
refrigeration,test_utility_2,none,multifamily_li,7,0.0,0.0,0.0,0.0,0.0,0.0,0.0,0.0,0.0,0.0,0.0,0.0,0.0,0.0,0.0,0.0,0.0,0.0,0.0,0.0,0.0,0.0,0.0,0.0,0.0,0.0,0.0,0.0,0.0,0.0,0.0
refrigeration,test_utility_2,none,multifamily_li,8,0.0,0.0,0.0,0.0,0.0,0.0,0.0,0.0,0.0,0.0,0.0,0.0,0.0,0.0,0.0,0.0,0.0,0.0,0.0,0.0,0.0,0.0,0.0,0.0,0.0,0.0,0.0,0.0,0.0,0.0,0.0
refrigeration,test_utility_2,none,multifamily_li,9,0.0,0.0,0.0,0.0,0.0,0.0,0.0,0.0,0.0,0.0,0.0,0.0,0.0,0.0,0.0,0.0,0.0,0.0,0.0,0.0,0.0,0.0,0.0,0.0,0.0,0.0,0.0,0.0,0.0,0.0,0.0
refrigeration,test_utility_2,none,multifamily_li,10,0.0,0.0,0.0,0.0,0.0,0.0,0.0,0.0,0.0,0.0,0.0,0.0,0.0,0.0,0.0,0.0,0.0,0.0,0.0,0.0,0.0,0.0,0.0,0.0,0.0,0.0,0.0,0.0,0.0,0.0,0.0
refrigeration,test_utility_2,none,multifamily_li,11,0.0,0.0,0.0,0.0,0.0,0.0,0.0,0.0,0.0,0.0,0.0,0.0,0.0,0.0,0.0,0.0,0.0,0.0,0.0,0.0,0.0,0.0,0.0,0.0,0.0,0.0,0.0,0.0,0.0,0.0,0.0
refrigeration,test_utility_2,none,multifamily_li,12,0.0,0.0,0.0,0.0,0.0,0.0,0.0,0.0,0.0,0.0,0.0,0.0,0.0,0.0,0.0,0.0,0.0,0.0,0.0,0.0,0.0,0.0,0.0,0.0,0.0,0.0,0.0,0.0,0.0,0.0,0.0
refrigeration,test_utility_2,none,multifamily_li,13,0.0,0.0,0.0,0.0,0.0,0.0,0.0,0.0,0.0,0.0,0.0,0.0,0.0,0.0,0.0,0.0,0.0,0.0,0.0,0.0,0.0,0.0,0.0,0.0,0.0,0.0,0.0,0.0,0.0,0.0,0.0
refrigeration,test_utility_2,none,multifamily_li,14,0.0,0.0,0.0,0.0,0.0,0.0,0.0,0.0,0.0,0.0,0.0,0.0,0.0,0.0,0.0,0.0,0.0,0.0,0.0,0.0,0.0,0.0,0.0,0.0,0.0,0.0,0.0,0.0,0.0,0.0,0.0
refrigeration,test_utility_2,none,multifamily_li,15,0.0,0.0,0.0,0.0,0.0,0.0,0.0,0.0,0.0,0.0,0.0,0.0,0.0,0.0,0.0,0.0,0.0,0.0,0.0,0.0,0.0,0.0,0.0,0.0,0.0,0.0,0.0,0.0,0.0,0.0,0.0
refrigeration,test_utility_2,none,multifamily_li,16,0.0,0.0,0.0,0.0,0.0,0.0,0.0,0.0,0.0,0.0,0.0,0.0,0.0,0.0,0.0,0.0,0.0,0.0,0.0,0.0,0.0,0.0,0.0,0.0,0.0,0.0,0.0,0.0,0.0,0.0,0.0
refrigeration,test_utility_2,none,multifamily_li,17,0.0,0.0,0.0,0.0,0.0,0.0,0.0,0.0,0.0,0.0,0.0,0.0,0.0,0.0,0.0,0.0,0.0,0.0,0.0,0.0,0.0,0.0,0.0,0.0,0.0,0.0,0.0,0.0,0.0,0.0,0.0
refrigeration,test_utility_2,none,multifamily_li,18,0.0,0.0,0.0,0.0,0.0,0.0,0.0,0.0,0.0,0.0,0.0,0.0,0.0,0.0,0.0,0.0,0.0,0.0,0.0,0.0,0.0,0.0,0.0,0.0,0.0,0.0,0.0,0.0,0.0,0.0,0.0
refrigeration,test_utility_2,none,multifamily_li,19,0.0,0.0,0.0,0.0,0.0,0.0,0.0,0.0,0.0,0.0,0.0,0.0,0.0,0.0,0.0,0.0,0.0,0.0,0.0,0.0,0.0,0.0,0.0,0.0,0.0,0.0,0.0,0.0,0.0,0.0,0.0
refrigeration,test_utility_2,none,single_family_li,0,0.0,0.0,0.0,0.0,0.0,0.0,0.0,0.0,0.0,0.0,0.0,0.0,0.0,0.0,0.0,0.0,0.0,0.0,0.0,0.0,0.0,0.0,0.0,0.0,0.0,0.0,0.0,0.0,0.0,0.0,0.0
refrigeration,test_utility_2,none,single_family_li,1,0.0,0.0,0.0,0.0,0.0,0.0,0.0,0.0,0.0,0.0,0.0,0.0,0.0,0.0,0.0,0.0,0.0,0.0,0.0,0.0,0.0,0.0,0.0,0.0,0.0,0.0,0.0,0.0,0.0,0.0,0.0
refrigeration,test_utility_2,none,single_family_li,2,0.0,0.0,0.0,0.0,0.0,0.0,0.0,0.0,0.0,0.0,0.0,0.0,0.0,0.0,0.0,0.0,0.0,0.0,0.0,0.0,0.0,0.0,0.0,0.0,0.0,0.0,0.0,0.0,0.0,0.0,0.0
refrigeration,test_utility_2,none,single_family_li,3,0.0,0.0,0.0,0.0,0.0,0.0,0.0,0.0,0.0,0.0,0.0,0.0,0.0,0.0,0.0,0.0,0.0,0.0,0.0,0.0,0.0,0.0,0.0,0.0,0.0,0.0,0.0,0.0,0.0,0.0,0.0
refrigeration,test_utility_2,none,single_family_li,4,0.0,0.0,0.0,0.0,0.0,0.0,0.0,0.0,0.0,0.0,0.0,0.0,0.0,0.0,0.0,0.0,0.0,0.0,0.0,0.0,0.0,0.0,0.0,0.0,0.0,0.0,0.0,0.0,0.0,0.0,0.0
refrigeration,test_utility_2,none,single_family_li,5,0.0,0.0,0.0,0.0,0.0,0.0,0.0,0.0,0.0,0.0,0.0,0.0,0.0,0.0,0.0,0.0,0.0,0.0,0.0,0.0,0.0,0.0,0.0,0.0,0.0,0.0,0.0,0.0,0.0,0.0,0.0
refrigeration,test_utility_2,none,single_family_li,6,0.0,0.0,0.0,0.0,0.0,0.0,0.0,0.0,0.0,0.0,0.0,0.0,0.0,0.0,0.0,0.0,0.0,0.0,0.0,0.0,0.0,0.0,0.0,0.0,0.0,0.0,0.0,0.0,0.0,0.0,0.0
refrigeration,test_utility_2,none,single_family_li,7,0.0,0.0,0.0,0.0,0.0,0.0,0.0,0.0,0.0,0.0,0.0,0.0,0.0,0.0,0.0,0.0,0.0,0.0,0.0,0.0,0.0,0.0,0.0,0.0,0.0,0.0,0.0,0.0,0.0,0.0,0.0
refrigeration,test_utility_2,none,single_family_li,8,0.0,0.0,0.0,0.0,0.0,0.0,0.0,0.0,0.0,0.0,0.0,0.0,0.0,0.0,0.0,0.0,0.0,0.0,0.0,0.0,0.0,0.0,0.0,0.0,0.0,0.0,0.0,0.0,0.0,0.0,0.0
refrigeration,test_utility_2,none,single_family_li,9,0.0,0.0,0.0,0.0,0.0,0.0,0.0,0.0,0.0,0.0,0.0,0.0,0.0,0.0,0.0,0.0,0.0,0.0,0.0,0.0,0.0,0.0,0.0,0.0,0.0,0.0,0.0,0.0,0.0,0.0,0.0
refrigeration,test_utility_2,none,single_family_li,10,0.0,0.0,0.0,0.0,0.0,0.0,0.0,0.0,0.0,0.0,0.0,0.0,0.0,0.0,0.0,0.0,0.0,0.0,0.0,0.0,0.0,0.0,0.0,0.0,0.0,0.0,0.0,0.0,0.0,0.0,0.0
refrigeration,test_utility_2,none,single_family_li,11,0.0,0.0,0.0,0.0,0.0,0.0,0.0,0.0,0.0,0.0,0.0,0.0,0.0,0.0,0.0,0.0,0.0,0.0,0.0,0.0,0.0,0.0,0.0,0.0,0.0,0.0,0.0,0.0,0.0,0.0,0.0
refrigeration,test_utility_2,none,single_family_li,12,0.0,0.0,0.0,0.0,0.0,0.0,0.0,0.0,0.0,0.0,0.0,0.0,0.0,0.0,0.0,0.0,0.0,0.0,0.0,0.0,0.0,0.0,0.0,0.0,0.0,0.0,0.0,0.0,0.0,0.0,0.0
refrigeration,test_utility_2,none,single_family_li,13,0.0,0.0,0.0,0.0,0.0,0.0,0.0,0.0,0.0,0.0,0.0,0.0,0.0,0.0,0.0,0.0,0.0,0.0,0.0,0.0,0.0,0.0,0.0,0.0,0.0,0.0,0.0,0.0,0.0,0.0,0.0
refrigeration,test_utility_2,none,single_family_li,14,0.0,0.0,0.0,0.0,0.0,0.0,0.0,0.0,0.0,0.0,0.0,0.0,0.0,0.0,0.0,0.0,0.0,0.0,0.0,0.0,0.0,0.0,0.0,0.0,0.0,0.0,0.0,0.0,0.0,0.0,0.0
refrigeration,test_utility_2,none,single_family_li,15,0.0,0.0,0.0,0.0,0.0,0.0,0.0,0.0,0.0,0.0,0.0,0.0,0.0,0.0,0.0,0.0,0.0,0.0,0.0,0.0,0.0,0.0,0.0,0.0,0.0,0.0,0.0,0.0,0.0,0.0,0.0
refrigeration,test_utility_2,none,single_family_li,16,0.0,0.0,0.0,0.0,0.0,0.0,0.0,0.0,0.0,0.0,0.0,0.0,0.0,0.0,0.0,0.0,0.0,0.0,0.0,0.0,0.0,0.0,0.0,0.0,0.0,0.0,0.0,0.0,0.0,0.0,0.0
refrigeration,test_utility_2,none,single_family_li,17,0.0,0.0,0.0,0.0,0.0,0.0,0.0,0.0,0.0,0.0,0.0,0.0,0.0,0.0,0.0,0.0,0.0,0.0,0.0,0.0,0.0,0.0,0.0,0.0,0.0,0.0,0.0,0.0,0.0,0.0,0.0
refrigeration,test_utility_2,none,single_family_li,18,0.0,0.0,0.0,0.0,0.0,0.0,0.0,0.0,0.0,0.0,0.0,0.0,0.0,0.0,0.0,0.0,0.0,0.0,0.0,0.0,0.0,0.0,0.0,0.0,0.0,0.0,0.0,0.0,0.0,0.0,0.0
refrigeration,test_utility_2,none,single_family_li,19,0.0,0.0,0.0,0.0,0.0,0.0,0.0,0.0,0.0,0.0,0.0,0.0,0.0,0.0,0.0,0.0,0.0,0.0,0.0,0.0,0.0,0.0,0.0,0.0,0.0,0.0,0.0,0.0,0.0,0.0,0.0
refrigeration,test_utility_2,test_utility_2,multifamily,0,0.0,0.0,0.0,0.0,0.0,0.0,0.0,0.0,0.0,0.0,0.0,0.0,0.0,0.0,0.0,0.0,0.0,0.0,0.0,0.0,0.0,0.0,0.0,0.0,0.0,0.0,0.0,0.0,0.0,0.0,0.0
refrigeration,test_utility_2,test_utility_2,multifamily,1,0.0,0.0,0.0,0.0,0.0,0.0,0.0,0.0,0.0,0.0,0.0,0.0,0.0,0.0,0.0,0.0,0.0,0.0,0.0,0.0,0.0,0.0,0.0,0.0,0.0,0.0,0.0,0.0,0.0,0.0,0.0
refrigeration,test_utility_2,test_utility_2,multifamily,2,0.0,0.0,0.0,0.0,0.0,0.0,0.0,0.0,0.0,0.0,0.0,0.0,0.0,0.0,0.0,0.0,0.0,0.0,0.0,0.0,0.0,0.0,0.0,0.0,0.0,0.0,0.0,0.0,0.0,0.0,0.0
refrigeration,test_utility_2,test_utility_2,multifamily,3,0.0,0.0,0.0,0.0,0.0,0.0,0.0,0.0,0.0,0.0,0.0,0.0,0.0,0.0,0.0,0.0,0.0,0.0,0.0,0.0,0.0,0.0,0.0,0.0,0.0,0.0,0.0,0.0,0.0,0.0,0.0
refrigeration,test_utility_2,test_utility_2,multifamily,4,0.0,0.0,0.0,0.0,0.0,0.0,0.0,0.0,0.0,0.0,0.0,0.0,0.0,0.0,0.0,0.0,0.0,0.0,0.0,0.0,0.0,0.0,0.0,0.0,0.0,0.0,0.0,0.0,0.0,0.0,0.0
refrigeration,test_utility_2,test_utility_2,multifamily,5,0.0,0.0,0.0,0.0,0.0,0.0,0.0,0.0,0.0,0.0,0.0,0.0,0.0,0.0,0.0,0.0,0.0,0.0,0.0,0.0,0.0,0.0,0.0,0.0,0.0,0.0,0.0,0.0,0.0,0.0,0.0
refrigeration,test_utility_2,test_utility_2,multifamily,6,0.0,0.0,0.0,0.0,0.0,0.0,0.0,0.0,0.0,0.0,0.0,0.0,0.0,0.0,0.0,0.0,0.0,0.0,0.0,0.0,0.0,0.0,0.0,0.0,0.0,0.0,0.0,0.0,0.0,0.0,0.0
refrigeration,test_utility_2,test_utility_2,multifamily,7,0.0,0.0,0.0,0.0,0.0,0.0,0.0,0.0,0.0,0.0,0.0,0.0,0.0,0.0,0.0,0.0,0.0,0.0,0.0,0.0,0.0,0.0,0.0,0.0,0.0,0.0,0.0,0.0,0.0,0.0,0.0
refrigeration,test_utility_2,test_utility_2,multifamily,8,0.0,0.0,0.0,0.0,0.0,0.0,0.0,0.0,0.0,0.0,0.0,0.0,0.0,0.0,0.0,0.0,0.0,0.0,0.0,0.0,0.0,0.0,0.0,0.0,0.0,0.0,0.0,0.0,0.0,0.0,0.0
refrigeration,test_utility_2,test_utility_2,multifamily,9,0.0,0.0,0.0,0.0,0.0,0.0,0.0,0.0,0.0,0.0,0.0,0.0,0.0,0.0,0.0,0.0,0.0,0.0,0.0,0.0,0.0,0.0,0.0,0.0,0.0,0.0,0.0,0.0,0.0,0.0,0.0
refrigeration,test_utility_2,test_utility_2,multifamily,10,0.0,0.0,0.0,0.0,0.0,0.0,0.0,0.0,0.0,0.0,0.0,0.0,0.0,0.0,0.0,0.0,0.0,0.0,0.0,0.0,0.0,0.0,0.0,0.0,0.0,0.0,0.0,0.0,0.0,0.0,0.0
refrigeration,test_utility_2,test_utility_2,multifamily,11,0.0,0.0,0.0,0.0,0.0,0.0,0.0,0.0,0.0,0.0,0.0,0.0,0.0,0.0,0.0,0.0,0.0,0.0,0.0,0.0,0.0,0.0,0.0,0.0,0.0,0.0,0.0,0.0,0.0,0.0,0.0
refrigeration,test_utility_2,test_utility_2,multifamily,12,0.0,0.0,0.0,0.0,0.0,0.0,0.0,0.0,0.0,0.0,0.0,0.0,0.0,0.0,0.0,0.0,0.0,0.0,0.0,0.0,0.0,0.0,0.0,0.0,0.0,0.0,0.0,0.0,0.0,0.0,0.0
refrigeration,test_utility_2,test_utility_2,multifamily,13,0.0,0.0,0.0,0.0,0.0,0.0,0.0,0.0,0.0,0.0,0.0,0.0,0.0,0.0,0.0,0.0,0.0,0.0,0.0,0.0,0.0,0.0,0.0,0.0,0.0,0.0,0.0,0.0,0.0,0.0,0.0
refrigeration,test_utility_2,test_utility_2,multifamily,14,0.0,0.0,0.0,0.0,0.0,0.0,0.0,0.0,0.0,0.0,0.0,0.0,0.0,0.0,0.0,0.0,0.0,0.0,0.0,0.0,0.0,0.0,0.0,0.0,0.0,0.0,0.0,0.0,0.0,0.0,0.0
refrigeration,test_utility_2,test_utility_2,multifamily,15,0.0,0.0,0.0,0.0,0.0,0.0,0.0,0.0,0.0,0.0,0.0,0.0,0.0,0.0,0.0,0.0,0.0,0.0,0.0,0.0,0.0,0.0,0.0,0.0,0.0,0.0,0.0,0.0,0.0,0.0,0.0
refrigeration,test_utility_2,test_utility_2,multifamily,16,0.0,0.0,0.0,0.0,0.0,0.0,0.0,0.0,0.0,0.0,0.0,0.0,0.0,0.0,0.0,0.0,0.0,0.0,0.0,0.0,0.0,0.0,0.0,0.0,0.0,0.0,0.0,0.0,0.0,0.0,0.0
refrigeration,test_utility_2,test_utility_2,multifamily,17,0.0,0.0,0.0,0.0,0.0,0.0,0.0,0.0,0.0,0.0,0.0,0.0,0.0,0.0,0.0,0.0,0.0,0.0,0.0,0.0,0.0,0.0,0.0,0.0,0.0,0.0,0.0,0.0,0.0,0.0,0.0
refrigeration,test_utility_2,test_utility_2,multifamily,18,0.0,0.0,0.0,0.0,0.0,0.0,0.0,0.0,0.0,0.0,0.0,0.0,0.0,0.0,0.0,0.0,0.0,0.0,0.0,0.0,0.0,0.0,0.0,0.0,0.0,0.0,0.0,0.0,0.0,0.0,0.0
refrigeration,test_utility_2,test_utility_2,multifamily,19,0.0,0.0,0.0,0.0,0.0,0.0,0.0,0.0,0.0,0.0,0.0,0.0,0.0,0.0,0.0,0.0,0.0,0.0,0.0,0.0,0.0,0.0,0.0,0.0,0.0,0.0,0.0,0.0,0.0,0.0,0.0
refrigeration,test_utility_2,test_utility_2,single_family,0,0.0,0.0,0.0,0.0,0.0,0.0,0.0,0.0,0.0,0.0,0.0,0.0,0.0,0.0,0.0,0.0,0.0,0.0,0.0,0.0,0.0,0.0,0.0,0.0,0.0,0.0,0.0,0.0,0.0,0.0,0.0
refrigeration,test_utility_2,test_utility_2,single_family,1,0.0,0.0,0.0,0.0,0.0,0.0,0.0,0.0,0.0,0.0,0.0,0.0,0.0,0.0,0.0,0.0,0.0,0.0,0.0,0.0,0.0,0.0,0.0,0.0,0.0,0.0,0.0,0.0,0.0,0.0,0.0
refrigeration,test_utility_2,test_utility_2,single_family,2,0.0,0.0,0.0,0.0,0.0,0.0,0.0,0.0,0.0,0.0,0.0,0.0,0.0,0.0,0.0,0.0,0.0,0.0,0.0,0.0,0.0,0.0,0.0,0.0,0.0,0.0,0.0,0.0,0.0,0.0,0.0
refrigeration,test_utility_2,test_utility_2,single_family,3,0.0,0.0,0.0,0.0,0.0,0.0,0.0,0.0,0.0,0.0,0.0,0.0,0.0,0.0,0.0,0.0,0.0,0.0,0.0,0.0,0.0,0.0,0.0,0.0,0.0,0.0,0.0,0.0,0.0,0.0,0.0
refrigeration,test_utility_2,test_utility_2,single_family,4,0.0,0.0,0.0,0.0,0.0,0.0,0.0,0.0,0.0,0.0,0.0,0.0,0.0,0.0,0.0,0.0,0.0,0.0,0.0,0.0,0.0,0.0,0.0,0.0,0.0,0.0,0.0,0.0,0.0,0.0,0.0
refrigeration,test_utility_2,test_utility_2,single_family,5,0.0,0.0,0.0,0.0,0.0,0.0,0.0,0.0,0.0,0.0,0.0,0.0,0.0,0.0,0.0,0.0,0.0,0.0,0.0,0.0,0.0,0.0,0.0,0.0,0.0,0.0,0.0,0.0,0.0,0.0,0.0
refrigeration,test_utility_2,test_utility_2,single_family,6,0.0,0.0,0.0,0.0,0.0,0.0,0.0,0.0,0.0,0.0,0.0,0.0,0.0,0.0,0.0,0.0,0.0,0.0,0.0,0.0,0.0,0.0,0.0,0.0,0.0,0.0,0.0,0.0,0.0,0.0,0.0
refrigeration,test_utility_2,test_utility_2,single_family,7,0.0,0.0,0.0,0.0,0.0,0.0,0.0,0.0,0.0,0.0,0.0,0.0,0.0,0.0,0.0,0.0,0.0,0.0,0.0,0.0,0.0,0.0,0.0,0.0,0.0,0.0,0.0,0.0,0.0,0.0,0.0
refrigeration,test_utility_2,test_utility_2,single_family,8,0.0,0.0,0.0,0.0,0.0,0.0,0.0,0.0,0.0,0.0,0.0,0.0,0.0,0.0,0.0,0.0,0.0,0.0,0.0,0.0,0.0,0.0,0.0,0.0,0.0,0.0,0.0,0.0,0.0,0.0,0.0
refrigeration,test_utility_2,test_utility_2,single_family,9,0.0,0.0,0.0,0.0,0.0,0.0,0.0,0.0,0.0,0.0,0.0,0.0,0.0,0.0,0.0,0.0,0.0,0.0,0.0,0.0,0.0,0.0,0.0,0.0,0.0,0.0,0.0,0.0,0.0,0.0,0.0
refrigeration,test_utility_2,test_utility_2,single_family,10,0.0,0.0,0.0,0.0,0.0,0.0,0.0,0.0,0.0,0.0,0.0,0.0,0.0,0.0,0.0,0.0,0.0,0.0,0.0,0.0,0.0,0.0,0.0,0.0,0.0,0.0,0.0,0.0,0.0,0.0,0.0
refrigeration,test_utility_2,test_utility_2,single_family,11,0.0,0.0,0.0,0.0,0.0,0.0,0.0,0.0,0.0,0.0,0.0,0.0,0.0,0.0,0.0,0.0,0.0,0.0,0.0,0.0,0.0,0.0,0.0,0.0,0.0,0.0,0.0,0.0,0.0,0.0,0.0
refrigeration,test_utility_2,test_utility_2,single_family,12,0.0,0.0,0.0,0.0,0.0,0.0,0.0,0.0,0.0,0.0,0.0,0.0,0.0,0.0,0.0,0.0,0.0,0.0,0.0,0.0,0.0,0.0,0.0,0.0,0.0,0.0,0.0,0.0,0.0,0.0,0.0
refrigeration,test_utility_2,test_utility_2,single_family,13,0.0,0.0,0.0,0.0,0.0,0.0,0.0,0.0,0.0,0.0,0.0,0.0,0.0,0.0,0.0,0.0,0.0,0.0,0.0,0.0,0.0,0.0,0.0,0.0,0.0,0.0,0.0,0.0,0.0,0.0,0.0
refrigeration,test_utility_2,test_utility_2,single_family,14,0.0,0.0,0.0,0.0,0.0,0.0,0.0,0.0,0.0,0.0,0.0,0.0,0.0,0.0,0.0,0.0,0.0,0.0,0.0,0.0,0.0,0.0,0.0,0.0,0.0,0.0,0.0,0.0,0.0,0.0,0.0
refrigeration,test_utility_2,test_utility_2,single_family,15,0.0,0.0,0.0,0.0,0.0,0.0,0.0,0.0,0.0,0.0,0.0,0.0,0.0,0.0,0.0,0.0,0.0,0.0,0.0,0.0,0.0,0.0,0.0,0.0,0.0,0.0,0.0,0.0,0.0,0.0,0.0
refrigeration,test_utility_2,test_utility_2,single_family,16,0.0,0.0,0.0,0.0,0.0,0.0,0.0,0.0,0.0,0.0,0.0,0.0,0.0,0.0,0.0,0.0,0.0,0.0,0.0,0.0,0.0,0.0,0.0,0.0,0.0,0.0,0.0,0.0,0.0,0.0,0.0
refrigeration,test_utility_2,test_utility_2,single_family,17,0.0,0.0,0.0,0.0,0.0,0.0,0.0,0.0,0.0,0.0,0.0,0.0,0.0,0.0,0.0,0.0,0.0,0.0,0.0,0.0,0.0,0.0,0.0,0.0,0.0,0.0,0.0,0.0,0.0,0.0,0.0
refrigeration,test_utility_2,test_utility_2,single_family,18,0.0,0.0,0.0,0.0,0.0,0.0,0.0,0.0,0.0,0.0,0.0,0.0,0.0,0.0,0.0,0.0,0.0,0.0,0.0,0.0,0.0,0.0,0.0,0.0,0.0,0.0,0.0,0.0,0.0,0.0,0.0
refrigeration,test_utility_2,test_utility_2,single_family,19,0.0,0.0,0.0,0.0,0.0,0.0,0.0,0.0,0.0,0.0,0.0,0.0,0.0,0.0,0.0,0.0,0.0,0.0,0.0,0.0,0.0,0.0,0.0,0.0,0.0,0.0,0.0,0.0,0.0,0.0,0.0
refrigeration,test_utility_2,test_utility_2,multifamily_li,0,0.0,0.0,0.0,0.0,0.0,0.0,0.0,0.0,0.0,0.0,0.0,0.0,0.0,0.0,0.0,0.0,0.0,0.0,0.0,0.0,0.0,0.0,0.0,0.0,0.0,0.0,0.0,0.0,0.0,0.0,0.0
refrigeration,test_utility_2,test_utility_2,multifamily_li,1,0.0,0.0,0.0,0.0,0.0,0.0,0.0,0.0,0.0,0.0,0.0,0.0,0.0,0.0,0.0,0.0,0.0,0.0,0.0,0.0,0.0,0.0,0.0,0.0,0.0,0.0,0.0,0.0,0.0,0.0,0.0
refrigeration,test_utility_2,test_utility_2,multifamily_li,2,0.0,0.0,0.0,0.0,0.0,0.0,0.0,0.0,0.0,0.0,0.0,0.0,0.0,0.0,0.0,0.0,0.0,0.0,0.0,0.0,0.0,0.0,0.0,0.0,0.0,0.0,0.0,0.0,0.0,0.0,0.0
refrigeration,test_utility_2,test_utility_2,multifamily_li,3,0.0,0.0,0.0,0.0,0.0,0.0,0.0,0.0,0.0,0.0,0.0,0.0,0.0,0.0,0.0,0.0,0.0,0.0,0.0,0.0,0.0,0.0,0.0,0.0,0.0,0.0,0.0,0.0,0.0,0.0,0.0
refrigeration,test_utility_2,test_utility_2,multifamily_li,4,0.0,0.0,0.0,0.0,0.0,0.0,0.0,0.0,0.0,0.0,0.0,0.0,0.0,0.0,0.0,0.0,0.0,0.0,0.0,0.0,0.0,0.0,0.0,0.0,0.0,0.0,0.0,0.0,0.0,0.0,0.0
refrigeration,test_utility_2,test_utility_2,multifamily_li,5,0.0,0.0,0.0,0.0,0.0,0.0,0.0,0.0,0.0,0.0,0.0,0.0,0.0,0.0,0.0,0.0,0.0,0.0,0.0,0.0,0.0,0.0,0.0,0.0,0.0,0.0,0.0,0.0,0.0,0.0,0.0
refrigeration,test_utility_2,test_utility_2,multifamily_li,6,0.0,0.0,0.0,0.0,0.0,0.0,0.0,0.0,0.0,0.0,0.0,0.0,0.0,0.0,0.0,0.0,0.0,0.0,0.0,0.0,0.0,0.0,0.0,0.0,0.0,0.0,0.0,0.0,0.0,0.0,0.0
refrigeration,test_utility_2,test_utility_2,multifamily_li,7,0.0,0.0,0.0,0.0,0.0,0.0,0.0,0.0,0.0,0.0,0.0,0.0,0.0,0.0,0.0,0.0,0.0,0.0,0.0,0.0,0.0,0.0,0.0,0.0,0.0,0.0,0.0,0.0,0.0,0.0,0.0
refrigeration,test_utility_2,test_utility_2,multifamily_li,8,0.0,0.0,0.0,0.0,0.0,0.0,0.0,0.0,0.0,0.0,0.0,0.0,0.0,0.0,0.0,0.0,0.0,0.0,0.0,0.0,0.0,0.0,0.0,0.0,0.0,0.0,0.0,0.0,0.0,0.0,0.0
refrigeration,test_utility_2,test_utility_2,multifamily_li,9,0.0,0.0,0.0,0.0,0.0,0.0,0.0,0.0,0.0,0.0,0.0,0.0,0.0,0.0,0.0,0.0,0.0,0.0,0.0,0.0,0.0,0.0,0.0,0.0,0.0,0.0,0.0,0.0,0.0,0.0,0.0
refrigeration,test_utility_2,test_utility_2,multifamily_li,10,0.0,0.0,0.0,0.0,0.0,0.0,0.0,0.0,0.0,0.0,0.0,0.0,0.0,0.0,0.0,0.0,0.0,0.0,0.0,0.0,0.0,0.0,0.0,0.0,0.0,0.0,0.0,0.0,0.0,0.0,0.0
refrigeration,test_utility_2,test_utility_2,multifamily_li,11,0.0,0.0,0.0,0.0,0.0,0.0,0.0,0.0,0.0,0.0,0.0,0.0,0.0,0.0,0.0,0.0,0.0,0.0,0.0,0.0,0.0,0.0,0.0,0.0,0.0,0.0,0.0,0.0,0.0,0.0,0.0
refrigeration,test_utility_2,test_utility_2,multifamily_li,12,0.0,0.0,0.0,0.0,0.0,0.0,0.0,0.0,0.0,0.0,0.0,0.0,0.0,0.0,0.0,0.0,0.0,0.0,0.0,0.0,0.0,0.0,0.0,0.0,0.0,0.0,0.0,0.0,0.0,0.0,0.0
refrigeration,test_utility_2,test_utility_2,multifamily_li,13,0.0,0.0,0.0,0.0,0.0,0.0,0.0,0.0,0.0,0.0,0.0,0.0,0.0,0.0,0.0,0.0,0.0,0.0,0.0,0.0,0.0,0.0,0.0,0.0,0.0,0.0,0.0,0.0,0.0,0.0,0.0
refrigeration,test_utility_2,test_utility_2,multifamily_li,14,0.0,0.0,0.0,0.0,0.0,0.0,0.0,0.0,0.0,0.0,0.0,0.0,0.0,0.0,0.0,0.0,0.0,0.0,0.0,0.0,0.0,0.0,0.0,0.0,0.0,0.0,0.0,0.0,0.0,0.0,0.0
refrigeration,test_utility_2,test_utility_2,multifamily_li,15,0.0,0.0,0.0,0.0,0.0,0.0,0.0,0.0,0.0,0.0,0.0,0.0,0.0,0.0,0.0,0.0,0.0,0.0,0.0,0.0,0.0,0.0,0.0,0.0,0.0,0.0,0.0,0.0,0.0,0.0,0.0
refrigeration,test_utility_2,test_utility_2,multifamily_li,16,0.0,0.0,0.0,0.0,0.0,0.0,0.0,0.0,0.0,0.0,0.0,0.0,0.0,0.0,0.0,0.0,0.0,0.0,0.0,0.0,0.0,0.0,0.0,0.0,0.0,0.0,0.0,0.0,0.0,0.0,0.0
refrigeration,test_utility_2,test_utility_2,multifamily_li,17,0.0,0.0,0.0,0.0,0.0,0.0,0.0,0.0,0.0,0.0,0.0,0.0,0.0,0.0,0.0,0.0,0.0,0.0,0.0,0.0,0.0,0.0,0.0,0.0,0.0,0.0,0.0,0.0,0.0,0.0,0.0
refrigeration,test_utility_2,test_utility_2,multifamily_li,18,0.0,0.0,0.0,0.0,0.0,0.0,0.0,0.0,0.0,0.0,0.0,0.0,0.0,0.0,0.0,0.0,0.0,0.0,0.0,0.0,0.0,0.0,0.0,0.0,0.0,0.0,0.0,0.0,0.0,0.0,0.0
refrigeration,test_utility_2,test_utility_2,multifamily_li,19,0.0,0.0,0.0,0.0,0.0,0.0,0.0,0.0,0.0,0.0,0.0,0.0,0.0,0.0,0.0,0.0,0.0,0.0,0.0,0.0,0.0,0.0,0.0,0.0,0.0,0.0,0.0,0.0,0.0,0.0,0.0
refrigeration,test_utility_2,test_utility_2,single_family_li,0,0.0,0.0,0.0,0.0,0.0,0.0,0.0,0.0,0.0,0.0,0.0,0.0,0.0,0.0,0.0,0.0,0.0,0.0,0.0,0.0,0.0,0.0,0.0,0.0,0.0,0.0,0.0,0.0,0.0,0.0,0.0
refrigeration,test_utility_2,test_utility_2,single_family_li,1,0.0,0.0,0.0,0.0,0.0,0.0,0.0,0.0,0.0,0.0,0.0,0.0,0.0,0.0,0.0,0.0,0.0,0.0,0.0,0.0,0.0,0.0,0.0,0.0,0.0,0.0,0.0,0.0,0.0,0.0,0.0
refrigeration,test_utility_2,test_utility_2,single_family_li,2,0.0,0.0,0.0,0.0,0.0,0.0,0.0,0.0,0.0,0.0,0.0,0.0,0.0,0.0,0.0,0.0,0.0,0.0,0.0,0.0,0.0,0.0,0.0,0.0,0.0,0.0,0.0,0.0,0.0,0.0,0.0
refrigeration,test_utility_2,test_utility_2,single_family_li,3,0.0,0.0,0.0,0.0,0.0,0.0,0.0,0.0,0.0,0.0,0.0,0.0,0.0,0.0,0.0,0.0,0.0,0.0,0.0,0.0,0.0,0.0,0.0,0.0,0.0,0.0,0.0,0.0,0.0,0.0,0.0
refrigeration,test_utility_2,test_utility_2,single_family_li,4,0.0,0.0,0.0,0.0,0.0,0.0,0.0,0.0,0.0,0.0,0.0,0.0,0.0,0.0,0.0,0.0,0.0,0.0,0.0,0.0,0.0,0.0,0.0,0.0,0.0,0.0,0.0,0.0,0.0,0.0,0.0
refrigeration,test_utility_2,test_utility_2,single_family_li,5,0.0,0.0,0.0,0.0,0.0,0.0,0.0,0.0,0.0,0.0,0.0,0.0,0.0,0.0,0.0,0.0,0.0,0.0,0.0,0.0,0.0,0.0,0.0,0.0,0.0,0.0,0.0,0.0,0.0,0.0,0.0
refrigeration,test_utility_2,test_utility_2,single_family_li,6,0.0,0.0,0.0,0.0,0.0,0.0,0.0,0.0,0.0,0.0,0.0,0.0,0.0,0.0,0.0,0.0,0.0,0.0,0.0,0.0,0.0,0.0,0.0,0.0,0.0,0.0,0.0,0.0,0.0,0.0,0.0
refrigeration,test_utility_2,test_utility_2,single_family_li,7,0.0,0.0,0.0,0.0,0.0,0.0,0.0,0.0,0.0,0.0,0.0,0.0,0.0,0.0,0.0,0.0,0.0,0.0,0.0,0.0,0.0,0.0,0.0,0.0,0.0,0.0,0.0,0.0,0.0,0.0,0.0
refrigeration,test_utility_2,test_utility_2,single_family_li,8,0.0,0.0,0.0,0.0,0.0,0.0,0.0,0.0,0.0,0.0,0.0,0.0,0.0,0.0,0.0,0.0,0.0,0.0,0.0,0.0,0.0,0.0,0.0,0.0,0.0,0.0,0.0,0.0,0.0,0.0,0.0
refrigeration,test_utility_2,test_utility_2,single_family_li,9,0.0,0.0,0.0,0.0,0.0,0.0,0.0,0.0,0.0,0.0,0.0,0.0,0.0,0.0,0.0,0.0,0.0,0.0,0.0,0.0,0.0,0.0,0.0,0.0,0.0,0.0,0.0,0.0,0.0,0.0,0.0
refrigeration,test_utility_2,test_utility_2,single_family_li,10,0.0,0.0,0.0,0.0,0.0,0.0,0.0,0.0,0.0,0.0,0.0,0.0,0.0,0.0,0.0,0.0,0.0,0.0,0.0,0.0,0.0,0.0,0.0,0.0,0.0,0.0,0.0,0.0,0.0,0.0,0.0
refrigeration,test_utility_2,test_utility_2,single_family_li,11,0.0,0.0,0.0,0.0,0.0,0.0,0.0,0.0,0.0,0.0,0.0,0.0,0.0,0.0,0.0,0.0,0.0,0.0,0.0,0.0,0.0,0.0,0.0,0.0,0.0,0.0,0.0,0.0,0.0,0.0,0.0
refrigeration,test_utility_2,test_utility_2,single_family_li,12,0.0,0.0,0.0,0.0,0.0,0.0,0.0,0.0,0.0,0.0,0.0,0.0,0.0,0.0,0.0,0.0,0.0,0.0,0.0,0.0,0.0,0.0,0.0,0.0,0.0,0.0,0.0,0.0,0.0,0.0,0.0
refrigeration,test_utility_2,test_utility_2,single_family_li,13,0.0,0.0,0.0,0.0,0.0,0.0,0.0,0.0,0.0,0.0,0.0,0.0,0.0,0.0,0.0,0.0,0.0,0.0,0.0,0.0,0.0,0.0,0.0,0.0,0.0,0.0,0.0,0.0,0.0,0.0,0.0
refrigeration,test_utility_2,test_utility_2,single_family_li,14,0.0,0.0,0.0,0.0,0.0,0.0,0.0,0.0,0.0,0.0,0.0,0.0,0.0,0.0,0.0,0.0,0.0,0.0,0.0,0.0,0.0,0.0,0.0,0.0,0.0,0.0,0.0,0.0,0.0,0.0,0.0
refrigeration,test_utility_2,test_utility_2,single_family_li,15,0.0,0.0,0.0,0.0,0.0,0.0,0.0,0.0,0.0,0.0,0.0,0.0,0.0,0.0,0.0,0.0,0.0,0.0,0.0,0.0,0.0,0.0,0.0,0.0,0.0,0.0,0.0,0.0,0.0,0.0,0.0
refrigeration,test_utility_2,test_utility_2,single_family_li,16,0.0,0.0,0.0,0.0,0.0,0.0,0.0,0.0,0.0,0.0,0.0,0.0,0.0,0.0,0.0,0.0,0.0,0.0,0.0,0.0,0.0,0.0,0.0,0.0,0.0,0.0,0.0,0.0,0.0,0.0,0.0
refrigeration,test_utility_2,test_utility_2,single_family_li,17,0.0,0.0,0.0,0.0,0.0,0.0,0.0,0.0,0.0,0.0,0.0,0.0,0.0,0.0,0.0,0.0,0.0,0.0,0.0,0.0,0.0,0.0,0.0,0.0,0.0,0.0,0.0,0.0,0.0,0.0,0.0
refrigeration,test_utility_2,test_utility_2,single_family_li,18,0.0,0.0,0.0,0.0,0.0,0.0,0.0,0.0,0.0,0.0,0.0,0.0,0.0,0.0,0.0,0.0,0.0,0.0,0.0,0.0,0.0,0.0,0.0,0.0,0.0,0.0,0.0,0.0,0.0,0.0,0.0
refrigeration,test_utility_2,test_utility_2,single_family_li,19,0.0,0.0,0.0,0.0,0.0,0.0,0.0,0.0,0.0,0.0,0.0,0.0,0.0,0.0,0.0,0.0,0.0,0.0,0.0,0.0,0.0,0.0,0.0,0.0,0.0,0.0,0.0,0.0,0.0,0.0,0.0
heating_cooling,test_utility_1,test_utility_1,multifamily,0,0.0,0.0,0.0,0.0,0.0,0.0,0.0,0.0,0.0,0.0,0.0,0.0,0.0,0.0,0.0,0.0,0.0,0.0,0.0,0.0,0.0,0.0,0.0,0.0,0.0,0.0,0.0,0.0,0.0,0.0,0.0
heating_cooling,test_utility_1,test_utility_1,multifamily,1,0.0,0.0,0.0,0.0,0.0,0.0,0.0,0.0,0.0,0.0,0.0,0.0,0.0,0.0,0.0,0.0,0.0,0.0,0.0,0.0,0.0,0.0,0.0,0.0,0.0,0.0,0.0,0.0,0.0,0.0,0.0
heating_cooling,test_utility_1,test_utility_1,multifamily,2,0.0,0.0,0.0,0.0,0.0,0.0,0.0,0.0,0.0,0.0,0.0,0.0,0.0,0.0,0.0,0.0,0.0,0.0,0.0,0.0,0.0,0.0,0.0,0.0,0.0,0.0,0.0,0.0,0.0,0.0,0.0
heating_cooling,test_utility_1,test_utility_1,multifamily,3,0.0,0.0,0.0,0.0,0.0,0.0,0.0,0.0,0.0,0.0,0.0,0.0,0.0,0.0,0.0,0.0,0.0,0.0,0.0,0.0,0.0,0.0,0.0,0.0,0.0,0.0,0.0,0.0,0.0,0.0,0.0
heating_cooling,test_utility_1,test_utility_1,multifamily,4,0.0,0.0,0.0,0.0,0.0,0.0,0.0,0.0,0.0,0.0,0.0,0.0,0.0,0.0,0.0,0.0,0.0,0.0,0.0,0.0,0.0,0.0,0.0,0.0,0.0,0.0,0.0,0.0,0.0,0.0,0.0
heating_cooling,test_utility_1,test_utility_1,multifamily,5,0.0,0.0,0.0,0.0,0.0,0.0,0.0,0.0,0.0,0.0,0.0,0.0,0.0,0.0,0.0,0.0,0.0,0.0,0.0,0.0,0.0,0.0,0.0,0.0,0.0,0.0,0.0,0.0,0.0,0.0,0.0
heating_cooling,test_utility_1,test_utility_1,multifamily,6,0.0,0.0,0.0,0.0,0.0,0.0,0.0,0.0,0.0,0.0,0.0,0.0,0.0,0.0,0.0,0.0,0.0,0.0,0.0,0.0,0.0,0.0,0.0,0.0,0.0,0.0,0.0,0.0,0.0,0.0,0.0
heating_cooling,test_utility_1,test_utility_1,multifamily,7,0.0,0.0,0.0,0.0,0.0,0.0,0.0,0.0,0.0,0.0,0.0,0.0,0.0,0.0,0.0,0.0,0.0,0.0,0.0,0.0,0.0,0.0,0.0,0.0,0.0,0.0,0.0,0.0,0.0,0.0,0.0
heating_cooling,test_utility_1,test_utility_1,multifamily,8,0.0,0.0,0.0,0.0,0.0,0.0,0.0,0.0,0.0,0.0,0.0,0.0,0.0,0.0,0.0,0.0,0.0,0.0,0.0,0.0,0.0,0.0,0.0,0.0,0.0,0.0,0.0,0.0,0.0,0.0,0.0
heating_cooling,test_utility_1,test_utility_1,multifamily,9,0.0,0.0,0.0,0.0,0.0,0.0,0.0,0.0,0.0,0.0,0.0,0.0,0.0,0.0,0.0,0.0,0.0,0.0,0.0,0.0,0.0,0.0,0.0,0.0,0.0,0.0,0.0,0.0,0.0,0.0,0.0
heating_cooling,test_utility_1,test_utility_1,multifamily,10,0.0,0.0,0.0,0.0,0.0,0.0,0.0,0.0,0.0,0.0,0.0,0.0,0.0,0.0,0.0,0.0,0.0,0.0,0.0,0.0,0.0,0.0,0.0,0.0,0.0,0.0,0.0,0.0,0.0,0.0,0.0
heating_cooling,test_utility_1,test_utility_1,multifamily,11,0.0,0.0,0.0,0.0,0.0,0.0,0.0,0.0,0.0,0.0,0.0,0.0,0.0,0.0,0.0,0.0,0.0,0.0,0.0,0.0,0.0,0.0,0.0,0.0,0.0,0.0,0.0,0.0,0.0,0.0,0.0
heating_cooling,test_utility_1,test_utility_1,multifamily,12,0.0,0.0,0.0,0.0,0.0,0.0,0.0,0.0,0.0,0.0,0.0,0.0,0.0,0.0,0.0,0.0,0.0,0.0,0.0,0.0,0.0,0.0,0.0,0.0,0.0,0.0,0.0,0.0,0.0,0.0,0.0
heating_cooling,test_utility_1,test_utility_1,multifamily,13,0.0,0.0,0.0,0.0,0.0,0.0,0.0,0.0,0.0,0.0,0.0,0.0,0.0,0.0,0.0,0.0,0.0,0.0,0.0,0.0,0.0,0.0,0.0,0.0,0.0,0.0,0.0,0.0,0.0,0.0,0.0
heating_cooling,test_utility_1,test_utility_1,multifamily,14,0.0,0.0,0.0,0.0,0.0,0.0,0.0,0.0,0.0,0.0,0.0,0.0,0.0,0.0,0.0,0.0,0.0,0.0,0.0,0.0,0.0,0.0,0.0,0.0,0.0,0.0,0.0,0.0,0.0,0.0,0.0
heating_cooling,test_utility_1,test_utility_1,multifamily,15,0.0,0.0,0.0,0.0,0.0,0.0,0.0,0.0,0.0,0.0,0.0,0.0,0.0,0.0,0.0,0.0,0.0,0.0,0.0,0.0,0.0,0.0,0.0,0.0,0.0,0.0,0.0,0.0,0.0,0.0,0.0
heating_cooling,test_utility_1,test_utility_1,multifamily,16,0.0,0.0,0.0,0.0,0.0,0.0,0.0,0.0,0.0,0.0,0.0,0.0,0.0,0.0,0.0,0.0,0.0,0.0,0.0,0.0,0.0,0.0,0.0,0.0,0.0,0.0,0.0,0.0,0.0,0.0,0.0
heating_cooling,test_utility_1,test_utility_1,multifamily,17,0.0,0.0,0.0,0.0,0.0,0.0,0.0,0.0,0.0,0.0,0.0,0.0,0.0,0.0,0.0,0.0,0.0,0.0,0.0,0.0,0.0,0.0,0.0,0.0,0.0,0.0,0.0,0.0,0.0,0.0,0.0
heating_cooling,test_utility_1,test_utility_1,multifamily,18,0.0,0.0,0.0,0.0,0.0,0.0,0.0,0.0,0.0,0.0,0.0,0.0,0.0,0.0,0.0,0.0,0.0,0.0,0.0,0.0,0.0,0.0,0.0,0.0,0.0,0.0,0.0,0.0,0.0,0.0,0.0
heating_cooling,test_utility_1,test_utility_1,multifamily,19,0.0,0.0,0.0,0.0,0.0,0.0,0.0,0.0,0.0,0.0,0.0,0.0,0.0,0.0,0.0,0.0,0.0,0.0,0.0,0.0,0.0,0.0,0.0,0.0,0.0,0.0,0.0,0.0,0.0,0.0,0.0
heating_cooling,test_utility_1,test_utility_1,single_family,0,0.0,0.0,0.0,0.0,0.0,0.0,0.0,0.0,0.0,0.0,0.0,0.0,0.0,0.0,0.0,0.0,0.0,0.0,0.0,0.0,0.0,0.0,0.0,0.0,0.0,0.0,0.0,0.0,0.0,0.0,0.0
heating_cooling,test_utility_1,test_utility_1,single_family,1,0.0,0.0,0.0,0.0,0.0,0.0,0.0,0.0,0.0,0.0,0.0,0.0,0.0,0.0,0.0,0.0,0.0,0.0,0.0,0.0,0.0,0.0,0.0,0.0,0.0,0.0,0.0,0.0,0.0,0.0,0.0
heating_cooling,test_utility_1,test_utility_1,single_family,2,0.0,0.0,0.0,0.0,0.0,0.0,0.0,0.0,0.0,0.0,0.0,0.0,0.0,0.0,0.0,0.0,0.0,0.0,0.0,0.0,0.0,0.0,0.0,0.0,0.0,0.0,0.0,0.0,0.0,0.0,0.0
heating_cooling,test_utility_1,test_utility_1,single_family,3,0.0,0.0,0.0,0.0,0.0,0.0,0.0,0.0,0.0,0.0,0.0,0.0,0.0,0.0,0.0,0.0,0.0,0.0,0.0,0.0,0.0,0.0,0.0,0.0,0.0,0.0,0.0,0.0,0.0,0.0,0.0
heating_cooling,test_utility_1,test_utility_1,single_family,4,0.0,0.0,0.0,0.0,0.0,0.0,0.0,0.0,0.0,0.0,0.0,0.0,0.0,0.0,0.0,0.0,0.0,0.0,0.0,0.0,0.0,0.0,0.0,0.0,0.0,0.0,0.0,0.0,0.0,0.0,0.0
heating_cooling,test_utility_1,test_utility_1,single_family,5,0.0,0.0,0.0,0.0,0.0,0.0,0.0,0.0,0.0,0.0,0.0,0.0,0.0,0.0,0.0,0.0,0.0,0.0,0.0,0.0,0.0,0.0,0.0,0.0,0.0,0.0,0.0,0.0,0.0,0.0,0.0
heating_cooling,test_utility_1,test_utility_1,single_family,6,0.0,0.0,0.0,0.0,0.0,0.0,0.0,0.0,0.0,0.0,0.0,0.0,0.0,0.0,0.0,0.0,0.0,0.0,0.0,0.0,0.0,0.0,0.0,0.0,0.0,0.0,0.0,0.0,0.0,0.0,0.0
heating_cooling,test_utility_1,test_utility_1,single_family,7,0.0,0.0,0.0,0.0,0.0,0.0,0.0,0.0,0.0,0.0,0.0,0.0,0.0,0.0,0.0,0.0,0.0,0.0,0.0,0.0,0.0,0.0,0.0,0.0,0.0,0.0,0.0,0.0,0.0,0.0,0.0
heating_cooling,test_utility_1,test_utility_1,single_family,8,0.0,0.0,0.0,0.0,0.0,0.0,0.0,0.0,0.0,0.0,0.0,0.0,0.0,0.0,0.0,0.0,0.0,0.0,0.0,0.0,0.0,0.0,0.0,0.0,0.0,0.0,0.0,0.0,0.0,0.0,0.0
heating_cooling,test_utility_1,test_utility_1,single_family,9,0.0,0.0,0.0,0.0,0.0,0.0,0.0,0.0,0.0,0.0,0.0,0.0,0.0,0.0,0.0,0.0,0.0,0.0,0.0,0.0,0.0,0.0,0.0,0.0,0.0,0.0,0.0,0.0,0.0,0.0,0.0
heating_cooling,test_utility_1,test_utility_1,single_family,10,0.0,0.0,0.0,0.0,0.0,0.0,0.0,0.0,0.0,0.0,0.0,0.0,0.0,0.0,0.0,0.0,0.0,0.0,0.0,0.0,0.0,0.0,0.0,0.0,0.0,0.0,0.0,0.0,0.0,0.0,0.0
heating_cooling,test_utility_1,test_utility_1,single_family,11,0.0,0.0,0.0,0.0,0.0,0.0,0.0,0.0,0.0,0.0,0.0,0.0,0.0,0.0,0.0,0.0,0.0,0.0,0.0,0.0,0.0,0.0,0.0,0.0,0.0,0.0,0.0,0.0,0.0,0.0,0.0
heating_cooling,test_utility_1,test_utility_1,single_family,12,0.0,0.0,0.0,0.0,0.0,0.0,0.0,0.0,0.0,0.0,0.0,0.0,0.0,0.0,0.0,0.0,0.0,0.0,0.0,0.0,0.0,0.0,0.0,0.0,0.0,0.0,0.0,0.0,0.0,0.0,0.0
heating_cooling,test_utility_1,test_utility_1,single_family,13,0.0,0.0,0.0,0.0,0.0,0.0,0.0,0.0,0.0,0.0,0.0,0.0,0.0,0.0,0.0,0.0,0.0,0.0,0.0,0.0,0.0,0.0,0.0,0.0,0.0,0.0,0.0,0.0,0.0,0.0,0.0
heating_cooling,test_utility_1,test_utility_1,single_family,14,0.0,0.0,0.0,0.0,0.0,0.0,0.0,0.0,0.0,0.0,0.0,0.0,0.0,0.0,0.0,0.0,0.0,0.0,0.0,0.0,0.0,0.0,0.0,0.0,0.0,0.0,0.0,0.0,0.0,0.0,0.0
heating_cooling,test_utility_1,test_utility_1,single_family,15,0.0,0.0,0.0,0.0,0.0,0.0,0.0,0.0,0.0,0.0,0.0,0.0,0.0,0.0,0.0,0.0,0.0,0.0,0.0,0.0,0.0,0.0,0.0,0.0,0.0,0.0,0.0,0.0,0.0,0.0,0.0
heating_cooling,test_utility_1,test_utility_1,single_family,16,0.0,0.0,0.0,0.0,0.0,0.0,0.0,0.0,0.0,0.0,0.0,0.0,0.0,0.0,0.0,0.0,0.0,0.0,0.0,0.0,0.0,0.0,0.0,0.0,0.0,0.0,0.0,0.0,0.0,0.0,0.0
heating_cooling,test_utility_1,test_utility_1,single_family,17,0.0,0.0,0.0,0.0,0.0,0.0,0.0,0.0,0.0,0.0,0.0,0.0,0.0,0.0,0.0,0.0,0.0,0.0,0.0,0.0,0.0,0.0,0.0,0.0,0.0,0.0,0.0,0.0,0.0,0.0,0.0
heating_cooling,test_utility_1,test_utility_1,single_family,18,0.0,0.0,0.0,0.0,0.0,0.0,0.0,0.0,0.0,0.0,0.0,0.0,0.0,0.0,0.0,0.0,0.0,0.0,0.0,0.0,0.0,0.0,0.0,0.0,0.0,0.0,0.0,0.0,0.0,0.0,0.0
heating_cooling,test_utility_1,test_utility_1,single_family,19,0.0,0.0,0.0,0.0,0.0,0.0,0.0,0.0,0.0,0.0,0.0,0.0,0.0,0.0,0.0,0.0,0.0,0.0,0.0,0.0,0.0,0.0,0.0,0.0,0.0,0.0,0.0,0.0,0.0,0.0,0.0
heating_cooling,test_utility_1,test_utility_1,multifamily_li,0,0.0,0.0,0.0,0.0,0.0,0.0,0.0,0.0,0.0,0.0,0.0,0.0,0.0,0.0,0.0,0.0,0.0,0.0,0.0,0.0,0.0,0.0,0.0,0.0,0.0,0.0,0.0,0.0,0.0,0.0,0.0
heating_cooling,test_utility_1,test_utility_1,multifamily_li,1,0.0,0.0,0.0,0.0,0.0,0.0,0.0,0.0,0.0,0.0,0.0,0.0,0.0,0.0,0.0,0.0,0.0,0.0,0.0,0.0,0.0,0.0,0.0,0.0,0.0,0.0,0.0,0.0,0.0,0.0,0.0
heating_cooling,test_utility_1,test_utility_1,multifamily_li,2,0.0,0.0,0.0,0.0,0.0,0.0,0.0,0.0,0.0,0.0,0.0,0.0,0.0,0.0,0.0,0.0,0.0,0.0,0.0,0.0,0.0,0.0,0.0,0.0,0.0,0.0,0.0,0.0,0.0,0.0,0.0
heating_cooling,test_utility_1,test_utility_1,multifamily_li,3,0.0,0.0,0.0,0.0,0.0,0.0,0.0,0.0,0.0,0.0,0.0,0.0,0.0,0.0,0.0,0.0,0.0,0.0,0.0,0.0,0.0,0.0,0.0,0.0,0.0,0.0,0.0,0.0,0.0,0.0,0.0
heating_cooling,test_utility_1,test_utility_1,multifamily_li,4,0.0,0.0,0.0,0.0,0.0,0.0,0.0,0.0,0.0,0.0,0.0,0.0,0.0,0.0,0.0,0.0,0.0,0.0,0.0,0.0,0.0,0.0,0.0,0.0,0.0,0.0,0.0,0.0,0.0,0.0,0.0
heating_cooling,test_utility_1,test_utility_1,multifamily_li,5,0.0,0.0,0.0,0.0,0.0,0.0,0.0,0.0,0.0,0.0,0.0,0.0,0.0,0.0,0.0,0.0,0.0,0.0,0.0,0.0,0.0,0.0,0.0,0.0,0.0,0.0,0.0,0.0,0.0,0.0,0.0
heating_cooling,test_utility_1,test_utility_1,multifamily_li,6,0.0,0.0,0.0,0.0,0.0,0.0,0.0,0.0,0.0,0.0,0.0,0.0,0.0,0.0,0.0,0.0,0.0,0.0,0.0,0.0,0.0,0.0,0.0,0.0,0.0,0.0,0.0,0.0,0.0,0.0,0.0
heating_cooling,test_utility_1,test_utility_1,multifamily_li,7,0.0,0.0,0.0,0.0,0.0,0.0,0.0,0.0,0.0,0.0,0.0,0.0,0.0,0.0,0.0,0.0,0.0,0.0,0.0,0.0,0.0,0.0,0.0,0.0,0.0,0.0,0.0,0.0,0.0,0.0,0.0
heating_cooling,test_utility_1,test_utility_1,multifamily_li,8,0.0,0.0,0.0,0.0,0.0,0.0,0.0,0.0,0.0,0.0,0.0,0.0,0.0,0.0,0.0,0.0,0.0,0.0,0.0,0.0,0.0,0.0,0.0,0.0,0.0,0.0,0.0,0.0,0.0,0.0,0.0
heating_cooling,test_utility_1,test_utility_1,multifamily_li,9,0.0,0.0,0.0,0.0,0.0,0.0,0.0,0.0,0.0,0.0,0.0,0.0,0.0,0.0,0.0,0.0,0.0,0.0,0.0,0.0,0.0,0.0,0.0,0.0,0.0,0.0,0.0,0.0,0.0,0.0,0.0
heating_cooling,test_utility_1,test_utility_1,multifamily_li,10,0.0,0.0,0.0,0.0,0.0,0.0,0.0,0.0,0.0,0.0,0.0,0.0,0.0,0.0,0.0,0.0,0.0,0.0,0.0,0.0,0.0,0.0,0.0,0.0,0.0,0.0,0.0,0.0,0.0,0.0,0.0
heating_cooling,test_utility_1,test_utility_1,multifamily_li,11,0.0,0.0,0.0,0.0,0.0,0.0,0.0,0.0,0.0,0.0,0.0,0.0,0.0,0.0,0.0,0.0,0.0,0.0,0.0,0.0,0.0,0.0,0.0,0.0,0.0,0.0,0.0,0.0,0.0,0.0,0.0
heating_cooling,test_utility_1,test_utility_1,multifamily_li,12,0.0,0.0,0.0,0.0,0.0,0.0,0.0,0.0,0.0,0.0,0.0,0.0,0.0,0.0,0.0,0.0,0.0,0.0,0.0,0.0,0.0,0.0,0.0,0.0,0.0,0.0,0.0,0.0,0.0,0.0,0.0
heating_cooling,test_utility_1,test_utility_1,multifamily_li,13,0.0,0.0,0.0,0.0,0.0,0.0,0.0,0.0,0.0,0.0,0.0,0.0,0.0,0.0,0.0,0.0,0.0,0.0,0.0,0.0,0.0,0.0,0.0,0.0,0.0,0.0,0.0,0.0,0.0,0.0,0.0
heating_cooling,test_utility_1,test_utility_1,multifamily_li,14,0.0,0.0,0.0,0.0,0.0,0.0,0.0,0.0,0.0,0.0,0.0,0.0,0.0,0.0,0.0,0.0,0.0,0.0,0.0,0.0,0.0,0.0,0.0,0.0,0.0,0.0,0.0,0.0,0.0,0.0,0.0
heating_cooling,test_utility_1,test_utility_1,multifamily_li,15,0.0,0.0,0.0,0.0,0.0,0.0,0.0,0.0,0.0,0.0,0.0,0.0,0.0,0.0,0.0,0.0,0.0,0.0,0.0,0.0,0.0,0.0,0.0,0.0,0.0,0.0,0.0,0.0,0.0,0.0,0.0
heating_cooling,test_utility_1,test_utility_1,multifamily_li,16,0.0,0.0,0.0,0.0,0.0,0.0,0.0,0.0,0.0,0.0,0.0,0.0,0.0,0.0,0.0,0.0,0.0,0.0,0.0,0.0,0.0,0.0,0.0,0.0,0.0,0.0,0.0,0.0,0.0,0.0,0.0
heating_cooling,test_utility_1,test_utility_1,multifamily_li,17,0.0,0.0,0.0,0.0,0.0,0.0,0.0,0.0,0.0,0.0,0.0,0.0,0.0,0.0,0.0,0.0,0.0,0.0,0.0,0.0,0.0,0.0,0.0,0.0,0.0,0.0,0.0,0.0,0.0,0.0,0.0
heating_cooling,test_utility_1,test_utility_1,multifamily_li,18,0.0,0.0,0.0,0.0,0.0,0.0,0.0,0.0,0.0,0.0,0.0,0.0,0.0,0.0,0.0,0.0,0.0,0.0,0.0,0.0,0.0,0.0,0.0,0.0,0.0,0.0,0.0,0.0,0.0,0.0,0.0
heating_cooling,test_utility_1,test_utility_1,multifamily_li,19,0.0,0.0,0.0,0.0,0.0,0.0,0.0,0.0,0.0,0.0,0.0,0.0,0.0,0.0,0.0,0.0,0.0,0.0,0.0,0.0,0.0,0.0,0.0,0.0,0.0,0.0,0.0,0.0,0.0,0.0,0.0
heating_cooling,test_utility_1,test_utility_1,single_family_li,0,0.0,0.0,0.0,0.0,0.0,0.0,0.0,0.0,0.0,0.0,0.0,0.0,0.0,0.0,0.0,0.0,0.0,0.0,0.0,0.0,0.0,0.0,0.0,0.0,0.0,0.0,0.0,0.0,0.0,0.0,0.0
heating_cooling,test_utility_1,test_utility_1,single_family_li,1,0.0,0.0,0.0,0.0,0.0,0.0,0.0,0.0,0.0,0.0,0.0,0.0,0.0,0.0,0.0,0.0,0.0,0.0,0.0,0.0,0.0,0.0,0.0,0.0,0.0,0.0,0.0,0.0,0.0,0.0,0.0
heating_cooling,test_utility_1,test_utility_1,single_family_li,2,0.0,0.0,0.0,0.0,0.0,0.0,0.0,0.0,0.0,0.0,0.0,0.0,0.0,0.0,0.0,0.0,0.0,0.0,0.0,0.0,0.0,0.0,0.0,0.0,0.0,0.0,0.0,0.0,0.0,0.0,0.0
heating_cooling,test_utility_1,test_utility_1,single_family_li,3,0.0,0.0,0.0,0.0,0.0,0.0,0.0,0.0,0.0,0.0,0.0,0.0,0.0,0.0,0.0,0.0,0.0,0.0,0.0,0.0,0.0,0.0,0.0,0.0,0.0,0.0,0.0,0.0,0.0,0.0,0.0
heating_cooling,test_utility_1,test_utility_1,single_family_li,4,0.0,0.0,0.0,0.0,0.0,0.0,0.0,0.0,0.0,0.0,0.0,0.0,0.0,0.0,0.0,0.0,0.0,0.0,0.0,0.0,0.0,0.0,0.0,0.0,0.0,0.0,0.0,0.0,0.0,0.0,0.0
heating_cooling,test_utility_1,test_utility_1,single_family_li,5,0.0,0.0,0.0,0.0,0.0,0.0,0.0,0.0,0.0,0.0,0.0,0.0,0.0,0.0,0.0,0.0,0.0,0.0,0.0,0.0,0.0,0.0,0.0,0.0,0.0,0.0,0.0,0.0,0.0,0.0,0.0
heating_cooling,test_utility_1,test_utility_1,single_family_li,6,0.0,0.0,0.0,0.0,0.0,0.0,0.0,0.0,0.0,0.0,0.0,0.0,0.0,0.0,0.0,0.0,0.0,0.0,0.0,0.0,0.0,0.0,0.0,0.0,0.0,0.0,0.0,0.0,0.0,0.0,0.0
heating_cooling,test_utility_1,test_utility_1,single_family_li,7,0.0,0.0,0.0,0.0,0.0,0.0,0.0,0.0,0.0,0.0,0.0,0.0,0.0,0.0,0.0,0.0,0.0,0.0,0.0,0.0,0.0,0.0,0.0,0.0,0.0,0.0,0.0,0.0,0.0,0.0,0.0
heating_cooling,test_utility_1,test_utility_1,single_family_li,8,0.0,0.0,0.0,0.0,0.0,0.0,0.0,0.0,0.0,0.0,0.0,0.0,0.0,0.0,0.0,0.0,0.0,0.0,0.0,0.0,0.0,0.0,0.0,0.0,0.0,0.0,0.0,0.0,0.0,0.0,0.0
heating_cooling,test_utility_1,test_utility_1,single_family_li,9,0.0,0.0,0.0,0.0,0.0,0.0,0.0,0.0,0.0,0.0,0.0,0.0,0.0,0.0,0.0,0.0,0.0,0.0,0.0,0.0,0.0,0.0,0.0,0.0,0.0,0.0,0.0,0.0,0.0,0.0,0.0
heating_cooling,test_utility_1,test_utility_1,single_family_li,10,0.0,0.0,0.0,0.0,0.0,0.0,0.0,0.0,0.0,0.0,0.0,0.0,0.0,0.0,0.0,0.0,0.0,0.0,0.0,0.0,0.0,0.0,0.0,0.0,0.0,0.0,0.0,0.0,0.0,0.0,0.0
heating_cooling,test_utility_1,test_utility_1,single_family_li,11,0.0,0.0,0.0,0.0,0.0,0.0,0.0,0.0,0.0,0.0,0.0,0.0,0.0,0.0,0.0,0.0,0.0,0.0,0.0,0.0,0.0,0.0,0.0,0.0,0.0,0.0,0.0,0.0,0.0,0.0,0.0
heating_cooling,test_utility_1,test_utility_1,single_family_li,12,0.0,0.0,0.0,0.0,0.0,0.0,0.0,0.0,0.0,0.0,0.0,0.0,0.0,0.0,0.0,0.0,0.0,0.0,0.0,0.0,0.0,0.0,0.0,0.0,0.0,0.0,0.0,0.0,0.0,0.0,0.0
heating_cooling,test_utility_1,test_utility_1,single_family_li,13,0.0,0.0,0.0,0.0,0.0,0.0,0.0,0.0,0.0,0.0,0.0,0.0,0.0,0.0,0.0,0.0,0.0,0.0,0.0,0.0,0.0,0.0,0.0,0.0,0.0,0.0,0.0,0.0,0.0,0.0,0.0
heating_cooling,test_utility_1,test_utility_1,single_family_li,14,0.0,0.0,0.0,0.0,0.0,0.0,0.0,0.0,0.0,0.0,0.0,0.0,0.0,0.0,0.0,0.0,0.0,0.0,0.0,0.0,0.0,0.0,0.0,0.0,0.0,0.0,0.0,0.0,0.0,0.0,0.0
heating_cooling,test_utility_1,test_utility_1,single_family_li,15,0.0,0.0,0.0,0.0,0.0,0.0,0.0,0.0,0.0,0.0,0.0,0.0,0.0,0.0,0.0,0.0,0.0,0.0,0.0,0.0,0.0,0.0,0.0,0.0,0.0,0.0,0.0,0.0,0.0,0.0,0.0
heating_cooling,test_utility_1,test_utility_1,single_family_li,16,0.0,0.0,0.0,0.0,0.0,0.0,0.0,0.0,0.0,0.0,0.0,0.0,0.0,0.0,0.0,0.0,0.0,0.0,0.0,0.0,0.0,0.0,0.0,0.0,0.0,0.0,0.0,0.0,0.0,0.0,0.0
heating_cooling,test_utility_1,test_utility_1,single_family_li,17,0.0,0.0,0.0,0.0,0.0,0.0,0.0,0.0,0.0,0.0,0.0,0.0,0.0,0.0,0.0,0.0,0.0,0.0,0.0,0.0,0.0,0.0,0.0,0.0,0.0,0.0,0.0,0.0,0.0,0.0,0.0
heating_cooling,test_utility_1,test_utility_1,single_family_li,18,0.0,0.0,0.0,0.0,0.0,0.0,0.0,0.0,0.0,0.0,0.0,0.0,0.0,0.0,0.0,0.0,0.0,0.0,0.0,0.0,0.0,0.0,0.0,0.0,0.0,0.0,0.0,0.0,0.0,0.0,0.0
heating_cooling,test_utility_1,test_utility_1,single_family_li,19,0.0,0.0,0.0,0.0,0.0,0.0,0.0,0.0,0.0,0.0,0.0,0.0,0.0,0.0,0.0,0.0,0.0,0.0,0.0,0.0,0.0,0.0,0.0,0.0,0.0,0.0,0.0,0.0,0.0,0.0,0.0
heating_cooling,test_utility_1,none,multifamily,0,0.0,0.0,0.0,0.0,0.0,0.0,0.0,0.0,0.0,0.0,0.0,0.0,0.0,0.0,0.0,0.0,0.0,0.0,0.0,0.0,0.0,0.0,0.0,0.0,0.0,0.0,0.0,0.0,0.0,0.0,0.0
heating_cooling,test_utility_1,none,multifamily,1,0.0,0.0,0.0,0.0,0.0,0.0,0.0,0.0,0.0,0.0,0.0,0.0,0.0,0.0,0.0,0.0,0.0,0.0,0.0,0.0,0.0,0.0,0.0,0.0,0.0,0.0,0.0,0.0,0.0,0.0,0.0
heating_cooling,test_utility_1,none,multifamily,2,0.0,0.0,0.0,0.0,0.0,0.0,0.0,0.0,0.0,0.0,0.0,0.0,0.0,0.0,0.0,0.0,0.0,0.0,0.0,0.0,0.0,0.0,0.0,0.0,0.0,0.0,0.0,0.0,0.0,0.0,0.0
heating_cooling,test_utility_1,none,multifamily,3,0.0,0.0,0.0,0.0,0.0,0.0,0.0,0.0,0.0,0.0,0.0,0.0,0.0,0.0,0.0,0.0,0.0,0.0,0.0,0.0,0.0,0.0,0.0,0.0,0.0,0.0,0.0,0.0,0.0,0.0,0.0
heating_cooling,test_utility_1,none,multifamily,4,0.0,0.0,0.0,0.0,0.0,0.0,0.0,0.0,0.0,0.0,0.0,0.0,0.0,0.0,0.0,0.0,0.0,0.0,0.0,0.0,0.0,0.0,0.0,0.0,0.0,0.0,0.0,0.0,0.0,0.0,0.0
heating_cooling,test_utility_1,none,multifamily,5,0.0,0.0,0.0,0.0,0.0,0.0,0.0,0.0,0.0,0.0,0.0,0.0,0.0,0.0,0.0,0.0,0.0,0.0,0.0,0.0,0.0,0.0,0.0,0.0,0.0,0.0,0.0,0.0,0.0,0.0,0.0
heating_cooling,test_utility_1,none,multifamily,6,0.0,0.0,0.0,0.0,0.0,0.0,0.0,0.0,0.0,0.0,0.0,0.0,0.0,0.0,0.0,0.0,0.0,0.0,0.0,0.0,0.0,0.0,0.0,0.0,0.0,0.0,0.0,0.0,0.0,0.0,0.0
heating_cooling,test_utility_1,none,multifamily,7,0.0,0.0,0.0,0.0,0.0,0.0,0.0,0.0,0.0,0.0,0.0,0.0,0.0,0.0,0.0,0.0,0.0,0.0,0.0,0.0,0.0,0.0,0.0,0.0,0.0,0.0,0.0,0.0,0.0,0.0,0.0
heating_cooling,test_utility_1,none,multifamily,8,0.0,0.0,0.0,0.0,0.0,0.0,0.0,0.0,0.0,0.0,0.0,0.0,0.0,0.0,0.0,0.0,0.0,0.0,0.0,0.0,0.0,0.0,0.0,0.0,0.0,0.0,0.0,0.0,0.0,0.0,0.0
heating_cooling,test_utility_1,none,multifamily,9,0.0,0.0,0.0,0.0,0.0,0.0,0.0,0.0,0.0,0.0,0.0,0.0,0.0,0.0,0.0,0.0,0.0,0.0,0.0,0.0,0.0,0.0,0.0,0.0,0.0,0.0,0.0,0.0,0.0,0.0,0.0
heating_cooling,test_utility_1,none,multifamily,10,0.0,0.0,0.0,0.0,0.0,0.0,0.0,0.0,0.0,0.0,0.0,0.0,0.0,0.0,0.0,0.0,0.0,0.0,0.0,0.0,0.0,0.0,0.0,0.0,0.0,0.0,0.0,0.0,0.0,0.0,0.0
heating_cooling,test_utility_1,none,multifamily,11,0.0,0.0,0.0,0.0,0.0,0.0,0.0,0.0,0.0,0.0,0.0,0.0,0.0,0.0,0.0,0.0,0.0,0.0,0.0,0.0,0.0,0.0,0.0,0.0,0.0,0.0,0.0,0.0,0.0,0.0,0.0
heating_cooling,test_utility_1,none,multifamily,12,0.0,0.0,0.0,0.0,0.0,0.0,0.0,0.0,0.0,0.0,0.0,0.0,0.0,0.0,0.0,0.0,0.0,0.0,0.0,0.0,0.0,0.0,0.0,0.0,0.0,0.0,0.0,0.0,0.0,0.0,0.0
heating_cooling,test_utility_1,none,multifamily,13,0.0,0.0,0.0,0.0,0.0,0.0,0.0,0.0,0.0,0.0,0.0,0.0,0.0,0.0,0.0,0.0,0.0,0.0,0.0,0.0,0.0,0.0,0.0,0.0,0.0,0.0,0.0,0.0,0.0,0.0,0.0
heating_cooling,test_utility_1,none,multifamily,14,0.0,0.0,0.0,0.0,0.0,0.0,0.0,0.0,0.0,0.0,0.0,0.0,0.0,0.0,0.0,0.0,0.0,0.0,0.0,0.0,0.0,0.0,0.0,0.0,0.0,0.0,0.0,0.0,0.0,0.0,0.0
heating_cooling,test_utility_1,none,multifamily,15,0.0,0.0,0.0,0.0,0.0,0.0,0.0,0.0,0.0,0.0,0.0,0.0,0.0,0.0,0.0,0.0,0.0,0.0,0.0,0.0,0.0,0.0,0.0,0.0,0.0,0.0,0.0,0.0,0.0,0.0,0.0
heating_cooling,test_utility_1,none,multifamily,16,0.0,0.0,0.0,0.0,0.0,0.0,0.0,0.0,0.0,0.0,0.0,0.0,0.0,0.0,0.0,0.0,0.0,0.0,0.0,0.0,0.0,0.0,0.0,0.0,0.0,0.0,0.0,0.0,0.0,0.0,0.0
heating_cooling,test_utility_1,none,multifamily,17,0.0,0.0,0.0,0.0,0.0,0.0,0.0,0.0,0.0,0.0,0.0,0.0,0.0,0.0,0.0,0.0,0.0,0.0,0.0,0.0,0.0,0.0,0.0,0.0,0.0,0.0,0.0,0.0,0.0,0.0,0.0
heating_cooling,test_utility_1,none,multifamily,18,0.0,0.0,0.0,0.0,0.0,0.0,0.0,0.0,0.0,0.0,0.0,0.0,0.0,0.0,0.0,0.0,0.0,0.0,0.0,0.0,0.0,0.0,0.0,0.0,0.0,0.0,0.0,0.0,0.0,0.0,0.0
heating_cooling,test_utility_1,none,multifamily,19,0.0,0.0,0.0,0.0,0.0,0.0,0.0,0.0,0.0,0.0,0.0,0.0,0.0,0.0,0.0,0.0,0.0,0.0,0.0,0.0,0.0,0.0,0.0,0.0,0.0,0.0,0.0,0.0,0.0,0.0,0.0
heating_cooling,test_utility_1,none,single_family,0,0.0,0.0,0.0,0.0,0.0,0.0,0.0,0.0,0.0,0.0,0.0,0.0,0.0,0.0,0.0,0.0,0.0,0.0,0.0,0.0,0.0,0.0,0.0,0.0,0.0,0.0,0.0,0.0,0.0,0.0,0.0
heating_cooling,test_utility_1,none,single_family,1,0.0,0.0,0.0,0.0,0.0,0.0,0.0,0.0,0.0,0.0,0.0,0.0,0.0,0.0,0.0,0.0,0.0,0.0,0.0,0.0,0.0,0.0,0.0,0.0,0.0,0.0,0.0,0.0,0.0,0.0,0.0
heating_cooling,test_utility_1,none,single_family,2,0.0,0.0,0.0,0.0,0.0,0.0,0.0,0.0,0.0,0.0,0.0,0.0,0.0,0.0,0.0,0.0,0.0,0.0,0.0,0.0,0.0,0.0,0.0,0.0,0.0,0.0,0.0,0.0,0.0,0.0,0.0
heating_cooling,test_utility_1,none,single_family,3,0.0,0.0,0.0,0.0,0.0,0.0,0.0,0.0,0.0,0.0,0.0,0.0,0.0,0.0,0.0,0.0,0.0,0.0,0.0,0.0,0.0,0.0,0.0,0.0,0.0,0.0,0.0,0.0,0.0,0.0,0.0
heating_cooling,test_utility_1,none,single_family,4,0.0,0.0,0.0,0.0,0.0,0.0,0.0,0.0,0.0,0.0,0.0,0.0,0.0,0.0,0.0,0.0,0.0,0.0,0.0,0.0,0.0,0.0,0.0,0.0,0.0,0.0,0.0,0.0,0.0,0.0,0.0
heating_cooling,test_utility_1,none,single_family,5,0.0,0.0,0.0,0.0,0.0,0.0,0.0,0.0,0.0,0.0,0.0,0.0,0.0,0.0,0.0,0.0,0.0,0.0,0.0,0.0,0.0,0.0,0.0,0.0,0.0,0.0,0.0,0.0,0.0,0.0,0.0
heating_cooling,test_utility_1,none,single_family,6,0.0,0.0,0.0,0.0,0.0,0.0,0.0,0.0,0.0,0.0,0.0,0.0,0.0,0.0,0.0,0.0,0.0,0.0,0.0,0.0,0.0,0.0,0.0,0.0,0.0,0.0,0.0,0.0,0.0,0.0,0.0
heating_cooling,test_utility_1,none,single_family,7,0.0,0.0,0.0,0.0,0.0,0.0,0.0,0.0,0.0,0.0,0.0,0.0,0.0,0.0,0.0,0.0,0.0,0.0,0.0,0.0,0.0,0.0,0.0,0.0,0.0,0.0,0.0,0.0,0.0,0.0,0.0
heating_cooling,test_utility_1,none,single_family,8,0.0,0.0,0.0,0.0,0.0,0.0,0.0,0.0,0.0,0.0,0.0,0.0,0.0,0.0,0.0,0.0,0.0,0.0,0.0,0.0,0.0,0.0,0.0,0.0,0.0,0.0,0.0,0.0,0.0,0.0,0.0
heating_cooling,test_utility_1,none,single_family,9,0.0,0.0,0.0,0.0,0.0,0.0,0.0,0.0,0.0,0.0,0.0,0.0,0.0,0.0,0.0,0.0,0.0,0.0,0.0,0.0,0.0,0.0,0.0,0.0,0.0,0.0,0.0,0.0,0.0,0.0,0.0
heating_cooling,test_utility_1,none,single_family,10,0.0,0.0,0.0,0.0,0.0,0.0,0.0,0.0,0.0,0.0,0.0,0.0,0.0,0.0,0.0,0.0,0.0,0.0,0.0,0.0,0.0,0.0,0.0,0.0,0.0,0.0,0.0,0.0,0.0,0.0,0.0
heating_cooling,test_utility_1,none,single_family,11,0.0,0.0,0.0,0.0,0.0,0.0,0.0,0.0,0.0,0.0,0.0,0.0,0.0,0.0,0.0,0.0,0.0,0.0,0.0,0.0,0.0,0.0,0.0,0.0,0.0,0.0,0.0,0.0,0.0,0.0,0.0
heating_cooling,test_utility_1,none,single_family,12,0.0,0.0,0.0,0.0,0.0,0.0,0.0,0.0,0.0,0.0,0.0,0.0,0.0,0.0,0.0,0.0,0.0,0.0,0.0,0.0,0.0,0.0,0.0,0.0,0.0,0.0,0.0,0.0,0.0,0.0,0.0
heating_cooling,test_utility_1,none,single_family,13,0.0,0.0,0.0,0.0,0.0,0.0,0.0,0.0,0.0,0.0,0.0,0.0,0.0,0.0,0.0,0.0,0.0,0.0,0.0,0.0,0.0,0.0,0.0,0.0,0.0,0.0,0.0,0.0,0.0,0.0,0.0
heating_cooling,test_utility_1,none,single_family,14,0.0,0.0,0.0,0.0,0.0,0.0,0.0,0.0,0.0,0.0,0.0,0.0,0.0,0.0,0.0,0.0,0.0,0.0,0.0,0.0,0.0,0.0,0.0,0.0,0.0,0.0,0.0,0.0,0.0,0.0,0.0
heating_cooling,test_utility_1,none,single_family,15,0.0,0.0,0.0,0.0,0.0,0.0,0.0,0.0,0.0,0.0,0.0,0.0,0.0,0.0,0.0,0.0,0.0,0.0,0.0,0.0,0.0,0.0,0.0,0.0,0.0,0.0,0.0,0.0,0.0,0.0,0.0
heating_cooling,test_utility_1,none,single_family,16,0.0,0.0,0.0,0.0,0.0,0.0,0.0,0.0,0.0,0.0,0.0,0.0,0.0,0.0,0.0,0.0,0.0,0.0,0.0,0.0,0.0,0.0,0.0,0.0,0.0,0.0,0.0,0.0,0.0,0.0,0.0
heating_cooling,test_utility_1,none,single_family,17,0.0,0.0,0.0,0.0,0.0,0.0,0.0,0.0,0.0,0.0,0.0,0.0,0.0,0.0,0.0,0.0,0.0,0.0,0.0,0.0,0.0,0.0,0.0,0.0,0.0,0.0,0.0,0.0,0.0,0.0,0.0
heating_cooling,test_utility_1,none,single_family,18,0.0,0.0,0.0,0.0,0.0,0.0,0.0,0.0,0.0,0.0,0.0,0.0,0.0,0.0,0.0,0.0,0.0,0.0,0.0,0.0,0.0,0.0,0.0,0.0,0.0,0.0,0.0,0.0,0.0,0.0,0.0
heating_cooling,test_utility_1,none,single_family,19,0.0,0.0,0.0,0.0,0.0,0.0,0.0,0.0,0.0,0.0,0.0,0.0,0.0,0.0,0.0,0.0,0.0,0.0,0.0,0.0,0.0,0.0,0.0,0.0,0.0,0.0,0.0,0.0,0.0,0.0,0.0
heating_cooling,test_utility_1,none,multifamily_li,0,0.0,0.0,0.0,0.0,0.0,0.0,0.0,0.0,0.0,0.0,0.0,0.0,0.0,0.0,0.0,0.0,0.0,0.0,0.0,0.0,0.0,0.0,0.0,0.0,0.0,0.0,0.0,0.0,0.0,0.0,0.0
heating_cooling,test_utility_1,none,multifamily_li,1,0.0,0.0,0.0,0.0,0.0,0.0,0.0,0.0,0.0,0.0,0.0,0.0,0.0,0.0,0.0,0.0,0.0,0.0,0.0,0.0,0.0,0.0,0.0,0.0,0.0,0.0,0.0,0.0,0.0,0.0,0.0
heating_cooling,test_utility_1,none,multifamily_li,2,0.0,0.0,0.0,0.0,0.0,0.0,0.0,0.0,0.0,0.0,0.0,0.0,0.0,0.0,0.0,0.0,0.0,0.0,0.0,0.0,0.0,0.0,0.0,0.0,0.0,0.0,0.0,0.0,0.0,0.0,0.0
heating_cooling,test_utility_1,none,multifamily_li,3,0.0,0.0,0.0,0.0,0.0,0.0,0.0,0.0,0.0,0.0,0.0,0.0,0.0,0.0,0.0,0.0,0.0,0.0,0.0,0.0,0.0,0.0,0.0,0.0,0.0,0.0,0.0,0.0,0.0,0.0,0.0
heating_cooling,test_utility_1,none,multifamily_li,4,0.0,0.0,0.0,0.0,0.0,0.0,0.0,0.0,0.0,0.0,0.0,0.0,0.0,0.0,0.0,0.0,0.0,0.0,0.0,0.0,0.0,0.0,0.0,0.0,0.0,0.0,0.0,0.0,0.0,0.0,0.0
heating_cooling,test_utility_1,none,multifamily_li,5,0.0,0.0,0.0,0.0,0.0,0.0,0.0,0.0,0.0,0.0,0.0,0.0,0.0,0.0,0.0,0.0,0.0,0.0,0.0,0.0,0.0,0.0,0.0,0.0,0.0,0.0,0.0,0.0,0.0,0.0,0.0
heating_cooling,test_utility_1,none,multifamily_li,6,0.0,0.0,0.0,0.0,0.0,0.0,0.0,0.0,0.0,0.0,0.0,0.0,0.0,0.0,0.0,0.0,0.0,0.0,0.0,0.0,0.0,0.0,0.0,0.0,0.0,0.0,0.0,0.0,0.0,0.0,0.0
heating_cooling,test_utility_1,none,multifamily_li,7,0.0,0.0,0.0,0.0,0.0,0.0,0.0,0.0,0.0,0.0,0.0,0.0,0.0,0.0,0.0,0.0,0.0,0.0,0.0,0.0,0.0,0.0,0.0,0.0,0.0,0.0,0.0,0.0,0.0,0.0,0.0
heating_cooling,test_utility_1,none,multifamily_li,8,0.0,0.0,0.0,0.0,0.0,0.0,0.0,0.0,0.0,0.0,0.0,0.0,0.0,0.0,0.0,0.0,0.0,0.0,0.0,0.0,0.0,0.0,0.0,0.0,0.0,0.0,0.0,0.0,0.0,0.0,0.0
heating_cooling,test_utility_1,none,multifamily_li,9,0.0,0.0,0.0,0.0,0.0,0.0,0.0,0.0,0.0,0.0,0.0,0.0,0.0,0.0,0.0,0.0,0.0,0.0,0.0,0.0,0.0,0.0,0.0,0.0,0.0,0.0,0.0,0.0,0.0,0.0,0.0
heating_cooling,test_utility_1,none,multifamily_li,10,0.0,0.0,0.0,0.0,0.0,0.0,0.0,0.0,0.0,0.0,0.0,0.0,0.0,0.0,0.0,0.0,0.0,0.0,0.0,0.0,0.0,0.0,0.0,0.0,0.0,0.0,0.0,0.0,0.0,0.0,0.0
heating_cooling,test_utility_1,none,multifamily_li,11,0.0,0.0,0.0,0.0,0.0,0.0,0.0,0.0,0.0,0.0,0.0,0.0,0.0,0.0,0.0,0.0,0.0,0.0,0.0,0.0,0.0,0.0,0.0,0.0,0.0,0.0,0.0,0.0,0.0,0.0,0.0
heating_cooling,test_utility_1,none,multifamily_li,12,0.0,0.0,0.0,0.0,0.0,0.0,0.0,0.0,0.0,0.0,0.0,0.0,0.0,0.0,0.0,0.0,0.0,0.0,0.0,0.0,0.0,0.0,0.0,0.0,0.0,0.0,0.0,0.0,0.0,0.0,0.0
heating_cooling,test_utility_1,none,multifamily_li,13,0.0,0.0,0.0,0.0,0.0,0.0,0.0,0.0,0.0,0.0,0.0,0.0,0.0,0.0,0.0,0.0,0.0,0.0,0.0,0.0,0.0,0.0,0.0,0.0,0.0,0.0,0.0,0.0,0.0,0.0,0.0
heating_cooling,test_utility_1,none,multifamily_li,14,0.0,0.0,0.0,0.0,0.0,0.0,0.0,0.0,0.0,0.0,0.0,0.0,0.0,0.0,0.0,0.0,0.0,0.0,0.0,0.0,0.0,0.0,0.0,0.0,0.0,0.0,0.0,0.0,0.0,0.0,0.0
heating_cooling,test_utility_1,none,multifamily_li,15,0.0,0.0,0.0,0.0,0.0,0.0,0.0,0.0,0.0,0.0,0.0,0.0,0.0,0.0,0.0,0.0,0.0,0.0,0.0,0.0,0.0,0.0,0.0,0.0,0.0,0.0,0.0,0.0,0.0,0.0,0.0
heating_cooling,test_utility_1,none,multifamily_li,16,0.0,0.0,0.0,0.0,0.0,0.0,0.0,0.0,0.0,0.0,0.0,0.0,0.0,0.0,0.0,0.0,0.0,0.0,0.0,0.0,0.0,0.0,0.0,0.0,0.0,0.0,0.0,0.0,0.0,0.0,0.0
heating_cooling,test_utility_1,none,multifamily_li,17,0.0,0.0,0.0,0.0,0.0,0.0,0.0,0.0,0.0,0.0,0.0,0.0,0.0,0.0,0.0,0.0,0.0,0.0,0.0,0.0,0.0,0.0,0.0,0.0,0.0,0.0,0.0,0.0,0.0,0.0,0.0
heating_cooling,test_utility_1,none,multifamily_li,18,0.0,0.0,0.0,0.0,0.0,0.0,0.0,0.0,0.0,0.0,0.0,0.0,0.0,0.0,0.0,0.0,0.0,0.0,0.0,0.0,0.0,0.0,0.0,0.0,0.0,0.0,0.0,0.0,0.0,0.0,0.0
heating_cooling,test_utility_1,none,multifamily_li,19,0.0,0.0,0.0,0.0,0.0,0.0,0.0,0.0,0.0,0.0,0.0,0.0,0.0,0.0,0.0,0.0,0.0,0.0,0.0,0.0,0.0,0.0,0.0,0.0,0.0,0.0,0.0,0.0,0.0,0.0,0.0
heating_cooling,test_utility_1,none,single_family_li,0,0.0,0.0,0.0,0.0,0.0,0.0,0.0,0.0,0.0,0.0,0.0,0.0,0.0,0.0,0.0,0.0,0.0,0.0,0.0,0.0,0.0,0.0,0.0,0.0,0.0,0.0,0.0,0.0,0.0,0.0,0.0
heating_cooling,test_utility_1,none,single_family_li,1,0.0,0.0,0.0,0.0,0.0,0.0,0.0,0.0,0.0,0.0,0.0,0.0,0.0,0.0,0.0,0.0,0.0,0.0,0.0,0.0,0.0,0.0,0.0,0.0,0.0,0.0,0.0,0.0,0.0,0.0,0.0
heating_cooling,test_utility_1,none,single_family_li,2,0.0,0.0,0.0,0.0,0.0,0.0,0.0,0.0,0.0,0.0,0.0,0.0,0.0,0.0,0.0,0.0,0.0,0.0,0.0,0.0,0.0,0.0,0.0,0.0,0.0,0.0,0.0,0.0,0.0,0.0,0.0
heating_cooling,test_utility_1,none,single_family_li,3,0.0,0.0,0.0,0.0,0.0,0.0,0.0,0.0,0.0,0.0,0.0,0.0,0.0,0.0,0.0,0.0,0.0,0.0,0.0,0.0,0.0,0.0,0.0,0.0,0.0,0.0,0.0,0.0,0.0,0.0,0.0
heating_cooling,test_utility_1,none,single_family_li,4,0.0,0.0,0.0,0.0,0.0,0.0,0.0,0.0,0.0,0.0,0.0,0.0,0.0,0.0,0.0,0.0,0.0,0.0,0.0,0.0,0.0,0.0,0.0,0.0,0.0,0.0,0.0,0.0,0.0,0.0,0.0
heating_cooling,test_utility_1,none,single_family_li,5,0.0,0.0,0.0,0.0,0.0,0.0,0.0,0.0,0.0,0.0,0.0,0.0,0.0,0.0,0.0,0.0,0.0,0.0,0.0,0.0,0.0,0.0,0.0,0.0,0.0,0.0,0.0,0.0,0.0,0.0,0.0
heating_cooling,test_utility_1,none,single_family_li,6,0.0,0.0,0.0,0.0,0.0,0.0,0.0,0.0,0.0,0.0,0.0,0.0,0.0,0.0,0.0,0.0,0.0,0.0,0.0,0.0,0.0,0.0,0.0,0.0,0.0,0.0,0.0,0.0,0.0,0.0,0.0
heating_cooling,test_utility_1,none,single_family_li,7,0.0,0.0,0.0,0.0,0.0,0.0,0.0,0.0,0.0,0.0,0.0,0.0,0.0,0.0,0.0,0.0,0.0,0.0,0.0,0.0,0.0,0.0,0.0,0.0,0.0,0.0,0.0,0.0,0.0,0.0,0.0
heating_cooling,test_utility_1,none,single_family_li,8,0.0,0.0,0.0,0.0,0.0,0.0,0.0,0.0,0.0,0.0,0.0,0.0,0.0,0.0,0.0,0.0,0.0,0.0,0.0,0.0,0.0,0.0,0.0,0.0,0.0,0.0,0.0,0.0,0.0,0.0,0.0
heating_cooling,test_utility_1,none,single_family_li,9,0.0,0.0,0.0,0.0,0.0,0.0,0.0,0.0,0.0,0.0,0.0,0.0,0.0,0.0,0.0,0.0,0.0,0.0,0.0,0.0,0.0,0.0,0.0,0.0,0.0,0.0,0.0,0.0,0.0,0.0,0.0
heating_cooling,test_utility_1,none,single_family_li,10,0.0,0.0,0.0,0.0,0.0,0.0,0.0,0.0,0.0,0.0,0.0,0.0,0.0,0.0,0.0,0.0,0.0,0.0,0.0,0.0,0.0,0.0,0.0,0.0,0.0,0.0,0.0,0.0,0.0,0.0,0.0
heating_cooling,test_utility_1,none,single_family_li,11,0.0,0.0,0.0,0.0,0.0,0.0,0.0,0.0,0.0,0.0,0.0,0.0,0.0,0.0,0.0,0.0,0.0,0.0,0.0,0.0,0.0,0.0,0.0,0.0,0.0,0.0,0.0,0.0,0.0,0.0,0.0
heating_cooling,test_utility_1,none,single_family_li,12,0.0,0.0,0.0,0.0,0.0,0.0,0.0,0.0,0.0,0.0,0.0,0.0,0.0,0.0,0.0,0.0,0.0,0.0,0.0,0.0,0.0,0.0,0.0,0.0,0.0,0.0,0.0,0.0,0.0,0.0,0.0
heating_cooling,test_utility_1,none,single_family_li,13,0.0,0.0,0.0,0.0,0.0,0.0,0.0,0.0,0.0,0.0,0.0,0.0,0.0,0.0,0.0,0.0,0.0,0.0,0.0,0.0,0.0,0.0,0.0,0.0,0.0,0.0,0.0,0.0,0.0,0.0,0.0
heating_cooling,test_utility_1,none,single_family_li,14,0.0,0.0,0.0,0.0,0.0,0.0,0.0,0.0,0.0,0.0,0.0,0.0,0.0,0.0,0.0,0.0,0.0,0.0,0.0,0.0,0.0,0.0,0.0,0.0,0.0,0.0,0.0,0.0,0.0,0.0,0.0
heating_cooling,test_utility_1,none,single_family_li,15,0.0,0.0,0.0,0.0,0.0,0.0,0.0,0.0,0.0,0.0,0.0,0.0,0.0,0.0,0.0,0.0,0.0,0.0,0.0,0.0,0.0,0.0,0.0,0.0,0.0,0.0,0.0,0.0,0.0,0.0,0.0
heating_cooling,test_utility_1,none,single_family_li,16,0.0,0.0,0.0,0.0,0.0,0.0,0.0,0.0,0.0,0.0,0.0,0.0,0.0,0.0,0.0,0.0,0.0,0.0,0.0,0.0,0.0,0.0,0.0,0.0,0.0,0.0,0.0,0.0,0.0,0.0,0.0
heating_cooling,test_utility_1,none,single_family_li,17,0.0,0.0,0.0,0.0,0.0,0.0,0.0,0.0,0.0,0.0,0.0,0.0,0.0,0.0,0.0,0.0,0.0,0.0,0.0,0.0,0.0,0.0,0.0,0.0,0.0,0.0,0.0,0.0,0.0,0.0,0.0
heating_cooling,test_utility_1,none,single_family_li,18,0.0,0.0,0.0,0.0,0.0,0.0,0.0,0.0,0.0,0.0,0.0,0.0,0.0,0.0,0.0,0.0,0.0,0.0,0.0,0.0,0.0,0.0,0.0,0.0,0.0,0.0,0.0,0.0,0.0,0.0,0.0
heating_cooling,test_utility_1,none,single_family_li,19,0.0,0.0,0.0,0.0,0.0,0.0,0.0,0.0,0.0,0.0,0.0,0.0,0.0,0.0,0.0,0.0,0.0,0.0,0.0,0.0,0.0,0.0,0.0,0.0,0.0,0.0,0.0,0.0,0.0,0.0,0.0
heating_cooling,test_utility_1,test_utility_2,multifamily,0,0.0,0.0,0.0,0.0,0.0,0.0,0.0,0.0,0.0,0.0,0.0,0.0,0.0,0.0,0.0,0.0,0.0,0.0,0.0,0.0,0.0,0.0,0.0,0.0,0.0,0.0,0.0,0.0,0.0,0.0,0.0
heating_cooling,test_utility_1,test_utility_2,multifamily,1,0.0,0.0,0.0,0.0,0.0,0.0,0.0,0.0,0.0,0.0,0.0,0.0,0.0,0.0,0.0,0.0,0.0,0.0,0.0,0.0,0.0,0.0,0.0,0.0,0.0,0.0,0.0,0.0,0.0,0.0,0.0
heating_cooling,test_utility_1,test_utility_2,multifamily,2,0.0,0.0,0.0,0.0,0.0,0.0,0.0,0.0,0.0,0.0,0.0,0.0,0.0,0.0,0.0,0.0,0.0,0.0,0.0,0.0,0.0,0.0,0.0,0.0,0.0,0.0,0.0,0.0,0.0,0.0,0.0
heating_cooling,test_utility_1,test_utility_2,multifamily,3,0.0,0.0,0.0,0.0,0.0,0.0,0.0,0.0,0.0,0.0,0.0,0.0,0.0,0.0,0.0,0.0,0.0,0.0,0.0,0.0,0.0,0.0,0.0,0.0,0.0,0.0,0.0,0.0,0.0,0.0,0.0
heating_cooling,test_utility_1,test_utility_2,multifamily,4,0.0,0.0,0.0,0.0,0.0,0.0,0.0,0.0,0.0,0.0,0.0,0.0,0.0,0.0,0.0,0.0,0.0,0.0,0.0,0.0,0.0,0.0,0.0,0.0,0.0,0.0,0.0,0.0,0.0,0.0,0.0
heating_cooling,test_utility_1,test_utility_2,multifamily,5,0.0,0.0,0.0,0.0,0.0,0.0,0.0,0.0,0.0,0.0,0.0,0.0,0.0,0.0,0.0,0.0,0.0,0.0,0.0,0.0,0.0,0.0,0.0,0.0,0.0,0.0,0.0,0.0,0.0,0.0,0.0
heating_cooling,test_utility_1,test_utility_2,multifamily,6,0.0,0.0,0.0,0.0,0.0,0.0,0.0,0.0,0.0,0.0,0.0,0.0,0.0,0.0,0.0,0.0,0.0,0.0,0.0,0.0,0.0,0.0,0.0,0.0,0.0,0.0,0.0,0.0,0.0,0.0,0.0
heating_cooling,test_utility_1,test_utility_2,multifamily,7,0.0,0.0,0.0,0.0,0.0,0.0,0.0,0.0,0.0,0.0,0.0,0.0,0.0,0.0,0.0,0.0,0.0,0.0,0.0,0.0,0.0,0.0,0.0,0.0,0.0,0.0,0.0,0.0,0.0,0.0,0.0
heating_cooling,test_utility_1,test_utility_2,multifamily,8,0.0,0.0,0.0,0.0,0.0,0.0,0.0,0.0,0.0,0.0,0.0,0.0,0.0,0.0,0.0,0.0,0.0,0.0,0.0,0.0,0.0,0.0,0.0,0.0,0.0,0.0,0.0,0.0,0.0,0.0,0.0
heating_cooling,test_utility_1,test_utility_2,multifamily,9,0.0,0.0,0.0,0.0,0.0,0.0,0.0,0.0,0.0,0.0,0.0,0.0,0.0,0.0,0.0,0.0,0.0,0.0,0.0,0.0,0.0,0.0,0.0,0.0,0.0,0.0,0.0,0.0,0.0,0.0,0.0
heating_cooling,test_utility_1,test_utility_2,multifamily,10,0.0,0.0,0.0,0.0,0.0,0.0,0.0,0.0,0.0,0.0,0.0,0.0,0.0,0.0,0.0,0.0,0.0,0.0,0.0,0.0,0.0,0.0,0.0,0.0,0.0,0.0,0.0,0.0,0.0,0.0,0.0
heating_cooling,test_utility_1,test_utility_2,multifamily,11,0.0,0.0,0.0,0.0,0.0,0.0,0.0,0.0,0.0,0.0,0.0,0.0,0.0,0.0,0.0,0.0,0.0,0.0,0.0,0.0,0.0,0.0,0.0,0.0,0.0,0.0,0.0,0.0,0.0,0.0,0.0
heating_cooling,test_utility_1,test_utility_2,multifamily,12,0.0,0.0,0.0,0.0,0.0,0.0,0.0,0.0,0.0,0.0,0.0,0.0,0.0,0.0,0.0,0.0,0.0,0.0,0.0,0.0,0.0,0.0,0.0,0.0,0.0,0.0,0.0,0.0,0.0,0.0,0.0
heating_cooling,test_utility_1,test_utility_2,multifamily,13,0.0,0.0,0.0,0.0,0.0,0.0,0.0,0.0,0.0,0.0,0.0,0.0,0.0,0.0,0.0,0.0,0.0,0.0,0.0,0.0,0.0,0.0,0.0,0.0,0.0,0.0,0.0,0.0,0.0,0.0,0.0
heating_cooling,test_utility_1,test_utility_2,multifamily,14,0.0,0.0,0.0,0.0,0.0,0.0,0.0,0.0,0.0,0.0,0.0,0.0,0.0,0.0,0.0,0.0,0.0,0.0,0.0,0.0,0.0,0.0,0.0,0.0,0.0,0.0,0.0,0.0,0.0,0.0,0.0
heating_cooling,test_utility_1,test_utility_2,multifamily,15,0.0,0.0,0.0,0.0,0.0,0.0,0.0,0.0,0.0,0.0,0.0,0.0,0.0,0.0,0.0,0.0,0.0,0.0,0.0,0.0,0.0,0.0,0.0,0.0,0.0,0.0,0.0,0.0,0.0,0.0,0.0
heating_cooling,test_utility_1,test_utility_2,multifamily,16,0.0,0.0,0.0,0.0,0.0,0.0,0.0,0.0,0.0,0.0,0.0,0.0,0.0,0.0,0.0,0.0,0.0,0.0,0.0,0.0,0.0,0.0,0.0,0.0,0.0,0.0,0.0,0.0,0.0,0.0,0.0
heating_cooling,test_utility_1,test_utility_2,multifamily,17,0.0,0.0,0.0,0.0,0.0,0.0,0.0,0.0,0.0,0.0,0.0,0.0,0.0,0.0,0.0,0.0,0.0,0.0,0.0,0.0,0.0,0.0,0.0,0.0,0.0,0.0,0.0,0.0,0.0,0.0,0.0
heating_cooling,test_utility_1,test_utility_2,multifamily,18,0.0,0.0,0.0,0.0,0.0,0.0,0.0,0.0,0.0,0.0,0.0,0.0,0.0,0.0,0.0,0.0,0.0,0.0,0.0,0.0,0.0,0.0,0.0,0.0,0.0,0.0,0.0,0.0,0.0,0.0,0.0
heating_cooling,test_utility_1,test_utility_2,multifamily,19,0.0,0.0,0.0,0.0,0.0,0.0,0.0,0.0,0.0,0.0,0.0,0.0,0.0,0.0,0.0,0.0,0.0,0.0,0.0,0.0,0.0,0.0,0.0,0.0,0.0,0.0,0.0,0.0,0.0,0.0,0.0
heating_cooling,test_utility_1,test_utility_2,single_family,0,0.0,0.0,0.0,0.0,0.0,0.0,0.0,0.0,0.0,0.0,0.0,0.0,0.0,0.0,0.0,0.0,0.0,0.0,0.0,0.0,0.0,0.0,0.0,0.0,0.0,0.0,0.0,0.0,0.0,0.0,0.0
heating_cooling,test_utility_1,test_utility_2,single_family,1,0.0,0.0,0.0,0.0,0.0,0.0,0.0,0.0,0.0,0.0,0.0,0.0,0.0,0.0,0.0,0.0,0.0,0.0,0.0,0.0,0.0,0.0,0.0,0.0,0.0,0.0,0.0,0.0,0.0,0.0,0.0
heating_cooling,test_utility_1,test_utility_2,single_family,2,0.0,0.0,0.0,0.0,0.0,0.0,0.0,0.0,0.0,0.0,0.0,0.0,0.0,0.0,0.0,0.0,0.0,0.0,0.0,0.0,0.0,0.0,0.0,0.0,0.0,0.0,0.0,0.0,0.0,0.0,0.0
heating_cooling,test_utility_1,test_utility_2,single_family,3,0.0,0.0,0.0,0.0,0.0,0.0,0.0,0.0,0.0,0.0,0.0,0.0,0.0,0.0,0.0,0.0,0.0,0.0,0.0,0.0,0.0,0.0,0.0,0.0,0.0,0.0,0.0,0.0,0.0,0.0,0.0
heating_cooling,test_utility_1,test_utility_2,single_family,4,0.0,0.0,0.0,0.0,0.0,0.0,0.0,0.0,0.0,0.0,0.0,0.0,0.0,0.0,0.0,0.0,0.0,0.0,0.0,0.0,0.0,0.0,0.0,0.0,0.0,0.0,0.0,0.0,0.0,0.0,0.0
heating_cooling,test_utility_1,test_utility_2,single_family,5,0.0,0.0,0.0,0.0,0.0,0.0,0.0,0.0,0.0,0.0,0.0,0.0,0.0,0.0,0.0,0.0,0.0,0.0,0.0,0.0,0.0,0.0,0.0,0.0,0.0,0.0,0.0,0.0,0.0,0.0,0.0
heating_cooling,test_utility_1,test_utility_2,single_family,6,0.0,0.0,0.0,0.0,0.0,0.0,0.0,0.0,0.0,0.0,0.0,0.0,0.0,0.0,0.0,0.0,0.0,0.0,0.0,0.0,0.0,0.0,0.0,0.0,0.0,0.0,0.0,0.0,0.0,0.0,0.0
heating_cooling,test_utility_1,test_utility_2,single_family,7,0.0,0.0,0.0,0.0,0.0,0.0,0.0,0.0,0.0,0.0,0.0,0.0,0.0,0.0,0.0,0.0,0.0,0.0,0.0,0.0,0.0,0.0,0.0,0.0,0.0,0.0,0.0,0.0,0.0,0.0,0.0
heating_cooling,test_utility_1,test_utility_2,single_family,8,0.0,0.0,0.0,0.0,0.0,0.0,0.0,0.0,0.0,0.0,0.0,0.0,0.0,0.0,0.0,0.0,0.0,0.0,0.0,0.0,0.0,0.0,0.0,0.0,0.0,0.0,0.0,0.0,0.0,0.0,0.0
heating_cooling,test_utility_1,test_utility_2,single_family,9,0.0,0.0,0.0,0.0,0.0,0.0,0.0,0.0,0.0,0.0,0.0,0.0,0.0,0.0,0.0,0.0,0.0,0.0,0.0,0.0,0.0,0.0,0.0,0.0,0.0,0.0,0.0,0.0,0.0,0.0,0.0
heating_cooling,test_utility_1,test_utility_2,single_family,10,0.0,0.0,0.0,0.0,0.0,0.0,0.0,0.0,0.0,0.0,0.0,0.0,0.0,0.0,0.0,0.0,0.0,0.0,0.0,0.0,0.0,0.0,0.0,0.0,0.0,0.0,0.0,0.0,0.0,0.0,0.0
heating_cooling,test_utility_1,test_utility_2,single_family,11,0.0,0.0,0.0,0.0,0.0,0.0,0.0,0.0,0.0,0.0,0.0,0.0,0.0,0.0,0.0,0.0,0.0,0.0,0.0,0.0,0.0,0.0,0.0,0.0,0.0,0.0,0.0,0.0,0.0,0.0,0.0
heating_cooling,test_utility_1,test_utility_2,single_family,12,0.0,0.0,0.0,0.0,0.0,0.0,0.0,0.0,0.0,0.0,0.0,0.0,0.0,0.0,0.0,0.0,0.0,0.0,0.0,0.0,0.0,0.0,0.0,0.0,0.0,0.0,0.0,0.0,0.0,0.0,0.0
heating_cooling,test_utility_1,test_utility_2,single_family,13,0.0,0.0,0.0,0.0,0.0,0.0,0.0,0.0,0.0,0.0,0.0,0.0,0.0,0.0,0.0,0.0,0.0,0.0,0.0,0.0,0.0,0.0,0.0,0.0,0.0,0.0,0.0,0.0,0.0,0.0,0.0
heating_cooling,test_utility_1,test_utility_2,single_family,14,0.0,0.0,0.0,0.0,0.0,0.0,0.0,0.0,0.0,0.0,0.0,0.0,0.0,0.0,0.0,0.0,0.0,0.0,0.0,0.0,0.0,0.0,0.0,0.0,0.0,0.0,0.0,0.0,0.0,0.0,0.0
heating_cooling,test_utility_1,test_utility_2,single_family,15,0.0,0.0,0.0,0.0,0.0,0.0,0.0,0.0,0.0,0.0,0.0,0.0,0.0,0.0,0.0,0.0,0.0,0.0,0.0,0.0,0.0,0.0,0.0,0.0,0.0,0.0,0.0,0.0,0.0,0.0,0.0
heating_cooling,test_utility_1,test_utility_2,single_family,16,0.0,0.0,0.0,0.0,0.0,0.0,0.0,0.0,0.0,0.0,0.0,0.0,0.0,0.0,0.0,0.0,0.0,0.0,0.0,0.0,0.0,0.0,0.0,0.0,0.0,0.0,0.0,0.0,0.0,0.0,0.0
heating_cooling,test_utility_1,test_utility_2,single_family,17,0.0,0.0,0.0,0.0,0.0,0.0,0.0,0.0,0.0,0.0,0.0,0.0,0.0,0.0,0.0,0.0,0.0,0.0,0.0,0.0,0.0,0.0,0.0,0.0,0.0,0.0,0.0,0.0,0.0,0.0,0.0
heating_cooling,test_utility_1,test_utility_2,single_family,18,0.0,0.0,0.0,0.0,0.0,0.0,0.0,0.0,0.0,0.0,0.0,0.0,0.0,0.0,0.0,0.0,0.0,0.0,0.0,0.0,0.0,0.0,0.0,0.0,0.0,0.0,0.0,0.0,0.0,0.0,0.0
heating_cooling,test_utility_1,test_utility_2,single_family,19,0.0,0.0,0.0,0.0,0.0,0.0,0.0,0.0,0.0,0.0,0.0,0.0,0.0,0.0,0.0,0.0,0.0,0.0,0.0,0.0,0.0,0.0,0.0,0.0,0.0,0.0,0.0,0.0,0.0,0.0,0.0
heating_cooling,test_utility_1,test_utility_2,multifamily_li,0,0.0,0.0,0.0,0.0,0.0,0.0,0.0,0.0,0.0,0.0,0.0,0.0,0.0,0.0,0.0,0.0,0.0,0.0,0.0,0.0,0.0,0.0,0.0,0.0,0.0,0.0,0.0,0.0,0.0,0.0,0.0
heating_cooling,test_utility_1,test_utility_2,multifamily_li,1,0.0,0.0,0.0,0.0,0.0,0.0,0.0,0.0,0.0,0.0,0.0,0.0,0.0,0.0,0.0,0.0,0.0,0.0,0.0,0.0,0.0,0.0,0.0,0.0,0.0,0.0,0.0,0.0,0.0,0.0,0.0
heating_cooling,test_utility_1,test_utility_2,multifamily_li,2,0.0,0.0,0.0,0.0,0.0,0.0,0.0,0.0,0.0,0.0,0.0,0.0,0.0,0.0,0.0,0.0,0.0,0.0,0.0,0.0,0.0,0.0,0.0,0.0,0.0,0.0,0.0,0.0,0.0,0.0,0.0
heating_cooling,test_utility_1,test_utility_2,multifamily_li,3,0.0,0.0,0.0,0.0,0.0,0.0,0.0,0.0,0.0,0.0,0.0,0.0,0.0,0.0,0.0,0.0,0.0,0.0,0.0,0.0,0.0,0.0,0.0,0.0,0.0,0.0,0.0,0.0,0.0,0.0,0.0
heating_cooling,test_utility_1,test_utility_2,multifamily_li,4,0.0,0.0,0.0,0.0,0.0,0.0,0.0,0.0,0.0,0.0,0.0,0.0,0.0,0.0,0.0,0.0,0.0,0.0,0.0,0.0,0.0,0.0,0.0,0.0,0.0,0.0,0.0,0.0,0.0,0.0,0.0
heating_cooling,test_utility_1,test_utility_2,multifamily_li,5,0.0,0.0,0.0,0.0,0.0,0.0,0.0,0.0,0.0,0.0,0.0,0.0,0.0,0.0,0.0,0.0,0.0,0.0,0.0,0.0,0.0,0.0,0.0,0.0,0.0,0.0,0.0,0.0,0.0,0.0,0.0
heating_cooling,test_utility_1,test_utility_2,multifamily_li,6,0.0,0.0,0.0,0.0,0.0,0.0,0.0,0.0,0.0,0.0,0.0,0.0,0.0,0.0,0.0,0.0,0.0,0.0,0.0,0.0,0.0,0.0,0.0,0.0,0.0,0.0,0.0,0.0,0.0,0.0,0.0
heating_cooling,test_utility_1,test_utility_2,multifamily_li,7,0.0,0.0,0.0,0.0,0.0,0.0,0.0,0.0,0.0,0.0,0.0,0.0,0.0,0.0,0.0,0.0,0.0,0.0,0.0,0.0,0.0,0.0,0.0,0.0,0.0,0.0,0.0,0.0,0.0,0.0,0.0
heating_cooling,test_utility_1,test_utility_2,multifamily_li,8,0.0,0.0,0.0,0.0,0.0,0.0,0.0,0.0,0.0,0.0,0.0,0.0,0.0,0.0,0.0,0.0,0.0,0.0,0.0,0.0,0.0,0.0,0.0,0.0,0.0,0.0,0.0,0.0,0.0,0.0,0.0
heating_cooling,test_utility_1,test_utility_2,multifamily_li,9,0.0,0.0,0.0,0.0,0.0,0.0,0.0,0.0,0.0,0.0,0.0,0.0,0.0,0.0,0.0,0.0,0.0,0.0,0.0,0.0,0.0,0.0,0.0,0.0,0.0,0.0,0.0,0.0,0.0,0.0,0.0
heating_cooling,test_utility_1,test_utility_2,multifamily_li,10,0.0,0.0,0.0,0.0,0.0,0.0,0.0,0.0,0.0,0.0,0.0,0.0,0.0,0.0,0.0,0.0,0.0,0.0,0.0,0.0,0.0,0.0,0.0,0.0,0.0,0.0,0.0,0.0,0.0,0.0,0.0
heating_cooling,test_utility_1,test_utility_2,multifamily_li,11,0.0,0.0,0.0,0.0,0.0,0.0,0.0,0.0,0.0,0.0,0.0,0.0,0.0,0.0,0.0,0.0,0.0,0.0,0.0,0.0,0.0,0.0,0.0,0.0,0.0,0.0,0.0,0.0,0.0,0.0,0.0
heating_cooling,test_utility_1,test_utility_2,multifamily_li,12,0.0,0.0,0.0,0.0,0.0,0.0,0.0,0.0,0.0,0.0,0.0,0.0,0.0,0.0,0.0,0.0,0.0,0.0,0.0,0.0,0.0,0.0,0.0,0.0,0.0,0.0,0.0,0.0,0.0,0.0,0.0
heating_cooling,test_utility_1,test_utility_2,multifamily_li,13,0.0,0.0,0.0,0.0,0.0,0.0,0.0,0.0,0.0,0.0,0.0,0.0,0.0,0.0,0.0,0.0,0.0,0.0,0.0,0.0,0.0,0.0,0.0,0.0,0.0,0.0,0.0,0.0,0.0,0.0,0.0
heating_cooling,test_utility_1,test_utility_2,multifamily_li,14,0.0,0.0,0.0,0.0,0.0,0.0,0.0,0.0,0.0,0.0,0.0,0.0,0.0,0.0,0.0,0.0,0.0,0.0,0.0,0.0,0.0,0.0,0.0,0.0,0.0,0.0,0.0,0.0,0.0,0.0,0.0
heating_cooling,test_utility_1,test_utility_2,multifamily_li,15,0.0,0.0,0.0,0.0,0.0,0.0,0.0,0.0,0.0,0.0,0.0,0.0,0.0,0.0,0.0,0.0,0.0,0.0,0.0,0.0,0.0,0.0,0.0,0.0,0.0,0.0,0.0,0.0,0.0,0.0,0.0
heating_cooling,test_utility_1,test_utility_2,multifamily_li,16,0.0,0.0,0.0,0.0,0.0,0.0,0.0,0.0,0.0,0.0,0.0,0.0,0.0,0.0,0.0,0.0,0.0,0.0,0.0,0.0,0.0,0.0,0.0,0.0,0.0,0.0,0.0,0.0,0.0,0.0,0.0
heating_cooling,test_utility_1,test_utility_2,multifamily_li,17,0.0,0.0,0.0,0.0,0.0,0.0,0.0,0.0,0.0,0.0,0.0,0.0,0.0,0.0,0.0,0.0,0.0,0.0,0.0,0.0,0.0,0.0,0.0,0.0,0.0,0.0,0.0,0.0,0.0,0.0,0.0
heating_cooling,test_utility_1,test_utility_2,multifamily_li,18,0.0,0.0,0.0,0.0,0.0,0.0,0.0,0.0,0.0,0.0,0.0,0.0,0.0,0.0,0.0,0.0,0.0,0.0,0.0,0.0,0.0,0.0,0.0,0.0,0.0,0.0,0.0,0.0,0.0,0.0,0.0
heating_cooling,test_utility_1,test_utility_2,multifamily_li,19,0.0,0.0,0.0,0.0,0.0,0.0,0.0,0.0,0.0,0.0,0.0,0.0,0.0,0.0,0.0,0.0,0.0,0.0,0.0,0.0,0.0,0.0,0.0,0.0,0.0,0.0,0.0,0.0,0.0,0.0,0.0
heating_cooling,test_utility_1,test_utility_2,single_family_li,0,0.0,0.0,0.0,0.0,0.0,0.0,0.0,0.0,0.0,0.0,0.0,0.0,0.0,0.0,0.0,0.0,0.0,0.0,0.0,0.0,0.0,0.0,0.0,0.0,0.0,0.0,0.0,0.0,0.0,0.0,0.0
heating_cooling,test_utility_1,test_utility_2,single_family_li,1,0.0,0.0,0.0,0.0,0.0,0.0,0.0,0.0,0.0,0.0,0.0,0.0,0.0,0.0,0.0,0.0,0.0,0.0,0.0,0.0,0.0,0.0,0.0,0.0,0.0,0.0,0.0,0.0,0.0,0.0,0.0
heating_cooling,test_utility_1,test_utility_2,single_family_li,2,0.0,0.0,0.0,0.0,0.0,0.0,0.0,0.0,0.0,0.0,0.0,0.0,0.0,0.0,0.0,0.0,0.0,0.0,0.0,0.0,0.0,0.0,0.0,0.0,0.0,0.0,0.0,0.0,0.0,0.0,0.0
heating_cooling,test_utility_1,test_utility_2,single_family_li,3,0.0,0.0,0.0,0.0,0.0,0.0,0.0,0.0,0.0,0.0,0.0,0.0,0.0,0.0,0.0,0.0,0.0,0.0,0.0,0.0,0.0,0.0,0.0,0.0,0.0,0.0,0.0,0.0,0.0,0.0,0.0
heating_cooling,test_utility_1,test_utility_2,single_family_li,4,0.0,0.0,0.0,0.0,0.0,0.0,0.0,0.0,0.0,0.0,0.0,0.0,0.0,0.0,0.0,0.0,0.0,0.0,0.0,0.0,0.0,0.0,0.0,0.0,0.0,0.0,0.0,0.0,0.0,0.0,0.0
heating_cooling,test_utility_1,test_utility_2,single_family_li,5,0.0,0.0,0.0,0.0,0.0,0.0,0.0,0.0,0.0,0.0,0.0,0.0,0.0,0.0,0.0,0.0,0.0,0.0,0.0,0.0,0.0,0.0,0.0,0.0,0.0,0.0,0.0,0.0,0.0,0.0,0.0
heating_cooling,test_utility_1,test_utility_2,single_family_li,6,0.0,0.0,0.0,0.0,0.0,0.0,0.0,0.0,0.0,0.0,0.0,0.0,0.0,0.0,0.0,0.0,0.0,0.0,0.0,0.0,0.0,0.0,0.0,0.0,0.0,0.0,0.0,0.0,0.0,0.0,0.0
heating_cooling,test_utility_1,test_utility_2,single_family_li,7,0.0,0.0,0.0,0.0,0.0,0.0,0.0,0.0,0.0,0.0,0.0,0.0,0.0,0.0,0.0,0.0,0.0,0.0,0.0,0.0,0.0,0.0,0.0,0.0,0.0,0.0,0.0,0.0,0.0,0.0,0.0
heating_cooling,test_utility_1,test_utility_2,single_family_li,8,0.0,0.0,0.0,0.0,0.0,0.0,0.0,0.0,0.0,0.0,0.0,0.0,0.0,0.0,0.0,0.0,0.0,0.0,0.0,0.0,0.0,0.0,0.0,0.0,0.0,0.0,0.0,0.0,0.0,0.0,0.0
heating_cooling,test_utility_1,test_utility_2,single_family_li,9,0.0,0.0,0.0,0.0,0.0,0.0,0.0,0.0,0.0,0.0,0.0,0.0,0.0,0.0,0.0,0.0,0.0,0.0,0.0,0.0,0.0,0.0,0.0,0.0,0.0,0.0,0.0,0.0,0.0,0.0,0.0
heating_cooling,test_utility_1,test_utility_2,single_family_li,10,0.0,0.0,0.0,0.0,0.0,0.0,0.0,0.0,0.0,0.0,0.0,0.0,0.0,0.0,0.0,0.0,0.0,0.0,0.0,0.0,0.0,0.0,0.0,0.0,0.0,0.0,0.0,0.0,0.0,0.0,0.0
heating_cooling,test_utility_1,test_utility_2,single_family_li,11,0.0,0.0,0.0,0.0,0.0,0.0,0.0,0.0,0.0,0.0,0.0,0.0,0.0,0.0,0.0,0.0,0.0,0.0,0.0,0.0,0.0,0.0,0.0,0.0,0.0,0.0,0.0,0.0,0.0,0.0,0.0
heating_cooling,test_utility_1,test_utility_2,single_family_li,12,0.0,0.0,0.0,0.0,0.0,0.0,0.0,0.0,0.0,0.0,0.0,0.0,0.0,0.0,0.0,0.0,0.0,0.0,0.0,0.0,0.0,0.0,0.0,0.0,0.0,0.0,0.0,0.0,0.0,0.0,0.0
heating_cooling,test_utility_1,test_utility_2,single_family_li,13,0.0,0.0,0.0,0.0,0.0,0.0,0.0,0.0,0.0,0.0,0.0,0.0,0.0,0.0,0.0,0.0,0.0,0.0,0.0,0.0,0.0,0.0,0.0,0.0,0.0,0.0,0.0,0.0,0.0,0.0,0.0
heating_cooling,test_utility_1,test_utility_2,single_family_li,14,0.0,0.0,0.0,0.0,0.0,0.0,0.0,0.0,0.0,0.0,0.0,0.0,0.0,0.0,0.0,0.0,0.0,0.0,0.0,0.0,0.0,0.0,0.0,0.0,0.0,0.0,0.0,0.0,0.0,0.0,0.0
heating_cooling,test_utility_1,test_utility_2,single_family_li,15,0.0,0.0,0.0,0.0,0.0,0.0,0.0,0.0,0.0,0.0,0.0,0.0,0.0,0.0,0.0,0.0,0.0,0.0,0.0,0.0,0.0,0.0,0.0,0.0,0.0,0.0,0.0,0.0,0.0,0.0,0.0
heating_cooling,test_utility_1,test_utility_2,single_family_li,16,0.0,0.0,0.0,0.0,0.0,0.0,0.0,0.0,0.0,0.0,0.0,0.0,0.0,0.0,0.0,0.0,0.0,0.0,0.0,0.0,0.0,0.0,0.0,0.0,0.0,0.0,0.0,0.0,0.0,0.0,0.0
heating_cooling,test_utility_1,test_utility_2,single_family_li,17,0.0,0.0,0.0,0.0,0.0,0.0,0.0,0.0,0.0,0.0,0.0,0.0,0.0,0.0,0.0,0.0,0.0,0.0,0.0,0.0,0.0,0.0,0.0,0.0,0.0,0.0,0.0,0.0,0.0,0.0,0.0
heating_cooling,test_utility_1,test_utility_2,single_family_li,18,0.0,0.0,0.0,0.0,0.0,0.0,0.0,0.0,0.0,0.0,0.0,0.0,0.0,0.0,0.0,0.0,0.0,0.0,0.0,0.0,0.0,0.0,0.0,0.0,0.0,0.0,0.0,0.0,0.0,0.0,0.0
heating_cooling,test_utility_1,test_utility_2,single_family_li,19,0.0,0.0,0.0,0.0,0.0,0.0,0.0,0.0,0.0,0.0,0.0,0.0,0.0,0.0,0.0,0.0,0.0,0.0,0.0,0.0,0.0,0.0,0.0,0.0,0.0,0.0,0.0,0.0,0.0,0.0,0.0
heating_cooling,none,test_utility_1,multifamily,0,0.0,0.0,0.0,0.0,0.0,0.0,0.0,0.0,0.0,0.0,0.0,0.0,0.0,0.0,0.0,0.0,0.0,0.0,0.0,0.0,0.0,0.0,0.0,0.0,0.0,0.0,0.0,0.0,0.0,0.0,0.0
heating_cooling,none,test_utility_1,multifamily,1,0.0,0.0,0.0,0.0,0.0,0.0,0.0,0.0,0.0,0.0,0.0,0.0,0.0,0.0,0.0,0.0,0.0,0.0,0.0,0.0,0.0,0.0,0.0,0.0,0.0,0.0,0.0,0.0,0.0,0.0,0.0
heating_cooling,none,test_utility_1,multifamily,2,0.0,0.0,0.0,0.0,0.0,0.0,0.0,0.0,0.0,0.0,0.0,0.0,0.0,0.0,0.0,0.0,0.0,0.0,0.0,0.0,0.0,0.0,0.0,0.0,0.0,0.0,0.0,0.0,0.0,0.0,0.0
heating_cooling,none,test_utility_1,multifamily,3,0.0,0.0,0.0,0.0,0.0,0.0,0.0,0.0,0.0,0.0,0.0,0.0,0.0,0.0,0.0,0.0,0.0,0.0,0.0,0.0,0.0,0.0,0.0,0.0,0.0,0.0,0.0,0.0,0.0,0.0,0.0
heating_cooling,none,test_utility_1,multifamily,4,0.0,0.0,0.0,0.0,0.0,0.0,0.0,0.0,0.0,0.0,0.0,0.0,0.0,0.0,0.0,0.0,0.0,0.0,0.0,0.0,0.0,0.0,0.0,0.0,0.0,0.0,0.0,0.0,0.0,0.0,0.0
heating_cooling,none,test_utility_1,multifamily,5,0.0,0.0,0.0,0.0,0.0,0.0,0.0,0.0,0.0,0.0,0.0,0.0,0.0,0.0,0.0,0.0,0.0,0.0,0.0,0.0,0.0,0.0,0.0,0.0,0.0,0.0,0.0,0.0,0.0,0.0,0.0
heating_cooling,none,test_utility_1,multifamily,6,0.0,0.0,0.0,0.0,0.0,0.0,0.0,0.0,0.0,0.0,0.0,0.0,0.0,0.0,0.0,0.0,0.0,0.0,0.0,0.0,0.0,0.0,0.0,0.0,0.0,0.0,0.0,0.0,0.0,0.0,0.0
heating_cooling,none,test_utility_1,multifamily,7,0.0,0.0,0.0,0.0,0.0,0.0,0.0,0.0,0.0,0.0,0.0,0.0,0.0,0.0,0.0,0.0,0.0,0.0,0.0,0.0,0.0,0.0,0.0,0.0,0.0,0.0,0.0,0.0,0.0,0.0,0.0
heating_cooling,none,test_utility_1,multifamily,8,0.0,0.0,0.0,0.0,0.0,0.0,0.0,0.0,0.0,0.0,0.0,0.0,0.0,0.0,0.0,0.0,0.0,0.0,0.0,0.0,0.0,0.0,0.0,0.0,0.0,0.0,0.0,0.0,0.0,0.0,0.0
heating_cooling,none,test_utility_1,multifamily,9,0.0,0.0,0.0,0.0,0.0,0.0,0.0,0.0,0.0,0.0,0.0,0.0,0.0,0.0,0.0,0.0,0.0,0.0,0.0,0.0,0.0,0.0,0.0,0.0,0.0,0.0,0.0,0.0,0.0,0.0,0.0
heating_cooling,none,test_utility_1,multifamily,10,0.0,0.0,0.0,0.0,0.0,0.0,0.0,0.0,0.0,0.0,0.0,0.0,0.0,0.0,0.0,0.0,0.0,0.0,0.0,0.0,0.0,0.0,0.0,0.0,0.0,0.0,0.0,0.0,0.0,0.0,0.0
heating_cooling,none,test_utility_1,multifamily,11,0.0,0.0,0.0,0.0,0.0,0.0,0.0,0.0,0.0,0.0,0.0,0.0,0.0,0.0,0.0,0.0,0.0,0.0,0.0,0.0,0.0,0.0,0.0,0.0,0.0,0.0,0.0,0.0,0.0,0.0,0.0
heating_cooling,none,test_utility_1,multifamily,12,0.0,0.0,0.0,0.0,0.0,0.0,0.0,0.0,0.0,0.0,0.0,0.0,0.0,0.0,0.0,0.0,0.0,0.0,0.0,0.0,0.0,0.0,0.0,0.0,0.0,0.0,0.0,0.0,0.0,0.0,0.0
heating_cooling,none,test_utility_1,multifamily,13,0.0,0.0,0.0,0.0,0.0,0.0,0.0,0.0,0.0,0.0,0.0,0.0,0.0,0.0,0.0,0.0,0.0,0.0,0.0,0.0,0.0,0.0,0.0,0.0,0.0,0.0,0.0,0.0,0.0,0.0,0.0
heating_cooling,none,test_utility_1,multifamily,14,0.0,0.0,0.0,0.0,0.0,0.0,0.0,0.0,0.0,0.0,0.0,0.0,0.0,0.0,0.0,0.0,0.0,0.0,0.0,0.0,0.0,0.0,0.0,0.0,0.0,0.0,0.0,0.0,0.0,0.0,0.0
heating_cooling,none,test_utility_1,multifamily,15,0.0,0.0,0.0,0.0,0.0,0.0,0.0,0.0,0.0,0.0,0.0,0.0,0.0,0.0,0.0,0.0,0.0,0.0,0.0,0.0,0.0,0.0,0.0,0.0,0.0,0.0,0.0,0.0,0.0,0.0,0.0
heating_cooling,none,test_utility_1,multifamily,16,0.0,0.0,0.0,0.0,0.0,0.0,0.0,0.0,0.0,0.0,0.0,0.0,0.0,0.0,0.0,0.0,0.0,0.0,0.0,0.0,0.0,0.0,0.0,0.0,0.0,0.0,0.0,0.0,0.0,0.0,0.0
heating_cooling,none,test_utility_1,multifamily,17,0.0,0.0,0.0,0.0,0.0,0.0,0.0,0.0,0.0,0.0,0.0,0.0,0.0,0.0,0.0,0.0,0.0,0.0,0.0,0.0,0.0,0.0,0.0,0.0,0.0,0.0,0.0,0.0,0.0,0.0,0.0
heating_cooling,none,test_utility_1,multifamily,18,0.0,0.0,0.0,0.0,0.0,0.0,0.0,0.0,0.0,0.0,0.0,0.0,0.0,0.0,0.0,0.0,0.0,0.0,0.0,0.0,0.0,0.0,0.0,0.0,0.0,0.0,0.0,0.0,0.0,0.0,0.0
heating_cooling,none,test_utility_1,multifamily,19,0.0,0.0,0.0,0.0,0.0,0.0,0.0,0.0,0.0,0.0,0.0,0.0,0.0,0.0,0.0,0.0,0.0,0.0,0.0,0.0,0.0,0.0,0.0,0.0,0.0,0.0,0.0,0.0,0.0,0.0,0.0
heating_cooling,none,test_utility_1,single_family,0,0.0,0.0,0.0,0.0,0.0,0.0,0.0,0.0,0.0,0.0,0.0,0.0,0.0,0.0,0.0,0.0,0.0,0.0,0.0,0.0,0.0,0.0,0.0,0.0,0.0,0.0,0.0,0.0,0.0,0.0,0.0
heating_cooling,none,test_utility_1,single_family,1,0.0,0.0,0.0,0.0,0.0,0.0,0.0,0.0,0.0,0.0,0.0,0.0,0.0,0.0,0.0,0.0,0.0,0.0,0.0,0.0,0.0,0.0,0.0,0.0,0.0,0.0,0.0,0.0,0.0,0.0,0.0
heating_cooling,none,test_utility_1,single_family,2,0.0,0.0,0.0,0.0,0.0,0.0,0.0,0.0,0.0,0.0,0.0,0.0,0.0,0.0,0.0,0.0,0.0,0.0,0.0,0.0,0.0,0.0,0.0,0.0,0.0,0.0,0.0,0.0,0.0,0.0,0.0
heating_cooling,none,test_utility_1,single_family,3,0.0,0.0,0.0,0.0,0.0,0.0,0.0,0.0,0.0,0.0,0.0,0.0,0.0,0.0,0.0,0.0,0.0,0.0,0.0,0.0,0.0,0.0,0.0,0.0,0.0,0.0,0.0,0.0,0.0,0.0,0.0
heating_cooling,none,test_utility_1,single_family,4,0.0,0.0,0.0,0.0,0.0,0.0,0.0,0.0,0.0,0.0,0.0,0.0,0.0,0.0,0.0,0.0,0.0,0.0,0.0,0.0,0.0,0.0,0.0,0.0,0.0,0.0,0.0,0.0,0.0,0.0,0.0
heating_cooling,none,test_utility_1,single_family,5,0.0,0.0,0.0,0.0,0.0,0.0,0.0,0.0,0.0,0.0,0.0,0.0,0.0,0.0,0.0,0.0,0.0,0.0,0.0,0.0,0.0,0.0,0.0,0.0,0.0,0.0,0.0,0.0,0.0,0.0,0.0
heating_cooling,none,test_utility_1,single_family,6,0.0,0.0,0.0,0.0,0.0,0.0,0.0,0.0,0.0,0.0,0.0,0.0,0.0,0.0,0.0,0.0,0.0,0.0,0.0,0.0,0.0,0.0,0.0,0.0,0.0,0.0,0.0,0.0,0.0,0.0,0.0
heating_cooling,none,test_utility_1,single_family,7,0.0,0.0,0.0,0.0,0.0,0.0,0.0,0.0,0.0,0.0,0.0,0.0,0.0,0.0,0.0,0.0,0.0,0.0,0.0,0.0,0.0,0.0,0.0,0.0,0.0,0.0,0.0,0.0,0.0,0.0,0.0
heating_cooling,none,test_utility_1,single_family,8,0.0,0.0,0.0,0.0,0.0,0.0,0.0,0.0,0.0,0.0,0.0,0.0,0.0,0.0,0.0,0.0,0.0,0.0,0.0,0.0,0.0,0.0,0.0,0.0,0.0,0.0,0.0,0.0,0.0,0.0,0.0
heating_cooling,none,test_utility_1,single_family,9,0.0,0.0,0.0,0.0,0.0,0.0,0.0,0.0,0.0,0.0,0.0,0.0,0.0,0.0,0.0,0.0,0.0,0.0,0.0,0.0,0.0,0.0,0.0,0.0,0.0,0.0,0.0,0.0,0.0,0.0,0.0
heating_cooling,none,test_utility_1,single_family,10,0.0,0.0,0.0,0.0,0.0,0.0,0.0,0.0,0.0,0.0,0.0,0.0,0.0,0.0,0.0,0.0,0.0,0.0,0.0,0.0,0.0,0.0,0.0,0.0,0.0,0.0,0.0,0.0,0.0,0.0,0.0
heating_cooling,none,test_utility_1,single_family,11,0.0,0.0,0.0,0.0,0.0,0.0,0.0,0.0,0.0,0.0,0.0,0.0,0.0,0.0,0.0,0.0,0.0,0.0,0.0,0.0,0.0,0.0,0.0,0.0,0.0,0.0,0.0,0.0,0.0,0.0,0.0
heating_cooling,none,test_utility_1,single_family,12,0.0,0.0,0.0,0.0,0.0,0.0,0.0,0.0,0.0,0.0,0.0,0.0,0.0,0.0,0.0,0.0,0.0,0.0,0.0,0.0,0.0,0.0,0.0,0.0,0.0,0.0,0.0,0.0,0.0,0.0,0.0
heating_cooling,none,test_utility_1,single_family,13,0.0,0.0,0.0,0.0,0.0,0.0,0.0,0.0,0.0,0.0,0.0,0.0,0.0,0.0,0.0,0.0,0.0,0.0,0.0,0.0,0.0,0.0,0.0,0.0,0.0,0.0,0.0,0.0,0.0,0.0,0.0
heating_cooling,none,test_utility_1,single_family,14,0.0,0.0,0.0,0.0,0.0,0.0,0.0,0.0,0.0,0.0,0.0,0.0,0.0,0.0,0.0,0.0,0.0,0.0,0.0,0.0,0.0,0.0,0.0,0.0,0.0,0.0,0.0,0.0,0.0,0.0,0.0
heating_cooling,none,test_utility_1,single_family,15,0.0,0.0,0.0,0.0,0.0,0.0,0.0,0.0,0.0,0.0,0.0,0.0,0.0,0.0,0.0,0.0,0.0,0.0,0.0,0.0,0.0,0.0,0.0,0.0,0.0,0.0,0.0,0.0,0.0,0.0,0.0
heating_cooling,none,test_utility_1,single_family,16,0.0,0.0,0.0,0.0,0.0,0.0,0.0,0.0,0.0,0.0,0.0,0.0,0.0,0.0,0.0,0.0,0.0,0.0,0.0,0.0,0.0,0.0,0.0,0.0,0.0,0.0,0.0,0.0,0.0,0.0,0.0
heating_cooling,none,test_utility_1,single_family,17,0.0,0.0,0.0,0.0,0.0,0.0,0.0,0.0,0.0,0.0,0.0,0.0,0.0,0.0,0.0,0.0,0.0,0.0,0.0,0.0,0.0,0.0,0.0,0.0,0.0,0.0,0.0,0.0,0.0,0.0,0.0
heating_cooling,none,test_utility_1,single_family,18,0.0,0.0,0.0,0.0,0.0,0.0,0.0,0.0,0.0,0.0,0.0,0.0,0.0,0.0,0.0,0.0,0.0,0.0,0.0,0.0,0.0,0.0,0.0,0.0,0.0,0.0,0.0,0.0,0.0,0.0,0.0
heating_cooling,none,test_utility_1,single_family,19,0.0,0.0,0.0,0.0,0.0,0.0,0.0,0.0,0.0,0.0,0.0,0.0,0.0,0.0,0.0,0.0,0.0,0.0,0.0,0.0,0.0,0.0,0.0,0.0,0.0,0.0,0.0,0.0,0.0,0.0,0.0
heating_cooling,none,test_utility_1,multifamily_li,0,0.0,0.0,0.0,0.0,0.0,0.0,0.0,0.0,0.0,0.0,0.0,0.0,0.0,0.0,0.0,0.0,0.0,0.0,0.0,0.0,0.0,0.0,0.0,0.0,0.0,0.0,0.0,0.0,0.0,0.0,0.0
heating_cooling,none,test_utility_1,multifamily_li,1,0.0,0.0,0.0,0.0,0.0,0.0,0.0,0.0,0.0,0.0,0.0,0.0,0.0,0.0,0.0,0.0,0.0,0.0,0.0,0.0,0.0,0.0,0.0,0.0,0.0,0.0,0.0,0.0,0.0,0.0,0.0
heating_cooling,none,test_utility_1,multifamily_li,2,0.0,0.0,0.0,0.0,0.0,0.0,0.0,0.0,0.0,0.0,0.0,0.0,0.0,0.0,0.0,0.0,0.0,0.0,0.0,0.0,0.0,0.0,0.0,0.0,0.0,0.0,0.0,0.0,0.0,0.0,0.0
heating_cooling,none,test_utility_1,multifamily_li,3,0.0,0.0,0.0,0.0,0.0,0.0,0.0,0.0,0.0,0.0,0.0,0.0,0.0,0.0,0.0,0.0,0.0,0.0,0.0,0.0,0.0,0.0,0.0,0.0,0.0,0.0,0.0,0.0,0.0,0.0,0.0
heating_cooling,none,test_utility_1,multifamily_li,4,0.0,0.0,0.0,0.0,0.0,0.0,0.0,0.0,0.0,0.0,0.0,0.0,0.0,0.0,0.0,0.0,0.0,0.0,0.0,0.0,0.0,0.0,0.0,0.0,0.0,0.0,0.0,0.0,0.0,0.0,0.0
heating_cooling,none,test_utility_1,multifamily_li,5,0.0,0.0,0.0,0.0,0.0,0.0,0.0,0.0,0.0,0.0,0.0,0.0,0.0,0.0,0.0,0.0,0.0,0.0,0.0,0.0,0.0,0.0,0.0,0.0,0.0,0.0,0.0,0.0,0.0,0.0,0.0
heating_cooling,none,test_utility_1,multifamily_li,6,0.0,0.0,0.0,0.0,0.0,0.0,0.0,0.0,0.0,0.0,0.0,0.0,0.0,0.0,0.0,0.0,0.0,0.0,0.0,0.0,0.0,0.0,0.0,0.0,0.0,0.0,0.0,0.0,0.0,0.0,0.0
heating_cooling,none,test_utility_1,multifamily_li,7,0.0,0.0,0.0,0.0,0.0,0.0,0.0,0.0,0.0,0.0,0.0,0.0,0.0,0.0,0.0,0.0,0.0,0.0,0.0,0.0,0.0,0.0,0.0,0.0,0.0,0.0,0.0,0.0,0.0,0.0,0.0
heating_cooling,none,test_utility_1,multifamily_li,8,0.0,0.0,0.0,0.0,0.0,0.0,0.0,0.0,0.0,0.0,0.0,0.0,0.0,0.0,0.0,0.0,0.0,0.0,0.0,0.0,0.0,0.0,0.0,0.0,0.0,0.0,0.0,0.0,0.0,0.0,0.0
heating_cooling,none,test_utility_1,multifamily_li,9,0.0,0.0,0.0,0.0,0.0,0.0,0.0,0.0,0.0,0.0,0.0,0.0,0.0,0.0,0.0,0.0,0.0,0.0,0.0,0.0,0.0,0.0,0.0,0.0,0.0,0.0,0.0,0.0,0.0,0.0,0.0
heating_cooling,none,test_utility_1,multifamily_li,10,0.0,0.0,0.0,0.0,0.0,0.0,0.0,0.0,0.0,0.0,0.0,0.0,0.0,0.0,0.0,0.0,0.0,0.0,0.0,0.0,0.0,0.0,0.0,0.0,0.0,0.0,0.0,0.0,0.0,0.0,0.0
heating_cooling,none,test_utility_1,multifamily_li,11,0.0,0.0,0.0,0.0,0.0,0.0,0.0,0.0,0.0,0.0,0.0,0.0,0.0,0.0,0.0,0.0,0.0,0.0,0.0,0.0,0.0,0.0,0.0,0.0,0.0,0.0,0.0,0.0,0.0,0.0,0.0
heating_cooling,none,test_utility_1,multifamily_li,12,0.0,0.0,0.0,0.0,0.0,0.0,0.0,0.0,0.0,0.0,0.0,0.0,0.0,0.0,0.0,0.0,0.0,0.0,0.0,0.0,0.0,0.0,0.0,0.0,0.0,0.0,0.0,0.0,0.0,0.0,0.0
heating_cooling,none,test_utility_1,multifamily_li,13,0.0,0.0,0.0,0.0,0.0,0.0,0.0,0.0,0.0,0.0,0.0,0.0,0.0,0.0,0.0,0.0,0.0,0.0,0.0,0.0,0.0,0.0,0.0,0.0,0.0,0.0,0.0,0.0,0.0,0.0,0.0
heating_cooling,none,test_utility_1,multifamily_li,14,0.0,0.0,0.0,0.0,0.0,0.0,0.0,0.0,0.0,0.0,0.0,0.0,0.0,0.0,0.0,0.0,0.0,0.0,0.0,0.0,0.0,0.0,0.0,0.0,0.0,0.0,0.0,0.0,0.0,0.0,0.0
heating_cooling,none,test_utility_1,multifamily_li,15,0.0,0.0,0.0,0.0,0.0,0.0,0.0,0.0,0.0,0.0,0.0,0.0,0.0,0.0,0.0,0.0,0.0,0.0,0.0,0.0,0.0,0.0,0.0,0.0,0.0,0.0,0.0,0.0,0.0,0.0,0.0
heating_cooling,none,test_utility_1,multifamily_li,16,0.0,0.0,0.0,0.0,0.0,0.0,0.0,0.0,0.0,0.0,0.0,0.0,0.0,0.0,0.0,0.0,0.0,0.0,0.0,0.0,0.0,0.0,0.0,0.0,0.0,0.0,0.0,0.0,0.0,0.0,0.0
heating_cooling,none,test_utility_1,multifamily_li,17,0.0,0.0,0.0,0.0,0.0,0.0,0.0,0.0,0.0,0.0,0.0,0.0,0.0,0.0,0.0,0.0,0.0,0.0,0.0,0.0,0.0,0.0,0.0,0.0,0.0,0.0,0.0,0.0,0.0,0.0,0.0
heating_cooling,none,test_utility_1,multifamily_li,18,0.0,0.0,0.0,0.0,0.0,0.0,0.0,0.0,0.0,0.0,0.0,0.0,0.0,0.0,0.0,0.0,0.0,0.0,0.0,0.0,0.0,0.0,0.0,0.0,0.0,0.0,0.0,0.0,0.0,0.0,0.0
heating_cooling,none,test_utility_1,multifamily_li,19,0.0,0.0,0.0,0.0,0.0,0.0,0.0,0.0,0.0,0.0,0.0,0.0,0.0,0.0,0.0,0.0,0.0,0.0,0.0,0.0,0.0,0.0,0.0,0.0,0.0,0.0,0.0,0.0,0.0,0.0,0.0
heating_cooling,none,test_utility_1,single_family_li,0,0.0,0.0,0.0,0.0,0.0,0.0,0.0,0.0,0.0,0.0,0.0,0.0,0.0,0.0,0.0,0.0,0.0,0.0,0.0,0.0,0.0,0.0,0.0,0.0,0.0,0.0,0.0,0.0,0.0,0.0,0.0
heating_cooling,none,test_utility_1,single_family_li,1,0.0,0.0,0.0,0.0,0.0,0.0,0.0,0.0,0.0,0.0,0.0,0.0,0.0,0.0,0.0,0.0,0.0,0.0,0.0,0.0,0.0,0.0,0.0,0.0,0.0,0.0,0.0,0.0,0.0,0.0,0.0
heating_cooling,none,test_utility_1,single_family_li,2,0.0,0.0,0.0,0.0,0.0,0.0,0.0,0.0,0.0,0.0,0.0,0.0,0.0,0.0,0.0,0.0,0.0,0.0,0.0,0.0,0.0,0.0,0.0,0.0,0.0,0.0,0.0,0.0,0.0,0.0,0.0
heating_cooling,none,test_utility_1,single_family_li,3,0.0,0.0,0.0,0.0,0.0,0.0,0.0,0.0,0.0,0.0,0.0,0.0,0.0,0.0,0.0,0.0,0.0,0.0,0.0,0.0,0.0,0.0,0.0,0.0,0.0,0.0,0.0,0.0,0.0,0.0,0.0
heating_cooling,none,test_utility_1,single_family_li,4,0.0,0.0,0.0,0.0,0.0,0.0,0.0,0.0,0.0,0.0,0.0,0.0,0.0,0.0,0.0,0.0,0.0,0.0,0.0,0.0,0.0,0.0,0.0,0.0,0.0,0.0,0.0,0.0,0.0,0.0,0.0
heating_cooling,none,test_utility_1,single_family_li,5,0.0,0.0,0.0,0.0,0.0,0.0,0.0,0.0,0.0,0.0,0.0,0.0,0.0,0.0,0.0,0.0,0.0,0.0,0.0,0.0,0.0,0.0,0.0,0.0,0.0,0.0,0.0,0.0,0.0,0.0,0.0
heating_cooling,none,test_utility_1,single_family_li,6,0.0,0.0,0.0,0.0,0.0,0.0,0.0,0.0,0.0,0.0,0.0,0.0,0.0,0.0,0.0,0.0,0.0,0.0,0.0,0.0,0.0,0.0,0.0,0.0,0.0,0.0,0.0,0.0,0.0,0.0,0.0
heating_cooling,none,test_utility_1,single_family_li,7,0.0,0.0,0.0,0.0,0.0,0.0,0.0,0.0,0.0,0.0,0.0,0.0,0.0,0.0,0.0,0.0,0.0,0.0,0.0,0.0,0.0,0.0,0.0,0.0,0.0,0.0,0.0,0.0,0.0,0.0,0.0
heating_cooling,none,test_utility_1,single_family_li,8,0.0,0.0,0.0,0.0,0.0,0.0,0.0,0.0,0.0,0.0,0.0,0.0,0.0,0.0,0.0,0.0,0.0,0.0,0.0,0.0,0.0,0.0,0.0,0.0,0.0,0.0,0.0,0.0,0.0,0.0,0.0
heating_cooling,none,test_utility_1,single_family_li,9,0.0,0.0,0.0,0.0,0.0,0.0,0.0,0.0,0.0,0.0,0.0,0.0,0.0,0.0,0.0,0.0,0.0,0.0,0.0,0.0,0.0,0.0,0.0,0.0,0.0,0.0,0.0,0.0,0.0,0.0,0.0
heating_cooling,none,test_utility_1,single_family_li,10,0.0,0.0,0.0,0.0,0.0,0.0,0.0,0.0,0.0,0.0,0.0,0.0,0.0,0.0,0.0,0.0,0.0,0.0,0.0,0.0,0.0,0.0,0.0,0.0,0.0,0.0,0.0,0.0,0.0,0.0,0.0
heating_cooling,none,test_utility_1,single_family_li,11,0.0,0.0,0.0,0.0,0.0,0.0,0.0,0.0,0.0,0.0,0.0,0.0,0.0,0.0,0.0,0.0,0.0,0.0,0.0,0.0,0.0,0.0,0.0,0.0,0.0,0.0,0.0,0.0,0.0,0.0,0.0
heating_cooling,none,test_utility_1,single_family_li,12,0.0,0.0,0.0,0.0,0.0,0.0,0.0,0.0,0.0,0.0,0.0,0.0,0.0,0.0,0.0,0.0,0.0,0.0,0.0,0.0,0.0,0.0,0.0,0.0,0.0,0.0,0.0,0.0,0.0,0.0,0.0
heating_cooling,none,test_utility_1,single_family_li,13,0.0,0.0,0.0,0.0,0.0,0.0,0.0,0.0,0.0,0.0,0.0,0.0,0.0,0.0,0.0,0.0,0.0,0.0,0.0,0.0,0.0,0.0,0.0,0.0,0.0,0.0,0.0,0.0,0.0,0.0,0.0
heating_cooling,none,test_utility_1,single_family_li,14,0.0,0.0,0.0,0.0,0.0,0.0,0.0,0.0,0.0,0.0,0.0,0.0,0.0,0.0,0.0,0.0,0.0,0.0,0.0,0.0,0.0,0.0,0.0,0.0,0.0,0.0,0.0,0.0,0.0,0.0,0.0
heating_cooling,none,test_utility_1,single_family_li,15,0.0,0.0,0.0,0.0,0.0,0.0,0.0,0.0,0.0,0.0,0.0,0.0,0.0,0.0,0.0,0.0,0.0,0.0,0.0,0.0,0.0,0.0,0.0,0.0,0.0,0.0,0.0,0.0,0.0,0.0,0.0
heating_cooling,none,test_utility_1,single_family_li,16,0.0,0.0,0.0,0.0,0.0,0.0,0.0,0.0,0.0,0.0,0.0,0.0,0.0,0.0,0.0,0.0,0.0,0.0,0.0,0.0,0.0,0.0,0.0,0.0,0.0,0.0,0.0,0.0,0.0,0.0,0.0
heating_cooling,none,test_utility_1,single_family_li,17,0.0,0.0,0.0,0.0,0.0,0.0,0.0,0.0,0.0,0.0,0.0,0.0,0.0,0.0,0.0,0.0,0.0,0.0,0.0,0.0,0.0,0.0,0.0,0.0,0.0,0.0,0.0,0.0,0.0,0.0,0.0
heating_cooling,none,test_utility_1,single_family_li,18,0.0,0.0,0.0,0.0,0.0,0.0,0.0,0.0,0.0,0.0,0.0,0.0,0.0,0.0,0.0,0.0,0.0,0.0,0.0,0.0,0.0,0.0,0.0,0.0,0.0,0.0,0.0,0.0,0.0,0.0,0.0
heating_cooling,none,test_utility_1,single_family_li,19,0.0,0.0,0.0,0.0,0.0,0.0,0.0,0.0,0.0,0.0,0.0,0.0,0.0,0.0,0.0,0.0,0.0,0.0,0.0,0.0,0.0,0.0,0.0,0.0,0.0,0.0,0.0,0.0,0.0,0.0,0.0
heating_cooling,none,none,multifamily,0,0.0,0.0,0.0,0.0,0.0,0.0,0.0,0.0,0.0,0.0,0.0,0.0,0.0,0.0,0.0,0.0,0.0,0.0,0.0,0.0,0.0,0.0,0.0,0.0,0.0,0.0,0.0,0.0,0.0,0.0,0.0
heating_cooling,none,none,multifamily,1,0.0,0.0,0.0,0.0,0.0,0.0,0.0,0.0,0.0,0.0,0.0,0.0,0.0,0.0,0.0,0.0,0.0,0.0,0.0,0.0,0.0,0.0,0.0,0.0,0.0,0.0,0.0,0.0,0.0,0.0,0.0
heating_cooling,none,none,multifamily,2,0.0,0.0,0.0,0.0,0.0,0.0,0.0,0.0,0.0,0.0,0.0,0.0,0.0,0.0,0.0,0.0,0.0,0.0,0.0,0.0,0.0,0.0,0.0,0.0,0.0,0.0,0.0,0.0,0.0,0.0,0.0
heating_cooling,none,none,multifamily,3,0.0,0.0,0.0,0.0,0.0,0.0,0.0,0.0,0.0,0.0,0.0,0.0,0.0,0.0,0.0,0.0,0.0,0.0,0.0,0.0,0.0,0.0,0.0,0.0,0.0,0.0,0.0,0.0,0.0,0.0,0.0
heating_cooling,none,none,multifamily,4,0.0,0.0,0.0,0.0,0.0,0.0,0.0,0.0,0.0,0.0,0.0,0.0,0.0,0.0,0.0,0.0,0.0,0.0,0.0,0.0,0.0,0.0,0.0,0.0,0.0,0.0,0.0,0.0,0.0,0.0,0.0
heating_cooling,none,none,multifamily,5,0.0,0.0,0.0,0.0,0.0,0.0,0.0,0.0,0.0,0.0,0.0,0.0,0.0,0.0,0.0,0.0,0.0,0.0,0.0,0.0,0.0,0.0,0.0,0.0,0.0,0.0,0.0,0.0,0.0,0.0,0.0
heating_cooling,none,none,multifamily,6,0.0,0.0,0.0,0.0,0.0,0.0,0.0,0.0,0.0,0.0,0.0,0.0,0.0,0.0,0.0,0.0,0.0,0.0,0.0,0.0,0.0,0.0,0.0,0.0,0.0,0.0,0.0,0.0,0.0,0.0,0.0
heating_cooling,none,none,multifamily,7,0.0,0.0,0.0,0.0,0.0,0.0,0.0,0.0,0.0,0.0,0.0,0.0,0.0,0.0,0.0,0.0,0.0,0.0,0.0,0.0,0.0,0.0,0.0,0.0,0.0,0.0,0.0,0.0,0.0,0.0,0.0
heating_cooling,none,none,multifamily,8,0.0,0.0,0.0,0.0,0.0,0.0,0.0,0.0,0.0,0.0,0.0,0.0,0.0,0.0,0.0,0.0,0.0,0.0,0.0,0.0,0.0,0.0,0.0,0.0,0.0,0.0,0.0,0.0,0.0,0.0,0.0
heating_cooling,none,none,multifamily,9,0.0,0.0,0.0,0.0,0.0,0.0,0.0,0.0,0.0,0.0,0.0,0.0,0.0,0.0,0.0,0.0,0.0,0.0,0.0,0.0,0.0,0.0,0.0,0.0,0.0,0.0,0.0,0.0,0.0,0.0,0.0
heating_cooling,none,none,multifamily,10,0.0,0.0,0.0,0.0,0.0,0.0,0.0,0.0,0.0,0.0,0.0,0.0,0.0,0.0,0.0,0.0,0.0,0.0,0.0,0.0,0.0,0.0,0.0,0.0,0.0,0.0,0.0,0.0,0.0,0.0,0.0
heating_cooling,none,none,multifamily,11,0.0,0.0,0.0,0.0,0.0,0.0,0.0,0.0,0.0,0.0,0.0,0.0,0.0,0.0,0.0,0.0,0.0,0.0,0.0,0.0,0.0,0.0,0.0,0.0,0.0,0.0,0.0,0.0,0.0,0.0,0.0
heating_cooling,none,none,multifamily,12,0.0,0.0,0.0,0.0,0.0,0.0,0.0,0.0,0.0,0.0,0.0,0.0,0.0,0.0,0.0,0.0,0.0,0.0,0.0,0.0,0.0,0.0,0.0,0.0,0.0,0.0,0.0,0.0,0.0,0.0,0.0
heating_cooling,none,none,multifamily,13,0.0,0.0,0.0,0.0,0.0,0.0,0.0,0.0,0.0,0.0,0.0,0.0,0.0,0.0,0.0,0.0,0.0,0.0,0.0,0.0,0.0,0.0,0.0,0.0,0.0,0.0,0.0,0.0,0.0,0.0,0.0
heating_cooling,none,none,multifamily,14,0.0,0.0,0.0,0.0,0.0,0.0,0.0,0.0,0.0,0.0,0.0,0.0,0.0,0.0,0.0,0.0,0.0,0.0,0.0,0.0,0.0,0.0,0.0,0.0,0.0,0.0,0.0,0.0,0.0,0.0,0.0
heating_cooling,none,none,multifamily,15,0.0,0.0,0.0,0.0,0.0,0.0,0.0,0.0,0.0,0.0,0.0,0.0,0.0,0.0,0.0,0.0,0.0,0.0,0.0,0.0,0.0,0.0,0.0,0.0,0.0,0.0,0.0,0.0,0.0,0.0,0.0
heating_cooling,none,none,multifamily,16,0.0,0.0,0.0,0.0,0.0,0.0,0.0,0.0,0.0,0.0,0.0,0.0,0.0,0.0,0.0,0.0,0.0,0.0,0.0,0.0,0.0,0.0,0.0,0.0,0.0,0.0,0.0,0.0,0.0,0.0,0.0
heating_cooling,none,none,multifamily,17,0.0,0.0,0.0,0.0,0.0,0.0,0.0,0.0,0.0,0.0,0.0,0.0,0.0,0.0,0.0,0.0,0.0,0.0,0.0,0.0,0.0,0.0,0.0,0.0,0.0,0.0,0.0,0.0,0.0,0.0,0.0
heating_cooling,none,none,multifamily,18,0.0,0.0,0.0,0.0,0.0,0.0,0.0,0.0,0.0,0.0,0.0,0.0,0.0,0.0,0.0,0.0,0.0,0.0,0.0,0.0,0.0,0.0,0.0,0.0,0.0,0.0,0.0,0.0,0.0,0.0,0.0
heating_cooling,none,none,multifamily,19,0.0,0.0,0.0,0.0,0.0,0.0,0.0,0.0,0.0,0.0,0.0,0.0,0.0,0.0,0.0,0.0,0.0,0.0,0.0,0.0,0.0,0.0,0.0,0.0,0.0,0.0,0.0,0.0,0.0,0.0,0.0
heating_cooling,none,none,single_family,0,0.0,0.0,0.0,0.0,0.0,0.0,0.0,0.0,0.0,0.0,0.0,0.0,0.0,0.0,0.0,0.0,0.0,0.0,0.0,0.0,0.0,0.0,0.0,0.0,0.0,0.0,0.0,0.0,0.0,0.0,0.0
heating_cooling,none,none,single_family,1,0.0,0.0,0.0,0.0,0.0,0.0,0.0,0.0,0.0,0.0,0.0,0.0,0.0,0.0,0.0,0.0,0.0,0.0,0.0,0.0,0.0,0.0,0.0,0.0,0.0,0.0,0.0,0.0,0.0,0.0,0.0
heating_cooling,none,none,single_family,2,0.0,0.0,0.0,0.0,0.0,0.0,0.0,0.0,0.0,0.0,0.0,0.0,0.0,0.0,0.0,0.0,0.0,0.0,0.0,0.0,0.0,0.0,0.0,0.0,0.0,0.0,0.0,0.0,0.0,0.0,0.0
heating_cooling,none,none,single_family,3,0.0,0.0,0.0,0.0,0.0,0.0,0.0,0.0,0.0,0.0,0.0,0.0,0.0,0.0,0.0,0.0,0.0,0.0,0.0,0.0,0.0,0.0,0.0,0.0,0.0,0.0,0.0,0.0,0.0,0.0,0.0
heating_cooling,none,none,single_family,4,0.0,0.0,0.0,0.0,0.0,0.0,0.0,0.0,0.0,0.0,0.0,0.0,0.0,0.0,0.0,0.0,0.0,0.0,0.0,0.0,0.0,0.0,0.0,0.0,0.0,0.0,0.0,0.0,0.0,0.0,0.0
heating_cooling,none,none,single_family,5,0.0,0.0,0.0,0.0,0.0,0.0,0.0,0.0,0.0,0.0,0.0,0.0,0.0,0.0,0.0,0.0,0.0,0.0,0.0,0.0,0.0,0.0,0.0,0.0,0.0,0.0,0.0,0.0,0.0,0.0,0.0
heating_cooling,none,none,single_family,6,0.0,0.0,0.0,0.0,0.0,0.0,0.0,0.0,0.0,0.0,0.0,0.0,0.0,0.0,0.0,0.0,0.0,0.0,0.0,0.0,0.0,0.0,0.0,0.0,0.0,0.0,0.0,0.0,0.0,0.0,0.0
heating_cooling,none,none,single_family,7,0.0,0.0,0.0,0.0,0.0,0.0,0.0,0.0,0.0,0.0,0.0,0.0,0.0,0.0,0.0,0.0,0.0,0.0,0.0,0.0,0.0,0.0,0.0,0.0,0.0,0.0,0.0,0.0,0.0,0.0,0.0
heating_cooling,none,none,single_family,8,0.0,0.0,0.0,0.0,0.0,0.0,0.0,0.0,0.0,0.0,0.0,0.0,0.0,0.0,0.0,0.0,0.0,0.0,0.0,0.0,0.0,0.0,0.0,0.0,0.0,0.0,0.0,0.0,0.0,0.0,0.0
heating_cooling,none,none,single_family,9,0.0,0.0,0.0,0.0,0.0,0.0,0.0,0.0,0.0,0.0,0.0,0.0,0.0,0.0,0.0,0.0,0.0,0.0,0.0,0.0,0.0,0.0,0.0,0.0,0.0,0.0,0.0,0.0,0.0,0.0,0.0
heating_cooling,none,none,single_family,10,0.0,0.0,0.0,0.0,0.0,0.0,0.0,0.0,0.0,0.0,0.0,0.0,0.0,0.0,0.0,0.0,0.0,0.0,0.0,0.0,0.0,0.0,0.0,0.0,0.0,0.0,0.0,0.0,0.0,0.0,0.0
heating_cooling,none,none,single_family,11,0.0,0.0,0.0,0.0,0.0,0.0,0.0,0.0,0.0,0.0,0.0,0.0,0.0,0.0,0.0,0.0,0.0,0.0,0.0,0.0,0.0,0.0,0.0,0.0,0.0,0.0,0.0,0.0,0.0,0.0,0.0
heating_cooling,none,none,single_family,12,0.0,0.0,0.0,0.0,0.0,0.0,0.0,0.0,0.0,0.0,0.0,0.0,0.0,0.0,0.0,0.0,0.0,0.0,0.0,0.0,0.0,0.0,0.0,0.0,0.0,0.0,0.0,0.0,0.0,0.0,0.0
heating_cooling,none,none,single_family,13,0.0,0.0,0.0,0.0,0.0,0.0,0.0,0.0,0.0,0.0,0.0,0.0,0.0,0.0,0.0,0.0,0.0,0.0,0.0,0.0,0.0,0.0,0.0,0.0,0.0,0.0,0.0,0.0,0.0,0.0,0.0
heating_cooling,none,none,single_family,14,0.0,0.0,0.0,0.0,0.0,0.0,0.0,0.0,0.0,0.0,0.0,0.0,0.0,0.0,0.0,0.0,0.0,0.0,0.0,0.0,0.0,0.0,0.0,0.0,0.0,0.0,0.0,0.0,0.0,0.0,0.0
heating_cooling,none,none,single_family,15,0.0,0.0,0.0,0.0,0.0,0.0,0.0,0.0,0.0,0.0,0.0,0.0,0.0,0.0,0.0,0.0,0.0,0.0,0.0,0.0,0.0,0.0,0.0,0.0,0.0,0.0,0.0,0.0,0.0,0.0,0.0
heating_cooling,none,none,single_family,16,0.0,0.0,0.0,0.0,0.0,0.0,0.0,0.0,0.0,0.0,0.0,0.0,0.0,0.0,0.0,0.0,0.0,0.0,0.0,0.0,0.0,0.0,0.0,0.0,0.0,0.0,0.0,0.0,0.0,0.0,0.0
heating_cooling,none,none,single_family,17,0.0,0.0,0.0,0.0,0.0,0.0,0.0,0.0,0.0,0.0,0.0,0.0,0.0,0.0,0.0,0.0,0.0,0.0,0.0,0.0,0.0,0.0,0.0,0.0,0.0,0.0,0.0,0.0,0.0,0.0,0.0
heating_cooling,none,none,single_family,18,0.0,0.0,0.0,0.0,0.0,0.0,0.0,0.0,0.0,0.0,0.0,0.0,0.0,0.0,0.0,0.0,0.0,0.0,0.0,0.0,0.0,0.0,0.0,0.0,0.0,0.0,0.0,0.0,0.0,0.0,0.0
heating_cooling,none,none,single_family,19,0.0,0.0,0.0,0.0,0.0,0.0,0.0,0.0,0.0,0.0,0.0,0.0,0.0,0.0,0.0,0.0,0.0,0.0,0.0,0.0,0.0,0.0,0.0,0.0,0.0,0.0,0.0,0.0,0.0,0.0,0.0
heating_cooling,none,none,multifamily_li,0,0.0,0.0,0.0,0.0,0.0,0.0,0.0,0.0,0.0,0.0,0.0,0.0,0.0,0.0,0.0,0.0,0.0,0.0,0.0,0.0,0.0,0.0,0.0,0.0,0.0,0.0,0.0,0.0,0.0,0.0,0.0
heating_cooling,none,none,multifamily_li,1,0.0,0.0,0.0,0.0,0.0,0.0,0.0,0.0,0.0,0.0,0.0,0.0,0.0,0.0,0.0,0.0,0.0,0.0,0.0,0.0,0.0,0.0,0.0,0.0,0.0,0.0,0.0,0.0,0.0,0.0,0.0
heating_cooling,none,none,multifamily_li,2,0.0,0.0,0.0,0.0,0.0,0.0,0.0,0.0,0.0,0.0,0.0,0.0,0.0,0.0,0.0,0.0,0.0,0.0,0.0,0.0,0.0,0.0,0.0,0.0,0.0,0.0,0.0,0.0,0.0,0.0,0.0
heating_cooling,none,none,multifamily_li,3,0.0,0.0,0.0,0.0,0.0,0.0,0.0,0.0,0.0,0.0,0.0,0.0,0.0,0.0,0.0,0.0,0.0,0.0,0.0,0.0,0.0,0.0,0.0,0.0,0.0,0.0,0.0,0.0,0.0,0.0,0.0
heating_cooling,none,none,multifamily_li,4,0.0,0.0,0.0,0.0,0.0,0.0,0.0,0.0,0.0,0.0,0.0,0.0,0.0,0.0,0.0,0.0,0.0,0.0,0.0,0.0,0.0,0.0,0.0,0.0,0.0,0.0,0.0,0.0,0.0,0.0,0.0
heating_cooling,none,none,multifamily_li,5,0.0,0.0,0.0,0.0,0.0,0.0,0.0,0.0,0.0,0.0,0.0,0.0,0.0,0.0,0.0,0.0,0.0,0.0,0.0,0.0,0.0,0.0,0.0,0.0,0.0,0.0,0.0,0.0,0.0,0.0,0.0
heating_cooling,none,none,multifamily_li,6,0.0,0.0,0.0,0.0,0.0,0.0,0.0,0.0,0.0,0.0,0.0,0.0,0.0,0.0,0.0,0.0,0.0,0.0,0.0,0.0,0.0,0.0,0.0,0.0,0.0,0.0,0.0,0.0,0.0,0.0,0.0
heating_cooling,none,none,multifamily_li,7,0.0,0.0,0.0,0.0,0.0,0.0,0.0,0.0,0.0,0.0,0.0,0.0,0.0,0.0,0.0,0.0,0.0,0.0,0.0,0.0,0.0,0.0,0.0,0.0,0.0,0.0,0.0,0.0,0.0,0.0,0.0
heating_cooling,none,none,multifamily_li,8,0.0,0.0,0.0,0.0,0.0,0.0,0.0,0.0,0.0,0.0,0.0,0.0,0.0,0.0,0.0,0.0,0.0,0.0,0.0,0.0,0.0,0.0,0.0,0.0,0.0,0.0,0.0,0.0,0.0,0.0,0.0
heating_cooling,none,none,multifamily_li,9,0.0,0.0,0.0,0.0,0.0,0.0,0.0,0.0,0.0,0.0,0.0,0.0,0.0,0.0,0.0,0.0,0.0,0.0,0.0,0.0,0.0,0.0,0.0,0.0,0.0,0.0,0.0,0.0,0.0,0.0,0.0
heating_cooling,none,none,multifamily_li,10,0.0,0.0,0.0,0.0,0.0,0.0,0.0,0.0,0.0,0.0,0.0,0.0,0.0,0.0,0.0,0.0,0.0,0.0,0.0,0.0,0.0,0.0,0.0,0.0,0.0,0.0,0.0,0.0,0.0,0.0,0.0
heating_cooling,none,none,multifamily_li,11,0.0,0.0,0.0,0.0,0.0,0.0,0.0,0.0,0.0,0.0,0.0,0.0,0.0,0.0,0.0,0.0,0.0,0.0,0.0,0.0,0.0,0.0,0.0,0.0,0.0,0.0,0.0,0.0,0.0,0.0,0.0
heating_cooling,none,none,multifamily_li,12,0.0,0.0,0.0,0.0,0.0,0.0,0.0,0.0,0.0,0.0,0.0,0.0,0.0,0.0,0.0,0.0,0.0,0.0,0.0,0.0,0.0,0.0,0.0,0.0,0.0,0.0,0.0,0.0,0.0,0.0,0.0
heating_cooling,none,none,multifamily_li,13,0.0,0.0,0.0,0.0,0.0,0.0,0.0,0.0,0.0,0.0,0.0,0.0,0.0,0.0,0.0,0.0,0.0,0.0,0.0,0.0,0.0,0.0,0.0,0.0,0.0,0.0,0.0,0.0,0.0,0.0,0.0
heating_cooling,none,none,multifamily_li,14,0.0,0.0,0.0,0.0,0.0,0.0,0.0,0.0,0.0,0.0,0.0,0.0,0.0,0.0,0.0,0.0,0.0,0.0,0.0,0.0,0.0,0.0,0.0,0.0,0.0,0.0,0.0,0.0,0.0,0.0,0.0
heating_cooling,none,none,multifamily_li,15,0.0,0.0,0.0,0.0,0.0,0.0,0.0,0.0,0.0,0.0,0.0,0.0,0.0,0.0,0.0,0.0,0.0,0.0,0.0,0.0,0.0,0.0,0.0,0.0,0.0,0.0,0.0,0.0,0.0,0.0,0.0
heating_cooling,none,none,multifamily_li,16,0.0,0.0,0.0,0.0,0.0,0.0,0.0,0.0,0.0,0.0,0.0,0.0,0.0,0.0,0.0,0.0,0.0,0.0,0.0,0.0,0.0,0.0,0.0,0.0,0.0,0.0,0.0,0.0,0.0,0.0,0.0
heating_cooling,none,none,multifamily_li,17,0.0,0.0,0.0,0.0,0.0,0.0,0.0,0.0,0.0,0.0,0.0,0.0,0.0,0.0,0.0,0.0,0.0,0.0,0.0,0.0,0.0,0.0,0.0,0.0,0.0,0.0,0.0,0.0,0.0,0.0,0.0
heating_cooling,none,none,multifamily_li,18,0.0,0.0,0.0,0.0,0.0,0.0,0.0,0.0,0.0,0.0,0.0,0.0,0.0,0.0,0.0,0.0,0.0,0.0,0.0,0.0,0.0,0.0,0.0,0.0,0.0,0.0,0.0,0.0,0.0,0.0,0.0
heating_cooling,none,none,multifamily_li,19,0.0,0.0,0.0,0.0,0.0,0.0,0.0,0.0,0.0,0.0,0.0,0.0,0.0,0.0,0.0,0.0,0.0,0.0,0.0,0.0,0.0,0.0,0.0,0.0,0.0,0.0,0.0,0.0,0.0,0.0,0.0
heating_cooling,none,none,single_family_li,0,0.0,0.0,0.0,0.0,0.0,0.0,0.0,0.0,0.0,0.0,0.0,0.0,0.0,0.0,0.0,0.0,0.0,0.0,0.0,0.0,0.0,0.0,0.0,0.0,0.0,0.0,0.0,0.0,0.0,0.0,0.0
heating_cooling,none,none,single_family_li,1,0.0,0.0,0.0,0.0,0.0,0.0,0.0,0.0,0.0,0.0,0.0,0.0,0.0,0.0,0.0,0.0,0.0,0.0,0.0,0.0,0.0,0.0,0.0,0.0,0.0,0.0,0.0,0.0,0.0,0.0,0.0
heating_cooling,none,none,single_family_li,2,0.0,0.0,0.0,0.0,0.0,0.0,0.0,0.0,0.0,0.0,0.0,0.0,0.0,0.0,0.0,0.0,0.0,0.0,0.0,0.0,0.0,0.0,0.0,0.0,0.0,0.0,0.0,0.0,0.0,0.0,0.0
heating_cooling,none,none,single_family_li,3,0.0,0.0,0.0,0.0,0.0,0.0,0.0,0.0,0.0,0.0,0.0,0.0,0.0,0.0,0.0,0.0,0.0,0.0,0.0,0.0,0.0,0.0,0.0,0.0,0.0,0.0,0.0,0.0,0.0,0.0,0.0
heating_cooling,none,none,single_family_li,4,0.0,0.0,0.0,0.0,0.0,0.0,0.0,0.0,0.0,0.0,0.0,0.0,0.0,0.0,0.0,0.0,0.0,0.0,0.0,0.0,0.0,0.0,0.0,0.0,0.0,0.0,0.0,0.0,0.0,0.0,0.0
heating_cooling,none,none,single_family_li,5,0.0,0.0,0.0,0.0,0.0,0.0,0.0,0.0,0.0,0.0,0.0,0.0,0.0,0.0,0.0,0.0,0.0,0.0,0.0,0.0,0.0,0.0,0.0,0.0,0.0,0.0,0.0,0.0,0.0,0.0,0.0
heating_cooling,none,none,single_family_li,6,0.0,0.0,0.0,0.0,0.0,0.0,0.0,0.0,0.0,0.0,0.0,0.0,0.0,0.0,0.0,0.0,0.0,0.0,0.0,0.0,0.0,0.0,0.0,0.0,0.0,0.0,0.0,0.0,0.0,0.0,0.0
heating_cooling,none,none,single_family_li,7,0.0,0.0,0.0,0.0,0.0,0.0,0.0,0.0,0.0,0.0,0.0,0.0,0.0,0.0,0.0,0.0,0.0,0.0,0.0,0.0,0.0,0.0,0.0,0.0,0.0,0.0,0.0,0.0,0.0,0.0,0.0
heating_cooling,none,none,single_family_li,8,0.0,0.0,0.0,0.0,0.0,0.0,0.0,0.0,0.0,0.0,0.0,0.0,0.0,0.0,0.0,0.0,0.0,0.0,0.0,0.0,0.0,0.0,0.0,0.0,0.0,0.0,0.0,0.0,0.0,0.0,0.0
heating_cooling,none,none,single_family_li,9,0.0,0.0,0.0,0.0,0.0,0.0,0.0,0.0,0.0,0.0,0.0,0.0,0.0,0.0,0.0,0.0,0.0,0.0,0.0,0.0,0.0,0.0,0.0,0.0,0.0,0.0,0.0,0.0,0.0,0.0,0.0
heating_cooling,none,none,single_family_li,10,0.0,0.0,0.0,0.0,0.0,0.0,0.0,0.0,0.0,0.0,0.0,0.0,0.0,0.0,0.0,0.0,0.0,0.0,0.0,0.0,0.0,0.0,0.0,0.0,0.0,0.0,0.0,0.0,0.0,0.0,0.0
heating_cooling,none,none,single_family_li,11,0.0,0.0,0.0,0.0,0.0,0.0,0.0,0.0,0.0,0.0,0.0,0.0,0.0,0.0,0.0,0.0,0.0,0.0,0.0,0.0,0.0,0.0,0.0,0.0,0.0,0.0,0.0,0.0,0.0,0.0,0.0
heating_cooling,none,none,single_family_li,12,0.0,0.0,0.0,0.0,0.0,0.0,0.0,0.0,0.0,0.0,0.0,0.0,0.0,0.0,0.0,0.0,0.0,0.0,0.0,0.0,0.0,0.0,0.0,0.0,0.0,0.0,0.0,0.0,0.0,0.0,0.0
heating_cooling,none,none,single_family_li,13,0.0,0.0,0.0,0.0,0.0,0.0,0.0,0.0,0.0,0.0,0.0,0.0,0.0,0.0,0.0,0.0,0.0,0.0,0.0,0.0,0.0,0.0,0.0,0.0,0.0,0.0,0.0,0.0,0.0,0.0,0.0
heating_cooling,none,none,single_family_li,14,0.0,0.0,0.0,0.0,0.0,0.0,0.0,0.0,0.0,0.0,0.0,0.0,0.0,0.0,0.0,0.0,0.0,0.0,0.0,0.0,0.0,0.0,0.0,0.0,0.0,0.0,0.0,0.0,0.0,0.0,0.0
heating_cooling,none,none,single_family_li,15,0.0,0.0,0.0,0.0,0.0,0.0,0.0,0.0,0.0,0.0,0.0,0.0,0.0,0.0,0.0,0.0,0.0,0.0,0.0,0.0,0.0,0.0,0.0,0.0,0.0,0.0,0.0,0.0,0.0,0.0,0.0
heating_cooling,none,none,single_family_li,16,0.0,0.0,0.0,0.0,0.0,0.0,0.0,0.0,0.0,0.0,0.0,0.0,0.0,0.0,0.0,0.0,0.0,0.0,0.0,0.0,0.0,0.0,0.0,0.0,0.0,0.0,0.0,0.0,0.0,0.0,0.0
heating_cooling,none,none,single_family_li,17,0.0,0.0,0.0,0.0,0.0,0.0,0.0,0.0,0.0,0.0,0.0,0.0,0.0,0.0,0.0,0.0,0.0,0.0,0.0,0.0,0.0,0.0,0.0,0.0,0.0,0.0,0.0,0.0,0.0,0.0,0.0
heating_cooling,none,none,single_family_li,18,0.0,0.0,0.0,0.0,0.0,0.0,0.0,0.0,0.0,0.0,0.0,0.0,0.0,0.0,0.0,0.0,0.0,0.0,0.0,0.0,0.0,0.0,0.0,0.0,0.0,0.0,0.0,0.0,0.0,0.0,0.0
heating_cooling,none,none,single_family_li,19,0.0,0.0,0.0,0.0,0.0,0.0,0.0,0.0,0.0,0.0,0.0,0.0,0.0,0.0,0.0,0.0,0.0,0.0,0.0,0.0,0.0,0.0,0.0,0.0,0.0,0.0,0.0,0.0,0.0,0.0,0.0
heating_cooling,none,test_utility_2,multifamily,0,0.0,0.0,0.0,0.0,0.0,0.0,0.0,0.0,0.0,0.0,0.0,0.0,0.0,0.0,0.0,0.0,0.0,0.0,0.0,0.0,0.0,0.0,0.0,0.0,0.0,0.0,0.0,0.0,0.0,0.0,0.0
heating_cooling,none,test_utility_2,multifamily,1,0.0,0.0,0.0,0.0,0.0,0.0,0.0,0.0,0.0,0.0,0.0,0.0,0.0,0.0,0.0,0.0,0.0,0.0,0.0,0.0,0.0,0.0,0.0,0.0,0.0,0.0,0.0,0.0,0.0,0.0,0.0
heating_cooling,none,test_utility_2,multifamily,2,0.0,0.0,0.0,0.0,0.0,0.0,0.0,0.0,0.0,0.0,0.0,0.0,0.0,0.0,0.0,0.0,0.0,0.0,0.0,0.0,0.0,0.0,0.0,0.0,0.0,0.0,0.0,0.0,0.0,0.0,0.0
heating_cooling,none,test_utility_2,multifamily,3,0.0,0.0,0.0,0.0,0.0,0.0,0.0,0.0,0.0,0.0,0.0,0.0,0.0,0.0,0.0,0.0,0.0,0.0,0.0,0.0,0.0,0.0,0.0,0.0,0.0,0.0,0.0,0.0,0.0,0.0,0.0
heating_cooling,none,test_utility_2,multifamily,4,0.0,0.0,0.0,0.0,0.0,0.0,0.0,0.0,0.0,0.0,0.0,0.0,0.0,0.0,0.0,0.0,0.0,0.0,0.0,0.0,0.0,0.0,0.0,0.0,0.0,0.0,0.0,0.0,0.0,0.0,0.0
heating_cooling,none,test_utility_2,multifamily,5,0.0,0.0,0.0,0.0,0.0,0.0,0.0,0.0,0.0,0.0,0.0,0.0,0.0,0.0,0.0,0.0,0.0,0.0,0.0,0.0,0.0,0.0,0.0,0.0,0.0,0.0,0.0,0.0,0.0,0.0,0.0
heating_cooling,none,test_utility_2,multifamily,6,0.0,0.0,0.0,0.0,0.0,0.0,0.0,0.0,0.0,0.0,0.0,0.0,0.0,0.0,0.0,0.0,0.0,0.0,0.0,0.0,0.0,0.0,0.0,0.0,0.0,0.0,0.0,0.0,0.0,0.0,0.0
heating_cooling,none,test_utility_2,multifamily,7,0.0,0.0,0.0,0.0,0.0,0.0,0.0,0.0,0.0,0.0,0.0,0.0,0.0,0.0,0.0,0.0,0.0,0.0,0.0,0.0,0.0,0.0,0.0,0.0,0.0,0.0,0.0,0.0,0.0,0.0,0.0
heating_cooling,none,test_utility_2,multifamily,8,0.0,0.0,0.0,0.0,0.0,0.0,0.0,0.0,0.0,0.0,0.0,0.0,0.0,0.0,0.0,0.0,0.0,0.0,0.0,0.0,0.0,0.0,0.0,0.0,0.0,0.0,0.0,0.0,0.0,0.0,0.0
heating_cooling,none,test_utility_2,multifamily,9,0.0,0.0,0.0,0.0,0.0,0.0,0.0,0.0,0.0,0.0,0.0,0.0,0.0,0.0,0.0,0.0,0.0,0.0,0.0,0.0,0.0,0.0,0.0,0.0,0.0,0.0,0.0,0.0,0.0,0.0,0.0
heating_cooling,none,test_utility_2,multifamily,10,0.0,0.0,0.0,0.0,0.0,0.0,0.0,0.0,0.0,0.0,0.0,0.0,0.0,0.0,0.0,0.0,0.0,0.0,0.0,0.0,0.0,0.0,0.0,0.0,0.0,0.0,0.0,0.0,0.0,0.0,0.0
heating_cooling,none,test_utility_2,multifamily,11,0.0,0.0,0.0,0.0,0.0,0.0,0.0,0.0,0.0,0.0,0.0,0.0,0.0,0.0,0.0,0.0,0.0,0.0,0.0,0.0,0.0,0.0,0.0,0.0,0.0,0.0,0.0,0.0,0.0,0.0,0.0
heating_cooling,none,test_utility_2,multifamily,12,0.0,0.0,0.0,0.0,0.0,0.0,0.0,0.0,0.0,0.0,0.0,0.0,0.0,0.0,0.0,0.0,0.0,0.0,0.0,0.0,0.0,0.0,0.0,0.0,0.0,0.0,0.0,0.0,0.0,0.0,0.0
heating_cooling,none,test_utility_2,multifamily,13,0.0,0.0,0.0,0.0,0.0,0.0,0.0,0.0,0.0,0.0,0.0,0.0,0.0,0.0,0.0,0.0,0.0,0.0,0.0,0.0,0.0,0.0,0.0,0.0,0.0,0.0,0.0,0.0,0.0,0.0,0.0
heating_cooling,none,test_utility_2,multifamily,14,0.0,0.0,0.0,0.0,0.0,0.0,0.0,0.0,0.0,0.0,0.0,0.0,0.0,0.0,0.0,0.0,0.0,0.0,0.0,0.0,0.0,0.0,0.0,0.0,0.0,0.0,0.0,0.0,0.0,0.0,0.0
heating_cooling,none,test_utility_2,multifamily,15,0.0,0.0,0.0,0.0,0.0,0.0,0.0,0.0,0.0,0.0,0.0,0.0,0.0,0.0,0.0,0.0,0.0,0.0,0.0,0.0,0.0,0.0,0.0,0.0,0.0,0.0,0.0,0.0,0.0,0.0,0.0
heating_cooling,none,test_utility_2,multifamily,16,0.0,0.0,0.0,0.0,0.0,0.0,0.0,0.0,0.0,0.0,0.0,0.0,0.0,0.0,0.0,0.0,0.0,0.0,0.0,0.0,0.0,0.0,0.0,0.0,0.0,0.0,0.0,0.0,0.0,0.0,0.0
heating_cooling,none,test_utility_2,multifamily,17,0.0,0.0,0.0,0.0,0.0,0.0,0.0,0.0,0.0,0.0,0.0,0.0,0.0,0.0,0.0,0.0,0.0,0.0,0.0,0.0,0.0,0.0,0.0,0.0,0.0,0.0,0.0,0.0,0.0,0.0,0.0
heating_cooling,none,test_utility_2,multifamily,18,0.0,0.0,0.0,0.0,0.0,0.0,0.0,0.0,0.0,0.0,0.0,0.0,0.0,0.0,0.0,0.0,0.0,0.0,0.0,0.0,0.0,0.0,0.0,0.0,0.0,0.0,0.0,0.0,0.0,0.0,0.0
heating_cooling,none,test_utility_2,multifamily,19,0.0,0.0,0.0,0.0,0.0,0.0,0.0,0.0,0.0,0.0,0.0,0.0,0.0,0.0,0.0,0.0,0.0,0.0,0.0,0.0,0.0,0.0,0.0,0.0,0.0,0.0,0.0,0.0,0.0,0.0,0.0
heating_cooling,none,test_utility_2,single_family,0,0.0,0.0,0.0,0.0,0.0,0.0,0.0,0.0,0.0,0.0,0.0,0.0,0.0,0.0,0.0,0.0,0.0,0.0,0.0,0.0,0.0,0.0,0.0,0.0,0.0,0.0,0.0,0.0,0.0,0.0,0.0
heating_cooling,none,test_utility_2,single_family,1,0.0,0.0,0.0,0.0,0.0,0.0,0.0,0.0,0.0,0.0,0.0,0.0,0.0,0.0,0.0,0.0,0.0,0.0,0.0,0.0,0.0,0.0,0.0,0.0,0.0,0.0,0.0,0.0,0.0,0.0,0.0
heating_cooling,none,test_utility_2,single_family,2,0.0,0.0,0.0,0.0,0.0,0.0,0.0,0.0,0.0,0.0,0.0,0.0,0.0,0.0,0.0,0.0,0.0,0.0,0.0,0.0,0.0,0.0,0.0,0.0,0.0,0.0,0.0,0.0,0.0,0.0,0.0
heating_cooling,none,test_utility_2,single_family,3,0.0,0.0,0.0,0.0,0.0,0.0,0.0,0.0,0.0,0.0,0.0,0.0,0.0,0.0,0.0,0.0,0.0,0.0,0.0,0.0,0.0,0.0,0.0,0.0,0.0,0.0,0.0,0.0,0.0,0.0,0.0
heating_cooling,none,test_utility_2,single_family,4,0.0,0.0,0.0,0.0,0.0,0.0,0.0,0.0,0.0,0.0,0.0,0.0,0.0,0.0,0.0,0.0,0.0,0.0,0.0,0.0,0.0,0.0,0.0,0.0,0.0,0.0,0.0,0.0,0.0,0.0,0.0
heating_cooling,none,test_utility_2,single_family,5,0.0,0.0,0.0,0.0,0.0,0.0,0.0,0.0,0.0,0.0,0.0,0.0,0.0,0.0,0.0,0.0,0.0,0.0,0.0,0.0,0.0,0.0,0.0,0.0,0.0,0.0,0.0,0.0,0.0,0.0,0.0
heating_cooling,none,test_utility_2,single_family,6,0.0,0.0,0.0,0.0,0.0,0.0,0.0,0.0,0.0,0.0,0.0,0.0,0.0,0.0,0.0,0.0,0.0,0.0,0.0,0.0,0.0,0.0,0.0,0.0,0.0,0.0,0.0,0.0,0.0,0.0,0.0
heating_cooling,none,test_utility_2,single_family,7,0.0,0.0,0.0,0.0,0.0,0.0,0.0,0.0,0.0,0.0,0.0,0.0,0.0,0.0,0.0,0.0,0.0,0.0,0.0,0.0,0.0,0.0,0.0,0.0,0.0,0.0,0.0,0.0,0.0,0.0,0.0
heating_cooling,none,test_utility_2,single_family,8,0.0,0.0,0.0,0.0,0.0,0.0,0.0,0.0,0.0,0.0,0.0,0.0,0.0,0.0,0.0,0.0,0.0,0.0,0.0,0.0,0.0,0.0,0.0,0.0,0.0,0.0,0.0,0.0,0.0,0.0,0.0
heating_cooling,none,test_utility_2,single_family,9,0.0,0.0,0.0,0.0,0.0,0.0,0.0,0.0,0.0,0.0,0.0,0.0,0.0,0.0,0.0,0.0,0.0,0.0,0.0,0.0,0.0,0.0,0.0,0.0,0.0,0.0,0.0,0.0,0.0,0.0,0.0
heating_cooling,none,test_utility_2,single_family,10,0.0,0.0,0.0,0.0,0.0,0.0,0.0,0.0,0.0,0.0,0.0,0.0,0.0,0.0,0.0,0.0,0.0,0.0,0.0,0.0,0.0,0.0,0.0,0.0,0.0,0.0,0.0,0.0,0.0,0.0,0.0
heating_cooling,none,test_utility_2,single_family,11,0.0,0.0,0.0,0.0,0.0,0.0,0.0,0.0,0.0,0.0,0.0,0.0,0.0,0.0,0.0,0.0,0.0,0.0,0.0,0.0,0.0,0.0,0.0,0.0,0.0,0.0,0.0,0.0,0.0,0.0,0.0
heating_cooling,none,test_utility_2,single_family,12,0.0,0.0,0.0,0.0,0.0,0.0,0.0,0.0,0.0,0.0,0.0,0.0,0.0,0.0,0.0,0.0,0.0,0.0,0.0,0.0,0.0,0.0,0.0,0.0,0.0,0.0,0.0,0.0,0.0,0.0,0.0
heating_cooling,none,test_utility_2,single_family,13,0.0,0.0,0.0,0.0,0.0,0.0,0.0,0.0,0.0,0.0,0.0,0.0,0.0,0.0,0.0,0.0,0.0,0.0,0.0,0.0,0.0,0.0,0.0,0.0,0.0,0.0,0.0,0.0,0.0,0.0,0.0
heating_cooling,none,test_utility_2,single_family,14,0.0,0.0,0.0,0.0,0.0,0.0,0.0,0.0,0.0,0.0,0.0,0.0,0.0,0.0,0.0,0.0,0.0,0.0,0.0,0.0,0.0,0.0,0.0,0.0,0.0,0.0,0.0,0.0,0.0,0.0,0.0
heating_cooling,none,test_utility_2,single_family,15,0.0,0.0,0.0,0.0,0.0,0.0,0.0,0.0,0.0,0.0,0.0,0.0,0.0,0.0,0.0,0.0,0.0,0.0,0.0,0.0,0.0,0.0,0.0,0.0,0.0,0.0,0.0,0.0,0.0,0.0,0.0
heating_cooling,none,test_utility_2,single_family,16,0.0,0.0,0.0,0.0,0.0,0.0,0.0,0.0,0.0,0.0,0.0,0.0,0.0,0.0,0.0,0.0,0.0,0.0,0.0,0.0,0.0,0.0,0.0,0.0,0.0,0.0,0.0,0.0,0.0,0.0,0.0
heating_cooling,none,test_utility_2,single_family,17,0.0,0.0,0.0,0.0,0.0,0.0,0.0,0.0,0.0,0.0,0.0,0.0,0.0,0.0,0.0,0.0,0.0,0.0,0.0,0.0,0.0,0.0,0.0,0.0,0.0,0.0,0.0,0.0,0.0,0.0,0.0
heating_cooling,none,test_utility_2,single_family,18,0.0,0.0,0.0,0.0,0.0,0.0,0.0,0.0,0.0,0.0,0.0,0.0,0.0,0.0,0.0,0.0,0.0,0.0,0.0,0.0,0.0,0.0,0.0,0.0,0.0,0.0,0.0,0.0,0.0,0.0,0.0
heating_cooling,none,test_utility_2,single_family,19,0.0,0.0,0.0,0.0,0.0,0.0,0.0,0.0,0.0,0.0,0.0,0.0,0.0,0.0,0.0,0.0,0.0,0.0,0.0,0.0,0.0,0.0,0.0,0.0,0.0,0.0,0.0,0.0,0.0,0.0,0.0
heating_cooling,none,test_utility_2,multifamily_li,0,0.0,0.0,0.0,0.0,0.0,0.0,0.0,0.0,0.0,0.0,0.0,0.0,0.0,0.0,0.0,0.0,0.0,0.0,0.0,0.0,0.0,0.0,0.0,0.0,0.0,0.0,0.0,0.0,0.0,0.0,0.0
heating_cooling,none,test_utility_2,multifamily_li,1,0.0,0.0,0.0,0.0,0.0,0.0,0.0,0.0,0.0,0.0,0.0,0.0,0.0,0.0,0.0,0.0,0.0,0.0,0.0,0.0,0.0,0.0,0.0,0.0,0.0,0.0,0.0,0.0,0.0,0.0,0.0
heating_cooling,none,test_utility_2,multifamily_li,2,0.0,0.0,0.0,0.0,0.0,0.0,0.0,0.0,0.0,0.0,0.0,0.0,0.0,0.0,0.0,0.0,0.0,0.0,0.0,0.0,0.0,0.0,0.0,0.0,0.0,0.0,0.0,0.0,0.0,0.0,0.0
heating_cooling,none,test_utility_2,multifamily_li,3,0.0,0.0,0.0,0.0,0.0,0.0,0.0,0.0,0.0,0.0,0.0,0.0,0.0,0.0,0.0,0.0,0.0,0.0,0.0,0.0,0.0,0.0,0.0,0.0,0.0,0.0,0.0,0.0,0.0,0.0,0.0
heating_cooling,none,test_utility_2,multifamily_li,4,0.0,0.0,0.0,0.0,0.0,0.0,0.0,0.0,0.0,0.0,0.0,0.0,0.0,0.0,0.0,0.0,0.0,0.0,0.0,0.0,0.0,0.0,0.0,0.0,0.0,0.0,0.0,0.0,0.0,0.0,0.0
heating_cooling,none,test_utility_2,multifamily_li,5,0.0,0.0,0.0,0.0,0.0,0.0,0.0,0.0,0.0,0.0,0.0,0.0,0.0,0.0,0.0,0.0,0.0,0.0,0.0,0.0,0.0,0.0,0.0,0.0,0.0,0.0,0.0,0.0,0.0,0.0,0.0
heating_cooling,none,test_utility_2,multifamily_li,6,0.0,0.0,0.0,0.0,0.0,0.0,0.0,0.0,0.0,0.0,0.0,0.0,0.0,0.0,0.0,0.0,0.0,0.0,0.0,0.0,0.0,0.0,0.0,0.0,0.0,0.0,0.0,0.0,0.0,0.0,0.0
heating_cooling,none,test_utility_2,multifamily_li,7,0.0,0.0,0.0,0.0,0.0,0.0,0.0,0.0,0.0,0.0,0.0,0.0,0.0,0.0,0.0,0.0,0.0,0.0,0.0,0.0,0.0,0.0,0.0,0.0,0.0,0.0,0.0,0.0,0.0,0.0,0.0
heating_cooling,none,test_utility_2,multifamily_li,8,0.0,0.0,0.0,0.0,0.0,0.0,0.0,0.0,0.0,0.0,0.0,0.0,0.0,0.0,0.0,0.0,0.0,0.0,0.0,0.0,0.0,0.0,0.0,0.0,0.0,0.0,0.0,0.0,0.0,0.0,0.0
heating_cooling,none,test_utility_2,multifamily_li,9,0.0,0.0,0.0,0.0,0.0,0.0,0.0,0.0,0.0,0.0,0.0,0.0,0.0,0.0,0.0,0.0,0.0,0.0,0.0,0.0,0.0,0.0,0.0,0.0,0.0,0.0,0.0,0.0,0.0,0.0,0.0
heating_cooling,none,test_utility_2,multifamily_li,10,0.0,0.0,0.0,0.0,0.0,0.0,0.0,0.0,0.0,0.0,0.0,0.0,0.0,0.0,0.0,0.0,0.0,0.0,0.0,0.0,0.0,0.0,0.0,0.0,0.0,0.0,0.0,0.0,0.0,0.0,0.0
heating_cooling,none,test_utility_2,multifamily_li,11,0.0,0.0,0.0,0.0,0.0,0.0,0.0,0.0,0.0,0.0,0.0,0.0,0.0,0.0,0.0,0.0,0.0,0.0,0.0,0.0,0.0,0.0,0.0,0.0,0.0,0.0,0.0,0.0,0.0,0.0,0.0
heating_cooling,none,test_utility_2,multifamily_li,12,0.0,0.0,0.0,0.0,0.0,0.0,0.0,0.0,0.0,0.0,0.0,0.0,0.0,0.0,0.0,0.0,0.0,0.0,0.0,0.0,0.0,0.0,0.0,0.0,0.0,0.0,0.0,0.0,0.0,0.0,0.0
heating_cooling,none,test_utility_2,multifamily_li,13,0.0,0.0,0.0,0.0,0.0,0.0,0.0,0.0,0.0,0.0,0.0,0.0,0.0,0.0,0.0,0.0,0.0,0.0,0.0,0.0,0.0,0.0,0.0,0.0,0.0,0.0,0.0,0.0,0.0,0.0,0.0
heating_cooling,none,test_utility_2,multifamily_li,14,0.0,0.0,0.0,0.0,0.0,0.0,0.0,0.0,0.0,0.0,0.0,0.0,0.0,0.0,0.0,0.0,0.0,0.0,0.0,0.0,0.0,0.0,0.0,0.0,0.0,0.0,0.0,0.0,0.0,0.0,0.0
heating_cooling,none,test_utility_2,multifamily_li,15,0.0,0.0,0.0,0.0,0.0,0.0,0.0,0.0,0.0,0.0,0.0,0.0,0.0,0.0,0.0,0.0,0.0,0.0,0.0,0.0,0.0,0.0,0.0,0.0,0.0,0.0,0.0,0.0,0.0,0.0,0.0
heating_cooling,none,test_utility_2,multifamily_li,16,0.0,0.0,0.0,0.0,0.0,0.0,0.0,0.0,0.0,0.0,0.0,0.0,0.0,0.0,0.0,0.0,0.0,0.0,0.0,0.0,0.0,0.0,0.0,0.0,0.0,0.0,0.0,0.0,0.0,0.0,0.0
heating_cooling,none,test_utility_2,multifamily_li,17,0.0,0.0,0.0,0.0,0.0,0.0,0.0,0.0,0.0,0.0,0.0,0.0,0.0,0.0,0.0,0.0,0.0,0.0,0.0,0.0,0.0,0.0,0.0,0.0,0.0,0.0,0.0,0.0,0.0,0.0,0.0
heating_cooling,none,test_utility_2,multifamily_li,18,0.0,0.0,0.0,0.0,0.0,0.0,0.0,0.0,0.0,0.0,0.0,0.0,0.0,0.0,0.0,0.0,0.0,0.0,0.0,0.0,0.0,0.0,0.0,0.0,0.0,0.0,0.0,0.0,0.0,0.0,0.0
heating_cooling,none,test_utility_2,multifamily_li,19,0.0,0.0,0.0,0.0,0.0,0.0,0.0,0.0,0.0,0.0,0.0,0.0,0.0,0.0,0.0,0.0,0.0,0.0,0.0,0.0,0.0,0.0,0.0,0.0,0.0,0.0,0.0,0.0,0.0,0.0,0.0
heating_cooling,none,test_utility_2,single_family_li,0,0.0,0.0,0.0,0.0,0.0,0.0,0.0,0.0,0.0,0.0,0.0,0.0,0.0,0.0,0.0,0.0,0.0,0.0,0.0,0.0,0.0,0.0,0.0,0.0,0.0,0.0,0.0,0.0,0.0,0.0,0.0
heating_cooling,none,test_utility_2,single_family_li,1,0.0,0.0,0.0,0.0,0.0,0.0,0.0,0.0,0.0,0.0,0.0,0.0,0.0,0.0,0.0,0.0,0.0,0.0,0.0,0.0,0.0,0.0,0.0,0.0,0.0,0.0,0.0,0.0,0.0,0.0,0.0
heating_cooling,none,test_utility_2,single_family_li,2,0.0,0.0,0.0,0.0,0.0,0.0,0.0,0.0,0.0,0.0,0.0,0.0,0.0,0.0,0.0,0.0,0.0,0.0,0.0,0.0,0.0,0.0,0.0,0.0,0.0,0.0,0.0,0.0,0.0,0.0,0.0
heating_cooling,none,test_utility_2,single_family_li,3,0.0,0.0,0.0,0.0,0.0,0.0,0.0,0.0,0.0,0.0,0.0,0.0,0.0,0.0,0.0,0.0,0.0,0.0,0.0,0.0,0.0,0.0,0.0,0.0,0.0,0.0,0.0,0.0,0.0,0.0,0.0
heating_cooling,none,test_utility_2,single_family_li,4,0.0,0.0,0.0,0.0,0.0,0.0,0.0,0.0,0.0,0.0,0.0,0.0,0.0,0.0,0.0,0.0,0.0,0.0,0.0,0.0,0.0,0.0,0.0,0.0,0.0,0.0,0.0,0.0,0.0,0.0,0.0
heating_cooling,none,test_utility_2,single_family_li,5,0.0,0.0,0.0,0.0,0.0,0.0,0.0,0.0,0.0,0.0,0.0,0.0,0.0,0.0,0.0,0.0,0.0,0.0,0.0,0.0,0.0,0.0,0.0,0.0,0.0,0.0,0.0,0.0,0.0,0.0,0.0
heating_cooling,none,test_utility_2,single_family_li,6,0.0,0.0,0.0,0.0,0.0,0.0,0.0,0.0,0.0,0.0,0.0,0.0,0.0,0.0,0.0,0.0,0.0,0.0,0.0,0.0,0.0,0.0,0.0,0.0,0.0,0.0,0.0,0.0,0.0,0.0,0.0
heating_cooling,none,test_utility_2,single_family_li,7,0.0,0.0,0.0,0.0,0.0,0.0,0.0,0.0,0.0,0.0,0.0,0.0,0.0,0.0,0.0,0.0,0.0,0.0,0.0,0.0,0.0,0.0,0.0,0.0,0.0,0.0,0.0,0.0,0.0,0.0,0.0
heating_cooling,none,test_utility_2,single_family_li,8,0.0,0.0,0.0,0.0,0.0,0.0,0.0,0.0,0.0,0.0,0.0,0.0,0.0,0.0,0.0,0.0,0.0,0.0,0.0,0.0,0.0,0.0,0.0,0.0,0.0,0.0,0.0,0.0,0.0,0.0,0.0
heating_cooling,none,test_utility_2,single_family_li,9,0.0,0.0,0.0,0.0,0.0,0.0,0.0,0.0,0.0,0.0,0.0,0.0,0.0,0.0,0.0,0.0,0.0,0.0,0.0,0.0,0.0,0.0,0.0,0.0,0.0,0.0,0.0,0.0,0.0,0.0,0.0
heating_cooling,none,test_utility_2,single_family_li,10,0.0,0.0,0.0,0.0,0.0,0.0,0.0,0.0,0.0,0.0,0.0,0.0,0.0,0.0,0.0,0.0,0.0,0.0,0.0,0.0,0.0,0.0,0.0,0.0,0.0,0.0,0.0,0.0,0.0,0.0,0.0
heating_cooling,none,test_utility_2,single_family_li,11,0.0,0.0,0.0,0.0,0.0,0.0,0.0,0.0,0.0,0.0,0.0,0.0,0.0,0.0,0.0,0.0,0.0,0.0,0.0,0.0,0.0,0.0,0.0,0.0,0.0,0.0,0.0,0.0,0.0,0.0,0.0
heating_cooling,none,test_utility_2,single_family_li,12,0.0,0.0,0.0,0.0,0.0,0.0,0.0,0.0,0.0,0.0,0.0,0.0,0.0,0.0,0.0,0.0,0.0,0.0,0.0,0.0,0.0,0.0,0.0,0.0,0.0,0.0,0.0,0.0,0.0,0.0,0.0
heating_cooling,none,test_utility_2,single_family_li,13,0.0,0.0,0.0,0.0,0.0,0.0,0.0,0.0,0.0,0.0,0.0,0.0,0.0,0.0,0.0,0.0,0.0,0.0,0.0,0.0,0.0,0.0,0.0,0.0,0.0,0.0,0.0,0.0,0.0,0.0,0.0
heating_cooling,none,test_utility_2,single_family_li,14,0.0,0.0,0.0,0.0,0.0,0.0,0.0,0.0,0.0,0.0,0.0,0.0,0.0,0.0,0.0,0.0,0.0,0.0,0.0,0.0,0.0,0.0,0.0,0.0,0.0,0.0,0.0,0.0,0.0,0.0,0.0
heating_cooling,none,test_utility_2,single_family_li,15,0.0,0.0,0.0,0.0,0.0,0.0,0.0,0.0,0.0,0.0,0.0,0.0,0.0,0.0,0.0,0.0,0.0,0.0,0.0,0.0,0.0,0.0,0.0,0.0,0.0,0.0,0.0,0.0,0.0,0.0,0.0
heating_cooling,none,test_utility_2,single_family_li,16,0.0,0.0,0.0,0.0,0.0,0.0,0.0,0.0,0.0,0.0,0.0,0.0,0.0,0.0,0.0,0.0,0.0,0.0,0.0,0.0,0.0,0.0,0.0,0.0,0.0,0.0,0.0,0.0,0.0,0.0,0.0
heating_cooling,none,test_utility_2,single_family_li,17,0.0,0.0,0.0,0.0,0.0,0.0,0.0,0.0,0.0,0.0,0.0,0.0,0.0,0.0,0.0,0.0,0.0,0.0,0.0,0.0,0.0,0.0,0.0,0.0,0.0,0.0,0.0,0.0,0.0,0.0,0.0
heating_cooling,none,test_utility_2,single_family_li,18,0.0,0.0,0.0,0.0,0.0,0.0,0.0,0.0,0.0,0.0,0.0,0.0,0.0,0.0,0.0,0.0,0.0,0.0,0.0,0.0,0.0,0.0,0.0,0.0,0.0,0.0,0.0,0.0,0.0,0.0,0.0
heating_cooling,none,test_utility_2,single_family_li,19,0.0,0.0,0.0,0.0,0.0,0.0,0.0,0.0,0.0,0.0,0.0,0.0,0.0,0.0,0.0,0.0,0.0,0.0,0.0,0.0,0.0,0.0,0.0,0.0,0.0,0.0,0.0,0.0,0.0,0.0,0.0
heating_cooling,test_utility_2,test_utility_1,multifamily,0,0.0,0.0,0.0,0.0,0.0,0.0,0.0,0.0,0.0,0.0,0.0,0.0,0.0,0.0,0.0,0.0,0.0,0.0,0.0,0.0,0.0,0.0,0.0,0.0,0.0,0.0,0.0,0.0,0.0,0.0,0.0
heating_cooling,test_utility_2,test_utility_1,multifamily,1,0.0,0.0,0.0,0.0,0.0,0.0,0.0,0.0,0.0,0.0,0.0,0.0,0.0,0.0,0.0,0.0,0.0,0.0,0.0,0.0,0.0,0.0,0.0,0.0,0.0,0.0,0.0,0.0,0.0,0.0,0.0
heating_cooling,test_utility_2,test_utility_1,multifamily,2,0.0,0.0,0.0,0.0,0.0,0.0,0.0,0.0,0.0,0.0,0.0,0.0,0.0,0.0,0.0,0.0,0.0,0.0,0.0,0.0,0.0,0.0,0.0,0.0,0.0,0.0,0.0,0.0,0.0,0.0,0.0
heating_cooling,test_utility_2,test_utility_1,multifamily,3,0.0,0.0,0.0,0.0,0.0,0.0,0.0,0.0,0.0,0.0,0.0,0.0,0.0,0.0,0.0,0.0,0.0,0.0,0.0,0.0,0.0,0.0,0.0,0.0,0.0,0.0,0.0,0.0,0.0,0.0,0.0
heating_cooling,test_utility_2,test_utility_1,multifamily,4,0.0,0.0,0.0,0.0,0.0,0.0,0.0,0.0,0.0,0.0,0.0,0.0,0.0,0.0,0.0,0.0,0.0,0.0,0.0,0.0,0.0,0.0,0.0,0.0,0.0,0.0,0.0,0.0,0.0,0.0,0.0
heating_cooling,test_utility_2,test_utility_1,multifamily,5,0.0,0.0,0.0,0.0,0.0,0.0,0.0,0.0,0.0,0.0,0.0,0.0,0.0,0.0,0.0,0.0,0.0,0.0,0.0,0.0,0.0,0.0,0.0,0.0,0.0,0.0,0.0,0.0,0.0,0.0,0.0
heating_cooling,test_utility_2,test_utility_1,multifamily,6,0.0,0.0,0.0,0.0,0.0,0.0,0.0,0.0,0.0,0.0,0.0,0.0,0.0,0.0,0.0,0.0,0.0,0.0,0.0,0.0,0.0,0.0,0.0,0.0,0.0,0.0,0.0,0.0,0.0,0.0,0.0
heating_cooling,test_utility_2,test_utility_1,multifamily,7,0.0,0.0,0.0,0.0,0.0,0.0,0.0,0.0,0.0,0.0,0.0,0.0,0.0,0.0,0.0,0.0,0.0,0.0,0.0,0.0,0.0,0.0,0.0,0.0,0.0,0.0,0.0,0.0,0.0,0.0,0.0
heating_cooling,test_utility_2,test_utility_1,multifamily,8,0.0,0.0,0.0,0.0,0.0,0.0,0.0,0.0,0.0,0.0,0.0,0.0,0.0,0.0,0.0,0.0,0.0,0.0,0.0,0.0,0.0,0.0,0.0,0.0,0.0,0.0,0.0,0.0,0.0,0.0,0.0
heating_cooling,test_utility_2,test_utility_1,multifamily,9,0.0,0.0,0.0,0.0,0.0,0.0,0.0,0.0,0.0,0.0,0.0,0.0,0.0,0.0,0.0,0.0,0.0,0.0,0.0,0.0,0.0,0.0,0.0,0.0,0.0,0.0,0.0,0.0,0.0,0.0,0.0
heating_cooling,test_utility_2,test_utility_1,multifamily,10,0.0,0.0,0.0,0.0,0.0,0.0,0.0,0.0,0.0,0.0,0.0,0.0,0.0,0.0,0.0,0.0,0.0,0.0,0.0,0.0,0.0,0.0,0.0,0.0,0.0,0.0,0.0,0.0,0.0,0.0,0.0
heating_cooling,test_utility_2,test_utility_1,multifamily,11,0.0,0.0,0.0,0.0,0.0,0.0,0.0,0.0,0.0,0.0,0.0,0.0,0.0,0.0,0.0,0.0,0.0,0.0,0.0,0.0,0.0,0.0,0.0,0.0,0.0,0.0,0.0,0.0,0.0,0.0,0.0
heating_cooling,test_utility_2,test_utility_1,multifamily,12,0.0,0.0,0.0,0.0,0.0,0.0,0.0,0.0,0.0,0.0,0.0,0.0,0.0,0.0,0.0,0.0,0.0,0.0,0.0,0.0,0.0,0.0,0.0,0.0,0.0,0.0,0.0,0.0,0.0,0.0,0.0
heating_cooling,test_utility_2,test_utility_1,multifamily,13,0.0,0.0,0.0,0.0,0.0,0.0,0.0,0.0,0.0,0.0,0.0,0.0,0.0,0.0,0.0,0.0,0.0,0.0,0.0,0.0,0.0,0.0,0.0,0.0,0.0,0.0,0.0,0.0,0.0,0.0,0.0
heating_cooling,test_utility_2,test_utility_1,multifamily,14,0.0,0.0,0.0,0.0,0.0,0.0,0.0,0.0,0.0,0.0,0.0,0.0,0.0,0.0,0.0,0.0,0.0,0.0,0.0,0.0,0.0,0.0,0.0,0.0,0.0,0.0,0.0,0.0,0.0,0.0,0.0
heating_cooling,test_utility_2,test_utility_1,multifamily,15,0.0,0.0,0.0,0.0,0.0,0.0,0.0,0.0,0.0,0.0,0.0,0.0,0.0,0.0,0.0,0.0,0.0,0.0,0.0,0.0,0.0,0.0,0.0,0.0,0.0,0.0,0.0,0.0,0.0,0.0,0.0
heating_cooling,test_utility_2,test_utility_1,multifamily,16,0.0,0.0,0.0,0.0,0.0,0.0,0.0,0.0,0.0,0.0,0.0,0.0,0.0,0.0,0.0,0.0,0.0,0.0,0.0,0.0,0.0,0.0,0.0,0.0,0.0,0.0,0.0,0.0,0.0,0.0,0.0
heating_cooling,test_utility_2,test_utility_1,multifamily,17,0.0,0.0,0.0,0.0,0.0,0.0,0.0,0.0,0.0,0.0,0.0,0.0,0.0,0.0,0.0,0.0,0.0,0.0,0.0,0.0,0.0,0.0,0.0,0.0,0.0,0.0,0.0,0.0,0.0,0.0,0.0
heating_cooling,test_utility_2,test_utility_1,multifamily,18,0.0,0.0,0.0,0.0,0.0,0.0,0.0,0.0,0.0,0.0,0.0,0.0,0.0,0.0,0.0,0.0,0.0,0.0,0.0,0.0,0.0,0.0,0.0,0.0,0.0,0.0,0.0,0.0,0.0,0.0,0.0
heating_cooling,test_utility_2,test_utility_1,multifamily,19,0.0,0.0,0.0,0.0,0.0,0.0,0.0,0.0,0.0,0.0,0.0,0.0,0.0,0.0,0.0,0.0,0.0,0.0,0.0,0.0,0.0,0.0,0.0,0.0,0.0,0.0,0.0,0.0,0.0,0.0,0.0
heating_cooling,test_utility_2,test_utility_1,single_family,0,0.0,0.0,0.0,0.0,0.0,0.0,0.0,0.0,0.0,0.0,0.0,0.0,0.0,0.0,0.0,0.0,0.0,0.0,0.0,0.0,0.0,0.0,0.0,0.0,0.0,0.0,0.0,0.0,0.0,0.0,0.0
heating_cooling,test_utility_2,test_utility_1,single_family,1,0.0,0.0,0.0,0.0,0.0,0.0,0.0,0.0,0.0,0.0,0.0,0.0,0.0,0.0,0.0,0.0,0.0,0.0,0.0,0.0,0.0,0.0,0.0,0.0,0.0,0.0,0.0,0.0,0.0,0.0,0.0
heating_cooling,test_utility_2,test_utility_1,single_family,2,0.0,0.0,0.0,0.0,0.0,0.0,0.0,0.0,0.0,0.0,0.0,0.0,0.0,0.0,0.0,0.0,0.0,0.0,0.0,0.0,0.0,0.0,0.0,0.0,0.0,0.0,0.0,0.0,0.0,0.0,0.0
heating_cooling,test_utility_2,test_utility_1,single_family,3,0.0,0.0,0.0,0.0,0.0,0.0,0.0,0.0,0.0,0.0,0.0,0.0,0.0,0.0,0.0,0.0,0.0,0.0,0.0,0.0,0.0,0.0,0.0,0.0,0.0,0.0,0.0,0.0,0.0,0.0,0.0
heating_cooling,test_utility_2,test_utility_1,single_family,4,0.0,0.0,0.0,0.0,0.0,0.0,0.0,0.0,0.0,0.0,0.0,0.0,0.0,0.0,0.0,0.0,0.0,0.0,0.0,0.0,0.0,0.0,0.0,0.0,0.0,0.0,0.0,0.0,0.0,0.0,0.0
heating_cooling,test_utility_2,test_utility_1,single_family,5,0.0,0.0,0.0,0.0,0.0,0.0,0.0,0.0,0.0,0.0,0.0,0.0,0.0,0.0,0.0,0.0,0.0,0.0,0.0,0.0,0.0,0.0,0.0,0.0,0.0,0.0,0.0,0.0,0.0,0.0,0.0
heating_cooling,test_utility_2,test_utility_1,single_family,6,0.0,0.0,0.0,0.0,0.0,0.0,0.0,0.0,0.0,0.0,0.0,0.0,0.0,0.0,0.0,0.0,0.0,0.0,0.0,0.0,0.0,0.0,0.0,0.0,0.0,0.0,0.0,0.0,0.0,0.0,0.0
heating_cooling,test_utility_2,test_utility_1,single_family,7,0.0,0.0,0.0,0.0,0.0,0.0,0.0,0.0,0.0,0.0,0.0,0.0,0.0,0.0,0.0,0.0,0.0,0.0,0.0,0.0,0.0,0.0,0.0,0.0,0.0,0.0,0.0,0.0,0.0,0.0,0.0
heating_cooling,test_utility_2,test_utility_1,single_family,8,0.0,0.0,0.0,0.0,0.0,0.0,0.0,0.0,0.0,0.0,0.0,0.0,0.0,0.0,0.0,0.0,0.0,0.0,0.0,0.0,0.0,0.0,0.0,0.0,0.0,0.0,0.0,0.0,0.0,0.0,0.0
heating_cooling,test_utility_2,test_utility_1,single_family,9,0.0,0.0,0.0,0.0,0.0,0.0,0.0,0.0,0.0,0.0,0.0,0.0,0.0,0.0,0.0,0.0,0.0,0.0,0.0,0.0,0.0,0.0,0.0,0.0,0.0,0.0,0.0,0.0,0.0,0.0,0.0
heating_cooling,test_utility_2,test_utility_1,single_family,10,0.0,0.0,0.0,0.0,0.0,0.0,0.0,0.0,0.0,0.0,0.0,0.0,0.0,0.0,0.0,0.0,0.0,0.0,0.0,0.0,0.0,0.0,0.0,0.0,0.0,0.0,0.0,0.0,0.0,0.0,0.0
heating_cooling,test_utility_2,test_utility_1,single_family,11,0.0,0.0,0.0,0.0,0.0,0.0,0.0,0.0,0.0,0.0,0.0,0.0,0.0,0.0,0.0,0.0,0.0,0.0,0.0,0.0,0.0,0.0,0.0,0.0,0.0,0.0,0.0,0.0,0.0,0.0,0.0
heating_cooling,test_utility_2,test_utility_1,single_family,12,0.0,0.0,0.0,0.0,0.0,0.0,0.0,0.0,0.0,0.0,0.0,0.0,0.0,0.0,0.0,0.0,0.0,0.0,0.0,0.0,0.0,0.0,0.0,0.0,0.0,0.0,0.0,0.0,0.0,0.0,0.0
heating_cooling,test_utility_2,test_utility_1,single_family,13,0.0,0.0,0.0,0.0,0.0,0.0,0.0,0.0,0.0,0.0,0.0,0.0,0.0,0.0,0.0,0.0,0.0,0.0,0.0,0.0,0.0,0.0,0.0,0.0,0.0,0.0,0.0,0.0,0.0,0.0,0.0
heating_cooling,test_utility_2,test_utility_1,single_family,14,0.0,0.0,0.0,0.0,0.0,0.0,0.0,0.0,0.0,0.0,0.0,0.0,0.0,0.0,0.0,0.0,0.0,0.0,0.0,0.0,0.0,0.0,0.0,0.0,0.0,0.0,0.0,0.0,0.0,0.0,0.0
heating_cooling,test_utility_2,test_utility_1,single_family,15,0.0,0.0,0.0,0.0,0.0,0.0,0.0,0.0,0.0,0.0,0.0,0.0,0.0,0.0,0.0,0.0,0.0,0.0,0.0,0.0,0.0,0.0,0.0,0.0,0.0,0.0,0.0,0.0,0.0,0.0,0.0
heating_cooling,test_utility_2,test_utility_1,single_family,16,0.0,0.0,0.0,0.0,0.0,0.0,0.0,0.0,0.0,0.0,0.0,0.0,0.0,0.0,0.0,0.0,0.0,0.0,0.0,0.0,0.0,0.0,0.0,0.0,0.0,0.0,0.0,0.0,0.0,0.0,0.0
heating_cooling,test_utility_2,test_utility_1,single_family,17,0.0,0.0,0.0,0.0,0.0,0.0,0.0,0.0,0.0,0.0,0.0,0.0,0.0,0.0,0.0,0.0,0.0,0.0,0.0,0.0,0.0,0.0,0.0,0.0,0.0,0.0,0.0,0.0,0.0,0.0,0.0
heating_cooling,test_utility_2,test_utility_1,single_family,18,0.0,0.0,0.0,0.0,0.0,0.0,0.0,0.0,0.0,0.0,0.0,0.0,0.0,0.0,0.0,0.0,0.0,0.0,0.0,0.0,0.0,0.0,0.0,0.0,0.0,0.0,0.0,0.0,0.0,0.0,0.0
heating_cooling,test_utility_2,test_utility_1,single_family,19,0.0,0.0,0.0,0.0,0.0,0.0,0.0,0.0,0.0,0.0,0.0,0.0,0.0,0.0,0.0,0.0,0.0,0.0,0.0,0.0,0.0,0.0,0.0,0.0,0.0,0.0,0.0,0.0,0.0,0.0,0.0
heating_cooling,test_utility_2,test_utility_1,multifamily_li,0,0.0,0.0,0.0,0.0,0.0,0.0,0.0,0.0,0.0,0.0,0.0,0.0,0.0,0.0,0.0,0.0,0.0,0.0,0.0,0.0,0.0,0.0,0.0,0.0,0.0,0.0,0.0,0.0,0.0,0.0,0.0
heating_cooling,test_utility_2,test_utility_1,multifamily_li,1,0.0,0.0,0.0,0.0,0.0,0.0,0.0,0.0,0.0,0.0,0.0,0.0,0.0,0.0,0.0,0.0,0.0,0.0,0.0,0.0,0.0,0.0,0.0,0.0,0.0,0.0,0.0,0.0,0.0,0.0,0.0
heating_cooling,test_utility_2,test_utility_1,multifamily_li,2,0.0,0.0,0.0,0.0,0.0,0.0,0.0,0.0,0.0,0.0,0.0,0.0,0.0,0.0,0.0,0.0,0.0,0.0,0.0,0.0,0.0,0.0,0.0,0.0,0.0,0.0,0.0,0.0,0.0,0.0,0.0
heating_cooling,test_utility_2,test_utility_1,multifamily_li,3,0.0,0.0,0.0,0.0,0.0,0.0,0.0,0.0,0.0,0.0,0.0,0.0,0.0,0.0,0.0,0.0,0.0,0.0,0.0,0.0,0.0,0.0,0.0,0.0,0.0,0.0,0.0,0.0,0.0,0.0,0.0
heating_cooling,test_utility_2,test_utility_1,multifamily_li,4,0.0,0.0,0.0,0.0,0.0,0.0,0.0,0.0,0.0,0.0,0.0,0.0,0.0,0.0,0.0,0.0,0.0,0.0,0.0,0.0,0.0,0.0,0.0,0.0,0.0,0.0,0.0,0.0,0.0,0.0,0.0
heating_cooling,test_utility_2,test_utility_1,multifamily_li,5,0.0,0.0,0.0,0.0,0.0,0.0,0.0,0.0,0.0,0.0,0.0,0.0,0.0,0.0,0.0,0.0,0.0,0.0,0.0,0.0,0.0,0.0,0.0,0.0,0.0,0.0,0.0,0.0,0.0,0.0,0.0
heating_cooling,test_utility_2,test_utility_1,multifamily_li,6,0.0,0.0,0.0,0.0,0.0,0.0,0.0,0.0,0.0,0.0,0.0,0.0,0.0,0.0,0.0,0.0,0.0,0.0,0.0,0.0,0.0,0.0,0.0,0.0,0.0,0.0,0.0,0.0,0.0,0.0,0.0
heating_cooling,test_utility_2,test_utility_1,multifamily_li,7,0.0,0.0,0.0,0.0,0.0,0.0,0.0,0.0,0.0,0.0,0.0,0.0,0.0,0.0,0.0,0.0,0.0,0.0,0.0,0.0,0.0,0.0,0.0,0.0,0.0,0.0,0.0,0.0,0.0,0.0,0.0
heating_cooling,test_utility_2,test_utility_1,multifamily_li,8,0.0,0.0,0.0,0.0,0.0,0.0,0.0,0.0,0.0,0.0,0.0,0.0,0.0,0.0,0.0,0.0,0.0,0.0,0.0,0.0,0.0,0.0,0.0,0.0,0.0,0.0,0.0,0.0,0.0,0.0,0.0
heating_cooling,test_utility_2,test_utility_1,multifamily_li,9,0.0,0.0,0.0,0.0,0.0,0.0,0.0,0.0,0.0,0.0,0.0,0.0,0.0,0.0,0.0,0.0,0.0,0.0,0.0,0.0,0.0,0.0,0.0,0.0,0.0,0.0,0.0,0.0,0.0,0.0,0.0
heating_cooling,test_utility_2,test_utility_1,multifamily_li,10,0.0,0.0,0.0,0.0,0.0,0.0,0.0,0.0,0.0,0.0,0.0,0.0,0.0,0.0,0.0,0.0,0.0,0.0,0.0,0.0,0.0,0.0,0.0,0.0,0.0,0.0,0.0,0.0,0.0,0.0,0.0
heating_cooling,test_utility_2,test_utility_1,multifamily_li,11,0.0,0.0,0.0,0.0,0.0,0.0,0.0,0.0,0.0,0.0,0.0,0.0,0.0,0.0,0.0,0.0,0.0,0.0,0.0,0.0,0.0,0.0,0.0,0.0,0.0,0.0,0.0,0.0,0.0,0.0,0.0
heating_cooling,test_utility_2,test_utility_1,multifamily_li,12,0.0,0.0,0.0,0.0,0.0,0.0,0.0,0.0,0.0,0.0,0.0,0.0,0.0,0.0,0.0,0.0,0.0,0.0,0.0,0.0,0.0,0.0,0.0,0.0,0.0,0.0,0.0,0.0,0.0,0.0,0.0
heating_cooling,test_utility_2,test_utility_1,multifamily_li,13,0.0,0.0,0.0,0.0,0.0,0.0,0.0,0.0,0.0,0.0,0.0,0.0,0.0,0.0,0.0,0.0,0.0,0.0,0.0,0.0,0.0,0.0,0.0,0.0,0.0,0.0,0.0,0.0,0.0,0.0,0.0
heating_cooling,test_utility_2,test_utility_1,multifamily_li,14,0.0,0.0,0.0,0.0,0.0,0.0,0.0,0.0,0.0,0.0,0.0,0.0,0.0,0.0,0.0,0.0,0.0,0.0,0.0,0.0,0.0,0.0,0.0,0.0,0.0,0.0,0.0,0.0,0.0,0.0,0.0
heating_cooling,test_utility_2,test_utility_1,multifamily_li,15,0.0,0.0,0.0,0.0,0.0,0.0,0.0,0.0,0.0,0.0,0.0,0.0,0.0,0.0,0.0,0.0,0.0,0.0,0.0,0.0,0.0,0.0,0.0,0.0,0.0,0.0,0.0,0.0,0.0,0.0,0.0
heating_cooling,test_utility_2,test_utility_1,multifamily_li,16,0.0,0.0,0.0,0.0,0.0,0.0,0.0,0.0,0.0,0.0,0.0,0.0,0.0,0.0,0.0,0.0,0.0,0.0,0.0,0.0,0.0,0.0,0.0,0.0,0.0,0.0,0.0,0.0,0.0,0.0,0.0
heating_cooling,test_utility_2,test_utility_1,multifamily_li,17,0.0,0.0,0.0,0.0,0.0,0.0,0.0,0.0,0.0,0.0,0.0,0.0,0.0,0.0,0.0,0.0,0.0,0.0,0.0,0.0,0.0,0.0,0.0,0.0,0.0,0.0,0.0,0.0,0.0,0.0,0.0
heating_cooling,test_utility_2,test_utility_1,multifamily_li,18,0.0,0.0,0.0,0.0,0.0,0.0,0.0,0.0,0.0,0.0,0.0,0.0,0.0,0.0,0.0,0.0,0.0,0.0,0.0,0.0,0.0,0.0,0.0,0.0,0.0,0.0,0.0,0.0,0.0,0.0,0.0
heating_cooling,test_utility_2,test_utility_1,multifamily_li,19,0.0,0.0,0.0,0.0,0.0,0.0,0.0,0.0,0.0,0.0,0.0,0.0,0.0,0.0,0.0,0.0,0.0,0.0,0.0,0.0,0.0,0.0,0.0,0.0,0.0,0.0,0.0,0.0,0.0,0.0,0.0
heating_cooling,test_utility_2,test_utility_1,single_family_li,0,0.0,0.0,0.0,0.0,0.0,0.0,0.0,0.0,0.0,0.0,0.0,0.0,0.0,0.0,0.0,0.0,0.0,0.0,0.0,0.0,0.0,0.0,0.0,0.0,0.0,0.0,0.0,0.0,0.0,0.0,0.0
heating_cooling,test_utility_2,test_utility_1,single_family_li,1,0.0,0.0,0.0,0.0,0.0,0.0,0.0,0.0,0.0,0.0,0.0,0.0,0.0,0.0,0.0,0.0,0.0,0.0,0.0,0.0,0.0,0.0,0.0,0.0,0.0,0.0,0.0,0.0,0.0,0.0,0.0
heating_cooling,test_utility_2,test_utility_1,single_family_li,2,0.0,0.0,0.0,0.0,0.0,0.0,0.0,0.0,0.0,0.0,0.0,0.0,0.0,0.0,0.0,0.0,0.0,0.0,0.0,0.0,0.0,0.0,0.0,0.0,0.0,0.0,0.0,0.0,0.0,0.0,0.0
heating_cooling,test_utility_2,test_utility_1,single_family_li,3,0.0,0.0,0.0,0.0,0.0,0.0,0.0,0.0,0.0,0.0,0.0,0.0,0.0,0.0,0.0,0.0,0.0,0.0,0.0,0.0,0.0,0.0,0.0,0.0,0.0,0.0,0.0,0.0,0.0,0.0,0.0
heating_cooling,test_utility_2,test_utility_1,single_family_li,4,0.0,0.0,0.0,0.0,0.0,0.0,0.0,0.0,0.0,0.0,0.0,0.0,0.0,0.0,0.0,0.0,0.0,0.0,0.0,0.0,0.0,0.0,0.0,0.0,0.0,0.0,0.0,0.0,0.0,0.0,0.0
heating_cooling,test_utility_2,test_utility_1,single_family_li,5,0.0,0.0,0.0,0.0,0.0,0.0,0.0,0.0,0.0,0.0,0.0,0.0,0.0,0.0,0.0,0.0,0.0,0.0,0.0,0.0,0.0,0.0,0.0,0.0,0.0,0.0,0.0,0.0,0.0,0.0,0.0
heating_cooling,test_utility_2,test_utility_1,single_family_li,6,0.0,0.0,0.0,0.0,0.0,0.0,0.0,0.0,0.0,0.0,0.0,0.0,0.0,0.0,0.0,0.0,0.0,0.0,0.0,0.0,0.0,0.0,0.0,0.0,0.0,0.0,0.0,0.0,0.0,0.0,0.0
heating_cooling,test_utility_2,test_utility_1,single_family_li,7,0.0,0.0,0.0,0.0,0.0,0.0,0.0,0.0,0.0,0.0,0.0,0.0,0.0,0.0,0.0,0.0,0.0,0.0,0.0,0.0,0.0,0.0,0.0,0.0,0.0,0.0,0.0,0.0,0.0,0.0,0.0
heating_cooling,test_utility_2,test_utility_1,single_family_li,8,0.0,0.0,0.0,0.0,0.0,0.0,0.0,0.0,0.0,0.0,0.0,0.0,0.0,0.0,0.0,0.0,0.0,0.0,0.0,0.0,0.0,0.0,0.0,0.0,0.0,0.0,0.0,0.0,0.0,0.0,0.0
heating_cooling,test_utility_2,test_utility_1,single_family_li,9,0.0,0.0,0.0,0.0,0.0,0.0,0.0,0.0,0.0,0.0,0.0,0.0,0.0,0.0,0.0,0.0,0.0,0.0,0.0,0.0,0.0,0.0,0.0,0.0,0.0,0.0,0.0,0.0,0.0,0.0,0.0
heating_cooling,test_utility_2,test_utility_1,single_family_li,10,0.0,0.0,0.0,0.0,0.0,0.0,0.0,0.0,0.0,0.0,0.0,0.0,0.0,0.0,0.0,0.0,0.0,0.0,0.0,0.0,0.0,0.0,0.0,0.0,0.0,0.0,0.0,0.0,0.0,0.0,0.0
heating_cooling,test_utility_2,test_utility_1,single_family_li,11,0.0,0.0,0.0,0.0,0.0,0.0,0.0,0.0,0.0,0.0,0.0,0.0,0.0,0.0,0.0,0.0,0.0,0.0,0.0,0.0,0.0,0.0,0.0,0.0,0.0,0.0,0.0,0.0,0.0,0.0,0.0
heating_cooling,test_utility_2,test_utility_1,single_family_li,12,0.0,0.0,0.0,0.0,0.0,0.0,0.0,0.0,0.0,0.0,0.0,0.0,0.0,0.0,0.0,0.0,0.0,0.0,0.0,0.0,0.0,0.0,0.0,0.0,0.0,0.0,0.0,0.0,0.0,0.0,0.0
heating_cooling,test_utility_2,test_utility_1,single_family_li,13,0.0,0.0,0.0,0.0,0.0,0.0,0.0,0.0,0.0,0.0,0.0,0.0,0.0,0.0,0.0,0.0,0.0,0.0,0.0,0.0,0.0,0.0,0.0,0.0,0.0,0.0,0.0,0.0,0.0,0.0,0.0
heating_cooling,test_utility_2,test_utility_1,single_family_li,14,0.0,0.0,0.0,0.0,0.0,0.0,0.0,0.0,0.0,0.0,0.0,0.0,0.0,0.0,0.0,0.0,0.0,0.0,0.0,0.0,0.0,0.0,0.0,0.0,0.0,0.0,0.0,0.0,0.0,0.0,0.0
heating_cooling,test_utility_2,test_utility_1,single_family_li,15,0.0,0.0,0.0,0.0,0.0,0.0,0.0,0.0,0.0,0.0,0.0,0.0,0.0,0.0,0.0,0.0,0.0,0.0,0.0,0.0,0.0,0.0,0.0,0.0,0.0,0.0,0.0,0.0,0.0,0.0,0.0
heating_cooling,test_utility_2,test_utility_1,single_family_li,16,0.0,0.0,0.0,0.0,0.0,0.0,0.0,0.0,0.0,0.0,0.0,0.0,0.0,0.0,0.0,0.0,0.0,0.0,0.0,0.0,0.0,0.0,0.0,0.0,0.0,0.0,0.0,0.0,0.0,0.0,0.0
heating_cooling,test_utility_2,test_utility_1,single_family_li,17,0.0,0.0,0.0,0.0,0.0,0.0,0.0,0.0,0.0,0.0,0.0,0.0,0.0,0.0,0.0,0.0,0.0,0.0,0.0,0.0,0.0,0.0,0.0,0.0,0.0,0.0,0.0,0.0,0.0,0.0,0.0
heating_cooling,test_utility_2,test_utility_1,single_family_li,18,0.0,0.0,0.0,0.0,0.0,0.0,0.0,0.0,0.0,0.0,0.0,0.0,0.0,0.0,0.0,0.0,0.0,0.0,0.0,0.0,0.0,0.0,0.0,0.0,0.0,0.0,0.0,0.0,0.0,0.0,0.0
heating_cooling,test_utility_2,test_utility_1,single_family_li,19,0.0,0.0,0.0,0.0,0.0,0.0,0.0,0.0,0.0,0.0,0.0,0.0,0.0,0.0,0.0,0.0,0.0,0.0,0.0,0.0,0.0,0.0,0.0,0.0,0.0,0.0,0.0,0.0,0.0,0.0,0.0
heating_cooling,test_utility_2,none,multifamily,0,0.0,0.0,0.0,0.0,0.0,0.0,0.0,0.0,0.0,0.0,0.0,0.0,0.0,0.0,0.0,0.0,0.0,0.0,0.0,0.0,0.0,0.0,0.0,0.0,0.0,0.0,0.0,0.0,0.0,0.0,0.0
heating_cooling,test_utility_2,none,multifamily,1,0.0,0.0,0.0,0.0,0.0,0.0,0.0,0.0,0.0,0.0,0.0,0.0,0.0,0.0,0.0,0.0,0.0,0.0,0.0,0.0,0.0,0.0,0.0,0.0,0.0,0.0,0.0,0.0,0.0,0.0,0.0
heating_cooling,test_utility_2,none,multifamily,2,0.0,0.0,0.0,0.0,0.0,0.0,0.0,0.0,0.0,0.0,0.0,0.0,0.0,0.0,0.0,0.0,0.0,0.0,0.0,0.0,0.0,0.0,0.0,0.0,0.0,0.0,0.0,0.0,0.0,0.0,0.0
heating_cooling,test_utility_2,none,multifamily,3,0.0,0.0,0.0,0.0,0.0,0.0,0.0,0.0,0.0,0.0,0.0,0.0,0.0,0.0,0.0,0.0,0.0,0.0,0.0,0.0,0.0,0.0,0.0,0.0,0.0,0.0,0.0,0.0,0.0,0.0,0.0
heating_cooling,test_utility_2,none,multifamily,4,0.0,0.0,0.0,0.0,0.0,0.0,0.0,0.0,0.0,0.0,0.0,0.0,0.0,0.0,0.0,0.0,0.0,0.0,0.0,0.0,0.0,0.0,0.0,0.0,0.0,0.0,0.0,0.0,0.0,0.0,0.0
heating_cooling,test_utility_2,none,multifamily,5,0.0,0.0,0.0,0.0,0.0,0.0,0.0,0.0,0.0,0.0,0.0,0.0,0.0,0.0,0.0,0.0,0.0,0.0,0.0,0.0,0.0,0.0,0.0,0.0,0.0,0.0,0.0,0.0,0.0,0.0,0.0
heating_cooling,test_utility_2,none,multifamily,6,0.0,0.0,0.0,0.0,0.0,0.0,0.0,0.0,0.0,0.0,0.0,0.0,0.0,0.0,0.0,0.0,0.0,0.0,0.0,0.0,0.0,0.0,0.0,0.0,0.0,0.0,0.0,0.0,0.0,0.0,0.0
heating_cooling,test_utility_2,none,multifamily,7,0.0,0.0,0.0,0.0,0.0,0.0,0.0,0.0,0.0,0.0,0.0,0.0,0.0,0.0,0.0,0.0,0.0,0.0,0.0,0.0,0.0,0.0,0.0,0.0,0.0,0.0,0.0,0.0,0.0,0.0,0.0
heating_cooling,test_utility_2,none,multifamily,8,0.0,0.0,0.0,0.0,0.0,0.0,0.0,0.0,0.0,0.0,0.0,0.0,0.0,0.0,0.0,0.0,0.0,0.0,0.0,0.0,0.0,0.0,0.0,0.0,0.0,0.0,0.0,0.0,0.0,0.0,0.0
heating_cooling,test_utility_2,none,multifamily,9,0.0,0.0,0.0,0.0,0.0,0.0,0.0,0.0,0.0,0.0,0.0,0.0,0.0,0.0,0.0,0.0,0.0,0.0,0.0,0.0,0.0,0.0,0.0,0.0,0.0,0.0,0.0,0.0,0.0,0.0,0.0
heating_cooling,test_utility_2,none,multifamily,10,0.0,0.0,0.0,0.0,0.0,0.0,0.0,0.0,0.0,0.0,0.0,0.0,0.0,0.0,0.0,0.0,0.0,0.0,0.0,0.0,0.0,0.0,0.0,0.0,0.0,0.0,0.0,0.0,0.0,0.0,0.0
heating_cooling,test_utility_2,none,multifamily,11,0.0,0.0,0.0,0.0,0.0,0.0,0.0,0.0,0.0,0.0,0.0,0.0,0.0,0.0,0.0,0.0,0.0,0.0,0.0,0.0,0.0,0.0,0.0,0.0,0.0,0.0,0.0,0.0,0.0,0.0,0.0
heating_cooling,test_utility_2,none,multifamily,12,0.0,0.0,0.0,0.0,0.0,0.0,0.0,0.0,0.0,0.0,0.0,0.0,0.0,0.0,0.0,0.0,0.0,0.0,0.0,0.0,0.0,0.0,0.0,0.0,0.0,0.0,0.0,0.0,0.0,0.0,0.0
heating_cooling,test_utility_2,none,multifamily,13,0.0,0.0,0.0,0.0,0.0,0.0,0.0,0.0,0.0,0.0,0.0,0.0,0.0,0.0,0.0,0.0,0.0,0.0,0.0,0.0,0.0,0.0,0.0,0.0,0.0,0.0,0.0,0.0,0.0,0.0,0.0
heating_cooling,test_utility_2,none,multifamily,14,0.0,0.0,0.0,0.0,0.0,0.0,0.0,0.0,0.0,0.0,0.0,0.0,0.0,0.0,0.0,0.0,0.0,0.0,0.0,0.0,0.0,0.0,0.0,0.0,0.0,0.0,0.0,0.0,0.0,0.0,0.0
heating_cooling,test_utility_2,none,multifamily,15,0.0,0.0,0.0,0.0,0.0,0.0,0.0,0.0,0.0,0.0,0.0,0.0,0.0,0.0,0.0,0.0,0.0,0.0,0.0,0.0,0.0,0.0,0.0,0.0,0.0,0.0,0.0,0.0,0.0,0.0,0.0
heating_cooling,test_utility_2,none,multifamily,16,0.0,0.0,0.0,0.0,0.0,0.0,0.0,0.0,0.0,0.0,0.0,0.0,0.0,0.0,0.0,0.0,0.0,0.0,0.0,0.0,0.0,0.0,0.0,0.0,0.0,0.0,0.0,0.0,0.0,0.0,0.0
heating_cooling,test_utility_2,none,multifamily,17,0.0,0.0,0.0,0.0,0.0,0.0,0.0,0.0,0.0,0.0,0.0,0.0,0.0,0.0,0.0,0.0,0.0,0.0,0.0,0.0,0.0,0.0,0.0,0.0,0.0,0.0,0.0,0.0,0.0,0.0,0.0
heating_cooling,test_utility_2,none,multifamily,18,0.0,0.0,0.0,0.0,0.0,0.0,0.0,0.0,0.0,0.0,0.0,0.0,0.0,0.0,0.0,0.0,0.0,0.0,0.0,0.0,0.0,0.0,0.0,0.0,0.0,0.0,0.0,0.0,0.0,0.0,0.0
heating_cooling,test_utility_2,none,multifamily,19,0.0,0.0,0.0,0.0,0.0,0.0,0.0,0.0,0.0,0.0,0.0,0.0,0.0,0.0,0.0,0.0,0.0,0.0,0.0,0.0,0.0,0.0,0.0,0.0,0.0,0.0,0.0,0.0,0.0,0.0,0.0
heating_cooling,test_utility_2,none,single_family,0,0.0,0.0,0.0,0.0,0.0,0.0,0.0,0.0,0.0,0.0,0.0,0.0,0.0,0.0,0.0,0.0,0.0,0.0,0.0,0.0,0.0,0.0,0.0,0.0,0.0,0.0,0.0,0.0,0.0,0.0,0.0
heating_cooling,test_utility_2,none,single_family,1,0.0,0.0,0.0,0.0,0.0,0.0,0.0,0.0,0.0,0.0,0.0,0.0,0.0,0.0,0.0,0.0,0.0,0.0,0.0,0.0,0.0,0.0,0.0,0.0,0.0,0.0,0.0,0.0,0.0,0.0,0.0
heating_cooling,test_utility_2,none,single_family,2,0.0,0.0,0.0,0.0,0.0,0.0,0.0,0.0,0.0,0.0,0.0,0.0,0.0,0.0,0.0,0.0,0.0,0.0,0.0,0.0,0.0,0.0,0.0,0.0,0.0,0.0,0.0,0.0,0.0,0.0,0.0
heating_cooling,test_utility_2,none,single_family,3,0.0,0.0,0.0,0.0,0.0,0.0,0.0,0.0,0.0,0.0,0.0,0.0,0.0,0.0,0.0,0.0,0.0,0.0,0.0,0.0,0.0,0.0,0.0,0.0,0.0,0.0,0.0,0.0,0.0,0.0,0.0
heating_cooling,test_utility_2,none,single_family,4,0.0,0.0,0.0,0.0,0.0,0.0,0.0,0.0,0.0,0.0,0.0,0.0,0.0,0.0,0.0,0.0,0.0,0.0,0.0,0.0,0.0,0.0,0.0,0.0,0.0,0.0,0.0,0.0,0.0,0.0,0.0
heating_cooling,test_utility_2,none,single_family,5,0.0,0.0,0.0,0.0,0.0,0.0,0.0,0.0,0.0,0.0,0.0,0.0,0.0,0.0,0.0,0.0,0.0,0.0,0.0,0.0,0.0,0.0,0.0,0.0,0.0,0.0,0.0,0.0,0.0,0.0,0.0
heating_cooling,test_utility_2,none,single_family,6,0.0,0.0,0.0,0.0,0.0,0.0,0.0,0.0,0.0,0.0,0.0,0.0,0.0,0.0,0.0,0.0,0.0,0.0,0.0,0.0,0.0,0.0,0.0,0.0,0.0,0.0,0.0,0.0,0.0,0.0,0.0
heating_cooling,test_utility_2,none,single_family,7,0.0,0.0,0.0,0.0,0.0,0.0,0.0,0.0,0.0,0.0,0.0,0.0,0.0,0.0,0.0,0.0,0.0,0.0,0.0,0.0,0.0,0.0,0.0,0.0,0.0,0.0,0.0,0.0,0.0,0.0,0.0
heating_cooling,test_utility_2,none,single_family,8,0.0,0.0,0.0,0.0,0.0,0.0,0.0,0.0,0.0,0.0,0.0,0.0,0.0,0.0,0.0,0.0,0.0,0.0,0.0,0.0,0.0,0.0,0.0,0.0,0.0,0.0,0.0,0.0,0.0,0.0,0.0
heating_cooling,test_utility_2,none,single_family,9,0.0,0.0,0.0,0.0,0.0,0.0,0.0,0.0,0.0,0.0,0.0,0.0,0.0,0.0,0.0,0.0,0.0,0.0,0.0,0.0,0.0,0.0,0.0,0.0,0.0,0.0,0.0,0.0,0.0,0.0,0.0
heating_cooling,test_utility_2,none,single_family,10,0.0,0.0,0.0,0.0,0.0,0.0,0.0,0.0,0.0,0.0,0.0,0.0,0.0,0.0,0.0,0.0,0.0,0.0,0.0,0.0,0.0,0.0,0.0,0.0,0.0,0.0,0.0,0.0,0.0,0.0,0.0
heating_cooling,test_utility_2,none,single_family,11,0.0,0.0,0.0,0.0,0.0,0.0,0.0,0.0,0.0,0.0,0.0,0.0,0.0,0.0,0.0,0.0,0.0,0.0,0.0,0.0,0.0,0.0,0.0,0.0,0.0,0.0,0.0,0.0,0.0,0.0,0.0
heating_cooling,test_utility_2,none,single_family,12,0.0,0.0,0.0,0.0,0.0,0.0,0.0,0.0,0.0,0.0,0.0,0.0,0.0,0.0,0.0,0.0,0.0,0.0,0.0,0.0,0.0,0.0,0.0,0.0,0.0,0.0,0.0,0.0,0.0,0.0,0.0
heating_cooling,test_utility_2,none,single_family,13,0.0,0.0,0.0,0.0,0.0,0.0,0.0,0.0,0.0,0.0,0.0,0.0,0.0,0.0,0.0,0.0,0.0,0.0,0.0,0.0,0.0,0.0,0.0,0.0,0.0,0.0,0.0,0.0,0.0,0.0,0.0
heating_cooling,test_utility_2,none,single_family,14,0.0,0.0,0.0,0.0,0.0,0.0,0.0,0.0,0.0,0.0,0.0,0.0,0.0,0.0,0.0,0.0,0.0,0.0,0.0,0.0,0.0,0.0,0.0,0.0,0.0,0.0,0.0,0.0,0.0,0.0,0.0
heating_cooling,test_utility_2,none,single_family,15,0.0,0.0,0.0,0.0,0.0,0.0,0.0,0.0,0.0,0.0,0.0,0.0,0.0,0.0,0.0,0.0,0.0,0.0,0.0,0.0,0.0,0.0,0.0,0.0,0.0,0.0,0.0,0.0,0.0,0.0,0.0
heating_cooling,test_utility_2,none,single_family,16,0.0,0.0,0.0,0.0,0.0,0.0,0.0,0.0,0.0,0.0,0.0,0.0,0.0,0.0,0.0,0.0,0.0,0.0,0.0,0.0,0.0,0.0,0.0,0.0,0.0,0.0,0.0,0.0,0.0,0.0,0.0
heating_cooling,test_utility_2,none,single_family,17,0.0,0.0,0.0,0.0,0.0,0.0,0.0,0.0,0.0,0.0,0.0,0.0,0.0,0.0,0.0,0.0,0.0,0.0,0.0,0.0,0.0,0.0,0.0,0.0,0.0,0.0,0.0,0.0,0.0,0.0,0.0
heating_cooling,test_utility_2,none,single_family,18,0.0,0.0,0.0,0.0,0.0,0.0,0.0,0.0,0.0,0.0,0.0,0.0,0.0,0.0,0.0,0.0,0.0,0.0,0.0,0.0,0.0,0.0,0.0,0.0,0.0,0.0,0.0,0.0,0.0,0.0,0.0
heating_cooling,test_utility_2,none,single_family,19,0.0,0.0,0.0,0.0,0.0,0.0,0.0,0.0,0.0,0.0,0.0,0.0,0.0,0.0,0.0,0.0,0.0,0.0,0.0,0.0,0.0,0.0,0.0,0.0,0.0,0.0,0.0,0.0,0.0,0.0,0.0
heating_cooling,test_utility_2,none,multifamily_li,0,0.0,0.0,0.0,0.0,0.0,0.0,0.0,0.0,0.0,0.0,0.0,0.0,0.0,0.0,0.0,0.0,0.0,0.0,0.0,0.0,0.0,0.0,0.0,0.0,0.0,0.0,0.0,0.0,0.0,0.0,0.0
heating_cooling,test_utility_2,none,multifamily_li,1,0.0,0.0,0.0,0.0,0.0,0.0,0.0,0.0,0.0,0.0,0.0,0.0,0.0,0.0,0.0,0.0,0.0,0.0,0.0,0.0,0.0,0.0,0.0,0.0,0.0,0.0,0.0,0.0,0.0,0.0,0.0
heating_cooling,test_utility_2,none,multifamily_li,2,0.0,0.0,0.0,0.0,0.0,0.0,0.0,0.0,0.0,0.0,0.0,0.0,0.0,0.0,0.0,0.0,0.0,0.0,0.0,0.0,0.0,0.0,0.0,0.0,0.0,0.0,0.0,0.0,0.0,0.0,0.0
heating_cooling,test_utility_2,none,multifamily_li,3,0.0,0.0,0.0,0.0,0.0,0.0,0.0,0.0,0.0,0.0,0.0,0.0,0.0,0.0,0.0,0.0,0.0,0.0,0.0,0.0,0.0,0.0,0.0,0.0,0.0,0.0,0.0,0.0,0.0,0.0,0.0
heating_cooling,test_utility_2,none,multifamily_li,4,0.0,0.0,0.0,0.0,0.0,0.0,0.0,0.0,0.0,0.0,0.0,0.0,0.0,0.0,0.0,0.0,0.0,0.0,0.0,0.0,0.0,0.0,0.0,0.0,0.0,0.0,0.0,0.0,0.0,0.0,0.0
heating_cooling,test_utility_2,none,multifamily_li,5,0.0,0.0,0.0,0.0,0.0,0.0,0.0,0.0,0.0,0.0,0.0,0.0,0.0,0.0,0.0,0.0,0.0,0.0,0.0,0.0,0.0,0.0,0.0,0.0,0.0,0.0,0.0,0.0,0.0,0.0,0.0
heating_cooling,test_utility_2,none,multifamily_li,6,0.0,0.0,0.0,0.0,0.0,0.0,0.0,0.0,0.0,0.0,0.0,0.0,0.0,0.0,0.0,0.0,0.0,0.0,0.0,0.0,0.0,0.0,0.0,0.0,0.0,0.0,0.0,0.0,0.0,0.0,0.0
heating_cooling,test_utility_2,none,multifamily_li,7,0.0,0.0,0.0,0.0,0.0,0.0,0.0,0.0,0.0,0.0,0.0,0.0,0.0,0.0,0.0,0.0,0.0,0.0,0.0,0.0,0.0,0.0,0.0,0.0,0.0,0.0,0.0,0.0,0.0,0.0,0.0
heating_cooling,test_utility_2,none,multifamily_li,8,0.0,0.0,0.0,0.0,0.0,0.0,0.0,0.0,0.0,0.0,0.0,0.0,0.0,0.0,0.0,0.0,0.0,0.0,0.0,0.0,0.0,0.0,0.0,0.0,0.0,0.0,0.0,0.0,0.0,0.0,0.0
heating_cooling,test_utility_2,none,multifamily_li,9,0.0,0.0,0.0,0.0,0.0,0.0,0.0,0.0,0.0,0.0,0.0,0.0,0.0,0.0,0.0,0.0,0.0,0.0,0.0,0.0,0.0,0.0,0.0,0.0,0.0,0.0,0.0,0.0,0.0,0.0,0.0
heating_cooling,test_utility_2,none,multifamily_li,10,0.0,0.0,0.0,0.0,0.0,0.0,0.0,0.0,0.0,0.0,0.0,0.0,0.0,0.0,0.0,0.0,0.0,0.0,0.0,0.0,0.0,0.0,0.0,0.0,0.0,0.0,0.0,0.0,0.0,0.0,0.0
heating_cooling,test_utility_2,none,multifamily_li,11,0.0,0.0,0.0,0.0,0.0,0.0,0.0,0.0,0.0,0.0,0.0,0.0,0.0,0.0,0.0,0.0,0.0,0.0,0.0,0.0,0.0,0.0,0.0,0.0,0.0,0.0,0.0,0.0,0.0,0.0,0.0
heating_cooling,test_utility_2,none,multifamily_li,12,0.0,0.0,0.0,0.0,0.0,0.0,0.0,0.0,0.0,0.0,0.0,0.0,0.0,0.0,0.0,0.0,0.0,0.0,0.0,0.0,0.0,0.0,0.0,0.0,0.0,0.0,0.0,0.0,0.0,0.0,0.0
heating_cooling,test_utility_2,none,multifamily_li,13,0.0,0.0,0.0,0.0,0.0,0.0,0.0,0.0,0.0,0.0,0.0,0.0,0.0,0.0,0.0,0.0,0.0,0.0,0.0,0.0,0.0,0.0,0.0,0.0,0.0,0.0,0.0,0.0,0.0,0.0,0.0
heating_cooling,test_utility_2,none,multifamily_li,14,0.0,0.0,0.0,0.0,0.0,0.0,0.0,0.0,0.0,0.0,0.0,0.0,0.0,0.0,0.0,0.0,0.0,0.0,0.0,0.0,0.0,0.0,0.0,0.0,0.0,0.0,0.0,0.0,0.0,0.0,0.0
heating_cooling,test_utility_2,none,multifamily_li,15,0.0,0.0,0.0,0.0,0.0,0.0,0.0,0.0,0.0,0.0,0.0,0.0,0.0,0.0,0.0,0.0,0.0,0.0,0.0,0.0,0.0,0.0,0.0,0.0,0.0,0.0,0.0,0.0,0.0,0.0,0.0
heating_cooling,test_utility_2,none,multifamily_li,16,0.0,0.0,0.0,0.0,0.0,0.0,0.0,0.0,0.0,0.0,0.0,0.0,0.0,0.0,0.0,0.0,0.0,0.0,0.0,0.0,0.0,0.0,0.0,0.0,0.0,0.0,0.0,0.0,0.0,0.0,0.0
heating_cooling,test_utility_2,none,multifamily_li,17,0.0,0.0,0.0,0.0,0.0,0.0,0.0,0.0,0.0,0.0,0.0,0.0,0.0,0.0,0.0,0.0,0.0,0.0,0.0,0.0,0.0,0.0,0.0,0.0,0.0,0.0,0.0,0.0,0.0,0.0,0.0
heating_cooling,test_utility_2,none,multifamily_li,18,0.0,0.0,0.0,0.0,0.0,0.0,0.0,0.0,0.0,0.0,0.0,0.0,0.0,0.0,0.0,0.0,0.0,0.0,0.0,0.0,0.0,0.0,0.0,0.0,0.0,0.0,0.0,0.0,0.0,0.0,0.0
heating_cooling,test_utility_2,none,multifamily_li,19,0.0,0.0,0.0,0.0,0.0,0.0,0.0,0.0,0.0,0.0,0.0,0.0,0.0,0.0,0.0,0.0,0.0,0.0,0.0,0.0,0.0,0.0,0.0,0.0,0.0,0.0,0.0,0.0,0.0,0.0,0.0
heating_cooling,test_utility_2,none,single_family_li,0,0.0,0.0,0.0,0.0,0.0,0.0,0.0,0.0,0.0,0.0,0.0,0.0,0.0,0.0,0.0,0.0,0.0,0.0,0.0,0.0,0.0,0.0,0.0,0.0,0.0,0.0,0.0,0.0,0.0,0.0,0.0
heating_cooling,test_utility_2,none,single_family_li,1,0.0,0.0,0.0,0.0,0.0,0.0,0.0,0.0,0.0,0.0,0.0,0.0,0.0,0.0,0.0,0.0,0.0,0.0,0.0,0.0,0.0,0.0,0.0,0.0,0.0,0.0,0.0,0.0,0.0,0.0,0.0
heating_cooling,test_utility_2,none,single_family_li,2,0.0,0.0,0.0,0.0,0.0,0.0,0.0,0.0,0.0,0.0,0.0,0.0,0.0,0.0,0.0,0.0,0.0,0.0,0.0,0.0,0.0,0.0,0.0,0.0,0.0,0.0,0.0,0.0,0.0,0.0,0.0
heating_cooling,test_utility_2,none,single_family_li,3,0.0,0.0,0.0,0.0,0.0,0.0,0.0,0.0,0.0,0.0,0.0,0.0,0.0,0.0,0.0,0.0,0.0,0.0,0.0,0.0,0.0,0.0,0.0,0.0,0.0,0.0,0.0,0.0,0.0,0.0,0.0
heating_cooling,test_utility_2,none,single_family_li,4,0.0,0.0,0.0,0.0,0.0,0.0,0.0,0.0,0.0,0.0,0.0,0.0,0.0,0.0,0.0,0.0,0.0,0.0,0.0,0.0,0.0,0.0,0.0,0.0,0.0,0.0,0.0,0.0,0.0,0.0,0.0
heating_cooling,test_utility_2,none,single_family_li,5,0.0,0.0,0.0,0.0,0.0,0.0,0.0,0.0,0.0,0.0,0.0,0.0,0.0,0.0,0.0,0.0,0.0,0.0,0.0,0.0,0.0,0.0,0.0,0.0,0.0,0.0,0.0,0.0,0.0,0.0,0.0
heating_cooling,test_utility_2,none,single_family_li,6,0.0,0.0,0.0,0.0,0.0,0.0,0.0,0.0,0.0,0.0,0.0,0.0,0.0,0.0,0.0,0.0,0.0,0.0,0.0,0.0,0.0,0.0,0.0,0.0,0.0,0.0,0.0,0.0,0.0,0.0,0.0
heating_cooling,test_utility_2,none,single_family_li,7,0.0,0.0,0.0,0.0,0.0,0.0,0.0,0.0,0.0,0.0,0.0,0.0,0.0,0.0,0.0,0.0,0.0,0.0,0.0,0.0,0.0,0.0,0.0,0.0,0.0,0.0,0.0,0.0,0.0,0.0,0.0
heating_cooling,test_utility_2,none,single_family_li,8,0.0,0.0,0.0,0.0,0.0,0.0,0.0,0.0,0.0,0.0,0.0,0.0,0.0,0.0,0.0,0.0,0.0,0.0,0.0,0.0,0.0,0.0,0.0,0.0,0.0,0.0,0.0,0.0,0.0,0.0,0.0
heating_cooling,test_utility_2,none,single_family_li,9,0.0,0.0,0.0,0.0,0.0,0.0,0.0,0.0,0.0,0.0,0.0,0.0,0.0,0.0,0.0,0.0,0.0,0.0,0.0,0.0,0.0,0.0,0.0,0.0,0.0,0.0,0.0,0.0,0.0,0.0,0.0
heating_cooling,test_utility_2,none,single_family_li,10,0.0,0.0,0.0,0.0,0.0,0.0,0.0,0.0,0.0,0.0,0.0,0.0,0.0,0.0,0.0,0.0,0.0,0.0,0.0,0.0,0.0,0.0,0.0,0.0,0.0,0.0,0.0,0.0,0.0,0.0,0.0
heating_cooling,test_utility_2,none,single_family_li,11,0.0,0.0,0.0,0.0,0.0,0.0,0.0,0.0,0.0,0.0,0.0,0.0,0.0,0.0,0.0,0.0,0.0,0.0,0.0,0.0,0.0,0.0,0.0,0.0,0.0,0.0,0.0,0.0,0.0,0.0,0.0
heating_cooling,test_utility_2,none,single_family_li,12,0.0,0.0,0.0,0.0,0.0,0.0,0.0,0.0,0.0,0.0,0.0,0.0,0.0,0.0,0.0,0.0,0.0,0.0,0.0,0.0,0.0,0.0,0.0,0.0,0.0,0.0,0.0,0.0,0.0,0.0,0.0
heating_cooling,test_utility_2,none,single_family_li,13,0.0,0.0,0.0,0.0,0.0,0.0,0.0,0.0,0.0,0.0,0.0,0.0,0.0,0.0,0.0,0.0,0.0,0.0,0.0,0.0,0.0,0.0,0.0,0.0,0.0,0.0,0.0,0.0,0.0,0.0,0.0
heating_cooling,test_utility_2,none,single_family_li,14,0.0,0.0,0.0,0.0,0.0,0.0,0.0,0.0,0.0,0.0,0.0,0.0,0.0,0.0,0.0,0.0,0.0,0.0,0.0,0.0,0.0,0.0,0.0,0.0,0.0,0.0,0.0,0.0,0.0,0.0,0.0
heating_cooling,test_utility_2,none,single_family_li,15,0.0,0.0,0.0,0.0,0.0,0.0,0.0,0.0,0.0,0.0,0.0,0.0,0.0,0.0,0.0,0.0,0.0,0.0,0.0,0.0,0.0,0.0,0.0,0.0,0.0,0.0,0.0,0.0,0.0,0.0,0.0
heating_cooling,test_utility_2,none,single_family_li,16,0.0,0.0,0.0,0.0,0.0,0.0,0.0,0.0,0.0,0.0,0.0,0.0,0.0,0.0,0.0,0.0,0.0,0.0,0.0,0.0,0.0,0.0,0.0,0.0,0.0,0.0,0.0,0.0,0.0,0.0,0.0
heating_cooling,test_utility_2,none,single_family_li,17,0.0,0.0,0.0,0.0,0.0,0.0,0.0,0.0,0.0,0.0,0.0,0.0,0.0,0.0,0.0,0.0,0.0,0.0,0.0,0.0,0.0,0.0,0.0,0.0,0.0,0.0,0.0,0.0,0.0,0.0,0.0
heating_cooling,test_utility_2,none,single_family_li,18,0.0,0.0,0.0,0.0,0.0,0.0,0.0,0.0,0.0,0.0,0.0,0.0,0.0,0.0,0.0,0.0,0.0,0.0,0.0,0.0,0.0,0.0,0.0,0.0,0.0,0.0,0.0,0.0,0.0,0.0,0.0
heating_cooling,test_utility_2,none,single_family_li,19,0.0,0.0,0.0,0.0,0.0,0.0,0.0,0.0,0.0,0.0,0.0,0.0,0.0,0.0,0.0,0.0,0.0,0.0,0.0,0.0,0.0,0.0,0.0,0.0,0.0,0.0,0.0,0.0,0.0,0.0,0.0
heating_cooling,test_utility_2,test_utility_2,multifamily,0,0.0,0.0,0.0,0.0,0.0,0.0,0.0,0.0,0.0,0.0,0.0,0.0,0.0,0.0,0.0,0.0,0.0,0.0,0.0,0.0,0.0,0.0,0.0,0.0,0.0,0.0,0.0,0.0,0.0,0.0,0.0
heating_cooling,test_utility_2,test_utility_2,multifamily,1,0.0,0.0,0.0,0.0,0.0,0.0,0.0,0.0,0.0,0.0,0.0,0.0,0.0,0.0,0.0,0.0,0.0,0.0,0.0,0.0,0.0,0.0,0.0,0.0,0.0,0.0,0.0,0.0,0.0,0.0,0.0
heating_cooling,test_utility_2,test_utility_2,multifamily,2,0.0,0.0,0.0,0.0,0.0,0.0,0.0,0.0,0.0,0.0,0.0,0.0,0.0,0.0,0.0,0.0,0.0,0.0,0.0,0.0,0.0,0.0,0.0,0.0,0.0,0.0,0.0,0.0,0.0,0.0,0.0
heating_cooling,test_utility_2,test_utility_2,multifamily,3,0.0,0.0,0.0,0.0,0.0,0.0,0.0,0.0,0.0,0.0,0.0,0.0,0.0,0.0,0.0,0.0,0.0,0.0,0.0,0.0,0.0,0.0,0.0,0.0,0.0,0.0,0.0,0.0,0.0,0.0,0.0
heating_cooling,test_utility_2,test_utility_2,multifamily,4,0.0,0.0,0.0,0.0,0.0,0.0,0.0,0.0,0.0,0.0,0.0,0.0,0.0,0.0,0.0,0.0,0.0,0.0,0.0,0.0,0.0,0.0,0.0,0.0,0.0,0.0,0.0,0.0,0.0,0.0,0.0
heating_cooling,test_utility_2,test_utility_2,multifamily,5,0.0,0.0,0.0,0.0,0.0,0.0,0.0,0.0,0.0,0.0,0.0,0.0,0.0,0.0,0.0,0.0,0.0,0.0,0.0,0.0,0.0,0.0,0.0,0.0,0.0,0.0,0.0,0.0,0.0,0.0,0.0
heating_cooling,test_utility_2,test_utility_2,multifamily,6,0.0,0.0,0.0,0.0,0.0,0.0,0.0,0.0,0.0,0.0,0.0,0.0,0.0,0.0,0.0,0.0,0.0,0.0,0.0,0.0,0.0,0.0,0.0,0.0,0.0,0.0,0.0,0.0,0.0,0.0,0.0
heating_cooling,test_utility_2,test_utility_2,multifamily,7,0.0,0.0,0.0,0.0,0.0,0.0,0.0,0.0,0.0,0.0,0.0,0.0,0.0,0.0,0.0,0.0,0.0,0.0,0.0,0.0,0.0,0.0,0.0,0.0,0.0,0.0,0.0,0.0,0.0,0.0,0.0
heating_cooling,test_utility_2,test_utility_2,multifamily,8,0.0,0.0,0.0,0.0,0.0,0.0,0.0,0.0,0.0,0.0,0.0,0.0,0.0,0.0,0.0,0.0,0.0,0.0,0.0,0.0,0.0,0.0,0.0,0.0,0.0,0.0,0.0,0.0,0.0,0.0,0.0
heating_cooling,test_utility_2,test_utility_2,multifamily,9,0.0,0.0,0.0,0.0,0.0,0.0,0.0,0.0,0.0,0.0,0.0,0.0,0.0,0.0,0.0,0.0,0.0,0.0,0.0,0.0,0.0,0.0,0.0,0.0,0.0,0.0,0.0,0.0,0.0,0.0,0.0
heating_cooling,test_utility_2,test_utility_2,multifamily,10,0.0,0.0,0.0,0.0,0.0,0.0,0.0,0.0,0.0,0.0,0.0,0.0,0.0,0.0,0.0,0.0,0.0,0.0,0.0,0.0,0.0,0.0,0.0,0.0,0.0,0.0,0.0,0.0,0.0,0.0,0.0
heating_cooling,test_utility_2,test_utility_2,multifamily,11,0.0,0.0,0.0,0.0,0.0,0.0,0.0,0.0,0.0,0.0,0.0,0.0,0.0,0.0,0.0,0.0,0.0,0.0,0.0,0.0,0.0,0.0,0.0,0.0,0.0,0.0,0.0,0.0,0.0,0.0,0.0
heating_cooling,test_utility_2,test_utility_2,multifamily,12,0.0,0.0,0.0,0.0,0.0,0.0,0.0,0.0,0.0,0.0,0.0,0.0,0.0,0.0,0.0,0.0,0.0,0.0,0.0,0.0,0.0,0.0,0.0,0.0,0.0,0.0,0.0,0.0,0.0,0.0,0.0
heating_cooling,test_utility_2,test_utility_2,multifamily,13,0.0,0.0,0.0,0.0,0.0,0.0,0.0,0.0,0.0,0.0,0.0,0.0,0.0,0.0,0.0,0.0,0.0,0.0,0.0,0.0,0.0,0.0,0.0,0.0,0.0,0.0,0.0,0.0,0.0,0.0,0.0
heating_cooling,test_utility_2,test_utility_2,multifamily,14,0.0,0.0,0.0,0.0,0.0,0.0,0.0,0.0,0.0,0.0,0.0,0.0,0.0,0.0,0.0,0.0,0.0,0.0,0.0,0.0,0.0,0.0,0.0,0.0,0.0,0.0,0.0,0.0,0.0,0.0,0.0
heating_cooling,test_utility_2,test_utility_2,multifamily,15,0.0,0.0,0.0,0.0,0.0,0.0,0.0,0.0,0.0,0.0,0.0,0.0,0.0,0.0,0.0,0.0,0.0,0.0,0.0,0.0,0.0,0.0,0.0,0.0,0.0,0.0,0.0,0.0,0.0,0.0,0.0
heating_cooling,test_utility_2,test_utility_2,multifamily,16,0.0,0.0,0.0,0.0,0.0,0.0,0.0,0.0,0.0,0.0,0.0,0.0,0.0,0.0,0.0,0.0,0.0,0.0,0.0,0.0,0.0,0.0,0.0,0.0,0.0,0.0,0.0,0.0,0.0,0.0,0.0
heating_cooling,test_utility_2,test_utility_2,multifamily,17,0.0,0.0,0.0,0.0,0.0,0.0,0.0,0.0,0.0,0.0,0.0,0.0,0.0,0.0,0.0,0.0,0.0,0.0,0.0,0.0,0.0,0.0,0.0,0.0,0.0,0.0,0.0,0.0,0.0,0.0,0.0
heating_cooling,test_utility_2,test_utility_2,multifamily,18,0.0,0.0,0.0,0.0,0.0,0.0,0.0,0.0,0.0,0.0,0.0,0.0,0.0,0.0,0.0,0.0,0.0,0.0,0.0,0.0,0.0,0.0,0.0,0.0,0.0,0.0,0.0,0.0,0.0,0.0,0.0
heating_cooling,test_utility_2,test_utility_2,multifamily,19,0.0,0.0,0.0,0.0,0.0,0.0,0.0,0.0,0.0,0.0,0.0,0.0,0.0,0.0,0.0,0.0,0.0,0.0,0.0,0.0,0.0,0.0,0.0,0.0,0.0,0.0,0.0,0.0,0.0,0.0,0.0
heating_cooling,test_utility_2,test_utility_2,single_family,0,0.0,0.0,0.0,0.0,0.0,0.0,0.0,0.0,0.0,0.0,0.0,0.0,0.0,0.0,0.0,0.0,0.0,0.0,0.0,0.0,0.0,0.0,0.0,0.0,0.0,0.0,0.0,0.0,0.0,0.0,0.0
heating_cooling,test_utility_2,test_utility_2,single_family,1,0.0,0.0,0.0,0.0,0.0,0.0,0.0,0.0,0.0,0.0,0.0,0.0,0.0,0.0,0.0,0.0,0.0,0.0,0.0,0.0,0.0,0.0,0.0,0.0,0.0,0.0,0.0,0.0,0.0,0.0,0.0
heating_cooling,test_utility_2,test_utility_2,single_family,2,0.0,0.0,0.0,0.0,0.0,0.0,0.0,0.0,0.0,0.0,0.0,0.0,0.0,0.0,0.0,0.0,0.0,0.0,0.0,0.0,0.0,0.0,0.0,0.0,0.0,0.0,0.0,0.0,0.0,0.0,0.0
heating_cooling,test_utility_2,test_utility_2,single_family,3,0.0,0.0,0.0,0.0,0.0,0.0,0.0,0.0,0.0,0.0,0.0,0.0,0.0,0.0,0.0,0.0,0.0,0.0,0.0,0.0,0.0,0.0,0.0,0.0,0.0,0.0,0.0,0.0,0.0,0.0,0.0
heating_cooling,test_utility_2,test_utility_2,single_family,4,0.0,0.0,0.0,0.0,0.0,0.0,0.0,0.0,0.0,0.0,0.0,0.0,0.0,0.0,0.0,0.0,0.0,0.0,0.0,0.0,0.0,0.0,0.0,0.0,0.0,0.0,0.0,0.0,0.0,0.0,0.0
heating_cooling,test_utility_2,test_utility_2,single_family,5,0.0,0.0,0.0,0.0,0.0,0.0,0.0,0.0,0.0,0.0,0.0,0.0,0.0,0.0,0.0,0.0,0.0,0.0,0.0,0.0,0.0,0.0,0.0,0.0,0.0,0.0,0.0,0.0,0.0,0.0,0.0
heating_cooling,test_utility_2,test_utility_2,single_family,6,0.0,0.0,0.0,0.0,0.0,0.0,0.0,0.0,0.0,0.0,0.0,0.0,0.0,0.0,0.0,0.0,0.0,0.0,0.0,0.0,0.0,0.0,0.0,0.0,0.0,0.0,0.0,0.0,0.0,0.0,0.0
heating_cooling,test_utility_2,test_utility_2,single_family,7,0.0,0.0,0.0,0.0,0.0,0.0,0.0,0.0,0.0,0.0,0.0,0.0,0.0,0.0,0.0,0.0,0.0,0.0,0.0,0.0,0.0,0.0,0.0,0.0,0.0,0.0,0.0,0.0,0.0,0.0,0.0
heating_cooling,test_utility_2,test_utility_2,single_family,8,0.0,0.0,0.0,0.0,0.0,0.0,0.0,0.0,0.0,0.0,0.0,0.0,0.0,0.0,0.0,0.0,0.0,0.0,0.0,0.0,0.0,0.0,0.0,0.0,0.0,0.0,0.0,0.0,0.0,0.0,0.0
heating_cooling,test_utility_2,test_utility_2,single_family,9,0.0,0.0,0.0,0.0,0.0,0.0,0.0,0.0,0.0,0.0,0.0,0.0,0.0,0.0,0.0,0.0,0.0,0.0,0.0,0.0,0.0,0.0,0.0,0.0,0.0,0.0,0.0,0.0,0.0,0.0,0.0
heating_cooling,test_utility_2,test_utility_2,single_family,10,0.0,0.0,0.0,0.0,0.0,0.0,0.0,0.0,0.0,0.0,0.0,0.0,0.0,0.0,0.0,0.0,0.0,0.0,0.0,0.0,0.0,0.0,0.0,0.0,0.0,0.0,0.0,0.0,0.0,0.0,0.0
heating_cooling,test_utility_2,test_utility_2,single_family,11,0.0,0.0,0.0,0.0,0.0,0.0,0.0,0.0,0.0,0.0,0.0,0.0,0.0,0.0,0.0,0.0,0.0,0.0,0.0,0.0,0.0,0.0,0.0,0.0,0.0,0.0,0.0,0.0,0.0,0.0,0.0
heating_cooling,test_utility_2,test_utility_2,single_family,12,0.0,0.0,0.0,0.0,0.0,0.0,0.0,0.0,0.0,0.0,0.0,0.0,0.0,0.0,0.0,0.0,0.0,0.0,0.0,0.0,0.0,0.0,0.0,0.0,0.0,0.0,0.0,0.0,0.0,0.0,0.0
heating_cooling,test_utility_2,test_utility_2,single_family,13,0.0,0.0,0.0,0.0,0.0,0.0,0.0,0.0,0.0,0.0,0.0,0.0,0.0,0.0,0.0,0.0,0.0,0.0,0.0,0.0,0.0,0.0,0.0,0.0,0.0,0.0,0.0,0.0,0.0,0.0,0.0
heating_cooling,test_utility_2,test_utility_2,single_family,14,0.0,0.0,0.0,0.0,0.0,0.0,0.0,0.0,0.0,0.0,0.0,0.0,0.0,0.0,0.0,0.0,0.0,0.0,0.0,0.0,0.0,0.0,0.0,0.0,0.0,0.0,0.0,0.0,0.0,0.0,0.0
heating_cooling,test_utility_2,test_utility_2,single_family,15,0.0,0.0,0.0,0.0,0.0,0.0,0.0,0.0,0.0,0.0,0.0,0.0,0.0,0.0,0.0,0.0,0.0,0.0,0.0,0.0,0.0,0.0,0.0,0.0,0.0,0.0,0.0,0.0,0.0,0.0,0.0
heating_cooling,test_utility_2,test_utility_2,single_family,16,0.0,0.0,0.0,0.0,0.0,0.0,0.0,0.0,0.0,0.0,0.0,0.0,0.0,0.0,0.0,0.0,0.0,0.0,0.0,0.0,0.0,0.0,0.0,0.0,0.0,0.0,0.0,0.0,0.0,0.0,0.0
heating_cooling,test_utility_2,test_utility_2,single_family,17,0.0,0.0,0.0,0.0,0.0,0.0,0.0,0.0,0.0,0.0,0.0,0.0,0.0,0.0,0.0,0.0,0.0,0.0,0.0,0.0,0.0,0.0,0.0,0.0,0.0,0.0,0.0,0.0,0.0,0.0,0.0
heating_cooling,test_utility_2,test_utility_2,single_family,18,0.0,0.0,0.0,0.0,0.0,0.0,0.0,0.0,0.0,0.0,0.0,0.0,0.0,0.0,0.0,0.0,0.0,0.0,0.0,0.0,0.0,0.0,0.0,0.0,0.0,0.0,0.0,0.0,0.0,0.0,0.0
heating_cooling,test_utility_2,test_utility_2,single_family,19,0.0,0.0,0.0,0.0,0.0,0.0,0.0,0.0,0.0,0.0,0.0,0.0,0.0,0.0,0.0,0.0,0.0,0.0,0.0,0.0,0.0,0.0,0.0,0.0,0.0,0.0,0.0,0.0,0.0,0.0,0.0
heating_cooling,test_utility_2,test_utility_2,multifamily_li,0,0.0,0.0,0.0,0.0,0.0,0.0,0.0,0.0,0.0,0.0,0.0,0.0,0.0,0.0,0.0,0.0,0.0,0.0,0.0,0.0,0.0,0.0,0.0,0.0,0.0,0.0,0.0,0.0,0.0,0.0,0.0
heating_cooling,test_utility_2,test_utility_2,multifamily_li,1,0.0,0.0,0.0,0.0,0.0,0.0,0.0,0.0,0.0,0.0,0.0,0.0,0.0,0.0,0.0,0.0,0.0,0.0,0.0,0.0,0.0,0.0,0.0,0.0,0.0,0.0,0.0,0.0,0.0,0.0,0.0
heating_cooling,test_utility_2,test_utility_2,multifamily_li,2,0.0,0.0,0.0,0.0,0.0,0.0,0.0,0.0,0.0,0.0,0.0,0.0,0.0,0.0,0.0,0.0,0.0,0.0,0.0,0.0,0.0,0.0,0.0,0.0,0.0,0.0,0.0,0.0,0.0,0.0,0.0
heating_cooling,test_utility_2,test_utility_2,multifamily_li,3,0.0,0.0,0.0,0.0,0.0,0.0,0.0,0.0,0.0,0.0,0.0,0.0,0.0,0.0,0.0,0.0,0.0,0.0,0.0,0.0,0.0,0.0,0.0,0.0,0.0,0.0,0.0,0.0,0.0,0.0,0.0
heating_cooling,test_utility_2,test_utility_2,multifamily_li,4,0.0,0.0,0.0,0.0,0.0,0.0,0.0,0.0,0.0,0.0,0.0,0.0,0.0,0.0,0.0,0.0,0.0,0.0,0.0,0.0,0.0,0.0,0.0,0.0,0.0,0.0,0.0,0.0,0.0,0.0,0.0
heating_cooling,test_utility_2,test_utility_2,multifamily_li,5,0.0,0.0,0.0,0.0,0.0,0.0,0.0,0.0,0.0,0.0,0.0,0.0,0.0,0.0,0.0,0.0,0.0,0.0,0.0,0.0,0.0,0.0,0.0,0.0,0.0,0.0,0.0,0.0,0.0,0.0,0.0
heating_cooling,test_utility_2,test_utility_2,multifamily_li,6,0.0,0.0,0.0,0.0,0.0,0.0,0.0,0.0,0.0,0.0,0.0,0.0,0.0,0.0,0.0,0.0,0.0,0.0,0.0,0.0,0.0,0.0,0.0,0.0,0.0,0.0,0.0,0.0,0.0,0.0,0.0
heating_cooling,test_utility_2,test_utility_2,multifamily_li,7,0.0,0.0,0.0,0.0,0.0,0.0,0.0,0.0,0.0,0.0,0.0,0.0,0.0,0.0,0.0,0.0,0.0,0.0,0.0,0.0,0.0,0.0,0.0,0.0,0.0,0.0,0.0,0.0,0.0,0.0,0.0
heating_cooling,test_utility_2,test_utility_2,multifamily_li,8,0.0,0.0,0.0,0.0,0.0,0.0,0.0,0.0,0.0,0.0,0.0,0.0,0.0,0.0,0.0,0.0,0.0,0.0,0.0,0.0,0.0,0.0,0.0,0.0,0.0,0.0,0.0,0.0,0.0,0.0,0.0
heating_cooling,test_utility_2,test_utility_2,multifamily_li,9,0.0,0.0,0.0,0.0,0.0,0.0,0.0,0.0,0.0,0.0,0.0,0.0,0.0,0.0,0.0,0.0,0.0,0.0,0.0,0.0,0.0,0.0,0.0,0.0,0.0,0.0,0.0,0.0,0.0,0.0,0.0
heating_cooling,test_utility_2,test_utility_2,multifamily_li,10,0.0,0.0,0.0,0.0,0.0,0.0,0.0,0.0,0.0,0.0,0.0,0.0,0.0,0.0,0.0,0.0,0.0,0.0,0.0,0.0,0.0,0.0,0.0,0.0,0.0,0.0,0.0,0.0,0.0,0.0,0.0
heating_cooling,test_utility_2,test_utility_2,multifamily_li,11,0.0,0.0,0.0,0.0,0.0,0.0,0.0,0.0,0.0,0.0,0.0,0.0,0.0,0.0,0.0,0.0,0.0,0.0,0.0,0.0,0.0,0.0,0.0,0.0,0.0,0.0,0.0,0.0,0.0,0.0,0.0
heating_cooling,test_utility_2,test_utility_2,multifamily_li,12,0.0,0.0,0.0,0.0,0.0,0.0,0.0,0.0,0.0,0.0,0.0,0.0,0.0,0.0,0.0,0.0,0.0,0.0,0.0,0.0,0.0,0.0,0.0,0.0,0.0,0.0,0.0,0.0,0.0,0.0,0.0
heating_cooling,test_utility_2,test_utility_2,multifamily_li,13,0.0,0.0,0.0,0.0,0.0,0.0,0.0,0.0,0.0,0.0,0.0,0.0,0.0,0.0,0.0,0.0,0.0,0.0,0.0,0.0,0.0,0.0,0.0,0.0,0.0,0.0,0.0,0.0,0.0,0.0,0.0
heating_cooling,test_utility_2,test_utility_2,multifamily_li,14,0.0,0.0,0.0,0.0,0.0,0.0,0.0,0.0,0.0,0.0,0.0,0.0,0.0,0.0,0.0,0.0,0.0,0.0,0.0,0.0,0.0,0.0,0.0,0.0,0.0,0.0,0.0,0.0,0.0,0.0,0.0
heating_cooling,test_utility_2,test_utility_2,multifamily_li,15,0.0,0.0,0.0,0.0,0.0,0.0,0.0,0.0,0.0,0.0,0.0,0.0,0.0,0.0,0.0,0.0,0.0,0.0,0.0,0.0,0.0,0.0,0.0,0.0,0.0,0.0,0.0,0.0,0.0,0.0,0.0
heating_cooling,test_utility_2,test_utility_2,multifamily_li,16,0.0,0.0,0.0,0.0,0.0,0.0,0.0,0.0,0.0,0.0,0.0,0.0,0.0,0.0,0.0,0.0,0.0,0.0,0.0,0.0,0.0,0.0,0.0,0.0,0.0,0.0,0.0,0.0,0.0,0.0,0.0
heating_cooling,test_utility_2,test_utility_2,multifamily_li,17,0.0,0.0,0.0,0.0,0.0,0.0,0.0,0.0,0.0,0.0,0.0,0.0,0.0,0.0,0.0,0.0,0.0,0.0,0.0,0.0,0.0,0.0,0.0,0.0,0.0,0.0,0.0,0.0,0.0,0.0,0.0
heating_cooling,test_utility_2,test_utility_2,multifamily_li,18,0.0,0.0,0.0,0.0,0.0,0.0,0.0,0.0,0.0,0.0,0.0,0.0,0.0,0.0,0.0,0.0,0.0,0.0,0.0,0.0,0.0,0.0,0.0,0.0,0.0,0.0,0.0,0.0,0.0,0.0,0.0
heating_cooling,test_utility_2,test_utility_2,multifamily_li,19,0.0,0.0,0.0,0.0,0.0,0.0,0.0,0.0,0.0,0.0,0.0,0.0,0.0,0.0,0.0,0.0,0.0,0.0,0.0,0.0,0.0,0.0,0.0,0.0,0.0,0.0,0.0,0.0,0.0,0.0,0.0
heating_cooling,test_utility_2,test_utility_2,single_family_li,0,0.0,0.0,0.0,0.0,0.0,0.0,0.0,0.0,0.0,0.0,0.0,0.0,0.0,0.0,0.0,0.0,0.0,0.0,0.0,0.0,0.0,0.0,0.0,0.0,0.0,0.0,0.0,0.0,0.0,0.0,0.0
heating_cooling,test_utility_2,test_utility_2,single_family_li,1,0.0,0.0,0.0,0.0,0.0,0.0,0.0,0.0,0.0,0.0,0.0,0.0,0.0,0.0,0.0,0.0,0.0,0.0,0.0,0.0,0.0,0.0,0.0,0.0,0.0,0.0,0.0,0.0,0.0,0.0,0.0
heating_cooling,test_utility_2,test_utility_2,single_family_li,2,0.0,0.0,0.0,0.0,0.0,0.0,0.0,0.0,0.0,0.0,0.0,0.0,0.0,0.0,0.0,0.0,0.0,0.0,0.0,0.0,0.0,0.0,0.0,0.0,0.0,0.0,0.0,0.0,0.0,0.0,0.0
heating_cooling,test_utility_2,test_utility_2,single_family_li,3,0.0,0.0,0.0,0.0,0.0,0.0,0.0,0.0,0.0,0.0,0.0,0.0,0.0,0.0,0.0,0.0,0.0,0.0,0.0,0.0,0.0,0.0,0.0,0.0,0.0,0.0,0.0,0.0,0.0,0.0,0.0
heating_cooling,test_utility_2,test_utility_2,single_family_li,4,0.0,0.0,0.0,0.0,0.0,0.0,0.0,0.0,0.0,0.0,0.0,0.0,0.0,0.0,0.0,0.0,0.0,0.0,0.0,0.0,0.0,0.0,0.0,0.0,0.0,0.0,0.0,0.0,0.0,0.0,0.0
heating_cooling,test_utility_2,test_utility_2,single_family_li,5,0.0,0.0,0.0,0.0,0.0,0.0,0.0,0.0,0.0,0.0,0.0,0.0,0.0,0.0,0.0,0.0,0.0,0.0,0.0,0.0,0.0,0.0,0.0,0.0,0.0,0.0,0.0,0.0,0.0,0.0,0.0
heating_cooling,test_utility_2,test_utility_2,single_family_li,6,0.0,0.0,0.0,0.0,0.0,0.0,0.0,0.0,0.0,0.0,0.0,0.0,0.0,0.0,0.0,0.0,0.0,0.0,0.0,0.0,0.0,0.0,0.0,0.0,0.0,0.0,0.0,0.0,0.0,0.0,0.0
heating_cooling,test_utility_2,test_utility_2,single_family_li,7,0.0,0.0,0.0,0.0,0.0,0.0,0.0,0.0,0.0,0.0,0.0,0.0,0.0,0.0,0.0,0.0,0.0,0.0,0.0,0.0,0.0,0.0,0.0,0.0,0.0,0.0,0.0,0.0,0.0,0.0,0.0
heating_cooling,test_utility_2,test_utility_2,single_family_li,8,0.0,0.0,0.0,0.0,0.0,0.0,0.0,0.0,0.0,0.0,0.0,0.0,0.0,0.0,0.0,0.0,0.0,0.0,0.0,0.0,0.0,0.0,0.0,0.0,0.0,0.0,0.0,0.0,0.0,0.0,0.0
heating_cooling,test_utility_2,test_utility_2,single_family_li,9,0.0,0.0,0.0,0.0,0.0,0.0,0.0,0.0,0.0,0.0,0.0,0.0,0.0,0.0,0.0,0.0,0.0,0.0,0.0,0.0,0.0,0.0,0.0,0.0,0.0,0.0,0.0,0.0,0.0,0.0,0.0
heating_cooling,test_utility_2,test_utility_2,single_family_li,10,0.0,0.0,0.0,0.0,0.0,0.0,0.0,0.0,0.0,0.0,0.0,0.0,0.0,0.0,0.0,0.0,0.0,0.0,0.0,0.0,0.0,0.0,0.0,0.0,0.0,0.0,0.0,0.0,0.0,0.0,0.0
heating_cooling,test_utility_2,test_utility_2,single_family_li,11,0.0,0.0,0.0,0.0,0.0,0.0,0.0,0.0,0.0,0.0,0.0,0.0,0.0,0.0,0.0,0.0,0.0,0.0,0.0,0.0,0.0,0.0,0.0,0.0,0.0,0.0,0.0,0.0,0.0,0.0,0.0
heating_cooling,test_utility_2,test_utility_2,single_family_li,12,0.0,0.0,0.0,0.0,0.0,0.0,0.0,0.0,0.0,0.0,0.0,0.0,0.0,0.0,0.0,0.0,0.0,0.0,0.0,0.0,0.0,0.0,0.0,0.0,0.0,0.0,0.0,0.0,0.0,0.0,0.0
heating_cooling,test_utility_2,test_utility_2,single_family_li,13,0.0,0.0,0.0,0.0,0.0,0.0,0.0,0.0,0.0,0.0,0.0,0.0,0.0,0.0,0.0,0.0,0.0,0.0,0.0,0.0,0.0,0.0,0.0,0.0,0.0,0.0,0.0,0.0,0.0,0.0,0.0
heating_cooling,test_utility_2,test_utility_2,single_family_li,14,0.0,0.0,0.0,0.0,0.0,0.0,0.0,0.0,0.0,0.0,0.0,0.0,0.0,0.0,0.0,0.0,0.0,0.0,0.0,0.0,0.0,0.0,0.0,0.0,0.0,0.0,0.0,0.0,0.0,0.0,0.0
heating_cooling,test_utility_2,test_utility_2,single_family_li,15,0.0,0.0,0.0,0.0,0.0,0.0,0.0,0.0,0.0,0.0,0.0,0.0,0.0,0.0,0.0,0.0,0.0,0.0,0.0,0.0,0.0,0.0,0.0,0.0,0.0,0.0,0.0,0.0,0.0,0.0,0.0
heating_cooling,test_utility_2,test_utility_2,single_family_li,16,0.0,0.0,0.0,0.0,0.0,0.0,0.0,0.0,0.0,0.0,0.0,0.0,0.0,0.0,0.0,0.0,0.0,0.0,0.0,0.0,0.0,0.0,0.0,0.0,0.0,0.0,0.0,0.0,0.0,0.0,0.0
heating_cooling,test_utility_2,test_utility_2,single_family_li,17,0.0,0.0,0.0,0.0,0.0,0.0,0.0,0.0,0.0,0.0,0.0,0.0,0.0,0.0,0.0,0.0,0.0,0.0,0.0,0.0,0.0,0.0,0.0,0.0,0.0,0.0,0.0,0.0,0.0,0.0,0.0
heating_cooling,test_utility_2,test_utility_2,single_family_li,18,0.0,0.0,0.0,0.0,0.0,0.0,0.0,0.0,0.0,0.0,0.0,0.0,0.0,0.0,0.0,0.0,0.0,0.0,0.0,0.0,0.0,0.0,0.0,0.0,0.0,0.0,0.0,0.0,0.0,0.0,0.0
heating_cooling,test_utility_2,test_utility_2,single_family_li,19,0.0,0.0,0.0,0.0,0.0,0.0,0.0,0.0,0.0,0.0,0.0,0.0,0.0,0.0,0.0,0.0,0.0,0.0,0.0,0.0,0.0,0.0,0.0,0.0,0.0,0.0,0.0,0.0,0.0,0.0,0.0
