competition_group,electric_utility,gas_utility,building_type,time,remaining_below_baseline_stock,remaining_baseline_stock,remaining_efficient_stock,remaining_top10_stock,ret_er_below_baseline_stock,ret_er_baseline_stock,ret_er_efficient_stock,ret_er_top10_stock,rob_below_baseline_stock,rob_baseline_stock,rob_efficient_stock,rob_top10_stock
refrigeration,test_utility_1,test_utility_1,multifamily,0,0.0,0.0,0.0,0.0,0.0,0.0,0.0,0.0,0.0,0.0,0.0,0.0
refrigeration,test_utility_1,test_utility_1,multifamily,1,0.0,-3000.0,0.0,3000.0,0.0,-120.0,0.0,120.0,0.0,-60.0,0.0,60.0
refrigeration,test_utility_1,test_utility_1,multifamily,2,0.0,-5500.0,0.0,5500.0,0.0,-698.4000000000001,0.0,698.4000000000001,0.0,-99.19999999999993,0.0,99.19999999999993
refrigeration,test_utility_1,test_utility_1,multifamily,3,0.0,-7583.333333333333,0.0,7583.333333333333,0.0,-1492.9546666666665,0.0,1492.9546666666665,0.0,-288.144,0.0,288.144
refrigeration,test_utility_1,test_utility_1,multifamily,4,0.0,-9319.444444444445,0.0,9319.444444444445,0.0,-2359.2859377777772,0.0,2359.2859377777772,0.0,-547.6985244444443,0.0,547.6985244444443
refrigeration,test_utility_1,test_utility_1,multifamily,5,0.0,-10766.203703703703,0.0,10766.203703703703,0.0,-3214.640886755555,0.0,3214.640886755555,0.0,-830.7000730074071,0.0,830.7000730074071
refrigeration,test_utility_1,test_utility_1,multifamily,6,0.0,-11971.836419753085,0.0,11971.836419753085,0.0,-4014.599329964246,0.0,4014.599329964246,0.0,-1110.1160230068147,0.0,1110.1160230068147
refrigeration,test_utility_1,test_utility_1,multifamily,7,0.0,-12976.530349794239,0.0,12976.530349794239,0.0,-4738.177632202154,0.0,4738.177632202154,0.0,-1371.4357811216537,0.0,1371.4357811216537
refrigeration,test_utility_1,test_utility_1,multifamily,8,0.0,-13813.7752914952,0.0,13813.7752914952,0.0,-5378.364444671114,0.0,5378.364444671114,0.0,-1607.8046931860372,0.0,1607.8046931860372
refrigeration,test_utility_1,test_utility_1,multifamily,9,0.0,-14511.479409579333,0.0,14511.479409579333,0.0,-5936.160652434328,0.0,5936.160652434328,0.0,-1816.9323852592304,0.0,1816.9323852592304
refrigeration,test_utility_1,test_utility_1,multifamily,10,0.0,-15092.899507982776,0.0,15092.899507982776,0.0,-6416.871527853649,0.0,6416.871527853649,0.0,-1999.1458131285467,0.0,1999.1458131285467
refrigeration,test_utility_1,test_utility_1,multifamily,11,0.0,-15577.416256652315,0.0,15577.416256652315,0.0,-6827.839316194846,0.0,6827.839316194846,0.0,-2156.1780324321917,0.0,2156.1780324321917
refrigeration,test_utility_1,test_utility_1,multifamily,12,0.0,-15981.180213876927,0.0,15981.180213876927,0.0,-7177.091062689351,0.0,7177.091062689351,0.0,-2290.4275099569827,0.0,2290.4275099569827
refrigeration,test_utility_1,test_utility_1,multifamily,13,0.0,-16317.650178230771,0.0,16317.650178230771,0.0,-7472.562863269864,0.0,7472.562863269864,0.0,-2404.5164138118544,0.0,2404.5164138118544
refrigeration,test_utility_1,test_utility_1,multifamily,14,0.0,-16598.041815192308,0.0,16598.041815192308,0.0,-7721.68276704144,0.0,7721.68276704144,0.0,-2501.037202001489,0.0,2501.037202001489
refrigeration,test_utility_1,test_utility_1,multifamily,15,0.0,-16831.701512660256,0.0,16831.701512660256,0.0,-7931.173043665792,0.0,7931.173043665792,0.0,-2582.4163705668702,0.0,2582.4163705668702
refrigeration,test_utility_1,test_utility_1,multifamily,16,0.0,-17026.41792721688,0.0,17026.41792721688,0.0,-8106.983307305026,0.0,8106.983307305026,0.0,-2650.8498609308253,0.0,2650.8498609308253
refrigeration,test_utility_1,test_utility_1,multifamily,17,0.0,-17188.681606014066,0.0,17188.681606014066,0.0,-8254.298748642095,0.0,8254.298748642095,0.0,-2708.2812137196415,0.0,2708.2812137196415
refrigeration,test_utility_1,test_utility_1,multifamily,18,0.0,-17323.901338345055,0.0,17323.901338345055,0.0,-8377.588783448513,0.0,8377.588783448513,0.0,-2756.4042578897506,0.0,2756.4042578897506
refrigeration,test_utility_1,test_utility_1,multifamily,19,0.0,-17436.58444862088,0.0,17436.58444862088,0.0,-8480.674894910537,0.0,8480.674894910537,0.0,-2796.6790025931805,0.0,2796.6790025931805
refrigeration,test_utility_1,test_utility_1,single_family,0,0.0,0.0,0.0,0.0,0.0,0.0,0.0,0.0,0.0,0.0,0.0,0.0
refrigeration,test_utility_1,test_utility_1,single_family,1,0.0,-4999.444444444444,0.0,4999.444444444444,0.0,-199.9555555555553,0.0,199.9555555555553,0.0,-99.93333333333317,0.0,99.93333333333317
refrigeration,test_utility_1,test_utility_1,single_family,2,0.0,-9162.852158780286,0.0,9162.852158780286,0.0,-1163.6152911073464,0.0,1163.6152911073468,0.0,-165.20637908167532,0.0,165.2063790816751
refrigeration,test_utility_1,test_utility_1,single_family,3,0.0,-12631.86197695462,0.0,12631.86197695462,0.0,-2486.8164660925854,0.0,2486.8164660925872,0.0,-479.793509591585,0.0,479.79350959158523
refrigeration,test_utility_1,test_utility_1,single_family,4,0.0,-15522.456344458551,0.0,15522.456344458551,0.0,-3929.1573509781692,0.0,3929.15735097817,0.0,-911.7519296852493,0.0,911.7519296852499
refrigeration,test_utility_1,test_utility_1,single_family,5,0.0,-17931.060535405755,0.0,17931.060535405755,0.0,-5352.936700914266,0.0,5352.936700914267,0.0,-1382.6028621303055,0.0,1382.6028621303058
refrigeration,test_utility_1,test_utility_1,single_family,6,0.0,-19938.025159111196,0.0,19938.025159111203,0.0,-6684.277584853904,0.0,6684.277584853906,0.0,-1847.3941787725848,0.0,1847.3941787725855
refrigeration,test_utility_1,test_utility_1,single_family,7,0.0,-21610.316189205383,0.0,21610.316189205387,0.0,-7888.313539249778,0.0,7888.31353924978,0.0,-2282.0089774577377,0.0,2282.0089774577386
refrigeration,test_utility_1,test_utility_1,single_family,8,0.0,-23003.739403588555,0.0,23003.739403588563,0.0,-8953.428826409252,0.0,8953.428826409252,0.0,-2675.0651938542874,0.0,2675.065193854288
refrigeration,test_utility_1,test_utility_1,single_family,9,0.0,-24164.797140564504,0.0,24164.797140564508,0.0,-9881.335118576664,0.0,9881.335118576666,0.0,-3022.7709025459317,0.0,3022.770902545932
refrigeration,test_utility_1,test_utility_1,single_family,10,0.0,-25132.237999294834,0.0,25132.237999294837,0.0,-10680.899140419682,0.0,10680.899140419684,0.0,-3325.684883680894,0.0,3325.6848836808945
refrigeration,test_utility_1,test_utility_1,single_family,11,0.0,-25938.349219916694,0.0,25938.349219916698,0.0,-11364.369200671003,0.0,11364.369200671003,0.0,-3586.7016719427274,0.0,3586.7016719427284
refrigeration,test_utility_1,test_utility_1,single_family,12,0.0,-26610.03395750007,0.0,26610.033957500076,0.0,-11945.12576188016,0.0,11945.125761880165,0.0,-3809.819714885062,0.0,3809.8197148850627
refrigeration,test_utility_1,test_utility_1,single_family,13,0.0,-27169.709054216535,0.0,27169.70905421654,0.0,-12436.391646952954,0.0,12436.391646952958,0.0,-3999.4070499140876,0.0,3999.4070499140894
refrigeration,test_utility_1,test_utility_1,single_family,14,0.0,-27636.053148706313,0.0,27636.053148706313,0.0,-12850.539157452025,0.0,12850.53915745203,0.0,-4159.780252979792,0.0,4159.780252979794
refrigeration,test_utility_1,test_utility_1,single_family,15,0.0,-28024.63004781223,0.0,28024.63004781223,0.0,-13198.762148889815,0.0,13198.762148889818,0.0,-4294.978248226745,0.0,4294.978248226746
refrigeration,test_utility_1,test_utility_1,single_family,16,0.0,-28348.408150846637,0.0,28348.40815084664,0.0,-13490.965706471228,0.0,13490.965706471226,0.0,-4408.655257375128,0.0,4408.655257375129
refrigeration,test_utility_1,test_utility_1,single_family,17,0.0,-28618.19325690443,0.0,28618.193256904437,0.0,-13735.780634094446,0.0,13735.780634094446,0.0,-4504.04478450199,0.0,4504.04478450199
refrigeration,test_utility_1,test_utility_1,single_family,18,0.0,-28842.989198166968,0.0,28842.989198166975,0.0,-13940.645036925634,0.0,13940.645036925633,0.0,-4583.964345963702,0.0,4583.964345963702
refrigeration,test_utility_1,test_utility_1,single_family,19,0.0,-29030.298334469193,0.0,29030.2983344692,0.0,-14111.91770236715,0.0,14111.917702367147,0.0,-4650.84210293835,0.0,4650.842102938348
refrigeration,test_utility_1,test_utility_1,multifamily_li,0,0.0,0.0,0.0,0.0,0.0,0.0,0.0,0.0,0.0,0.0,0.0,0.0
refrigeration,test_utility_1,test_utility_1,multifamily_li,1,0.0,-300.0,0.0,300.0,0.0,-12.0,0.0,12.0,0.0,-6.0,0.0,6.0
refrigeration,test_utility_1,test_utility_1,multifamily_li,2,0.0,-550.0,0.0,550.0,0.0,-69.84,0.0,69.84,0.0,-9.920000000000002,0.0,9.920000000000002
refrigeration,test_utility_1,test_utility_1,multifamily_li,3,0.0,-758.3333333333333,0.0,758.3333333333333,0.0,-149.29546666666664,0.0,149.29546666666664,0.0,-28.814400000000006,0.0,28.814400000000006
refrigeration,test_utility_1,test_utility_1,multifamily_li,4,0.0,-931.9444444444446,0.0,931.9444444444443,0.0,-235.9285937777777,0.0,235.9285937777777,0.0,-54.76985244444443,0.0,54.76985244444443
refrigeration,test_utility_1,test_utility_1,multifamily_li,5,0.0,-1076.6203703703704,0.0,1076.6203703703702,0.0,-321.46408867555544,0.0,321.46408867555544,0.0,-83.0700073007407,0.0,83.0700073007407
refrigeration,test_utility_1,test_utility_1,multifamily_li,6,0.0,-1197.1836419753083,0.0,1197.1836419753083,0.0,-401.4599329964246,0.0,401.4599329964246,0.0,-111.01160230068143,0.0,111.01160230068143
refrigeration,test_utility_1,test_utility_1,multifamily_li,7,0.0,-1297.6530349794236,0.0,1297.6530349794236,0.0,-473.8177632202154,0.0,473.8177632202154,0.0,-137.14357811216536,0.0,137.14357811216536
refrigeration,test_utility_1,test_utility_1,multifamily_li,8,0.0,-1381.3775291495197,0.0,1381.3775291495197,0.0,-537.8364444671113,0.0,537.8364444671113,0.0,-160.7804693186037,0.0,160.7804693186037
refrigeration,test_utility_1,test_utility_1,multifamily_li,9,0.0,-1451.1479409579333,0.0,1451.1479409579333,0.0,-593.6160652434326,0.0,593.6160652434326,0.0,-181.693238525923,0.0,181.693238525923
refrigeration,test_utility_1,test_utility_1,multifamily_li,10,0.0,-1509.2899507982777,0.0,1509.2899507982777,0.0,-641.6871527853648,0.0,641.6871527853648,0.0,-199.9145813128546,0.0,199.9145813128546
refrigeration,test_utility_1,test_utility_1,multifamily_li,11,0.0,-1557.7416256652316,0.0,1557.7416256652316,0.0,-682.7839316194845,0.0,682.7839316194845,0.0,-215.61780324321916,0.0,215.61780324321916
refrigeration,test_utility_1,test_utility_1,multifamily_li,12,0.0,-1598.118021387693,0.0,1598.118021387693,0.0,-717.7091062689351,0.0,717.7091062689351,0.0,-229.0427509956983,0.0,229.0427509956983
refrigeration,test_utility_1,test_utility_1,multifamily_li,13,0.0,-1631.7650178230776,0.0,1631.7650178230776,0.0,-747.2562863269865,0.0,747.2562863269865,0.0,-240.45164138118545,0.0,240.45164138118545
refrigeration,test_utility_1,test_utility_1,multifamily_li,14,0.0,-1659.8041815192314,0.0,1659.8041815192314,0.0,-772.1682767041441,0.0,772.1682767041441,0.0,-250.10372020014893,0.0,250.10372020014893
refrigeration,test_utility_1,test_utility_1,multifamily_li,15,0.0,-1683.170151266026,0.0,1683.170151266026,0.0,-793.1173043665794,0.0,793.1173043665794,0.0,-258.24163705668707,0.0,258.24163705668707
refrigeration,test_utility_1,test_utility_1,multifamily_li,16,0.0,-1702.6417927216885,0.0,1702.6417927216885,0.0,-810.6983307305029,0.0,810.6983307305029,0.0,-265.0849860930826,0.0,265.0849860930826
refrigeration,test_utility_1,test_utility_1,multifamily_li,17,0.0,-1718.8681606014072,0.0,1718.8681606014072,0.0,-825.4298748642099,0.0,825.4298748642099,0.0,-270.82812137196424,0.0,270.82812137196424
refrigeration,test_utility_1,test_utility_1,multifamily_li,18,0.0,-1732.390133834506,0.0,1732.390133834506,0.0,-837.7588783448515,0.0,837.7588783448515,0.0,-275.6404257889752,0.0,275.6404257889752
refrigeration,test_utility_1,test_utility_1,multifamily_li,19,0.0,-1743.6584448620883,0.0,1743.6584448620883,0.0,-848.067489491054,0.0,848.067489491054,0.0,-279.6679002593182,0.0,279.6679002593182
refrigeration,test_utility_1,test_utility_1,single_family_li,0,0.0,0.0,0.0,0.0,0.0,0.0,0.0,0.0,0.0,0.0,0.0,0.0
refrigeration,test_utility_1,test_utility_1,single_family_li,1,0.0,-499.44444444444446,0.0,499.44444444444446,0.0,-19.95555555555552,0.0,19.95555555555552,0.0,-9.933333333333337,0.0,9.933333333333337
refrigeration,test_utility_1,test_utility_1,single_family_li,2,0.0,-912.8549212385095,0.0,912.8549212385094,0.0,-116.01557769767987,0.0,116.01557769767993,0.0,-16.406457500843814,0.0,16.406457500843786
refrigeration,test_utility_1,test_utility_1,single_family_li,3,0.0,-1256.869767649595,0.0,1256.869767649595,0.0,-247.3870056988314,0.0,247.3870056988314,0.0,-47.57833977685871,0.0,47.57833977685874
refrigeration,test_utility_1,test_utility_1,single_family_li,4,0.0,-1543.3041776278362,0.0,1543.304177627836,0.0,-390.23583118784694,0.0,390.2358311878468,0.0,-90.20779804608739,0.0,90.20779804608733
refrigeration,test_utility_1,test_utility_1,single_family_li,5,0.0,-1781.7774036585008,0.0,1781.7774036585004,0.0,-530.990114193819,0.0,530.9901141938188,0.0,-136.5610380683283,0.0,136.56103806832823
refrigeration,test_utility_1,test_utility_1,single_family_li,6,0.0,-1980.3017113357212,0.0,1980.3017113357207,0.0,-662.4027812577783,0.0,662.4027812577783,0.0,-182.23439503065026,0.0,182.2343950306502
refrigeration,test_utility_1,test_utility_1,single_family_li,7,0.0,-2145.5611211297132,0.0,2145.5611211297132,0.0,-781.082288607119,0.0,781.082288607119,0.0,-224.87641288432144,0.0,224.8764128843215
refrigeration,test_utility_1,test_utility_1,single_family_li,8,0.0,-2283.12645107992,0.0,2283.12645107992,0.0,-885.9293875570701,0.0,885.9293875570704,0.0,-263.38662850487657,0.0,263.3866285048766
refrigeration,test_utility_1,test_utility_1,single_family_li,9,0.0,-2397.637577458423,0.0,2397.637577458423,0.0,-977.153943655106,0.0,977.1539436551063,0.0,-297.4083681987135,0.0,297.4083681987136
refrigeration,test_utility_1,test_utility_1,single_family_li,10,0.0,-2492.957722008606,0.0,2492.957722008606,0.0,-1055.6643726138502,0.0,1055.6643726138502,0.0,-327.00973828386407,0.0,327.00973828386407
refrigeration,test_utility_1,test_utility_1,single_family_li,11,0.0,-2572.3029868095405,0.0,2572.302986809541,0.0,-1122.6952986385193,0.0,1122.695298638519,0.0,-352.4855122188575,0.0,352.4855122188574
refrigeration,test_utility_1,test_utility_1,single_family_li,12,0.0,-2638.350589652427,0.0,2638.3505896524275,0.0,-1179.5863786493433,0.0,1179.5863786493433,0.0,-374.2363128868222,0.0,374.2363128868222
refrigeration,test_utility_1,test_utility_1,single_family_li,13,0.0,-2693.3291033666815,0.0,2693.329103366682,0.0,-1227.656122951737,0.0,1227.656122951737,0.0,-392.6968445640366,0.0,392.6968445640366
refrigeration,test_utility_1,test_utility_1,single_family_li,14,0.0,-2739.0936206394654,0.0,2739.0936206394654,0.0,-1268.134648368707,0.0,1268.134648368707,0.0,-408.29494948660346,0.0,408.2949494866034
refrigeration,test_utility_1,test_utility_1,single_family_li,15,0.0,-2777.188338264337,0.0,2777.188338264337,0.0,-1302.1323410924683,0.0,1302.1323410924686,0.0,-421.42978710830727,0.0,421.4297871083073
refrigeration,test_utility_1,test_utility_1,single_family_li,16,0.0,-2808.898658258409,0.0,2808.8986582584093,0.0,-1330.6298361766394,0.0,1330.6298361766396,0.0,-432.46166558361443,0.0,432.4616655836145
refrigeration,test_utility_1,test_utility_1,single_family_li,17,0.0,-2835.294559060628,0.0,2835.294559060629,0.0,-1354.480149602597,0.0,1354.4801496025975,0.0,-441.7087902377235,0.0,441.7087902377235
refrigeration,test_utility_1,test_utility_1,single_family_li,18,0.0,-2857.2666986497625,0.0,2857.266698649764,0.0,-1374.4172806178012,0.0,1374.4172806178017,0.0,-449.4479554037778,0.0,449.4479554037779
refrigeration,test_utility_1,test_utility_1,single_family_li,19,0.0,-2875.5564672480255,0.0,2875.5564672480264,0.0,-1391.0678232659848,0.0,1391.067823265985,0.0,-455.9173357890279,0.0,455.917335789028
refrigeration,test_utility_1,none,multifamily,0,0.0,0.0,0.0,0.0,0.0,0.0,0.0,0.0,0.0,0.0,0.0,0.0
refrigeration,test_utility_1,none,multifamily,1,0.0,-5640.0,0.0,5640.0,0.0,-225.60000000000036,0.0,225.60000000000036,0.0,-112.80000000000018,0.0,112.80000000000018
refrigeration,test_utility_1,none,multifamily,2,0.0,-10340.0,0.0,10340.0,0.0,-1312.9920000000002,0.0,1312.9920000000002,0.0,-186.4960000000001,0.0,186.4960000000001
refrigeration,test_utility_1,none,multifamily,3,0.0,-14256.666666666666,0.0,14256.666666666666,0.0,-2806.7547733333336,0.0,2806.7547733333336,0.0,-541.71072,0.0,541.71072
refrigeration,test_utility_1,none,multifamily,4,0.0,-17520.555555555555,0.0,17520.555555555555,0.0,-4435.457563022222,0.0,4435.457563022222,0.0,-1029.6732259555554,0.0,1029.6732259555554
refrigeration,test_utility_1,none,multifamily,5,0.0,-20240.462962962964,0.0,20240.462962962964,0.0,-6043.524867100443,0.0,6043.524867100443,0.0,-1561.7161372539258,0.0,1561.7161372539258
refrigeration,test_utility_1,none,multifamily,6,0.0,-22507.052469135804,0.0,22507.052469135804,0.0,-7547.446740332783,0.0,7547.446740332783,0.0,-2087.018123252811,0.0,2087.018123252811
refrigeration,test_utility_1,none,multifamily,7,0.0,-24395.877057613172,0.0,24395.877057613172,0.0,-8907.773948540053,0.0,8907.773948540053,0.0,-2578.2992685087092,0.0,2578.2992685087092
refrigeration,test_utility_1,none,multifamily,8,0.0,-25969.897548010977,0.0,25969.897548010977,0.0,-10111.325155981694,0.0,10111.325155981694,0.0,-3022.6728231897505,0.0,3022.6728231897505
refrigeration,test_utility_1,none,multifamily,9,0.0,-27281.581290009148,0.0,27281.581290009148,0.0,-11159.982026576537,0.0,11159.982026576537,0.0,-3415.832884287354,0.0,3415.832884287354
refrigeration,test_utility_1,none,multifamily,10,0.0,-28374.651075007623,0.0,28374.651075007623,0.0,-12063.718472364862,0.0,12063.718472364862,0.0,-3758.3941286816685,0.0,3758.3941286816685
refrigeration,test_utility_1,none,multifamily,11,0.0,-29285.542562506354,0.0,29285.542562506354,0.0,-12836.337914446314,0.0,12836.337914446314,0.0,-4053.614700972522,0.0,4053.614700972522
refrigeration,test_utility_1,none,multifamily,12,0.0,-30044.61880208863,0.0,30044.61880208863,0.0,-13492.931197855984,0.0,13492.931197855984,0.0,-4306.003718719129,0.0,4306.003718719129
refrigeration,test_utility_1,none,multifamily,13,0.0,-30677.18233507386,0.0,30677.18233507386,0.0,-14048.418182947347,0.0,14048.418182947347,0.0,-4520.490857966288,0.0,4520.490857966288
refrigeration,test_utility_1,none,multifamily,14,0.0,-31204.31861256155,0.0,31204.31861256155,0.0,-14516.763602037909,0.0,14516.763602037909,0.0,-4701.9499397628,0.0,4701.9499397628
refrigeration,test_utility_1,none,multifamily,15,0.0,-31643.598843801294,0.0,31643.598843801294,0.0,-14910.605322091691,0.0,14910.605322091691,0.0,-4854.942776665717,0.0,4854.942776665717
refrigeration,test_utility_1,none,multifamily,16,0.0,-32009.665703167746,0.0,32009.665703167746,0.0,-15241.128617733455,0.0,15241.128617733455,0.0,-4983.597738549953,0.0,4983.597738549953
refrigeration,test_utility_1,none,multifamily,17,0.0,-32314.721419306454,0.0,32314.721419306454,0.0,-15518.081647447147,0.0,15518.081647447147,0.0,-5091.568681792928,0.0,5091.568681792928
refrigeration,test_utility_1,none,multifamily,18,0.0,-32568.934516088713,0.0,32568.934516088713,0.0,-15749.866912883212,0.0,15749.866912883212,0.0,-5182.040004832735,0.0,5182.040004832735
refrigeration,test_utility_1,none,multifamily,19,0.0,-32780.77876340726,0.0,32780.77876340726,0.0,-15943.668802431817,0.0,15943.668802431817,0.0,-5257.756524875183,0.0,5257.756524875183
refrigeration,test_utility_1,none,single_family,0,0.0,0.0,0.0,0.0,0.0,0.0,0.0,0.0,0.0,0.0,0.0,0.0
refrigeration,test_utility_1,none,single_family,1,0.0,-27499.444444444445,0.0,27499.444444444445,0.0,-1099.9555555555562,0.0,1099.9555555555562,0.0,-549.9333333333334,0.0,549.9333333333334
refrigeration,test_utility_1,none,single_family,2,0.0,-50412.85190765685,0.0,50412.85190765685,0.0,-6401.615265049892,0.0,6401.615265049892,0.0,-909.2063719542148,0.0,909.2063719542157
refrigeration,test_utility_1,none,single_family,3,0.0,-69506.86126854034,0.0,69506.86126854035,0.0,-13683.976235050264,0.0,13683.976235050268,0.0,-2640.8734340681203,0.0,2640.8734340681212
refrigeration,test_utility_1,none,single_family,4,0.0,-85418.28835893785,0.0,85418.28835893786,0.0,-21623.801211945447,0.0,21623.801211945458,0.0,-5019.490530191384,0.0,5019.490530191387
refrigeration,test_utility_1,none,single_family,5,0.0,-98677.58627302208,0.0,98677.58627302211,0.0,-29462.74200898718,0.0,29462.742008987196,0.0,-7612.852654730845,0.0,7612.852654730847
refrigeration,test_utility_1,none,single_family,6,0.0,-109726.79546950197,0.0,109726.79546950196,0.0,-36793.77035567937,0.0,36793.77035567939,0.0,-10173.263052137096,0.0,10173.263052137103
refrigeration,test_utility_1,none,single_family,7,0.0,-118934.29012987486,0.0,118934.29012987488,0.0,-43424.64257287488,0.0,43424.64257287489,0.0,-12567.775410731043,0.0,12567.775410731047
refrigeration,test_utility_1,none,single_family,8,0.0,-126607.04953852361,0.0,126607.04953852363,0.0,-49291.15785551186,0.0,49291.15785551186,0.0,-14733.597794576563,0.0,14733.597794576563
refrigeration,test_utility_1,none,single_family,9,0.0,-133000.88728876566,0.0,133000.8872887657,0.0,-54402.53455748385,0.0,54402.53455748386,0.0,-16649.76050193167,0.0,16649.760501931672
refrigeration,test_utility_1,none,single_family,10,0.0,-138328.9780249338,0.0,138328.97802493384,0.0,-58807.42898273052,0.0,58807.42898273053,0.0,-18319.274503313707,0.0,18319.274503313707
refrigeration,test_utility_1,none,single_family,11,0.0,-142768.9640239322,0.0,142768.96402393223,0.0,-62573.156308432655,0.0,62573.15630843266,0.0,-19758.032266982646,0.0,19758.032266982646
refrigeration,test_utility_1,none,single_family,12,0.0,-146468.8776371385,0.0,146468.87763713853,0.0,-65773.29985815947,0.0,65773.29985815949,0.0,-20988.020752827757,0.0,20988.02075282776
refrigeration,test_utility_1,none,single_family,13,0.0,-149552.07670259004,0.0,149552.07670259004,0.0,-68480.60318980242,0.0,68480.60318980245,0.0,-22033.274266533706,0.0,22033.274266533714
refrigeration,test_utility_1,none,single_family,14,0.0,-152121.3573544122,0.0,152121.35735441218,0.0,-70763.1489834452,0.0,70763.14898344521,0.0,-22917.552823414673,0.0,22917.55282341468
refrigeration,test_utility_1,none,single_family,15,0.0,-154262.38131130367,0.0,154262.38131130367,0.0,-72682.54812306957,0.0,72682.54812306957,0.0,-23663.09406986351,0.0,23663.094069863513
refrigeration,test_utility_1,none,single_family,16,0.0,-156046.53189811864,0.0,156046.53189811864,0.0,-74293.32780281565,0.0,74293.32780281563,0.0,-24290.021788451155,0.0,24290.021788451148
refrigeration,test_utility_1,none,single_family,17,0.0,-157533.29401762382,0.0,157533.29401762382,0.0,-75643.00775694677,0.0,75643.00775694674,0.0,-24816.146036879174,0.0,24816.146036879163
refrigeration,test_utility_1,none,single_family,18,0.0,-158772.2374208474,0.0,158772.23742084738,0.0,-76772.54670735546,0.0,76772.54670735542,0.0,-25256.988046754115,0.0,25256.988046754097
refrigeration,test_utility_1,none,single_family,19,0.0,-159804.66939918796,0.0,159804.6693991879,0.0,-77716.96456252135,0.0,77716.96456252133,0.0,-25625.926045429936,0.0,25625.926045429926
refrigeration,test_utility_1,none,multifamily_li,0,0.0,0.0,0.0,0.0,0.0,0.0,0.0,0.0,0.0,0.0,0.0,0.0
refrigeration,test_utility_1,none,multifamily_li,1,0.0,-840.0,0.0,840.0,0.0,-33.60000000000002,0.0,33.60000000000002,0.0,-16.799999999999983,0.0,16.799999999999983
refrigeration,test_utility_1,none,multifamily_li,2,0.0,-1540.0,0.0,1540.0,0.0,-195.55200000000013,0.0,195.55200000000002,0.0,-27.77600000000004,0.0,27.775999999999982
refrigeration,test_utility_1,none,multifamily_li,3,0.0,-2123.333333333333,0.0,2123.333333333333,0.0,-418.02730666666673,0.0,418.02730666666673,0.0,-80.68032000000002,0.0,80.68032000000002
refrigeration,test_utility_1,none,multifamily_li,4,0.0,-2609.444444444444,0.0,2609.444444444444,0.0,-660.6000625777776,0.0,660.6000625777776,0.0,-153.35558684444442,0.0,153.35558684444442
refrigeration,test_utility_1,none,multifamily_li,5,0.0,-3014.5370370370365,0.0,3014.5370370370365,0.0,-900.0994482915553,0.0,900.0994482915553,0.0,-232.596020442074,0.0,232.596020442074
refrigeration,test_utility_1,none,multifamily_li,6,0.0,-3352.1141975308637,0.0,3352.1141975308637,0.0,-1124.0878123899888,0.0,1124.0878123899888,0.0,-310.8324864419081,0.0,310.8324864419081
refrigeration,test_utility_1,none,multifamily_li,7,0.0,-3633.4284979423865,0.0,3633.4284979423865,0.0,-1326.6897370166032,0.0,1326.6897370166032,0.0,-384.00201871406296,0.0,384.00201871406296
refrigeration,test_utility_1,none,multifamily_li,8,0.0,-3867.857081618655,0.0,3867.857081618655,0.0,-1505.9420445079118,0.0,1505.9420445079118,0.0,-450.1853140920903,0.0,450.1853140920903
refrigeration,test_utility_1,none,multifamily_li,9,0.0,-4063.2142346822125,0.0,4063.2142346822125,0.0,-1662.1249826816113,0.0,1662.1249826816113,0.0,-508.7410678725844,0.0,508.7410678725844
refrigeration,test_utility_1,none,multifamily_li,10,0.0,-4226.0118622351765,0.0,4226.0118622351765,0.0,-1796.7240277990213,0.0,1796.7240277990213,0.0,-559.760827675993,0.0,559.760827675993
refrigeration,test_utility_1,none,multifamily_li,11,0.0,-4361.676551862647,0.0,4361.676551862647,0.0,-1911.7950085345567,0.0,1911.7950085345567,0.0,-603.7298490810136,0.0,603.7298490810136
refrigeration,test_utility_1,none,multifamily_li,12,0.0,-4474.730459885539,0.0,4474.730459885539,0.0,-2009.5854975530178,0.0,2009.5854975530178,0.0,-641.3197027879552,0.0,641.3197027879552
refrigeration,test_utility_1,none,multifamily_li,13,0.0,-4568.9420499046155,0.0,4568.9420499046155,0.0,-2092.3176017155615,0.0,2092.3176017155615,0.0,-673.2645958673191,0.0,673.2645958673191
refrigeration,test_utility_1,none,multifamily_li,14,0.0,-4647.451708253846,0.0,4647.451708253846,0.0,-2162.0711747716027,0.0,2162.0711747716027,0.0,-700.2904165604167,0.0,700.2904165604167
refrigeration,test_utility_1,none,multifamily_li,15,0.0,-4712.876423544872,0.0,4712.876423544872,0.0,-2220.7284522264213,0.0,2220.7284522264213,0.0,-723.0765837587236,0.0,723.0765837587236
refrigeration,test_utility_1,none,multifamily_li,16,0.0,-4767.3970196207265,0.0,4767.3970196207265,0.0,-2269.955326045407,0.0,2269.955326045407,0.0,-742.2379610606309,0.0,742.2379610606309
refrigeration,test_utility_1,none,multifamily_li,17,0.0,-4812.830849683938,0.0,4812.830849683938,0.0,-2311.203649619787,0.0,2311.203649619787,0.0,-758.3187398414996,0.0,758.3187398414996
refrigeration,test_utility_1,none,multifamily_li,18,0.0,-4850.692374736615,0.0,4850.692374736615,0.0,-2345.7248593655836,0.0,2345.7248593655836,0.0,-771.7931922091304,0.0,771.7931922091304
refrigeration,test_utility_1,none,multifamily_li,19,0.0,-4882.243645613846,0.0,4882.243645613846,0.0,-2374.5889705749505,0.0,2374.5889705749505,0.0,-783.0701207260906,0.0,783.0701207260906
refrigeration,test_utility_1,none,single_family_li,0,0.0,0.0,0.0,0.0,0.0,0.0,0.0,0.0,0.0,0.0,0.0,0.0
refrigeration,test_utility_1,none,single_family_li,1,0.0,-1899.4444444444443,0.0,1899.4444444444443,0.0,-75.95555555555575,0.0,75.95555555555575,0.0,-37.93333333333334,0.0,37.93333333333334
refrigeration,test_utility_1,none,single_family_li,2,0.0,-3479.519326229806,0.0,3479.5193262298058,0.0,-441.93534306799097,0.0,441.93534306799097,0.0,-62.69972662902103,0.0,62.69972662902103
refrigeration,test_utility_1,none,single_family_li,3,0.0,-4795.7522784450775,0.0,4795.752278445078,0.0,-944.0971045197603,0.0,944.0971045197607,0.0,-182.04486017094285,0.0,182.04486017094285
refrigeration,test_utility_1,none,single_family_li,4,0.0,-5892.366381519517,0.0,5892.366381519518,0.0,-1491.2298889938518,0.0,1491.229888993852,0.0,-345.79745119257734,0.0,345.7974511925775
refrigeration,test_utility_1,none,single_family_li,5,0.0,-6805.987442491108,0.0,6805.987442491108,0.0,-2031.1437941325726,0.0,2031.1437941325728,0.0,-524.2142913216892,0.0,524.2142913216891
refrigeration,test_utility_1,none,single_family_li,6,0.0,-7567.133182771121,0.0,7567.133182771123,0.0,-2535.86266981134,0.0,2535.8626698113403,0.0,-700.2768772834736,0.0,700.2768772834736
refrigeration,test_utility_1,none,single_family_li,7,0.0,-8201.242169343133,0.0,8201.242169343133,0.0,-2992.2030456262496,0.0,2992.20304562625,0.0,-864.8625061740108,0.0,864.8625061740111
refrigeration,test_utility_1,none,single_family_li,8,0.0,-8729.514008061173,0.0,8729.514008061175,0.0,-3395.7941473864644,0.0,3395.794147386465,0.0,-1013.6721872682119,0.0,1013.6721872682124
refrigeration,test_utility_1,none,single_family_li,9,0.0,-9169.61256130961,0.0,9169.612561309612,0.0,-3747.3133124025335,0.0,3747.3133124025335,0.0,-1145.280658654539,0.0,1145.2806586545387
refrigeration,test_utility_1,none,single_family_li,10,0.0,-9536.254366336078,0.0,9536.25436633608,0.0,-4050.1450777438677,0.0,4050.1450777438677,0.0,-1259.9088024335394,0.0,1259.9088024335392
refrigeration,test_utility_1,none,single_family_li,11,0.0,-9841.699946769406,0.0,9841.699946769408,0.0,-4308.9507077130675,0.0,4308.950707713069,0.0,-1358.6602967092028,0.0,1358.6602967092026
refrigeration,test_utility_1,none,single_family_li,12,0.0,-10096.163529252084,0.0,10096.163529252086,0.0,-4528.816008096801,0.0,4528.816008096803,0.0,-1443.0551506117642,0.0,1443.055150611765
refrigeration,test_utility_1,none,single_family_li,13,0.0,-10308.154517712144,0.0,10308.154517712146,0.0,-4714.7631385236045,0.0,4714.763138523607,0.0,-1514.751813005935,0.0,1514.751813005936
refrigeration,test_utility_1,none,single_family_li,14,0.0,-10484.762021056129,0.0,10484.762021056133,0.0,-4871.488729475157,0.0,4871.488729475158,0.0,-1575.3879779788335,0.0,1575.3879779788342
refrigeration,test_utility_1,none,single_family_li,15,0.0,-10631.891906774985,0.0,10631.891906774988,0.0,-5003.240279225376,0.0,5003.240279225377,0.0,-1626.4951865950245,0.0,1626.4951865950247
refrigeration,test_utility_1,none,single_family_li,16,0.0,-10754.464293392639,0.0,10754.464293392643,0.0,-5113.774932967812,0.0,5113.774932967814,0.0,-1669.4585207711293,0.0,1669.4585207711295
refrigeration,test_utility_1,none,single_family_li,17,0.0,-10856.578081234844,0.0,10856.578081234842,0.0,-5206.36546377922,0.0,5206.365463779223,0.0,-1705.5031614270747,0.0,1705.5031614270754
refrigeration,test_utility_1,none,single_family_li,18,0.0,-10941.64802192954,0.0,10941.648021929539,0.0,-5283.8315836657075,0.0,5283.831583665709,0.0,-1735.6963388442748,0.0,1735.696338844276
refrigeration,test_utility_1,none,single_family_li,19,0.0,-11012.518909796396,0.0,11012.518909796394,0.0,-5348.583219711813,0.0,5348.583219711814,0.0,-1760.9575429981417,0.0,1760.9575429981423
refrigeration,test_utility_1,test_utility_2,multifamily,0,0.0,0.0,0.0,0.0,0.0,0.0,0.0,0.0,0.0,0.0,0.0,0.0
refrigeration,test_utility_1,test_utility_2,multifamily,1,0.0,-6000.0,0.0,6000.0,0.0,-240.0,0.0,240.0,0.0,-120.0,0.0,120.0
refrigeration,test_utility_1,test_utility_2,multifamily,2,0.0,-11000.0,0.0,11000.0,0.0,-1396.8000000000002,0.0,1396.8000000000002,0.0,-198.39999999999986,0.0,198.39999999999986
refrigeration,test_utility_1,test_utility_2,multifamily,3,0.0,-15166.666666666666,0.0,15166.666666666666,0.0,-2985.909333333333,0.0,2985.909333333333,0.0,-576.288,0.0,576.288
refrigeration,test_utility_1,test_utility_2,multifamily,4,0.0,-18638.88888888889,0.0,18638.88888888889,0.0,-4718.5718755555545,0.0,4718.5718755555545,0.0,-1095.3970488888885,0.0,1095.3970488888885
refrigeration,test_utility_1,test_utility_2,multifamily,5,0.0,-21532.407407407405,0.0,21532.407407407405,0.0,-6429.28177351111,0.0,6429.28177351111,0.0,-1661.4001460148143,0.0,1661.4001460148143
refrigeration,test_utility_1,test_utility_2,multifamily,6,0.0,-23943.67283950617,0.0,23943.67283950617,0.0,-8029.198659928492,0.0,8029.198659928492,0.0,-2220.2320460136293,0.0,2220.2320460136293
refrigeration,test_utility_1,test_utility_2,multifamily,7,0.0,-25953.060699588477,0.0,25953.060699588477,0.0,-9476.355264404308,0.0,9476.355264404308,0.0,-2742.8715622433074,0.0,2742.8715622433074
refrigeration,test_utility_1,test_utility_2,multifamily,8,0.0,-27627.5505829904,0.0,27627.5505829904,0.0,-10756.728889342228,0.0,10756.728889342228,0.0,-3215.6093863720744,0.0,3215.6093863720744
refrigeration,test_utility_1,test_utility_2,multifamily,9,0.0,-29022.958819158666,0.0,29022.958819158666,0.0,-11872.321304868656,0.0,11872.321304868656,0.0,-3633.864770518461,0.0,3633.864770518461
refrigeration,test_utility_1,test_utility_2,multifamily,10,0.0,-30185.799015965553,0.0,30185.799015965553,0.0,-12833.743055707298,0.0,12833.743055707298,0.0,-3998.2916262570934,0.0,3998.2916262570934
refrigeration,test_utility_1,test_utility_2,multifamily,11,0.0,-31154.83251330463,0.0,31154.83251330463,0.0,-13655.678632389692,0.0,13655.678632389692,0.0,-4312.356064864383,0.0,4312.356064864383
refrigeration,test_utility_1,test_utility_2,multifamily,12,0.0,-31962.360427753854,0.0,31962.360427753854,0.0,-14354.182125378702,0.0,14354.182125378702,0.0,-4580.855019913965,0.0,4580.855019913965
refrigeration,test_utility_1,test_utility_2,multifamily,13,0.0,-32635.300356461543,0.0,32635.300356461543,0.0,-14945.125726539727,0.0,14945.125726539727,0.0,-4809.032827623709,0.0,4809.032827623709
refrigeration,test_utility_1,test_utility_2,multifamily,14,0.0,-33196.083630384615,0.0,33196.083630384615,0.0,-15443.36553408288,0.0,15443.36553408288,0.0,-5002.074404002978,0.0,5002.074404002978
refrigeration,test_utility_1,test_utility_2,multifamily,15,0.0,-33663.40302532051,0.0,33663.40302532051,0.0,-15862.346087331583,0.0,15862.346087331583,0.0,-5164.8327411337405,0.0,5164.8327411337405
refrigeration,test_utility_1,test_utility_2,multifamily,16,0.0,-34052.83585443376,0.0,34052.83585443376,0.0,-16213.966614610052,0.0,16213.966614610052,0.0,-5301.699721861651,0.0,5301.699721861651
refrigeration,test_utility_1,test_utility_2,multifamily,17,0.0,-34377.36321202813,0.0,34377.36321202813,0.0,-16508.59749728419,0.0,16508.59749728419,0.0,-5416.562427439283,0.0,5416.562427439283
refrigeration,test_utility_1,test_utility_2,multifamily,18,0.0,-34647.80267669011,0.0,34647.80267669011,0.0,-16755.177566897026,0.0,16755.177566897026,0.0,-5512.808515779501,0.0,5512.808515779501
refrigeration,test_utility_1,test_utility_2,multifamily,19,0.0,-34873.16889724176,0.0,34873.16889724176,0.0,-16961.349789821074,0.0,16961.349789821074,0.0,-5593.358005186361,0.0,5593.358005186361
refrigeration,test_utility_1,test_utility_2,single_family,0,0.0,0.0,0.0,0.0,0.0,0.0,0.0,0.0,0.0,0.0,0.0,0.0
refrigeration,test_utility_1,test_utility_2,single_family,1,0.0,-9999.444444444445,0.0,9999.444444444445,0.0,-399.9555555555553,0.0,399.9555555555553,0.0,-199.9333333333334,0.0,199.9333333333334
refrigeration,test_utility_1,test_utility_2,single_family,2,0.0,-18329.518671982456,0.0,18329.51867198245,0.0,-2327.6152751834206,0.0,2327.6152751834225,0.0,-330.53970805930794,0.0,330.53970805930794
refrigeration,test_utility_1,test_utility_2,single_family,3,0.0,-25270.75043292703,0.0,25270.750432927016,0.0,-4975.074102681184,0.0,4975.074102681185,0.0,-960.0334634393885,0.0,960.0334634393885
refrigeration,test_utility_1,test_utility_2,single_family,4,0.0,-31054.862945913224,0.0,31054.86294591321,0.0,-7861.300169733919,0.0,7861.300169733917,0.0,-1824.5826003758639,0.0,1824.5826003758643
refrigeration,test_utility_1,test_utility_2,single_family,5,0.0,-35874.73212817898,0.0,35874.73212817897,0.0,-10710.67069174484,0.0,10710.670691744835,0.0,-2767.1025224822665,0.0,2767.102522482266
refrigeration,test_utility_1,test_utility_2,single_family,6,0.0,-39891.08412457493,0.0,39891.08412457491,0.0,-13375.275121389033,0.0,13375.275121389026,0.0,-3697.5867565758845,0.0,3697.5867565758836
refrigeration,test_utility_1,test_utility_2,single_family,7,0.0,-43237.864521700925,0.0,43237.86452170092,0.0,-15785.274299369588,0.0,15785.274299369581,0.0,-4567.734102978493,0.0,4567.734102978489
refrigeration,test_utility_1,test_utility_2,single_family,8,0.0,-46026.69544155308,0.0,46026.695441553056,0.0,-17917.36693637294,0.0,17917.366936372928,0.0,-5354.738094915615,0.0,5354.738094915612
refrigeration,test_utility_1,test_utility_2,single_family,9,0.0,-48350.592842277205,0.0,48350.59284227719,0.0,-19774.932873103433,0.0,19774.93287310342,0.0,-6050.989534318872,0.0,6050.989534318868
refrigeration,test_utility_1,test_utility_2,single_family,10,0.0,-50287.06667249132,0.0,50287.0666724913,0.0,-21375.680977169788,0.0,21375.680977169777,0.0,-6657.5921410686615,0.0,6657.592141068657
refrigeration,test_utility_1,test_utility_2,single_family,11,0.0,-51900.70529634417,0.0,51900.705296344146,0.0,-22744.09665043887,0.0,22744.096650438863,0.0,-7180.328885864569,0.0,7180.328885864566
refrigeration,test_utility_1,test_utility_2,single_family,12,0.0,-53245.32947163852,0.0,53245.3294716385,0.0,-23906.93877748837,0.0,23906.938777488365,0.0,-7627.195667890348,0.0,7627.195667890347
refrigeration,test_utility_1,test_utility_2,single_family,13,0.0,-54365.78737551026,0.0,54365.78737551024,0.0,-24890.657017241887,0.0,24890.65701724188,0.0,-8006.930809291526,0.0,8006.930809291524
refrigeration,test_utility_1,test_utility_2,single_family,14,0.0,-55299.45042508284,0.0,55299.45042508282,0.0,-25720.003759354706,0.0,25720.0037593547,0.0,-8328.171652003124,0.0,8328.17165200312
refrigeration,test_utility_1,test_utility_2,single_family,15,0.0,-56077.459741960905,0.0,56077.45974196089,0.0,-26417.376645777185,0.0,26417.376645777174,0.0,-8599.001281422808,0.0,8599.001281422805
refrigeration,test_utility_1,test_utility_2,single_family,16,0.0,-56725.76482047766,0.0,56725.76482047765,0.0,-27002.596786977763,0.0,27002.596786977752,0.0,-8826.733821750882,0.0,8826.733821750877
refrigeration,test_utility_1,test_utility_2,single_family,17,0.0,-57265.989038333646,0.0,57265.989038333624,0.0,-27492.93697147331,0.0,27492.936971473297,0.0,-9017.842010785338,0.0,9017.842010785334
refrigeration,test_utility_1,test_utility_2,single_family,18,0.0,-57716.150876010695,0.0,57716.15087601068,0.0,-27903.284329761467,0.0,27903.284329761456,0.0,-9177.966411967585,0.0,9177.966411967582
refrigeration,test_utility_1,test_utility_2,single_family,19,0.0,-58091.26489976656,0.0,58091.264899766546,0.0,-28246.366786164486,0.0,28246.366786164483,0.0,-9311.968533556175,0.0,9311.968533556172
refrigeration,test_utility_1,test_utility_2,multifamily_li,0,0.0,0.0,0.0,0.0,0.0,0.0,0.0,0.0,0.0,0.0,0.0,0.0
refrigeration,test_utility_1,test_utility_2,multifamily_li,1,0.0,-1200.0,0.0,1200.0,0.0,-48.0,0.0,48.0,0.0,-24.0,0.0,24.0
refrigeration,test_utility_1,test_utility_2,multifamily_li,2,0.0,-2200.0,0.0,2200.0,0.0,-279.36,0.0,279.36,0.0,-39.68000000000001,0.0,39.68000000000001
refrigeration,test_utility_1,test_utility_2,multifamily_li,3,0.0,-3033.333333333333,0.0,3033.333333333333,0.0,-597.1818666666666,0.0,597.1818666666666,0.0,-115.25760000000002,0.0,115.25760000000002
refrigeration,test_utility_1,test_utility_2,multifamily_li,4,0.0,-3727.7777777777783,0.0,3727.7777777777774,0.0,-943.7143751111108,0.0,943.7143751111108,0.0,-219.07940977777773,0.0,219.07940977777773
refrigeration,test_utility_1,test_utility_2,multifamily_li,5,0.0,-4306.481481481482,0.0,4306.481481481481,0.0,-1285.8563547022218,0.0,1285.8563547022218,0.0,-332.2800292029628,0.0,332.2800292029628
refrigeration,test_utility_1,test_utility_2,multifamily_li,6,0.0,-4788.734567901233,0.0,4788.734567901233,0.0,-1605.8397319856983,0.0,1605.8397319856983,0.0,-444.0464092027257,0.0,444.0464092027257
refrigeration,test_utility_1,test_utility_2,multifamily_li,7,0.0,-5190.612139917695,0.0,5190.612139917695,0.0,-1895.2710528808616,0.0,1895.2710528808616,0.0,-548.5743124486614,0.0,548.5743124486614
refrigeration,test_utility_1,test_utility_2,multifamily_li,8,0.0,-5525.510116598079,0.0,5525.510116598079,0.0,-2151.345777868445,0.0,2151.345777868445,0.0,-643.1218772744148,0.0,643.1218772744148
refrigeration,test_utility_1,test_utility_2,multifamily_li,9,0.0,-5804.591763831733,0.0,5804.591763831733,0.0,-2374.4642609737302,0.0,2374.4642609737302,0.0,-726.772954103692,0.0,726.772954103692
refrigeration,test_utility_1,test_utility_2,multifamily_li,10,0.0,-6037.159803193111,0.0,6037.159803193111,0.0,-2566.748611141459,0.0,2566.748611141459,0.0,-799.6583252514184,0.0,799.6583252514184
refrigeration,test_utility_1,test_utility_2,multifamily_li,11,0.0,-6230.966502660926,0.0,6230.966502660926,0.0,-2731.135726477938,0.0,2731.135726477938,0.0,-862.4712129728766,0.0,862.4712129728766
refrigeration,test_utility_1,test_utility_2,multifamily_li,12,0.0,-6392.472085550772,0.0,6392.472085550772,0.0,-2870.8364250757404,0.0,2870.8364250757404,0.0,-916.1710039827932,0.0,916.1710039827932
refrigeration,test_utility_1,test_utility_2,multifamily_li,13,0.0,-6527.060071292311,0.0,6527.060071292311,0.0,-2989.025145307946,0.0,2989.025145307946,0.0,-961.8065655247418,0.0,961.8065655247418
refrigeration,test_utility_1,test_utility_2,multifamily_li,14,0.0,-6639.216726076926,0.0,6639.216726076926,0.0,-3088.6731068165764,0.0,3088.6731068165764,0.0,-1000.4148808005957,0.0,1000.4148808005957
refrigeration,test_utility_1,test_utility_2,multifamily_li,15,0.0,-6732.680605064104,0.0,6732.680605064104,0.0,-3172.469217466318,0.0,3172.469217466318,0.0,-1032.9665482267483,0.0,1032.9665482267483
refrigeration,test_utility_1,test_utility_2,multifamily_li,16,0.0,-6810.567170886754,0.0,6810.567170886754,0.0,-3242.7933229220116,0.0,3242.7933229220116,0.0,-1060.3399443723304,0.0,1060.3399443723304
refrigeration,test_utility_1,test_utility_2,multifamily_li,17,0.0,-6875.472642405629,0.0,6875.472642405629,0.0,-3301.7194994568395,0.0,3301.7194994568395,0.0,-1083.312485487857,0.0,1083.312485487857
refrigeration,test_utility_1,test_utility_2,multifamily_li,18,0.0,-6929.560535338024,0.0,6929.560535338024,0.0,-3351.035513379406,0.0,3351.035513379406,0.0,-1102.561703155901,0.0,1102.561703155901
refrigeration,test_utility_1,test_utility_2,multifamily_li,19,0.0,-6974.633779448353,0.0,6974.633779448353,0.0,-3392.269957964216,0.0,3392.269957964216,0.0,-1118.6716010372727,0.0,1118.6716010372727
refrigeration,test_utility_1,test_utility_2,single_family_li,0,0.0,0.0,0.0,0.0,0.0,0.0,0.0,0.0,0.0,0.0,0.0,0.0
refrigeration,test_utility_1,test_utility_2,single_family_li,1,0.0,-1999.4444444444443,0.0,1999.4444444444443,0.0,-79.95555555555575,0.0,79.95555555555575,0.0,-39.93333333333334,0.0,39.93333333333334
refrigeration,test_utility_1,test_utility_2,single_family_li,2,0.0,-3662.8526191772007,0.0,3662.8526191772007,0.0,-465.21533887770966,0.0,465.21533887770966,0.0,-66.00639214935808,0.0,66.00639214935813
refrigeration,test_utility_1,test_utility_2,single_family_li,3,0.0,-5048.529942307533,0.0,5048.529942307534,0.0,-993.8622229303246,0.0,993.8622229303251,0.0,-191.64964802872584,0.0,191.6496480287259
refrigeration,test_utility_1,test_utility_2,single_family_li,4,0.0,-6203.0143176157135,0.0,6203.0143176157135,0.0,-1569.8726455112392,0.0,1569.8726455112403,0.0,-364.05401518494364,0.0,364.05401518494375
refrigeration,test_utility_1,test_utility_2,single_family_li,5,0.0,-7164.860571290791,0.0,7164.860571290792,0.0,-2138.298274591386,0.0,2138.298274591387,0.0,-551.9041724565379,0.0,551.9041724565384
refrigeration,test_utility_1,test_utility_2,single_family_li,6,0.0,-7966.193940595366,0.0,7966.193940595367,0.0,-2669.682293351291,0.0,2669.6822933512917,0.0,-737.2805360206935,0.0,737.2805360206938
refrigeration,test_utility_1,test_utility_2,single_family_li,7,0.0,-8633.792589059849,0.0,8633.792589059849,0.0,-3150.1417846689264,0.0,3150.141784668927,0.0,-910.57672302183,0.0,910.5767230218303
refrigeration,test_utility_1,test_utility_2,single_family_li,8,0.0,-9189.97245298043,0.0,9189.97245298043,0.0,-3575.07227054189,0.0,3575.0722705418907,0.0,-1067.2652598275224,0.0,1067.2652598275229
refrigeration,test_utility_1,test_utility_2,single_family_li,9,0.0,-9653.327670046023,0.0,9653.327670046025,0.0,-3945.184458132182,0.0,3945.184458132183,0.0,-1205.8445432602161,0.0,1205.8445432602166
refrigeration,test_utility_1,test_utility_2,single_family_li,10,0.0,-10039.350006815224,0.0,10039.350006815226,0.0,-4264.039732790347,0.0,4264.039732790348,0.0,-1326.5463574703906,0.0,1326.546357470391
refrigeration,test_utility_1,test_utility_2,single_family_li,11,0.0,-10360.946011200915,0.0,10360.946011200915,0.0,-4536.544104973294,0.0,4536.544104973295,0.0,-1430.5321516946542,0.0,1430.5321516946542
refrigeration,test_utility_1,test_utility_2,single_family_li,12,0.0,-10628.868263254371,0.0,10628.868263254373,0.0,-4768.050952134489,0.0,4768.05095213449,0.0,-1519.401885787418,0.0,1519.4018857874185
refrigeration,test_utility_1,test_utility_2,single_family_li,13,0.0,-10852.074794573697,0.0,10852.0747945737,0.0,-4963.846972914727,0.0,4963.846972914727,0.0,-1594.9014154104198,0.0,1594.90141541042
refrigeration,test_utility_1,test_utility_2,single_family_li,14,0.0,-11038.028570284756,0.0,11038.02857028476,0.0,-5128.876401069451,0.0,5128.876401069452,0.0,-1658.7548506084072,0.0,1658.7548506084074
refrigeration,test_utility_1,test_utility_2,single_family_li,15,0.0,-11192.947004559055,0.0,11192.947004559059,0.0,-5267.610811486587,0.0,5267.610811486589,0.0,-1712.5746159551836,0.0,1712.574615955184
refrigeration,test_utility_1,test_utility_2,single_family_li,16,0.0,-11322.009837992575,0.0,11322.00983799258,0.0,-5384.005670263148,0.0,5384.00567026315,0.0,-1757.8189914404584,0.0,1757.818991440459
refrigeration,test_utility_1,test_utility_2,single_family_li,17,0.0,-11429.532322485504,0.0,11429.53232248551,0.0,-5481.506590199783,0.0,5481.506590199786,0.0,-1795.7779424968992,0.0,1795.7779424968999
refrigeration,test_utility_1,test_utility_2,single_family_li,18,0.0,-11519.109502503012,0.0,11519.109502503017,0.0,-5563.082263574018,0.0,5563.0822635740205,0.0,-1827.5751600603385,0.0,1827.5751600603394
refrigeration,test_utility_1,test_utility_2,single_family_li,19,0.0,-11593.736416265754,0.0,11593.73641626576,0.0,-5631.2699997874115,0.0,5631.269999787415,0.0,-1854.1788006807217,0.0,1854.1788006807228
refrigeration,none,test_utility_1,multifamily,0,0.0,0.0,0.0,0.0,0.0,0.0,0.0,0.0,0.0,0.0,0.0,0.0
refrigeration,none,test_utility_1,multifamily,1,0.0,0.0,0.0,0.0,0.0,0.0,0.0,0.0,0.0,0.0,0.0,0.0
refrigeration,none,test_utility_1,multifamily,2,0.0,0.0,0.0,0.0,0.0,0.0,0.0,0.0,0.0,0.0,0.0,0.0
refrigeration,none,test_utility_1,multifamily,3,0.0,0.0,0.0,0.0,0.0,0.0,0.0,0.0,0.0,0.0,0.0,0.0
refrigeration,none,test_utility_1,multifamily,4,0.0,0.0,0.0,0.0,0.0,0.0,0.0,0.0,0.0,0.0,0.0,0.0
refrigeration,none,test_utility_1,multifamily,5,0.0,0.0,0.0,0.0,0.0,0.0,0.0,0.0,0.0,0.0,0.0,0.0
refrigeration,none,test_utility_1,multifamily,6,0.0,0.0,0.0,0.0,0.0,0.0,0.0,0.0,0.0,0.0,0.0,0.0
refrigeration,none,test_utility_1,multifamily,7,0.0,0.0,0.0,0.0,0.0,0.0,0.0,0.0,0.0,0.0,0.0,0.0
refrigeration,none,test_utility_1,multifamily,8,0.0,0.0,0.0,0.0,0.0,0.0,0.0,0.0,0.0,0.0,0.0,0.0
refrigeration,none,test_utility_1,multifamily,9,0.0,0.0,0.0,0.0,0.0,0.0,0.0,0.0,0.0,0.0,0.0,0.0
refrigeration,none,test_utility_1,multifamily,10,0.0,0.0,0.0,0.0,0.0,0.0,0.0,0.0,0.0,0.0,0.0,0.0
refrigeration,none,test_utility_1,multifamily,11,0.0,0.0,0.0,0.0,0.0,0.0,0.0,0.0,0.0,0.0,0.0,0.0
refrigeration,none,test_utility_1,multifamily,12,0.0,0.0,0.0,0.0,0.0,0.0,0.0,0.0,0.0,0.0,0.0,0.0
refrigeration,none,test_utility_1,multifamily,13,0.0,0.0,0.0,0.0,0.0,0.0,0.0,0.0,0.0,0.0,0.0,0.0
refrigeration,none,test_utility_1,multifamily,14,0.0,0.0,0.0,0.0,0.0,0.0,0.0,0.0,0.0,0.0,0.0,0.0
refrigeration,none,test_utility_1,multifamily,15,0.0,0.0,0.0,0.0,0.0,0.0,0.0,0.0,0.0,0.0,0.0,0.0
refrigeration,none,test_utility_1,multifamily,16,0.0,0.0,0.0,0.0,0.0,0.0,0.0,0.0,0.0,0.0,0.0,0.0
refrigeration,none,test_utility_1,multifamily,17,0.0,0.0,0.0,0.0,0.0,0.0,0.0,0.0,0.0,0.0,0.0,0.0
refrigeration,none,test_utility_1,multifamily,18,0.0,0.0,0.0,0.0,0.0,0.0,0.0,0.0,0.0,0.0,0.0,0.0
refrigeration,none,test_utility_1,multifamily,19,0.0,0.0,0.0,0.0,0.0,0.0,0.0,0.0,0.0,0.0,0.0,0.0
refrigeration,none,test_utility_1,single_family,0,0.0,0.0,0.0,0.0,0.0,0.0,0.0,0.0,0.0,0.0,0.0,0.0
refrigeration,none,test_utility_1,single_family,1,0.0,0.0,0.0,0.0,0.0,0.0,0.0,0.0,0.0,0.0,0.0,0.0
refrigeration,none,test_utility_1,single_family,2,0.0,0.0,0.0,0.0,0.0,0.0,0.0,0.0,0.0,0.0,0.0,0.0
refrigeration,none,test_utility_1,single_family,3,0.0,0.0,0.0,0.0,0.0,0.0,0.0,0.0,0.0,0.0,0.0,0.0
refrigeration,none,test_utility_1,single_family,4,0.0,0.0,0.0,0.0,0.0,0.0,0.0,0.0,0.0,0.0,0.0,0.0
refrigeration,none,test_utility_1,single_family,5,0.0,0.0,0.0,0.0,0.0,0.0,0.0,0.0,0.0,0.0,0.0,0.0
refrigeration,none,test_utility_1,single_family,6,0.0,0.0,0.0,0.0,0.0,0.0,0.0,0.0,0.0,0.0,0.0,0.0
refrigeration,none,test_utility_1,single_family,7,0.0,0.0,0.0,0.0,0.0,0.0,0.0,0.0,0.0,0.0,0.0,0.0
refrigeration,none,test_utility_1,single_family,8,0.0,0.0,0.0,0.0,0.0,0.0,0.0,0.0,0.0,0.0,0.0,0.0
refrigeration,none,test_utility_1,single_family,9,0.0,0.0,0.0,0.0,0.0,0.0,0.0,0.0,0.0,0.0,0.0,0.0
refrigeration,none,test_utility_1,single_family,10,0.0,0.0,0.0,0.0,0.0,0.0,0.0,0.0,0.0,0.0,0.0,0.0
refrigeration,none,test_utility_1,single_family,11,0.0,0.0,0.0,0.0,0.0,0.0,0.0,0.0,0.0,0.0,0.0,0.0
refrigeration,none,test_utility_1,single_family,12,0.0,0.0,0.0,0.0,0.0,0.0,0.0,0.0,0.0,0.0,0.0,0.0
refrigeration,none,test_utility_1,single_family,13,0.0,0.0,0.0,0.0,0.0,0.0,0.0,0.0,0.0,0.0,0.0,0.0
refrigeration,none,test_utility_1,single_family,14,0.0,0.0,0.0,0.0,0.0,0.0,0.0,0.0,0.0,0.0,0.0,0.0
refrigeration,none,test_utility_1,single_family,15,0.0,0.0,0.0,0.0,0.0,0.0,0.0,0.0,0.0,0.0,0.0,0.0
refrigeration,none,test_utility_1,single_family,16,0.0,0.0,0.0,0.0,0.0,0.0,0.0,0.0,0.0,0.0,0.0,0.0
refrigeration,none,test_utility_1,single_family,17,0.0,0.0,0.0,0.0,0.0,0.0,0.0,0.0,0.0,0.0,0.0,0.0
refrigeration,none,test_utility_1,single_family,18,0.0,0.0,0.0,0.0,0.0,0.0,0.0,0.0,0.0,0.0,0.0,0.0
refrigeration,none,test_utility_1,single_family,19,0.0,0.0,0.0,0.0,0.0,0.0,0.0,0.0,0.0,0.0,0.0,0.0
refrigeration,none,test_utility_1,multifamily_li,0,0.0,0.0,0.0,0.0,0.0,0.0,0.0,0.0,0.0,0.0,0.0,0.0
refrigeration,none,test_utility_1,multifamily_li,1,0.0,0.0,0.0,0.0,0.0,0.0,0.0,0.0,0.0,0.0,0.0,0.0
refrigeration,none,test_utility_1,multifamily_li,2,0.0,0.0,0.0,0.0,0.0,0.0,0.0,0.0,0.0,0.0,0.0,0.0
refrigeration,none,test_utility_1,multifamily_li,3,0.0,0.0,0.0,0.0,0.0,0.0,0.0,0.0,0.0,0.0,0.0,0.0
refrigeration,none,test_utility_1,multifamily_li,4,0.0,0.0,0.0,0.0,0.0,0.0,0.0,0.0,0.0,0.0,0.0,0.0
refrigeration,none,test_utility_1,multifamily_li,5,0.0,0.0,0.0,0.0,0.0,0.0,0.0,0.0,0.0,0.0,0.0,0.0
refrigeration,none,test_utility_1,multifamily_li,6,0.0,0.0,0.0,0.0,0.0,0.0,0.0,0.0,0.0,0.0,0.0,0.0
refrigeration,none,test_utility_1,multifamily_li,7,0.0,0.0,0.0,0.0,0.0,0.0,0.0,0.0,0.0,0.0,0.0,0.0
refrigeration,none,test_utility_1,multifamily_li,8,0.0,0.0,0.0,0.0,0.0,0.0,0.0,0.0,0.0,0.0,0.0,0.0
refrigeration,none,test_utility_1,multifamily_li,9,0.0,0.0,0.0,0.0,0.0,0.0,0.0,0.0,0.0,0.0,0.0,0.0
refrigeration,none,test_utility_1,multifamily_li,10,0.0,0.0,0.0,0.0,0.0,0.0,0.0,0.0,0.0,0.0,0.0,0.0
refrigeration,none,test_utility_1,multifamily_li,11,0.0,0.0,0.0,0.0,0.0,0.0,0.0,0.0,0.0,0.0,0.0,0.0
refrigeration,none,test_utility_1,multifamily_li,12,0.0,0.0,0.0,0.0,0.0,0.0,0.0,0.0,0.0,0.0,0.0,0.0
refrigeration,none,test_utility_1,multifamily_li,13,0.0,0.0,0.0,0.0,0.0,0.0,0.0,0.0,0.0,0.0,0.0,0.0
refrigeration,none,test_utility_1,multifamily_li,14,0.0,0.0,0.0,0.0,0.0,0.0,0.0,0.0,0.0,0.0,0.0,0.0
refrigeration,none,test_utility_1,multifamily_li,15,0.0,0.0,0.0,0.0,0.0,0.0,0.0,0.0,0.0,0.0,0.0,0.0
refrigeration,none,test_utility_1,multifamily_li,16,0.0,0.0,0.0,0.0,0.0,0.0,0.0,0.0,0.0,0.0,0.0,0.0
refrigeration,none,test_utility_1,multifamily_li,17,0.0,0.0,0.0,0.0,0.0,0.0,0.0,0.0,0.0,0.0,0.0,0.0
refrigeration,none,test_utility_1,multifamily_li,18,0.0,0.0,0.0,0.0,0.0,0.0,0.0,0.0,0.0,0.0,0.0,0.0
refrigeration,none,test_utility_1,multifamily_li,19,0.0,0.0,0.0,0.0,0.0,0.0,0.0,0.0,0.0,0.0,0.0,0.0
refrigeration,none,test_utility_1,single_family_li,0,0.0,0.0,0.0,0.0,0.0,0.0,0.0,0.0,0.0,0.0,0.0,0.0
refrigeration,none,test_utility_1,single_family_li,1,0.0,0.0,0.0,0.0,0.0,0.0,0.0,0.0,0.0,0.0,0.0,0.0
refrigeration,none,test_utility_1,single_family_li,2,0.0,0.0,0.0,0.0,0.0,0.0,0.0,0.0,0.0,0.0,0.0,0.0
refrigeration,none,test_utility_1,single_family_li,3,0.0,0.0,0.0,0.0,0.0,0.0,0.0,0.0,0.0,0.0,0.0,0.0
refrigeration,none,test_utility_1,single_family_li,4,0.0,0.0,0.0,0.0,0.0,0.0,0.0,0.0,0.0,0.0,0.0,0.0
refrigeration,none,test_utility_1,single_family_li,5,0.0,0.0,0.0,0.0,0.0,0.0,0.0,0.0,0.0,0.0,0.0,0.0
refrigeration,none,test_utility_1,single_family_li,6,0.0,0.0,0.0,0.0,0.0,0.0,0.0,0.0,0.0,0.0,0.0,0.0
refrigeration,none,test_utility_1,single_family_li,7,0.0,0.0,0.0,0.0,0.0,0.0,0.0,0.0,0.0,0.0,0.0,0.0
refrigeration,none,test_utility_1,single_family_li,8,0.0,0.0,0.0,0.0,0.0,0.0,0.0,0.0,0.0,0.0,0.0,0.0
refrigeration,none,test_utility_1,single_family_li,9,0.0,0.0,0.0,0.0,0.0,0.0,0.0,0.0,0.0,0.0,0.0,0.0
refrigeration,none,test_utility_1,single_family_li,10,0.0,0.0,0.0,0.0,0.0,0.0,0.0,0.0,0.0,0.0,0.0,0.0
refrigeration,none,test_utility_1,single_family_li,11,0.0,0.0,0.0,0.0,0.0,0.0,0.0,0.0,0.0,0.0,0.0,0.0
refrigeration,none,test_utility_1,single_family_li,12,0.0,0.0,0.0,0.0,0.0,0.0,0.0,0.0,0.0,0.0,0.0,0.0
refrigeration,none,test_utility_1,single_family_li,13,0.0,0.0,0.0,0.0,0.0,0.0,0.0,0.0,0.0,0.0,0.0,0.0
refrigeration,none,test_utility_1,single_family_li,14,0.0,0.0,0.0,0.0,0.0,0.0,0.0,0.0,0.0,0.0,0.0,0.0
refrigeration,none,test_utility_1,single_family_li,15,0.0,0.0,0.0,0.0,0.0,0.0,0.0,0.0,0.0,0.0,0.0,0.0
refrigeration,none,test_utility_1,single_family_li,16,0.0,0.0,0.0,0.0,0.0,0.0,0.0,0.0,0.0,0.0,0.0,0.0
refrigeration,none,test_utility_1,single_family_li,17,0.0,0.0,0.0,0.0,0.0,0.0,0.0,0.0,0.0,0.0,0.0,0.0
refrigeration,none,test_utility_1,single_family_li,18,0.0,0.0,0.0,0.0,0.0,0.0,0.0,0.0,0.0,0.0,0.0,0.0
refrigeration,none,test_utility_1,single_family_li,19,0.0,0.0,0.0,0.0,0.0,0.0,0.0,0.0,0.0,0.0,0.0,0.0
refrigeration,none,none,multifamily,0,0.0,0.0,0.0,0.0,0.0,0.0,0.0,0.0,0.0,0.0,0.0,0.0
refrigeration,none,none,multifamily,1,0.0,0.0,0.0,0.0,0.0,0.0,0.0,0.0,0.0,0.0,0.0,0.0
refrigeration,none,none,multifamily,2,0.0,0.0,0.0,0.0,0.0,0.0,0.0,0.0,0.0,0.0,0.0,0.0
refrigeration,none,none,multifamily,3,0.0,0.0,0.0,0.0,0.0,0.0,0.0,0.0,0.0,0.0,0.0,0.0
refrigeration,none,none,multifamily,4,0.0,0.0,0.0,0.0,0.0,0.0,0.0,0.0,0.0,0.0,0.0,0.0
refrigeration,none,none,multifamily,5,0.0,0.0,0.0,0.0,0.0,0.0,0.0,0.0,0.0,0.0,0.0,0.0
refrigeration,none,none,multifamily,6,0.0,0.0,0.0,0.0,0.0,0.0,0.0,0.0,0.0,0.0,0.0,0.0
refrigeration,none,none,multifamily,7,0.0,0.0,0.0,0.0,0.0,0.0,0.0,0.0,0.0,0.0,0.0,0.0
refrigeration,none,none,multifamily,8,0.0,0.0,0.0,0.0,0.0,0.0,0.0,0.0,0.0,0.0,0.0,0.0
refrigeration,none,none,multifamily,9,0.0,0.0,0.0,0.0,0.0,0.0,0.0,0.0,0.0,0.0,0.0,0.0
refrigeration,none,none,multifamily,10,0.0,0.0,0.0,0.0,0.0,0.0,0.0,0.0,0.0,0.0,0.0,0.0
refrigeration,none,none,multifamily,11,0.0,0.0,0.0,0.0,0.0,0.0,0.0,0.0,0.0,0.0,0.0,0.0
refrigeration,none,none,multifamily,12,0.0,0.0,0.0,0.0,0.0,0.0,0.0,0.0,0.0,0.0,0.0,0.0
refrigeration,none,none,multifamily,13,0.0,0.0,0.0,0.0,0.0,0.0,0.0,0.0,0.0,0.0,0.0,0.0
refrigeration,none,none,multifamily,14,0.0,0.0,0.0,0.0,0.0,0.0,0.0,0.0,0.0,0.0,0.0,0.0
refrigeration,none,none,multifamily,15,0.0,0.0,0.0,0.0,0.0,0.0,0.0,0.0,0.0,0.0,0.0,0.0
refrigeration,none,none,multifamily,16,0.0,0.0,0.0,0.0,0.0,0.0,0.0,0.0,0.0,0.0,0.0,0.0
refrigeration,none,none,multifamily,17,0.0,0.0,0.0,0.0,0.0,0.0,0.0,0.0,0.0,0.0,0.0,0.0
refrigeration,none,none,multifamily,18,0.0,0.0,0.0,0.0,0.0,0.0,0.0,0.0,0.0,0.0,0.0,0.0
refrigeration,none,none,multifamily,19,0.0,0.0,0.0,0.0,0.0,0.0,0.0,0.0,0.0,0.0,0.0,0.0
refrigeration,none,none,single_family,0,0.0,0.0,0.0,0.0,0.0,0.0,0.0,0.0,0.0,0.0,0.0,0.0
refrigeration,none,none,single_family,1,0.0,0.0,0.0,0.0,0.0,0.0,0.0,0.0,0.0,0.0,0.0,0.0
refrigeration,none,none,single_family,2,0.0,0.0,0.0,0.0,0.0,0.0,0.0,0.0,0.0,0.0,0.0,0.0
refrigeration,none,none,single_family,3,0.0,0.0,0.0,0.0,0.0,0.0,0.0,0.0,0.0,0.0,0.0,0.0
refrigeration,none,none,single_family,4,0.0,0.0,0.0,0.0,0.0,0.0,0.0,0.0,0.0,0.0,0.0,0.0
refrigeration,none,none,single_family,5,0.0,0.0,0.0,0.0,0.0,0.0,0.0,0.0,0.0,0.0,0.0,0.0
refrigeration,none,none,single_family,6,0.0,0.0,0.0,0.0,0.0,0.0,0.0,0.0,0.0,0.0,0.0,0.0
refrigeration,none,none,single_family,7,0.0,0.0,0.0,0.0,0.0,0.0,0.0,0.0,0.0,0.0,0.0,0.0
refrigeration,none,none,single_family,8,0.0,0.0,0.0,0.0,0.0,0.0,0.0,0.0,0.0,0.0,0.0,0.0
refrigeration,none,none,single_family,9,0.0,0.0,0.0,0.0,0.0,0.0,0.0,0.0,0.0,0.0,0.0,0.0
refrigeration,none,none,single_family,10,0.0,0.0,0.0,0.0,0.0,0.0,0.0,0.0,0.0,0.0,0.0,0.0
refrigeration,none,none,single_family,11,0.0,0.0,0.0,0.0,0.0,0.0,0.0,0.0,0.0,0.0,0.0,0.0
refrigeration,none,none,single_family,12,0.0,0.0,0.0,0.0,0.0,0.0,0.0,0.0,0.0,0.0,0.0,0.0
refrigeration,none,none,single_family,13,0.0,0.0,0.0,0.0,0.0,0.0,0.0,0.0,0.0,0.0,0.0,0.0
refrigeration,none,none,single_family,14,0.0,0.0,0.0,0.0,0.0,0.0,0.0,0.0,0.0,0.0,0.0,0.0
refrigeration,none,none,single_family,15,0.0,0.0,0.0,0.0,0.0,0.0,0.0,0.0,0.0,0.0,0.0,0.0
refrigeration,none,none,single_family,16,0.0,0.0,0.0,0.0,0.0,0.0,0.0,0.0,0.0,0.0,0.0,0.0
refrigeration,none,none,single_family,17,0.0,0.0,0.0,0.0,0.0,0.0,0.0,0.0,0.0,0.0,0.0,0.0
refrigeration,none,none,single_family,18,0.0,0.0,0.0,0.0,0.0,0.0,0.0,0.0,0.0,0.0,0.0,0.0
refrigeration,none,none,single_family,19,0.0,0.0,0.0,0.0,0.0,0.0,0.0,0.0,0.0,0.0,0.0,0.0
refrigeration,none,none,multifamily_li,0,0.0,0.0,0.0,0.0,0.0,0.0,0.0,0.0,0.0,0.0,0.0,0.0
refrigeration,none,none,multifamily_li,1,0.0,0.0,0.0,0.0,0.0,0.0,0.0,0.0,0.0,0.0,0.0,0.0
refrigeration,none,none,multifamily_li,2,0.0,0.0,0.0,0.0,0.0,0.0,0.0,0.0,0.0,0.0,0.0,0.0
refrigeration,none,none,multifamily_li,3,0.0,0.0,0.0,0.0,0.0,0.0,0.0,0.0,0.0,0.0,0.0,0.0
refrigeration,none,none,multifamily_li,4,0.0,0.0,0.0,0.0,0.0,0.0,0.0,0.0,0.0,0.0,0.0,0.0
refrigeration,none,none,multifamily_li,5,0.0,0.0,0.0,0.0,0.0,0.0,0.0,0.0,0.0,0.0,0.0,0.0
refrigeration,none,none,multifamily_li,6,0.0,0.0,0.0,0.0,0.0,0.0,0.0,0.0,0.0,0.0,0.0,0.0
refrigeration,none,none,multifamily_li,7,0.0,0.0,0.0,0.0,0.0,0.0,0.0,0.0,0.0,0.0,0.0,0.0
refrigeration,none,none,multifamily_li,8,0.0,0.0,0.0,0.0,0.0,0.0,0.0,0.0,0.0,0.0,0.0,0.0
refrigeration,none,none,multifamily_li,9,0.0,0.0,0.0,0.0,0.0,0.0,0.0,0.0,0.0,0.0,0.0,0.0
refrigeration,none,none,multifamily_li,10,0.0,0.0,0.0,0.0,0.0,0.0,0.0,0.0,0.0,0.0,0.0,0.0
refrigeration,none,none,multifamily_li,11,0.0,0.0,0.0,0.0,0.0,0.0,0.0,0.0,0.0,0.0,0.0,0.0
refrigeration,none,none,multifamily_li,12,0.0,0.0,0.0,0.0,0.0,0.0,0.0,0.0,0.0,0.0,0.0,0.0
refrigeration,none,none,multifamily_li,13,0.0,0.0,0.0,0.0,0.0,0.0,0.0,0.0,0.0,0.0,0.0,0.0
refrigeration,none,none,multifamily_li,14,0.0,0.0,0.0,0.0,0.0,0.0,0.0,0.0,0.0,0.0,0.0,0.0
refrigeration,none,none,multifamily_li,15,0.0,0.0,0.0,0.0,0.0,0.0,0.0,0.0,0.0,0.0,0.0,0.0
refrigeration,none,none,multifamily_li,16,0.0,0.0,0.0,0.0,0.0,0.0,0.0,0.0,0.0,0.0,0.0,0.0
refrigeration,none,none,multifamily_li,17,0.0,0.0,0.0,0.0,0.0,0.0,0.0,0.0,0.0,0.0,0.0,0.0
refrigeration,none,none,multifamily_li,18,0.0,0.0,0.0,0.0,0.0,0.0,0.0,0.0,0.0,0.0,0.0,0.0
refrigeration,none,none,multifamily_li,19,0.0,0.0,0.0,0.0,0.0,0.0,0.0,0.0,0.0,0.0,0.0,0.0
refrigeration,none,none,single_family_li,0,0.0,0.0,0.0,0.0,0.0,0.0,0.0,0.0,0.0,0.0,0.0,0.0
refrigeration,none,none,single_family_li,1,0.0,0.0,0.0,0.0,0.0,0.0,0.0,0.0,0.0,0.0,0.0,0.0
refrigeration,none,none,single_family_li,2,0.0,0.0,0.0,0.0,0.0,0.0,0.0,0.0,0.0,0.0,0.0,0.0
refrigeration,none,none,single_family_li,3,0.0,0.0,0.0,0.0,0.0,0.0,0.0,0.0,0.0,0.0,0.0,0.0
refrigeration,none,none,single_family_li,4,0.0,0.0,0.0,0.0,0.0,0.0,0.0,0.0,0.0,0.0,0.0,0.0
refrigeration,none,none,single_family_li,5,0.0,0.0,0.0,0.0,0.0,0.0,0.0,0.0,0.0,0.0,0.0,0.0
refrigeration,none,none,single_family_li,6,0.0,0.0,0.0,0.0,0.0,0.0,0.0,0.0,0.0,0.0,0.0,0.0
refrigeration,none,none,single_family_li,7,0.0,0.0,0.0,0.0,0.0,0.0,0.0,0.0,0.0,0.0,0.0,0.0
refrigeration,none,none,single_family_li,8,0.0,0.0,0.0,0.0,0.0,0.0,0.0,0.0,0.0,0.0,0.0,0.0
refrigeration,none,none,single_family_li,9,0.0,0.0,0.0,0.0,0.0,0.0,0.0,0.0,0.0,0.0,0.0,0.0
refrigeration,none,none,single_family_li,10,0.0,0.0,0.0,0.0,0.0,0.0,0.0,0.0,0.0,0.0,0.0,0.0
refrigeration,none,none,single_family_li,11,0.0,0.0,0.0,0.0,0.0,0.0,0.0,0.0,0.0,0.0,0.0,0.0
refrigeration,none,none,single_family_li,12,0.0,0.0,0.0,0.0,0.0,0.0,0.0,0.0,0.0,0.0,0.0,0.0
refrigeration,none,none,single_family_li,13,0.0,0.0,0.0,0.0,0.0,0.0,0.0,0.0,0.0,0.0,0.0,0.0
refrigeration,none,none,single_family_li,14,0.0,0.0,0.0,0.0,0.0,0.0,0.0,0.0,0.0,0.0,0.0,0.0
refrigeration,none,none,single_family_li,15,0.0,0.0,0.0,0.0,0.0,0.0,0.0,0.0,0.0,0.0,0.0,0.0
refrigeration,none,none,single_family_li,16,0.0,0.0,0.0,0.0,0.0,0.0,0.0,0.0,0.0,0.0,0.0,0.0
refrigeration,none,none,single_family_li,17,0.0,0.0,0.0,0.0,0.0,0.0,0.0,0.0,0.0,0.0,0.0,0.0
refrigeration,none,none,single_family_li,18,0.0,0.0,0.0,0.0,0.0,0.0,0.0,0.0,0.0,0.0,0.0,0.0
refrigeration,none,none,single_family_li,19,0.0,0.0,0.0,0.0,0.0,0.0,0.0,0.0,0.0,0.0,0.0,0.0
refrigeration,none,test_utility_2,multifamily,0,0.0,0.0,0.0,0.0,0.0,0.0,0.0,0.0,0.0,0.0,0.0,0.0
refrigeration,none,test_utility_2,multifamily,1,0.0,0.0,0.0,0.0,0.0,0.0,0.0,0.0,0.0,0.0,0.0,0.0
refrigeration,none,test_utility_2,multifamily,2,0.0,0.0,0.0,0.0,0.0,0.0,0.0,0.0,0.0,0.0,0.0,0.0
refrigeration,none,test_utility_2,multifamily,3,0.0,0.0,0.0,0.0,0.0,0.0,0.0,0.0,0.0,0.0,0.0,0.0
refrigeration,none,test_utility_2,multifamily,4,0.0,0.0,0.0,0.0,0.0,0.0,0.0,0.0,0.0,0.0,0.0,0.0
refrigeration,none,test_utility_2,multifamily,5,0.0,0.0,0.0,0.0,0.0,0.0,0.0,0.0,0.0,0.0,0.0,0.0
refrigeration,none,test_utility_2,multifamily,6,0.0,0.0,0.0,0.0,0.0,0.0,0.0,0.0,0.0,0.0,0.0,0.0
refrigeration,none,test_utility_2,multifamily,7,0.0,0.0,0.0,0.0,0.0,0.0,0.0,0.0,0.0,0.0,0.0,0.0
refrigeration,none,test_utility_2,multifamily,8,0.0,0.0,0.0,0.0,0.0,0.0,0.0,0.0,0.0,0.0,0.0,0.0
refrigeration,none,test_utility_2,multifamily,9,0.0,0.0,0.0,0.0,0.0,0.0,0.0,0.0,0.0,0.0,0.0,0.0
refrigeration,none,test_utility_2,multifamily,10,0.0,0.0,0.0,0.0,0.0,0.0,0.0,0.0,0.0,0.0,0.0,0.0
refrigeration,none,test_utility_2,multifamily,11,0.0,0.0,0.0,0.0,0.0,0.0,0.0,0.0,0.0,0.0,0.0,0.0
refrigeration,none,test_utility_2,multifamily,12,0.0,0.0,0.0,0.0,0.0,0.0,0.0,0.0,0.0,0.0,0.0,0.0
refrigeration,none,test_utility_2,multifamily,13,0.0,0.0,0.0,0.0,0.0,0.0,0.0,0.0,0.0,0.0,0.0,0.0
refrigeration,none,test_utility_2,multifamily,14,0.0,0.0,0.0,0.0,0.0,0.0,0.0,0.0,0.0,0.0,0.0,0.0
refrigeration,none,test_utility_2,multifamily,15,0.0,0.0,0.0,0.0,0.0,0.0,0.0,0.0,0.0,0.0,0.0,0.0
refrigeration,none,test_utility_2,multifamily,16,0.0,0.0,0.0,0.0,0.0,0.0,0.0,0.0,0.0,0.0,0.0,0.0
refrigeration,none,test_utility_2,multifamily,17,0.0,0.0,0.0,0.0,0.0,0.0,0.0,0.0,0.0,0.0,0.0,0.0
refrigeration,none,test_utility_2,multifamily,18,0.0,0.0,0.0,0.0,0.0,0.0,0.0,0.0,0.0,0.0,0.0,0.0
refrigeration,none,test_utility_2,multifamily,19,0.0,0.0,0.0,0.0,0.0,0.0,0.0,0.0,0.0,0.0,0.0,0.0
refrigeration,none,test_utility_2,single_family,0,0.0,0.0,0.0,0.0,0.0,0.0,0.0,0.0,0.0,0.0,0.0,0.0
refrigeration,none,test_utility_2,single_family,1,0.0,0.0,0.0,0.0,0.0,0.0,0.0,0.0,0.0,0.0,0.0,0.0
refrigeration,none,test_utility_2,single_family,2,0.0,0.0,0.0,0.0,0.0,0.0,0.0,0.0,0.0,0.0,0.0,0.0
refrigeration,none,test_utility_2,single_family,3,0.0,0.0,0.0,0.0,0.0,0.0,0.0,0.0,0.0,0.0,0.0,0.0
refrigeration,none,test_utility_2,single_family,4,0.0,0.0,0.0,0.0,0.0,0.0,0.0,0.0,0.0,0.0,0.0,0.0
refrigeration,none,test_utility_2,single_family,5,0.0,0.0,0.0,0.0,0.0,0.0,0.0,0.0,0.0,0.0,0.0,0.0
refrigeration,none,test_utility_2,single_family,6,0.0,0.0,0.0,0.0,0.0,0.0,0.0,0.0,0.0,0.0,0.0,0.0
refrigeration,none,test_utility_2,single_family,7,0.0,0.0,0.0,0.0,0.0,0.0,0.0,0.0,0.0,0.0,0.0,0.0
refrigeration,none,test_utility_2,single_family,8,0.0,0.0,0.0,0.0,0.0,0.0,0.0,0.0,0.0,0.0,0.0,0.0
refrigeration,none,test_utility_2,single_family,9,0.0,0.0,0.0,0.0,0.0,0.0,0.0,0.0,0.0,0.0,0.0,0.0
refrigeration,none,test_utility_2,single_family,10,0.0,0.0,0.0,0.0,0.0,0.0,0.0,0.0,0.0,0.0,0.0,0.0
refrigeration,none,test_utility_2,single_family,11,0.0,0.0,0.0,0.0,0.0,0.0,0.0,0.0,0.0,0.0,0.0,0.0
refrigeration,none,test_utility_2,single_family,12,0.0,0.0,0.0,0.0,0.0,0.0,0.0,0.0,0.0,0.0,0.0,0.0
refrigeration,none,test_utility_2,single_family,13,0.0,0.0,0.0,0.0,0.0,0.0,0.0,0.0,0.0,0.0,0.0,0.0
refrigeration,none,test_utility_2,single_family,14,0.0,0.0,0.0,0.0,0.0,0.0,0.0,0.0,0.0,0.0,0.0,0.0
refrigeration,none,test_utility_2,single_family,15,0.0,0.0,0.0,0.0,0.0,0.0,0.0,0.0,0.0,0.0,0.0,0.0
refrigeration,none,test_utility_2,single_family,16,0.0,0.0,0.0,0.0,0.0,0.0,0.0,0.0,0.0,0.0,0.0,0.0
refrigeration,none,test_utility_2,single_family,17,0.0,0.0,0.0,0.0,0.0,0.0,0.0,0.0,0.0,0.0,0.0,0.0
refrigeration,none,test_utility_2,single_family,18,0.0,0.0,0.0,0.0,0.0,0.0,0.0,0.0,0.0,0.0,0.0,0.0
refrigeration,none,test_utility_2,single_family,19,0.0,0.0,0.0,0.0,0.0,0.0,0.0,0.0,0.0,0.0,0.0,0.0
refrigeration,none,test_utility_2,multifamily_li,0,0.0,0.0,0.0,0.0,0.0,0.0,0.0,0.0,0.0,0.0,0.0,0.0
refrigeration,none,test_utility_2,multifamily_li,1,0.0,0.0,0.0,0.0,0.0,0.0,0.0,0.0,0.0,0.0,0.0,0.0
refrigeration,none,test_utility_2,multifamily_li,2,0.0,0.0,0.0,0.0,0.0,0.0,0.0,0.0,0.0,0.0,0.0,0.0
refrigeration,none,test_utility_2,multifamily_li,3,0.0,0.0,0.0,0.0,0.0,0.0,0.0,0.0,0.0,0.0,0.0,0.0
refrigeration,none,test_utility_2,multifamily_li,4,0.0,0.0,0.0,0.0,0.0,0.0,0.0,0.0,0.0,0.0,0.0,0.0
refrigeration,none,test_utility_2,multifamily_li,5,0.0,0.0,0.0,0.0,0.0,0.0,0.0,0.0,0.0,0.0,0.0,0.0
refrigeration,none,test_utility_2,multifamily_li,6,0.0,0.0,0.0,0.0,0.0,0.0,0.0,0.0,0.0,0.0,0.0,0.0
refrigeration,none,test_utility_2,multifamily_li,7,0.0,0.0,0.0,0.0,0.0,0.0,0.0,0.0,0.0,0.0,0.0,0.0
refrigeration,none,test_utility_2,multifamily_li,8,0.0,0.0,0.0,0.0,0.0,0.0,0.0,0.0,0.0,0.0,0.0,0.0
refrigeration,none,test_utility_2,multifamily_li,9,0.0,0.0,0.0,0.0,0.0,0.0,0.0,0.0,0.0,0.0,0.0,0.0
refrigeration,none,test_utility_2,multifamily_li,10,0.0,0.0,0.0,0.0,0.0,0.0,0.0,0.0,0.0,0.0,0.0,0.0
refrigeration,none,test_utility_2,multifamily_li,11,0.0,0.0,0.0,0.0,0.0,0.0,0.0,0.0,0.0,0.0,0.0,0.0
refrigeration,none,test_utility_2,multifamily_li,12,0.0,0.0,0.0,0.0,0.0,0.0,0.0,0.0,0.0,0.0,0.0,0.0
refrigeration,none,test_utility_2,multifamily_li,13,0.0,0.0,0.0,0.0,0.0,0.0,0.0,0.0,0.0,0.0,0.0,0.0
refrigeration,none,test_utility_2,multifamily_li,14,0.0,0.0,0.0,0.0,0.0,0.0,0.0,0.0,0.0,0.0,0.0,0.0
refrigeration,none,test_utility_2,multifamily_li,15,0.0,0.0,0.0,0.0,0.0,0.0,0.0,0.0,0.0,0.0,0.0,0.0
refrigeration,none,test_utility_2,multifamily_li,16,0.0,0.0,0.0,0.0,0.0,0.0,0.0,0.0,0.0,0.0,0.0,0.0
refrigeration,none,test_utility_2,multifamily_li,17,0.0,0.0,0.0,0.0,0.0,0.0,0.0,0.0,0.0,0.0,0.0,0.0
refrigeration,none,test_utility_2,multifamily_li,18,0.0,0.0,0.0,0.0,0.0,0.0,0.0,0.0,0.0,0.0,0.0,0.0
refrigeration,none,test_utility_2,multifamily_li,19,0.0,0.0,0.0,0.0,0.0,0.0,0.0,0.0,0.0,0.0,0.0,0.0
refrigeration,none,test_utility_2,single_family_li,0,0.0,0.0,0.0,0.0,0.0,0.0,0.0,0.0,0.0,0.0,0.0,0.0
refrigeration,none,test_utility_2,single_family_li,1,0.0,0.0,0.0,0.0,0.0,0.0,0.0,0.0,0.0,0.0,0.0,0.0
refrigeration,none,test_utility_2,single_family_li,2,0.0,0.0,0.0,0.0,0.0,0.0,0.0,0.0,0.0,0.0,0.0,0.0
refrigeration,none,test_utility_2,single_family_li,3,0.0,0.0,0.0,0.0,0.0,0.0,0.0,0.0,0.0,0.0,0.0,0.0
refrigeration,none,test_utility_2,single_family_li,4,0.0,0.0,0.0,0.0,0.0,0.0,0.0,0.0,0.0,0.0,0.0,0.0
refrigeration,none,test_utility_2,single_family_li,5,0.0,0.0,0.0,0.0,0.0,0.0,0.0,0.0,0.0,0.0,0.0,0.0
refrigeration,none,test_utility_2,single_family_li,6,0.0,0.0,0.0,0.0,0.0,0.0,0.0,0.0,0.0,0.0,0.0,0.0
refrigeration,none,test_utility_2,single_family_li,7,0.0,0.0,0.0,0.0,0.0,0.0,0.0,0.0,0.0,0.0,0.0,0.0
refrigeration,none,test_utility_2,single_family_li,8,0.0,0.0,0.0,0.0,0.0,0.0,0.0,0.0,0.0,0.0,0.0,0.0
refrigeration,none,test_utility_2,single_family_li,9,0.0,0.0,0.0,0.0,0.0,0.0,0.0,0.0,0.0,0.0,0.0,0.0
refrigeration,none,test_utility_2,single_family_li,10,0.0,0.0,0.0,0.0,0.0,0.0,0.0,0.0,0.0,0.0,0.0,0.0
refrigeration,none,test_utility_2,single_family_li,11,0.0,0.0,0.0,0.0,0.0,0.0,0.0,0.0,0.0,0.0,0.0,0.0
refrigeration,none,test_utility_2,single_family_li,12,0.0,0.0,0.0,0.0,0.0,0.0,0.0,0.0,0.0,0.0,0.0,0.0
refrigeration,none,test_utility_2,single_family_li,13,0.0,0.0,0.0,0.0,0.0,0.0,0.0,0.0,0.0,0.0,0.0,0.0
refrigeration,none,test_utility_2,single_family_li,14,0.0,0.0,0.0,0.0,0.0,0.0,0.0,0.0,0.0,0.0,0.0,0.0
refrigeration,none,test_utility_2,single_family_li,15,0.0,0.0,0.0,0.0,0.0,0.0,0.0,0.0,0.0,0.0,0.0,0.0
refrigeration,none,test_utility_2,single_family_li,16,0.0,0.0,0.0,0.0,0.0,0.0,0.0,0.0,0.0,0.0,0.0,0.0
refrigeration,none,test_utility_2,single_family_li,17,0.0,0.0,0.0,0.0,0.0,0.0,0.0,0.0,0.0,0.0,0.0,0.0
refrigeration,none,test_utility_2,single_family_li,18,0.0,0.0,0.0,0.0,0.0,0.0,0.0,0.0,0.0,0.0,0.0,0.0
refrigeration,none,test_utility_2,single_family_li,19,0.0,0.0,0.0,0.0,0.0,0.0,0.0,0.0,0.0,0.0,0.0,0.0
refrigeration,test_utility_2,test_utility_1,multifamily,0,0.0,0.0,0.0,0.0,0.0,0.0,0.0,0.0,0.0,0.0,0.0,0.0
refrigeration,test_utility_2,test_utility_1,multifamily,1,0.0,0.0,0.0,0.0,0.0,0.0,0.0,0.0,0.0,0.0,0.0,0.0
refrigeration,test_utility_2,test_utility_1,multifamily,2,0.0,0.0,0.0,0.0,0.0,0.0,0.0,0.0,0.0,0.0,0.0,0.0
refrigeration,test_utility_2,test_utility_1,multifamily,3,0.0,0.0,0.0,0.0,0.0,0.0,0.0,0.0,0.0,0.0,0.0,0.0
refrigeration,test_utility_2,test_utility_1,multifamily,4,0.0,0.0,0.0,0.0,0.0,0.0,0.0,0.0,0.0,0.0,0.0,0.0
refrigeration,test_utility_2,test_utility_1,multifamily,5,0.0,0.0,0.0,0.0,0.0,0.0,0.0,0.0,0.0,0.0,0.0,0.0
refrigeration,test_utility_2,test_utility_1,multifamily,6,0.0,0.0,0.0,0.0,0.0,0.0,0.0,0.0,0.0,0.0,0.0,0.0
refrigeration,test_utility_2,test_utility_1,multifamily,7,0.0,0.0,0.0,0.0,0.0,0.0,0.0,0.0,0.0,0.0,0.0,0.0
refrigeration,test_utility_2,test_utility_1,multifamily,8,0.0,0.0,0.0,0.0,0.0,0.0,0.0,0.0,0.0,0.0,0.0,0.0
refrigeration,test_utility_2,test_utility_1,multifamily,9,0.0,0.0,0.0,0.0,0.0,0.0,0.0,0.0,0.0,0.0,0.0,0.0
refrigeration,test_utility_2,test_utility_1,multifamily,10,0.0,0.0,0.0,0.0,0.0,0.0,0.0,0.0,0.0,0.0,0.0,0.0
refrigeration,test_utility_2,test_utility_1,multifamily,11,0.0,0.0,0.0,0.0,0.0,0.0,0.0,0.0,0.0,0.0,0.0,0.0
refrigeration,test_utility_2,test_utility_1,multifamily,12,0.0,0.0,0.0,0.0,0.0,0.0,0.0,0.0,0.0,0.0,0.0,0.0
refrigeration,test_utility_2,test_utility_1,multifamily,13,0.0,0.0,0.0,0.0,0.0,0.0,0.0,0.0,0.0,0.0,0.0,0.0
refrigeration,test_utility_2,test_utility_1,multifamily,14,0.0,0.0,0.0,0.0,0.0,0.0,0.0,0.0,0.0,0.0,0.0,0.0
refrigeration,test_utility_2,test_utility_1,multifamily,15,0.0,0.0,0.0,0.0,0.0,0.0,0.0,0.0,0.0,0.0,0.0,0.0
refrigeration,test_utility_2,test_utility_1,multifamily,16,0.0,0.0,0.0,0.0,0.0,0.0,0.0,0.0,0.0,0.0,0.0,0.0
refrigeration,test_utility_2,test_utility_1,multifamily,17,0.0,0.0,0.0,0.0,0.0,0.0,0.0,0.0,0.0,0.0,0.0,0.0
refrigeration,test_utility_2,test_utility_1,multifamily,18,0.0,0.0,0.0,0.0,0.0,0.0,0.0,0.0,0.0,0.0,0.0,0.0
refrigeration,test_utility_2,test_utility_1,multifamily,19,0.0,0.0,0.0,0.0,0.0,0.0,0.0,0.0,0.0,0.0,0.0,0.0
refrigeration,test_utility_2,test_utility_1,single_family,0,0.0,0.0,0.0,0.0,0.0,0.0,0.0,0.0,0.0,0.0,0.0,0.0
refrigeration,test_utility_2,test_utility_1,single_family,1,0.0,0.0,0.0,0.0,0.0,0.0,0.0,0.0,0.0,0.0,0.0,0.0
refrigeration,test_utility_2,test_utility_1,single_family,2,0.0,0.0,0.0,0.0,0.0,0.0,0.0,0.0,0.0,0.0,0.0,0.0
refrigeration,test_utility_2,test_utility_1,single_family,3,0.0,0.0,0.0,0.0,0.0,0.0,0.0,0.0,0.0,0.0,0.0,0.0
refrigeration,test_utility_2,test_utility_1,single_family,4,0.0,0.0,0.0,0.0,0.0,0.0,0.0,0.0,0.0,0.0,0.0,0.0
refrigeration,test_utility_2,test_utility_1,single_family,5,0.0,0.0,0.0,0.0,0.0,0.0,0.0,0.0,0.0,0.0,0.0,0.0
refrigeration,test_utility_2,test_utility_1,single_family,6,0.0,0.0,0.0,0.0,0.0,0.0,0.0,0.0,0.0,0.0,0.0,0.0
refrigeration,test_utility_2,test_utility_1,single_family,7,0.0,0.0,0.0,0.0,0.0,0.0,0.0,0.0,0.0,0.0,0.0,0.0
refrigeration,test_utility_2,test_utility_1,single_family,8,0.0,0.0,0.0,0.0,0.0,0.0,0.0,0.0,0.0,0.0,0.0,0.0
refrigeration,test_utility_2,test_utility_1,single_family,9,0.0,0.0,0.0,0.0,0.0,0.0,0.0,0.0,0.0,0.0,0.0,0.0
refrigeration,test_utility_2,test_utility_1,single_family,10,0.0,0.0,0.0,0.0,0.0,0.0,0.0,0.0,0.0,0.0,0.0,0.0
refrigeration,test_utility_2,test_utility_1,single_family,11,0.0,0.0,0.0,0.0,0.0,0.0,0.0,0.0,0.0,0.0,0.0,0.0
refrigeration,test_utility_2,test_utility_1,single_family,12,0.0,0.0,0.0,0.0,0.0,0.0,0.0,0.0,0.0,0.0,0.0,0.0
refrigeration,test_utility_2,test_utility_1,single_family,13,0.0,0.0,0.0,0.0,0.0,0.0,0.0,0.0,0.0,0.0,0.0,0.0
refrigeration,test_utility_2,test_utility_1,single_family,14,0.0,0.0,0.0,0.0,0.0,0.0,0.0,0.0,0.0,0.0,0.0,0.0
refrigeration,test_utility_2,test_utility_1,single_family,15,0.0,0.0,0.0,0.0,0.0,0.0,0.0,0.0,0.0,0.0,0.0,0.0
refrigeration,test_utility_2,test_utility_1,single_family,16,0.0,0.0,0.0,0.0,0.0,0.0,0.0,0.0,0.0,0.0,0.0,0.0
refrigeration,test_utility_2,test_utility_1,single_family,17,0.0,0.0,0.0,0.0,0.0,0.0,0.0,0.0,0.0,0.0,0.0,0.0
refrigeration,test_utility_2,test_utility_1,single_family,18,0.0,0.0,0.0,0.0,0.0,0.0,0.0,0.0,0.0,0.0,0.0,0.0
refrigeration,test_utility_2,test_utility_1,single_family,19,0.0,0.0,0.0,0.0,0.0,0.0,0.0,0.0,0.0,0.0,0.0,0.0
refrigeration,test_utility_2,test_utility_1,multifamily_li,0,0.0,0.0,0.0,0.0,0.0,0.0,0.0,0.0,0.0,0.0,0.0,0.0
refrigeration,test_utility_2,test_utility_1,multifamily_li,1,0.0,0.0,0.0,0.0,0.0,0.0,0.0,0.0,0.0,0.0,0.0,0.0
refrigeration,test_utility_2,test_utility_1,multifamily_li,2,0.0,0.0,0.0,0.0,0.0,0.0,0.0,0.0,0.0,0.0,0.0,0.0
refrigeration,test_utility_2,test_utility_1,multifamily_li,3,0.0,0.0,0.0,0.0,0.0,0.0,0.0,0.0,0.0,0.0,0.0,0.0
refrigeration,test_utility_2,test_utility_1,multifamily_li,4,0.0,0.0,0.0,0.0,0.0,0.0,0.0,0.0,0.0,0.0,0.0,0.0
refrigeration,test_utility_2,test_utility_1,multifamily_li,5,0.0,0.0,0.0,0.0,0.0,0.0,0.0,0.0,0.0,0.0,0.0,0.0
refrigeration,test_utility_2,test_utility_1,multifamily_li,6,0.0,0.0,0.0,0.0,0.0,0.0,0.0,0.0,0.0,0.0,0.0,0.0
refrigeration,test_utility_2,test_utility_1,multifamily_li,7,0.0,0.0,0.0,0.0,0.0,0.0,0.0,0.0,0.0,0.0,0.0,0.0
refrigeration,test_utility_2,test_utility_1,multifamily_li,8,0.0,0.0,0.0,0.0,0.0,0.0,0.0,0.0,0.0,0.0,0.0,0.0
refrigeration,test_utility_2,test_utility_1,multifamily_li,9,0.0,0.0,0.0,0.0,0.0,0.0,0.0,0.0,0.0,0.0,0.0,0.0
refrigeration,test_utility_2,test_utility_1,multifamily_li,10,0.0,0.0,0.0,0.0,0.0,0.0,0.0,0.0,0.0,0.0,0.0,0.0
refrigeration,test_utility_2,test_utility_1,multifamily_li,11,0.0,0.0,0.0,0.0,0.0,0.0,0.0,0.0,0.0,0.0,0.0,0.0
refrigeration,test_utility_2,test_utility_1,multifamily_li,12,0.0,0.0,0.0,0.0,0.0,0.0,0.0,0.0,0.0,0.0,0.0,0.0
refrigeration,test_utility_2,test_utility_1,multifamily_li,13,0.0,0.0,0.0,0.0,0.0,0.0,0.0,0.0,0.0,0.0,0.0,0.0
refrigeration,test_utility_2,test_utility_1,multifamily_li,14,0.0,0.0,0.0,0.0,0.0,0.0,0.0,0.0,0.0,0.0,0.0,0.0
refrigeration,test_utility_2,test_utility_1,multifamily_li,15,0.0,0.0,0.0,0.0,0.0,0.0,0.0,0.0,0.0,0.0,0.0,0.0
refrigeration,test_utility_2,test_utility_1,multifamily_li,16,0.0,0.0,0.0,0.0,0.0,0.0,0.0,0.0,0.0,0.0,0.0,0.0
refrigeration,test_utility_2,test_utility_1,multifamily_li,17,0.0,0.0,0.0,0.0,0.0,0.0,0.0,0.0,0.0,0.0,0.0,0.0
refrigeration,test_utility_2,test_utility_1,multifamily_li,18,0.0,0.0,0.0,0.0,0.0,0.0,0.0,0.0,0.0,0.0,0.0,0.0
refrigeration,test_utility_2,test_utility_1,multifamily_li,19,0.0,0.0,0.0,0.0,0.0,0.0,0.0,0.0,0.0,0.0,0.0,0.0
refrigeration,test_utility_2,test_utility_1,single_family_li,0,0.0,0.0,0.0,0.0,0.0,0.0,0.0,0.0,0.0,0.0,0.0,0.0
refrigeration,test_utility_2,test_utility_1,single_family_li,1,0.0,0.0,0.0,0.0,0.0,0.0,0.0,0.0,0.0,0.0,0.0,0.0
refrigeration,test_utility_2,test_utility_1,single_family_li,2,0.0,0.0,0.0,0.0,0.0,0.0,0.0,0.0,0.0,0.0,0.0,0.0
refrigeration,test_utility_2,test_utility_1,single_family_li,3,0.0,0.0,0.0,0.0,0.0,0.0,0.0,0.0,0.0,0.0,0.0,0.0
refrigeration,test_utility_2,test_utility_1,single_family_li,4,0.0,0.0,0.0,0.0,0.0,0.0,0.0,0.0,0.0,0.0,0.0,0.0
refrigeration,test_utility_2,test_utility_1,single_family_li,5,0.0,0.0,0.0,0.0,0.0,0.0,0.0,0.0,0.0,0.0,0.0,0.0
refrigeration,test_utility_2,test_utility_1,single_family_li,6,0.0,0.0,0.0,0.0,0.0,0.0,0.0,0.0,0.0,0.0,0.0,0.0
refrigeration,test_utility_2,test_utility_1,single_family_li,7,0.0,0.0,0.0,0.0,0.0,0.0,0.0,0.0,0.0,0.0,0.0,0.0
refrigeration,test_utility_2,test_utility_1,single_family_li,8,0.0,0.0,0.0,0.0,0.0,0.0,0.0,0.0,0.0,0.0,0.0,0.0
refrigeration,test_utility_2,test_utility_1,single_family_li,9,0.0,0.0,0.0,0.0,0.0,0.0,0.0,0.0,0.0,0.0,0.0,0.0
refrigeration,test_utility_2,test_utility_1,single_family_li,10,0.0,0.0,0.0,0.0,0.0,0.0,0.0,0.0,0.0,0.0,0.0,0.0
refrigeration,test_utility_2,test_utility_1,single_family_li,11,0.0,0.0,0.0,0.0,0.0,0.0,0.0,0.0,0.0,0.0,0.0,0.0
refrigeration,test_utility_2,test_utility_1,single_family_li,12,0.0,0.0,0.0,0.0,0.0,0.0,0.0,0.0,0.0,0.0,0.0,0.0
refrigeration,test_utility_2,test_utility_1,single_family_li,13,0.0,0.0,0.0,0.0,0.0,0.0,0.0,0.0,0.0,0.0,0.0,0.0
refrigeration,test_utility_2,test_utility_1,single_family_li,14,0.0,0.0,0.0,0.0,0.0,0.0,0.0,0.0,0.0,0.0,0.0,0.0
refrigeration,test_utility_2,test_utility_1,single_family_li,15,0.0,0.0,0.0,0.0,0.0,0.0,0.0,0.0,0.0,0.0,0.0,0.0
refrigeration,test_utility_2,test_utility_1,single_family_li,16,0.0,0.0,0.0,0.0,0.0,0.0,0.0,0.0,0.0,0.0,0.0,0.0
refrigeration,test_utility_2,test_utility_1,single_family_li,17,0.0,0.0,0.0,0.0,0.0,0.0,0.0,0.0,0.0,0.0,0.0,0.0
refrigeration,test_utility_2,test_utility_1,single_family_li,18,0.0,0.0,0.0,0.0,0.0,0.0,0.0,0.0,0.0,0.0,0.0,0.0
refrigeration,test_utility_2,test_utility_1,single_family_li,19,0.0,0.0,0.0,0.0,0.0,0.0,0.0,0.0,0.0,0.0,0.0,0.0
refrigeration,test_utility_2,none,multifamily,0,0.0,0.0,0.0,0.0,0.0,0.0,0.0,0.0,0.0,0.0,0.0,0.0
refrigeration,test_utility_2,none,multifamily,1,0.0,0.0,0.0,0.0,0.0,0.0,0.0,0.0,0.0,0.0,0.0,0.0
refrigeration,test_utility_2,none,multifamily,2,0.0,0.0,0.0,0.0,0.0,0.0,0.0,0.0,0.0,0.0,0.0,0.0
refrigeration,test_utility_2,none,multifamily,3,0.0,0.0,0.0,0.0,0.0,0.0,0.0,0.0,0.0,0.0,0.0,0.0
refrigeration,test_utility_2,none,multifamily,4,0.0,0.0,0.0,0.0,0.0,0.0,0.0,0.0,0.0,0.0,0.0,0.0
refrigeration,test_utility_2,none,multifamily,5,0.0,0.0,0.0,0.0,0.0,0.0,0.0,0.0,0.0,0.0,0.0,0.0
refrigeration,test_utility_2,none,multifamily,6,0.0,0.0,0.0,0.0,0.0,0.0,0.0,0.0,0.0,0.0,0.0,0.0
refrigeration,test_utility_2,none,multifamily,7,0.0,0.0,0.0,0.0,0.0,0.0,0.0,0.0,0.0,0.0,0.0,0.0
refrigeration,test_utility_2,none,multifamily,8,0.0,0.0,0.0,0.0,0.0,0.0,0.0,0.0,0.0,0.0,0.0,0.0
refrigeration,test_utility_2,none,multifamily,9,0.0,0.0,0.0,0.0,0.0,0.0,0.0,0.0,0.0,0.0,0.0,0.0
refrigeration,test_utility_2,none,multifamily,10,0.0,0.0,0.0,0.0,0.0,0.0,0.0,0.0,0.0,0.0,0.0,0.0
refrigeration,test_utility_2,none,multifamily,11,0.0,0.0,0.0,0.0,0.0,0.0,0.0,0.0,0.0,0.0,0.0,0.0
refrigeration,test_utility_2,none,multifamily,12,0.0,0.0,0.0,0.0,0.0,0.0,0.0,0.0,0.0,0.0,0.0,0.0
refrigeration,test_utility_2,none,multifamily,13,0.0,0.0,0.0,0.0,0.0,0.0,0.0,0.0,0.0,0.0,0.0,0.0
refrigeration,test_utility_2,none,multifamily,14,0.0,0.0,0.0,0.0,0.0,0.0,0.0,0.0,0.0,0.0,0.0,0.0
refrigeration,test_utility_2,none,multifamily,15,0.0,0.0,0.0,0.0,0.0,0.0,0.0,0.0,0.0,0.0,0.0,0.0
refrigeration,test_utility_2,none,multifamily,16,0.0,0.0,0.0,0.0,0.0,0.0,0.0,0.0,0.0,0.0,0.0,0.0
refrigeration,test_utility_2,none,multifamily,17,0.0,0.0,0.0,0.0,0.0,0.0,0.0,0.0,0.0,0.0,0.0,0.0
refrigeration,test_utility_2,none,multifamily,18,0.0,0.0,0.0,0.0,0.0,0.0,0.0,0.0,0.0,0.0,0.0,0.0
refrigeration,test_utility_2,none,multifamily,19,0.0,0.0,0.0,0.0,0.0,0.0,0.0,0.0,0.0,0.0,0.0,0.0
refrigeration,test_utility_2,none,single_family,0,0.0,0.0,0.0,0.0,0.0,0.0,0.0,0.0,0.0,0.0,0.0,0.0
refrigeration,test_utility_2,none,single_family,1,0.0,0.0,0.0,0.0,0.0,0.0,0.0,0.0,0.0,0.0,0.0,0.0
refrigeration,test_utility_2,none,single_family,2,0.0,0.0,0.0,0.0,0.0,0.0,0.0,0.0,0.0,0.0,0.0,0.0
refrigeration,test_utility_2,none,single_family,3,0.0,0.0,0.0,0.0,0.0,0.0,0.0,0.0,0.0,0.0,0.0,0.0
refrigeration,test_utility_2,none,single_family,4,0.0,0.0,0.0,0.0,0.0,0.0,0.0,0.0,0.0,0.0,0.0,0.0
refrigeration,test_utility_2,none,single_family,5,0.0,0.0,0.0,0.0,0.0,0.0,0.0,0.0,0.0,0.0,0.0,0.0
refrigeration,test_utility_2,none,single_family,6,0.0,0.0,0.0,0.0,0.0,0.0,0.0,0.0,0.0,0.0,0.0,0.0
refrigeration,test_utility_2,none,single_family,7,0.0,0.0,0.0,0.0,0.0,0.0,0.0,0.0,0.0,0.0,0.0,0.0
refrigeration,test_utility_2,none,single_family,8,0.0,0.0,0.0,0.0,0.0,0.0,0.0,0.0,0.0,0.0,0.0,0.0
refrigeration,test_utility_2,none,single_family,9,0.0,0.0,0.0,0.0,0.0,0.0,0.0,0.0,0.0,0.0,0.0,0.0
refrigeration,test_utility_2,none,single_family,10,0.0,0.0,0.0,0.0,0.0,0.0,0.0,0.0,0.0,0.0,0.0,0.0
refrigeration,test_utility_2,none,single_family,11,0.0,0.0,0.0,0.0,0.0,0.0,0.0,0.0,0.0,0.0,0.0,0.0
refrigeration,test_utility_2,none,single_family,12,0.0,0.0,0.0,0.0,0.0,0.0,0.0,0.0,0.0,0.0,0.0,0.0
refrigeration,test_utility_2,none,single_family,13,0.0,0.0,0.0,0.0,0.0,0.0,0.0,0.0,0.0,0.0,0.0,0.0
refrigeration,test_utility_2,none,single_family,14,0.0,0.0,0.0,0.0,0.0,0.0,0.0,0.0,0.0,0.0,0.0,0.0
refrigeration,test_utility_2,none,single_family,15,0.0,0.0,0.0,0.0,0.0,0.0,0.0,0.0,0.0,0.0,0.0,0.0
refrigeration,test_utility_2,none,single_family,16,0.0,0.0,0.0,0.0,0.0,0.0,0.0,0.0,0.0,0.0,0.0,0.0
refrigeration,test_utility_2,none,single_family,17,0.0,0.0,0.0,0.0,0.0,0.0,0.0,0.0,0.0,0.0,0.0,0.0
refrigeration,test_utility_2,none,single_family,18,0.0,0.0,0.0,0.0,0.0,0.0,0.0,0.0,0.0,0.0,0.0,0.0
refrigeration,test_utility_2,none,single_family,19,0.0,0.0,0.0,0.0,0.0,0.0,0.0,0.0,0.0,0.0,0.0,0.0
refrigeration,test_utility_2,none,multifamily_li,0,0.0,0.0,0.0,0.0,0.0,0.0,0.0,0.0,0.0,0.0,0.0,0.0
refrigeration,test_utility_2,none,multifamily_li,1,0.0,0.0,0.0,0.0,0.0,0.0,0.0,0.0,0.0,0.0,0.0,0.0
refrigeration,test_utility_2,none,multifamily_li,2,0.0,0.0,0.0,0.0,0.0,0.0,0.0,0.0,0.0,0.0,0.0,0.0
refrigeration,test_utility_2,none,multifamily_li,3,0.0,0.0,0.0,0.0,0.0,0.0,0.0,0.0,0.0,0.0,0.0,0.0
refrigeration,test_utility_2,none,multifamily_li,4,0.0,0.0,0.0,0.0,0.0,0.0,0.0,0.0,0.0,0.0,0.0,0.0
refrigeration,test_utility_2,none,multifamily_li,5,0.0,0.0,0.0,0.0,0.0,0.0,0.0,0.0,0.0,0.0,0.0,0.0
refrigeration,test_utility_2,none,multifamily_li,6,0.0,0.0,0.0,0.0,0.0,0.0,0.0,0.0,0.0,0.0,0.0,0.0
refrigeration,test_utility_2,none,multifamily_li,7,0.0,0.0,0.0,0.0,0.0,0.0,0.0,0.0,0.0,0.0,0.0,0.0
refrigeration,test_utility_2,none,multifamily_li,8,0.0,0.0,0.0,0.0,0.0,0.0,0.0,0.0,0.0,0.0,0.0,0.0
refrigeration,test_utility_2,none,multifamily_li,9,0.0,0.0,0.0,0.0,0.0,0.0,0.0,0.0,0.0,0.0,0.0,0.0
refrigeration,test_utility_2,none,multifamily_li,10,0.0,0.0,0.0,0.0,0.0,0.0,0.0,0.0,0.0,0.0,0.0,0.0
refrigeration,test_utility_2,none,multifamily_li,11,0.0,0.0,0.0,0.0,0.0,0.0,0.0,0.0,0.0,0.0,0.0,0.0
refrigeration,test_utility_2,none,multifamily_li,12,0.0,0.0,0.0,0.0,0.0,0.0,0.0,0.0,0.0,0.0,0.0,0.0
refrigeration,test_utility_2,none,multifamily_li,13,0.0,0.0,0.0,0.0,0.0,0.0,0.0,0.0,0.0,0.0,0.0,0.0
refrigeration,test_utility_2,none,multifamily_li,14,0.0,0.0,0.0,0.0,0.0,0.0,0.0,0.0,0.0,0.0,0.0,0.0
refrigeration,test_utility_2,none,multifamily_li,15,0.0,0.0,0.0,0.0,0.0,0.0,0.0,0.0,0.0,0.0,0.0,0.0
refrigeration,test_utility_2,none,multifamily_li,16,0.0,0.0,0.0,0.0,0.0,0.0,0.0,0.0,0.0,0.0,0.0,0.0
refrigeration,test_utility_2,none,multifamily_li,17,0.0,0.0,0.0,0.0,0.0,0.0,0.0,0.0,0.0,0.0,0.0,0.0
refrigeration,test_utility_2,none,multifamily_li,18,0.0,0.0,0.0,0.0,0.0,0.0,0.0,0.0,0.0,0.0,0.0,0.0
refrigeration,test_utility_2,none,multifamily_li,19,0.0,0.0,0.0,0.0,0.0,0.0,0.0,0.0,0.0,0.0,0.0,0.0
refrigeration,test_utility_2,none,single_family_li,0,0.0,0.0,0.0,0.0,0.0,0.0,0.0,0.0,0.0,0.0,0.0,0.0
refrigeration,test_utility_2,none,single_family_li,1,0.0,0.0,0.0,0.0,0.0,0.0,0.0,0.0,0.0,0.0,0.0,0.0
refrigeration,test_utility_2,none,single_family_li,2,0.0,0.0,0.0,0.0,0.0,0.0,0.0,0.0,0.0,0.0,0.0,0.0
refrigeration,test_utility_2,none,single_family_li,3,0.0,0.0,0.0,0.0,0.0,0.0,0.0,0.0,0.0,0.0,0.0,0.0
refrigeration,test_utility_2,none,single_family_li,4,0.0,0.0,0.0,0.0,0.0,0.0,0.0,0.0,0.0,0.0,0.0,0.0
refrigeration,test_utility_2,none,single_family_li,5,0.0,0.0,0.0,0.0,0.0,0.0,0.0,0.0,0.0,0.0,0.0,0.0
refrigeration,test_utility_2,none,single_family_li,6,0.0,0.0,0.0,0.0,0.0,0.0,0.0,0.0,0.0,0.0,0.0,0.0
refrigeration,test_utility_2,none,single_family_li,7,0.0,0.0,0.0,0.0,0.0,0.0,0.0,0.0,0.0,0.0,0.0,0.0
refrigeration,test_utility_2,none,single_family_li,8,0.0,0.0,0.0,0.0,0.0,0.0,0.0,0.0,0.0,0.0,0.0,0.0
refrigeration,test_utility_2,none,single_family_li,9,0.0,0.0,0.0,0.0,0.0,0.0,0.0,0.0,0.0,0.0,0.0,0.0
refrigeration,test_utility_2,none,single_family_li,10,0.0,0.0,0.0,0.0,0.0,0.0,0.0,0.0,0.0,0.0,0.0,0.0
refrigeration,test_utility_2,none,single_family_li,11,0.0,0.0,0.0,0.0,0.0,0.0,0.0,0.0,0.0,0.0,0.0,0.0
refrigeration,test_utility_2,none,single_family_li,12,0.0,0.0,0.0,0.0,0.0,0.0,0.0,0.0,0.0,0.0,0.0,0.0
refrigeration,test_utility_2,none,single_family_li,13,0.0,0.0,0.0,0.0,0.0,0.0,0.0,0.0,0.0,0.0,0.0,0.0
refrigeration,test_utility_2,none,single_family_li,14,0.0,0.0,0.0,0.0,0.0,0.0,0.0,0.0,0.0,0.0,0.0,0.0
refrigeration,test_utility_2,none,single_family_li,15,0.0,0.0,0.0,0.0,0.0,0.0,0.0,0.0,0.0,0.0,0.0,0.0
refrigeration,test_utility_2,none,single_family_li,16,0.0,0.0,0.0,0.0,0.0,0.0,0.0,0.0,0.0,0.0,0.0,0.0
refrigeration,test_utility_2,none,single_family_li,17,0.0,0.0,0.0,0.0,0.0,0.0,0.0,0.0,0.0,0.0,0.0,0.0
refrigeration,test_utility_2,none,single_family_li,18,0.0,0.0,0.0,0.0,0.0,0.0,0.0,0.0,0.0,0.0,0.0,0.0
refrigeration,test_utility_2,none,single_family_li,19,0.0,0.0,0.0,0.0,0.0,0.0,0.0,0.0,0.0,0.0,0.0,0.0
refrigeration,test_utility_2,test_utility_2,multifamily,0,0.0,0.0,0.0,0.0,0.0,0.0,0.0,0.0,0.0,0.0,0.0,0.0
refrigeration,test_utility_2,test_utility_2,multifamily,1,0.0,0.0,0.0,0.0,0.0,0.0,0.0,0.0,0.0,0.0,0.0,0.0
refrigeration,test_utility_2,test_utility_2,multifamily,2,0.0,0.0,0.0,0.0,0.0,0.0,0.0,0.0,0.0,0.0,0.0,0.0
refrigeration,test_utility_2,test_utility_2,multifamily,3,0.0,0.0,0.0,0.0,0.0,0.0,0.0,0.0,0.0,0.0,0.0,0.0
refrigeration,test_utility_2,test_utility_2,multifamily,4,0.0,0.0,0.0,0.0,0.0,0.0,0.0,0.0,0.0,0.0,0.0,0.0
refrigeration,test_utility_2,test_utility_2,multifamily,5,0.0,0.0,0.0,0.0,0.0,0.0,0.0,0.0,0.0,0.0,0.0,0.0
refrigeration,test_utility_2,test_utility_2,multifamily,6,0.0,0.0,0.0,0.0,0.0,0.0,0.0,0.0,0.0,0.0,0.0,0.0
refrigeration,test_utility_2,test_utility_2,multifamily,7,0.0,0.0,0.0,0.0,0.0,0.0,0.0,0.0,0.0,0.0,0.0,0.0
refrigeration,test_utility_2,test_utility_2,multifamily,8,0.0,0.0,0.0,0.0,0.0,0.0,0.0,0.0,0.0,0.0,0.0,0.0
refrigeration,test_utility_2,test_utility_2,multifamily,9,0.0,0.0,0.0,0.0,0.0,0.0,0.0,0.0,0.0,0.0,0.0,0.0
refrigeration,test_utility_2,test_utility_2,multifamily,10,0.0,0.0,0.0,0.0,0.0,0.0,0.0,0.0,0.0,0.0,0.0,0.0
refrigeration,test_utility_2,test_utility_2,multifamily,11,0.0,0.0,0.0,0.0,0.0,0.0,0.0,0.0,0.0,0.0,0.0,0.0
refrigeration,test_utility_2,test_utility_2,multifamily,12,0.0,0.0,0.0,0.0,0.0,0.0,0.0,0.0,0.0,0.0,0.0,0.0
refrigeration,test_utility_2,test_utility_2,multifamily,13,0.0,0.0,0.0,0.0,0.0,0.0,0.0,0.0,0.0,0.0,0.0,0.0
refrigeration,test_utility_2,test_utility_2,multifamily,14,0.0,0.0,0.0,0.0,0.0,0.0,0.0,0.0,0.0,0.0,0.0,0.0
refrigeration,test_utility_2,test_utility_2,multifamily,15,0.0,0.0,0.0,0.0,0.0,0.0,0.0,0.0,0.0,0.0,0.0,0.0
refrigeration,test_utility_2,test_utility_2,multifamily,16,0.0,0.0,0.0,0.0,0.0,0.0,0.0,0.0,0.0,0.0,0.0,0.0
refrigeration,test_utility_2,test_utility_2,multifamily,17,0.0,0.0,0.0,0.0,0.0,0.0,0.0,0.0,0.0,0.0,0.0,0.0
refrigeration,test_utility_2,test_utility_2,multifamily,18,0.0,0.0,0.0,0.0,0.0,0.0,0.0,0.0,0.0,0.0,0.0,0.0
refrigeration,test_utility_2,test_utility_2,multifamily,19,0.0,0.0,0.0,0.0,0.0,0.0,0.0,0.0,0.0,0.0,0.0,0.0
refrigeration,test_utility_2,test_utility_2,single_family,0,0.0,0.0,0.0,0.0,0.0,0.0,0.0,0.0,0.0,0.0,0.0,0.0
refrigeration,test_utility_2,test_utility_2,single_family,1,0.0,0.0,0.0,0.0,0.0,0.0,0.0,0.0,0.0,0.0,0.0,0.0
refrigeration,test_utility_2,test_utility_2,single_family,2,0.0,0.0,0.0,0.0,0.0,0.0,0.0,0.0,0.0,0.0,0.0,0.0
refrigeration,test_utility_2,test_utility_2,single_family,3,0.0,0.0,0.0,0.0,0.0,0.0,0.0,0.0,0.0,0.0,0.0,0.0
refrigeration,test_utility_2,test_utility_2,single_family,4,0.0,0.0,0.0,0.0,0.0,0.0,0.0,0.0,0.0,0.0,0.0,0.0
refrigeration,test_utility_2,test_utility_2,single_family,5,0.0,0.0,0.0,0.0,0.0,0.0,0.0,0.0,0.0,0.0,0.0,0.0
refrigeration,test_utility_2,test_utility_2,single_family,6,0.0,0.0,0.0,0.0,0.0,0.0,0.0,0.0,0.0,0.0,0.0,0.0
refrigeration,test_utility_2,test_utility_2,single_family,7,0.0,0.0,0.0,0.0,0.0,0.0,0.0,0.0,0.0,0.0,0.0,0.0
refrigeration,test_utility_2,test_utility_2,single_family,8,0.0,0.0,0.0,0.0,0.0,0.0,0.0,0.0,0.0,0.0,0.0,0.0
refrigeration,test_utility_2,test_utility_2,single_family,9,0.0,0.0,0.0,0.0,0.0,0.0,0.0,0.0,0.0,0.0,0.0,0.0
refrigeration,test_utility_2,test_utility_2,single_family,10,0.0,0.0,0.0,0.0,0.0,0.0,0.0,0.0,0.0,0.0,0.0,0.0
refrigeration,test_utility_2,test_utility_2,single_family,11,0.0,0.0,0.0,0.0,0.0,0.0,0.0,0.0,0.0,0.0,0.0,0.0
refrigeration,test_utility_2,test_utility_2,single_family,12,0.0,0.0,0.0,0.0,0.0,0.0,0.0,0.0,0.0,0.0,0.0,0.0
refrigeration,test_utility_2,test_utility_2,single_family,13,0.0,0.0,0.0,0.0,0.0,0.0,0.0,0.0,0.0,0.0,0.0,0.0
refrigeration,test_utility_2,test_utility_2,single_family,14,0.0,0.0,0.0,0.0,0.0,0.0,0.0,0.0,0.0,0.0,0.0,0.0
refrigeration,test_utility_2,test_utility_2,single_family,15,0.0,0.0,0.0,0.0,0.0,0.0,0.0,0.0,0.0,0.0,0.0,0.0
refrigeration,test_utility_2,test_utility_2,single_family,16,0.0,0.0,0.0,0.0,0.0,0.0,0.0,0.0,0.0,0.0,0.0,0.0
refrigeration,test_utility_2,test_utility_2,single_family,17,0.0,0.0,0.0,0.0,0.0,0.0,0.0,0.0,0.0,0.0,0.0,0.0
refrigeration,test_utility_2,test_utility_2,single_family,18,0.0,0.0,0.0,0.0,0.0,0.0,0.0,0.0,0.0,0.0,0.0,0.0
refrigeration,test_utility_2,test_utility_2,single_family,19,0.0,0.0,0.0,0.0,0.0,0.0,0.0,0.0,0.0,0.0,0.0,0.0
refrigeration,test_utility_2,test_utility_2,multifamily_li,0,0.0,0.0,0.0,0.0,0.0,0.0,0.0,0.0,0.0,0.0,0.0,0.0
refrigeration,test_utility_2,test_utility_2,multifamily_li,1,0.0,0.0,0.0,0.0,0.0,0.0,0.0,0.0,0.0,0.0,0.0,0.0
refrigeration,test_utility_2,test_utility_2,multifamily_li,2,0.0,0.0,0.0,0.0,0.0,0.0,0.0,0.0,0.0,0.0,0.0,0.0
refrigeration,test_utility_2,test_utility_2,multifamily_li,3,0.0,0.0,0.0,0.0,0.0,0.0,0.0,0.0,0.0,0.0,0.0,0.0
refrigeration,test_utility_2,test_utility_2,multifamily_li,4,0.0,0.0,0.0,0.0,0.0,0.0,0.0,0.0,0.0,0.0,0.0,0.0
refrigeration,test_utility_2,test_utility_2,multifamily_li,5,0.0,0.0,0.0,0.0,0.0,0.0,0.0,0.0,0.0,0.0,0.0,0.0
refrigeration,test_utility_2,test_utility_2,multifamily_li,6,0.0,0.0,0.0,0.0,0.0,0.0,0.0,0.0,0.0,0.0,0.0,0.0
refrigeration,test_utility_2,test_utility_2,multifamily_li,7,0.0,0.0,0.0,0.0,0.0,0.0,0.0,0.0,0.0,0.0,0.0,0.0
refrigeration,test_utility_2,test_utility_2,multifamily_li,8,0.0,0.0,0.0,0.0,0.0,0.0,0.0,0.0,0.0,0.0,0.0,0.0
refrigeration,test_utility_2,test_utility_2,multifamily_li,9,0.0,0.0,0.0,0.0,0.0,0.0,0.0,0.0,0.0,0.0,0.0,0.0
refrigeration,test_utility_2,test_utility_2,multifamily_li,10,0.0,0.0,0.0,0.0,0.0,0.0,0.0,0.0,0.0,0.0,0.0,0.0
refrigeration,test_utility_2,test_utility_2,multifamily_li,11,0.0,0.0,0.0,0.0,0.0,0.0,0.0,0.0,0.0,0.0,0.0,0.0
refrigeration,test_utility_2,test_utility_2,multifamily_li,12,0.0,0.0,0.0,0.0,0.0,0.0,0.0,0.0,0.0,0.0,0.0,0.0
refrigeration,test_utility_2,test_utility_2,multifamily_li,13,0.0,0.0,0.0,0.0,0.0,0.0,0.0,0.0,0.0,0.0,0.0,0.0
refrigeration,test_utility_2,test_utility_2,multifamily_li,14,0.0,0.0,0.0,0.0,0.0,0.0,0.0,0.0,0.0,0.0,0.0,0.0
refrigeration,test_utility_2,test_utility_2,multifamily_li,15,0.0,0.0,0.0,0.0,0.0,0.0,0.0,0.0,0.0,0.0,0.0,0.0
refrigeration,test_utility_2,test_utility_2,multifamily_li,16,0.0,0.0,0.0,0.0,0.0,0.0,0.0,0.0,0.0,0.0,0.0,0.0
refrigeration,test_utility_2,test_utility_2,multifamily_li,17,0.0,0.0,0.0,0.0,0.0,0.0,0.0,0.0,0.0,0.0,0.0,0.0
refrigeration,test_utility_2,test_utility_2,multifamily_li,18,0.0,0.0,0.0,0.0,0.0,0.0,0.0,0.0,0.0,0.0,0.0,0.0
refrigeration,test_utility_2,test_utility_2,multifamily_li,19,0.0,0.0,0.0,0.0,0.0,0.0,0.0,0.0,0.0,0.0,0.0,0.0
refrigeration,test_utility_2,test_utility_2,single_family_li,0,0.0,0.0,0.0,0.0,0.0,0.0,0.0,0.0,0.0,0.0,0.0,0.0
refrigeration,test_utility_2,test_utility_2,single_family_li,1,0.0,0.0,0.0,0.0,0.0,0.0,0.0,0.0,0.0,0.0,0.0,0.0
refrigeration,test_utility_2,test_utility_2,single_family_li,2,0.0,0.0,0.0,0.0,0.0,0.0,0.0,0.0,0.0,0.0,0.0,0.0
refrigeration,test_utility_2,test_utility_2,single_family_li,3,0.0,0.0,0.0,0.0,0.0,0.0,0.0,0.0,0.0,0.0,0.0,0.0
refrigeration,test_utility_2,test_utility_2,single_family_li,4,0.0,0.0,0.0,0.0,0.0,0.0,0.0,0.0,0.0,0.0,0.0,0.0
refrigeration,test_utility_2,test_utility_2,single_family_li,5,0.0,0.0,0.0,0.0,0.0,0.0,0.0,0.0,0.0,0.0,0.0,0.0
refrigeration,test_utility_2,test_utility_2,single_family_li,6,0.0,0.0,0.0,0.0,0.0,0.0,0.0,0.0,0.0,0.0,0.0,0.0
refrigeration,test_utility_2,test_utility_2,single_family_li,7,0.0,0.0,0.0,0.0,0.0,0.0,0.0,0.0,0.0,0.0,0.0,0.0
refrigeration,test_utility_2,test_utility_2,single_family_li,8,0.0,0.0,0.0,0.0,0.0,0.0,0.0,0.0,0.0,0.0,0.0,0.0
refrigeration,test_utility_2,test_utility_2,single_family_li,9,0.0,0.0,0.0,0.0,0.0,0.0,0.0,0.0,0.0,0.0,0.0,0.0
refrigeration,test_utility_2,test_utility_2,single_family_li,10,0.0,0.0,0.0,0.0,0.0,0.0,0.0,0.0,0.0,0.0,0.0,0.0
refrigeration,test_utility_2,test_utility_2,single_family_li,11,0.0,0.0,0.0,0.0,0.0,0.0,0.0,0.0,0.0,0.0,0.0,0.0
refrigeration,test_utility_2,test_utility_2,single_family_li,12,0.0,0.0,0.0,0.0,0.0,0.0,0.0,0.0,0.0,0.0,0.0,0.0
refrigeration,test_utility_2,test_utility_2,single_family_li,13,0.0,0.0,0.0,0.0,0.0,0.0,0.0,0.0,0.0,0.0,0.0,0.0
refrigeration,test_utility_2,test_utility_2,single_family_li,14,0.0,0.0,0.0,0.0,0.0,0.0,0.0,0.0,0.0,0.0,0.0,0.0
refrigeration,test_utility_2,test_utility_2,single_family_li,15,0.0,0.0,0.0,0.0,0.0,0.0,0.0,0.0,0.0,0.0,0.0,0.0
refrigeration,test_utility_2,test_utility_2,single_family_li,16,0.0,0.0,0.0,0.0,0.0,0.0,0.0,0.0,0.0,0.0,0.0,0.0
refrigeration,test_utility_2,test_utility_2,single_family_li,17,0.0,0.0,0.0,0.0,0.0,0.0,0.0,0.0,0.0,0.0,0.0,0.0
refrigeration,test_utility_2,test_utility_2,single_family_li,18,0.0,0.0,0.0,0.0,0.0,0.0,0.0,0.0,0.0,0.0,0.0,0.0
refrigeration,test_utility_2,test_utility_2,single_family_li,19,0.0,0.0,0.0,0.0,0.0,0.0,0.0,0.0,0.0,0.0,0.0,0.0
heating_cooling,test_utility_1,test_utility_1,multifamily,0,0.0,0.0,0.0,0.0,0.0,0.0,0.0,0.0,0.0,0.0,0.0,0.0
heating_cooling,test_utility_1,test_utility_1,multifamily,1,0.0,0.0,0.0,0.0,0.0,0.0,0.0,0.0,0.0,0.0,0.0,0.0
heating_cooling,test_utility_1,test_utility_1,multifamily,2,0.0,0.0,0.0,0.0,0.0,0.0,0.0,0.0,0.0,0.0,0.0,0.0
heating_cooling,test_utility_1,test_utility_1,multifamily,3,0.0,0.0,0.0,0.0,0.0,0.0,0.0,0.0,0.0,0.0,0.0,0.0
heating_cooling,test_utility_1,test_utility_1,multifamily,4,0.0,0.0,0.0,0.0,0.0,0.0,0.0,0.0,0.0,0.0,0.0,0.0
heating_cooling,test_utility_1,test_utility_1,multifamily,5,0.0,0.0,0.0,0.0,0.0,0.0,0.0,0.0,0.0,0.0,0.0,0.0
heating_cooling,test_utility_1,test_utility_1,multifamily,6,0.0,0.0,0.0,0.0,0.0,0.0,0.0,0.0,0.0,0.0,0.0,0.0
heating_cooling,test_utility_1,test_utility_1,multifamily,7,0.0,0.0,0.0,0.0,0.0,0.0,0.0,0.0,0.0,0.0,0.0,0.0
heating_cooling,test_utility_1,test_utility_1,multifamily,8,0.0,0.0,0.0,0.0,0.0,0.0,0.0,0.0,0.0,0.0,0.0,0.0
heating_cooling,test_utility_1,test_utility_1,multifamily,9,0.0,0.0,0.0,0.0,0.0,0.0,0.0,0.0,0.0,0.0,0.0,0.0
heating_cooling,test_utility_1,test_utility_1,multifamily,10,0.0,0.0,0.0,0.0,0.0,0.0,0.0,0.0,0.0,0.0,0.0,0.0
heating_cooling,test_utility_1,test_utility_1,multifamily,11,0.0,0.0,0.0,0.0,0.0,0.0,0.0,0.0,0.0,0.0,0.0,0.0
heating_cooling,test_utility_1,test_utility_1,multifamily,12,0.0,0.0,0.0,0.0,0.0,0.0,0.0,0.0,0.0,0.0,0.0,0.0
heating_cooling,test_utility_1,test_utility_1,multifamily,13,0.0,0.0,0.0,0.0,0.0,0.0,0.0,0.0,0.0,0.0,0.0,0.0
heating_cooling,test_utility_1,test_utility_1,multifamily,14,0.0,0.0,0.0,0.0,0.0,0.0,0.0,0.0,0.0,0.0,0.0,0.0
heating_cooling,test_utility_1,test_utility_1,multifamily,15,0.0,0.0,0.0,0.0,0.0,0.0,0.0,0.0,0.0,0.0,0.0,0.0
heating_cooling,test_utility_1,test_utility_1,multifamily,16,0.0,0.0,0.0,0.0,0.0,0.0,0.0,0.0,0.0,0.0,0.0,0.0
heating_cooling,test_utility_1,test_utility_1,multifamily,17,0.0,0.0,0.0,0.0,0.0,0.0,0.0,0.0,0.0,0.0,0.0,0.0
heating_cooling,test_utility_1,test_utility_1,multifamily,18,0.0,0.0,0.0,0.0,0.0,0.0,0.0,0.0,0.0,0.0,0.0,0.0
heating_cooling,test_utility_1,test_utility_1,multifamily,19,0.0,0.0,0.0,0.0,0.0,0.0,0.0,0.0,0.0,0.0,0.0,0.0
heating_cooling,test_utility_1,test_utility_1,single_family,0,0.0,0.0,0.0,0.0,0.0,0.0,0.0,0.0,0.0,0.0,0.0,0.0
heating_cooling,test_utility_1,test_utility_1,single_family,1,0.0,0.0,0.0,0.0,0.0,0.0,0.0,0.0,0.0,0.0,0.0,0.0
heating_cooling,test_utility_1,test_utility_1,single_family,2,0.0,0.0,0.0,0.0,0.0,0.0,0.0,0.0,0.0,0.0,0.0,0.0
heating_cooling,test_utility_1,test_utility_1,single_family,3,0.0,0.0,0.0,0.0,0.0,0.0,0.0,0.0,0.0,0.0,0.0,0.0
heating_cooling,test_utility_1,test_utility_1,single_family,4,0.0,0.0,0.0,0.0,0.0,0.0,0.0,0.0,0.0,0.0,0.0,0.0
heating_cooling,test_utility_1,test_utility_1,single_family,5,0.0,0.0,0.0,0.0,0.0,0.0,0.0,0.0,0.0,0.0,0.0,0.0
heating_cooling,test_utility_1,test_utility_1,single_family,6,0.0,0.0,0.0,0.0,0.0,0.0,0.0,0.0,0.0,0.0,0.0,0.0
heating_cooling,test_utility_1,test_utility_1,single_family,7,0.0,0.0,0.0,0.0,0.0,0.0,0.0,0.0,0.0,0.0,0.0,0.0
heating_cooling,test_utility_1,test_utility_1,single_family,8,0.0,0.0,0.0,0.0,0.0,0.0,0.0,0.0,0.0,0.0,0.0,0.0
heating_cooling,test_utility_1,test_utility_1,single_family,9,0.0,0.0,0.0,0.0,0.0,0.0,0.0,0.0,0.0,0.0,0.0,0.0
heating_cooling,test_utility_1,test_utility_1,single_family,10,0.0,0.0,0.0,0.0,0.0,0.0,0.0,0.0,0.0,0.0,0.0,0.0
heating_cooling,test_utility_1,test_utility_1,single_family,11,0.0,0.0,0.0,0.0,0.0,0.0,0.0,0.0,0.0,0.0,0.0,0.0
heating_cooling,test_utility_1,test_utility_1,single_family,12,0.0,0.0,0.0,0.0,0.0,0.0,0.0,0.0,0.0,0.0,0.0,0.0
heating_cooling,test_utility_1,test_utility_1,single_family,13,0.0,0.0,0.0,0.0,0.0,0.0,0.0,0.0,0.0,0.0,0.0,0.0
heating_cooling,test_utility_1,test_utility_1,single_family,14,0.0,0.0,0.0,0.0,0.0,0.0,0.0,0.0,0.0,0.0,0.0,0.0
heating_cooling,test_utility_1,test_utility_1,single_family,15,0.0,0.0,0.0,0.0,0.0,0.0,0.0,0.0,0.0,0.0,0.0,0.0
heating_cooling,test_utility_1,test_utility_1,single_family,16,0.0,0.0,0.0,0.0,0.0,0.0,0.0,0.0,0.0,0.0,0.0,0.0
heating_cooling,test_utility_1,test_utility_1,single_family,17,0.0,0.0,0.0,0.0,0.0,0.0,0.0,0.0,0.0,0.0,0.0,0.0
heating_cooling,test_utility_1,test_utility_1,single_family,18,0.0,0.0,0.0,0.0,0.0,0.0,0.0,0.0,0.0,0.0,0.0,0.0
heating_cooling,test_utility_1,test_utility_1,single_family,19,0.0,0.0,0.0,0.0,0.0,0.0,0.0,0.0,0.0,0.0,0.0,0.0
heating_cooling,test_utility_1,test_utility_1,multifamily_li,0,0.0,0.0,0.0,0.0,0.0,0.0,0.0,0.0,0.0,0.0,0.0,0.0
heating_cooling,test_utility_1,test_utility_1,multifamily_li,1,0.0,0.0,0.0,0.0,0.0,0.0,0.0,0.0,0.0,0.0,0.0,0.0
heating_cooling,test_utility_1,test_utility_1,multifamily_li,2,0.0,0.0,0.0,0.0,0.0,0.0,0.0,0.0,0.0,0.0,0.0,0.0
heating_cooling,test_utility_1,test_utility_1,multifamily_li,3,0.0,0.0,0.0,0.0,0.0,0.0,0.0,0.0,0.0,0.0,0.0,0.0
heating_cooling,test_utility_1,test_utility_1,multifamily_li,4,0.0,0.0,0.0,0.0,0.0,0.0,0.0,0.0,0.0,0.0,0.0,0.0
heating_cooling,test_utility_1,test_utility_1,multifamily_li,5,0.0,0.0,0.0,0.0,0.0,0.0,0.0,0.0,0.0,0.0,0.0,0.0
heating_cooling,test_utility_1,test_utility_1,multifamily_li,6,0.0,0.0,0.0,0.0,0.0,0.0,0.0,0.0,0.0,0.0,0.0,0.0
heating_cooling,test_utility_1,test_utility_1,multifamily_li,7,0.0,0.0,0.0,0.0,0.0,0.0,0.0,0.0,0.0,0.0,0.0,0.0
heating_cooling,test_utility_1,test_utility_1,multifamily_li,8,0.0,0.0,0.0,0.0,0.0,0.0,0.0,0.0,0.0,0.0,0.0,0.0
heating_cooling,test_utility_1,test_utility_1,multifamily_li,9,0.0,0.0,0.0,0.0,0.0,0.0,0.0,0.0,0.0,0.0,0.0,0.0
heating_cooling,test_utility_1,test_utility_1,multifamily_li,10,0.0,0.0,0.0,0.0,0.0,0.0,0.0,0.0,0.0,0.0,0.0,0.0
heating_cooling,test_utility_1,test_utility_1,multifamily_li,11,0.0,0.0,0.0,0.0,0.0,0.0,0.0,0.0,0.0,0.0,0.0,0.0
heating_cooling,test_utility_1,test_utility_1,multifamily_li,12,0.0,0.0,0.0,0.0,0.0,0.0,0.0,0.0,0.0,0.0,0.0,0.0
heating_cooling,test_utility_1,test_utility_1,multifamily_li,13,0.0,0.0,0.0,0.0,0.0,0.0,0.0,0.0,0.0,0.0,0.0,0.0
heating_cooling,test_utility_1,test_utility_1,multifamily_li,14,0.0,0.0,0.0,0.0,0.0,0.0,0.0,0.0,0.0,0.0,0.0,0.0
heating_cooling,test_utility_1,test_utility_1,multifamily_li,15,0.0,0.0,0.0,0.0,0.0,0.0,0.0,0.0,0.0,0.0,0.0,0.0
heating_cooling,test_utility_1,test_utility_1,multifamily_li,16,0.0,0.0,0.0,0.0,0.0,0.0,0.0,0.0,0.0,0.0,0.0,0.0
heating_cooling,test_utility_1,test_utility_1,multifamily_li,17,0.0,0.0,0.0,0.0,0.0,0.0,0.0,0.0,0.0,0.0,0.0,0.0
heating_cooling,test_utility_1,test_utility_1,multifamily_li,18,0.0,0.0,0.0,0.0,0.0,0.0,0.0,0.0,0.0,0.0,0.0,0.0
heating_cooling,test_utility_1,test_utility_1,multifamily_li,19,0.0,0.0,0.0,0.0,0.0,0.0,0.0,0.0,0.0,0.0,0.0,0.0
heating_cooling,test_utility_1,test_utility_1,single_family_li,0,0.0,0.0,0.0,0.0,0.0,0.0,0.0,0.0,0.0,0.0,0.0,0.0
heating_cooling,test_utility_1,test_utility_1,single_family_li,1,0.0,0.0,0.0,0.0,0.0,0.0,0.0,0.0,0.0,0.0,0.0,0.0
heating_cooling,test_utility_1,test_utility_1,single_family_li,2,0.0,0.0,0.0,0.0,0.0,0.0,0.0,0.0,0.0,0.0,0.0,0.0
heating_cooling,test_utility_1,test_utility_1,single_family_li,3,0.0,0.0,0.0,0.0,0.0,0.0,0.0,0.0,0.0,0.0,0.0,0.0
heating_cooling,test_utility_1,test_utility_1,single_family_li,4,0.0,0.0,0.0,0.0,0.0,0.0,0.0,0.0,0.0,0.0,0.0,0.0
heating_cooling,test_utility_1,test_utility_1,single_family_li,5,0.0,0.0,0.0,0.0,0.0,0.0,0.0,0.0,0.0,0.0,0.0,0.0
heating_cooling,test_utility_1,test_utility_1,single_family_li,6,0.0,0.0,0.0,0.0,0.0,0.0,0.0,0.0,0.0,0.0,0.0,0.0
heating_cooling,test_utility_1,test_utility_1,single_family_li,7,0.0,0.0,0.0,0.0,0.0,0.0,0.0,0.0,0.0,0.0,0.0,0.0
heating_cooling,test_utility_1,test_utility_1,single_family_li,8,0.0,0.0,0.0,0.0,0.0,0.0,0.0,0.0,0.0,0.0,0.0,0.0
heating_cooling,test_utility_1,test_utility_1,single_family_li,9,0.0,0.0,0.0,0.0,0.0,0.0,0.0,0.0,0.0,0.0,0.0,0.0
heating_cooling,test_utility_1,test_utility_1,single_family_li,10,0.0,0.0,0.0,0.0,0.0,0.0,0.0,0.0,0.0,0.0,0.0,0.0
heating_cooling,test_utility_1,test_utility_1,single_family_li,11,0.0,0.0,0.0,0.0,0.0,0.0,0.0,0.0,0.0,0.0,0.0,0.0
heating_cooling,test_utility_1,test_utility_1,single_family_li,12,0.0,0.0,0.0,0.0,0.0,0.0,0.0,0.0,0.0,0.0,0.0,0.0
heating_cooling,test_utility_1,test_utility_1,single_family_li,13,0.0,0.0,0.0,0.0,0.0,0.0,0.0,0.0,0.0,0.0,0.0,0.0
heating_cooling,test_utility_1,test_utility_1,single_family_li,14,0.0,0.0,0.0,0.0,0.0,0.0,0.0,0.0,0.0,0.0,0.0,0.0
heating_cooling,test_utility_1,test_utility_1,single_family_li,15,0.0,0.0,0.0,0.0,0.0,0.0,0.0,0.0,0.0,0.0,0.0,0.0
heating_cooling,test_utility_1,test_utility_1,single_family_li,16,0.0,0.0,0.0,0.0,0.0,0.0,0.0,0.0,0.0,0.0,0.0,0.0
heating_cooling,test_utility_1,test_utility_1,single_family_li,17,0.0,0.0,0.0,0.0,0.0,0.0,0.0,0.0,0.0,0.0,0.0,0.0
heating_cooling,test_utility_1,test_utility_1,single_family_li,18,0.0,0.0,0.0,0.0,0.0,0.0,0.0,0.0,0.0,0.0,0.0,0.0
heating_cooling,test_utility_1,test_utility_1,single_family_li,19,0.0,0.0,0.0,0.0,0.0,0.0,0.0,0.0,0.0,0.0,0.0,0.0
heating_cooling,test_utility_1,none,multifamily,0,0.0,0.0,0.0,0.0,0.0,0.0,0.0,0.0,0.0,0.0,0.0,0.0
heating_cooling,test_utility_1,none,multifamily,1,0.0,0.0,0.0,0.0,0.0,0.0,0.0,0.0,0.0,0.0,0.0,0.0
heating_cooling,test_utility_1,none,multifamily,2,0.0,0.0,0.0,0.0,0.0,0.0,0.0,0.0,0.0,0.0,0.0,0.0
heating_cooling,test_utility_1,none,multifamily,3,0.0,0.0,0.0,0.0,0.0,0.0,0.0,0.0,0.0,0.0,0.0,0.0
heating_cooling,test_utility_1,none,multifamily,4,0.0,0.0,0.0,0.0,0.0,0.0,0.0,0.0,0.0,0.0,0.0,0.0
heating_cooling,test_utility_1,none,multifamily,5,0.0,0.0,0.0,0.0,0.0,0.0,0.0,0.0,0.0,0.0,0.0,0.0
heating_cooling,test_utility_1,none,multifamily,6,0.0,0.0,0.0,0.0,0.0,0.0,0.0,0.0,0.0,0.0,0.0,0.0
heating_cooling,test_utility_1,none,multifamily,7,0.0,0.0,0.0,0.0,0.0,0.0,0.0,0.0,0.0,0.0,0.0,0.0
heating_cooling,test_utility_1,none,multifamily,8,0.0,0.0,0.0,0.0,0.0,0.0,0.0,0.0,0.0,0.0,0.0,0.0
heating_cooling,test_utility_1,none,multifamily,9,0.0,0.0,0.0,0.0,0.0,0.0,0.0,0.0,0.0,0.0,0.0,0.0
heating_cooling,test_utility_1,none,multifamily,10,0.0,0.0,0.0,0.0,0.0,0.0,0.0,0.0,0.0,0.0,0.0,0.0
heating_cooling,test_utility_1,none,multifamily,11,0.0,0.0,0.0,0.0,0.0,0.0,0.0,0.0,0.0,0.0,0.0,0.0
heating_cooling,test_utility_1,none,multifamily,12,0.0,0.0,0.0,0.0,0.0,0.0,0.0,0.0,0.0,0.0,0.0,0.0
heating_cooling,test_utility_1,none,multifamily,13,0.0,0.0,0.0,0.0,0.0,0.0,0.0,0.0,0.0,0.0,0.0,0.0
heating_cooling,test_utility_1,none,multifamily,14,0.0,0.0,0.0,0.0,0.0,0.0,0.0,0.0,0.0,0.0,0.0,0.0
heating_cooling,test_utility_1,none,multifamily,15,0.0,0.0,0.0,0.0,0.0,0.0,0.0,0.0,0.0,0.0,0.0,0.0
heating_cooling,test_utility_1,none,multifamily,16,0.0,0.0,0.0,0.0,0.0,0.0,0.0,0.0,0.0,0.0,0.0,0.0
heating_cooling,test_utility_1,none,multifamily,17,0.0,0.0,0.0,0.0,0.0,0.0,0.0,0.0,0.0,0.0,0.0,0.0
heating_cooling,test_utility_1,none,multifamily,18,0.0,0.0,0.0,0.0,0.0,0.0,0.0,0.0,0.0,0.0,0.0,0.0
heating_cooling,test_utility_1,none,multifamily,19,0.0,0.0,0.0,0.0,0.0,0.0,0.0,0.0,0.0,0.0,0.0,0.0
heating_cooling,test_utility_1,none,single_family,0,0.0,0.0,0.0,0.0,0.0,0.0,0.0,0.0,0.0,0.0,0.0,0.0
heating_cooling,test_utility_1,none,single_family,1,0.0,0.0,0.0,0.0,0.0,0.0,0.0,0.0,0.0,0.0,0.0,0.0
heating_cooling,test_utility_1,none,single_family,2,0.0,0.0,0.0,0.0,0.0,0.0,0.0,0.0,0.0,0.0,0.0,0.0
heating_cooling,test_utility_1,none,single_family,3,0.0,0.0,0.0,0.0,0.0,0.0,0.0,0.0,0.0,0.0,0.0,0.0
heating_cooling,test_utility_1,none,single_family,4,0.0,0.0,0.0,0.0,0.0,0.0,0.0,0.0,0.0,0.0,0.0,0.0
heating_cooling,test_utility_1,none,single_family,5,0.0,0.0,0.0,0.0,0.0,0.0,0.0,0.0,0.0,0.0,0.0,0.0
heating_cooling,test_utility_1,none,single_family,6,0.0,0.0,0.0,0.0,0.0,0.0,0.0,0.0,0.0,0.0,0.0,0.0
heating_cooling,test_utility_1,none,single_family,7,0.0,0.0,0.0,0.0,0.0,0.0,0.0,0.0,0.0,0.0,0.0,0.0
heating_cooling,test_utility_1,none,single_family,8,0.0,0.0,0.0,0.0,0.0,0.0,0.0,0.0,0.0,0.0,0.0,0.0
heating_cooling,test_utility_1,none,single_family,9,0.0,0.0,0.0,0.0,0.0,0.0,0.0,0.0,0.0,0.0,0.0,0.0
heating_cooling,test_utility_1,none,single_family,10,0.0,0.0,0.0,0.0,0.0,0.0,0.0,0.0,0.0,0.0,0.0,0.0
heating_cooling,test_utility_1,none,single_family,11,0.0,0.0,0.0,0.0,0.0,0.0,0.0,0.0,0.0,0.0,0.0,0.0
heating_cooling,test_utility_1,none,single_family,12,0.0,0.0,0.0,0.0,0.0,0.0,0.0,0.0,0.0,0.0,0.0,0.0
heating_cooling,test_utility_1,none,single_family,13,0.0,0.0,0.0,0.0,0.0,0.0,0.0,0.0,0.0,0.0,0.0,0.0
heating_cooling,test_utility_1,none,single_family,14,0.0,0.0,0.0,0.0,0.0,0.0,0.0,0.0,0.0,0.0,0.0,0.0
heating_cooling,test_utility_1,none,single_family,15,0.0,0.0,0.0,0.0,0.0,0.0,0.0,0.0,0.0,0.0,0.0,0.0
heating_cooling,test_utility_1,none,single_family,16,0.0,0.0,0.0,0.0,0.0,0.0,0.0,0.0,0.0,0.0,0.0,0.0
heating_cooling,test_utility_1,none,single_family,17,0.0,0.0,0.0,0.0,0.0,0.0,0.0,0.0,0.0,0.0,0.0,0.0
heating_cooling,test_utility_1,none,single_family,18,0.0,0.0,0.0,0.0,0.0,0.0,0.0,0.0,0.0,0.0,0.0,0.0
heating_cooling,test_utility_1,none,single_family,19,0.0,0.0,0.0,0.0,0.0,0.0,0.0,0.0,0.0,0.0,0.0,0.0
heating_cooling,test_utility_1,none,multifamily_li,0,0.0,0.0,0.0,0.0,0.0,0.0,0.0,0.0,0.0,0.0,0.0,0.0
heating_cooling,test_utility_1,none,multifamily_li,1,0.0,0.0,0.0,0.0,0.0,0.0,0.0,0.0,0.0,0.0,0.0,0.0
heating_cooling,test_utility_1,none,multifamily_li,2,0.0,0.0,0.0,0.0,0.0,0.0,0.0,0.0,0.0,0.0,0.0,0.0
heating_cooling,test_utility_1,none,multifamily_li,3,0.0,0.0,0.0,0.0,0.0,0.0,0.0,0.0,0.0,0.0,0.0,0.0
heating_cooling,test_utility_1,none,multifamily_li,4,0.0,0.0,0.0,0.0,0.0,0.0,0.0,0.0,0.0,0.0,0.0,0.0
heating_cooling,test_utility_1,none,multifamily_li,5,0.0,0.0,0.0,0.0,0.0,0.0,0.0,0.0,0.0,0.0,0.0,0.0
heating_cooling,test_utility_1,none,multifamily_li,6,0.0,0.0,0.0,0.0,0.0,0.0,0.0,0.0,0.0,0.0,0.0,0.0
heating_cooling,test_utility_1,none,multifamily_li,7,0.0,0.0,0.0,0.0,0.0,0.0,0.0,0.0,0.0,0.0,0.0,0.0
heating_cooling,test_utility_1,none,multifamily_li,8,0.0,0.0,0.0,0.0,0.0,0.0,0.0,0.0,0.0,0.0,0.0,0.0
heating_cooling,test_utility_1,none,multifamily_li,9,0.0,0.0,0.0,0.0,0.0,0.0,0.0,0.0,0.0,0.0,0.0,0.0
heating_cooling,test_utility_1,none,multifamily_li,10,0.0,0.0,0.0,0.0,0.0,0.0,0.0,0.0,0.0,0.0,0.0,0.0
heating_cooling,test_utility_1,none,multifamily_li,11,0.0,0.0,0.0,0.0,0.0,0.0,0.0,0.0,0.0,0.0,0.0,0.0
heating_cooling,test_utility_1,none,multifamily_li,12,0.0,0.0,0.0,0.0,0.0,0.0,0.0,0.0,0.0,0.0,0.0,0.0
heating_cooling,test_utility_1,none,multifamily_li,13,0.0,0.0,0.0,0.0,0.0,0.0,0.0,0.0,0.0,0.0,0.0,0.0
heating_cooling,test_utility_1,none,multifamily_li,14,0.0,0.0,0.0,0.0,0.0,0.0,0.0,0.0,0.0,0.0,0.0,0.0
heating_cooling,test_utility_1,none,multifamily_li,15,0.0,0.0,0.0,0.0,0.0,0.0,0.0,0.0,0.0,0.0,0.0,0.0
heating_cooling,test_utility_1,none,multifamily_li,16,0.0,0.0,0.0,0.0,0.0,0.0,0.0,0.0,0.0,0.0,0.0,0.0
heating_cooling,test_utility_1,none,multifamily_li,17,0.0,0.0,0.0,0.0,0.0,0.0,0.0,0.0,0.0,0.0,0.0,0.0
heating_cooling,test_utility_1,none,multifamily_li,18,0.0,0.0,0.0,0.0,0.0,0.0,0.0,0.0,0.0,0.0,0.0,0.0
heating_cooling,test_utility_1,none,multifamily_li,19,0.0,0.0,0.0,0.0,0.0,0.0,0.0,0.0,0.0,0.0,0.0,0.0
heating_cooling,test_utility_1,none,single_family_li,0,0.0,0.0,0.0,0.0,0.0,0.0,0.0,0.0,0.0,0.0,0.0,0.0
heating_cooling,test_utility_1,none,single_family_li,1,0.0,0.0,0.0,0.0,0.0,0.0,0.0,0.0,0.0,0.0,0.0,0.0
heating_cooling,test_utility_1,none,single_family_li,2,0.0,0.0,0.0,0.0,0.0,0.0,0.0,0.0,0.0,0.0,0.0,0.0
heating_cooling,test_utility_1,none,single_family_li,3,0.0,0.0,0.0,0.0,0.0,0.0,0.0,0.0,0.0,0.0,0.0,0.0
heating_cooling,test_utility_1,none,single_family_li,4,0.0,0.0,0.0,0.0,0.0,0.0,0.0,0.0,0.0,0.0,0.0,0.0
heating_cooling,test_utility_1,none,single_family_li,5,0.0,0.0,0.0,0.0,0.0,0.0,0.0,0.0,0.0,0.0,0.0,0.0
heating_cooling,test_utility_1,none,single_family_li,6,0.0,0.0,0.0,0.0,0.0,0.0,0.0,0.0,0.0,0.0,0.0,0.0
heating_cooling,test_utility_1,none,single_family_li,7,0.0,0.0,0.0,0.0,0.0,0.0,0.0,0.0,0.0,0.0,0.0,0.0
heating_cooling,test_utility_1,none,single_family_li,8,0.0,0.0,0.0,0.0,0.0,0.0,0.0,0.0,0.0,0.0,0.0,0.0
heating_cooling,test_utility_1,none,single_family_li,9,0.0,0.0,0.0,0.0,0.0,0.0,0.0,0.0,0.0,0.0,0.0,0.0
heating_cooling,test_utility_1,none,single_family_li,10,0.0,0.0,0.0,0.0,0.0,0.0,0.0,0.0,0.0,0.0,0.0,0.0
heating_cooling,test_utility_1,none,single_family_li,11,0.0,0.0,0.0,0.0,0.0,0.0,0.0,0.0,0.0,0.0,0.0,0.0
heating_cooling,test_utility_1,none,single_family_li,12,0.0,0.0,0.0,0.0,0.0,0.0,0.0,0.0,0.0,0.0,0.0,0.0
heating_cooling,test_utility_1,none,single_family_li,13,0.0,0.0,0.0,0.0,0.0,0.0,0.0,0.0,0.0,0.0,0.0,0.0
heating_cooling,test_utility_1,none,single_family_li,14,0.0,0.0,0.0,0.0,0.0,0.0,0.0,0.0,0.0,0.0,0.0,0.0
heating_cooling,test_utility_1,none,single_family_li,15,0.0,0.0,0.0,0.0,0.0,0.0,0.0,0.0,0.0,0.0,0.0,0.0
heating_cooling,test_utility_1,none,single_family_li,16,0.0,0.0,0.0,0.0,0.0,0.0,0.0,0.0,0.0,0.0,0.0,0.0
heating_cooling,test_utility_1,none,single_family_li,17,0.0,0.0,0.0,0.0,0.0,0.0,0.0,0.0,0.0,0.0,0.0,0.0
heating_cooling,test_utility_1,none,single_family_li,18,0.0,0.0,0.0,0.0,0.0,0.0,0.0,0.0,0.0,0.0,0.0,0.0
heating_cooling,test_utility_1,none,single_family_li,19,0.0,0.0,0.0,0.0,0.0,0.0,0.0,0.0,0.0,0.0,0.0,0.0
heating_cooling,test_utility_1,test_utility_2,multifamily,0,0.0,0.0,0.0,0.0,0.0,0.0,0.0,0.0,0.0,0.0,0.0,0.0
heating_cooling,test_utility_1,test_utility_2,multifamily,1,0.0,0.0,0.0,0.0,0.0,0.0,0.0,0.0,0.0,0.0,0.0,0.0
heating_cooling,test_utility_1,test_utility_2,multifamily,2,0.0,0.0,0.0,0.0,0.0,0.0,0.0,0.0,0.0,0.0,0.0,0.0
heating_cooling,test_utility_1,test_utility_2,multifamily,3,0.0,0.0,0.0,0.0,0.0,0.0,0.0,0.0,0.0,0.0,0.0,0.0
heating_cooling,test_utility_1,test_utility_2,multifamily,4,0.0,0.0,0.0,0.0,0.0,0.0,0.0,0.0,0.0,0.0,0.0,0.0
heating_cooling,test_utility_1,test_utility_2,multifamily,5,0.0,0.0,0.0,0.0,0.0,0.0,0.0,0.0,0.0,0.0,0.0,0.0
heating_cooling,test_utility_1,test_utility_2,multifamily,6,0.0,0.0,0.0,0.0,0.0,0.0,0.0,0.0,0.0,0.0,0.0,0.0
heating_cooling,test_utility_1,test_utility_2,multifamily,7,0.0,0.0,0.0,0.0,0.0,0.0,0.0,0.0,0.0,0.0,0.0,0.0
heating_cooling,test_utility_1,test_utility_2,multifamily,8,0.0,0.0,0.0,0.0,0.0,0.0,0.0,0.0,0.0,0.0,0.0,0.0
heating_cooling,test_utility_1,test_utility_2,multifamily,9,0.0,0.0,0.0,0.0,0.0,0.0,0.0,0.0,0.0,0.0,0.0,0.0
heating_cooling,test_utility_1,test_utility_2,multifamily,10,0.0,0.0,0.0,0.0,0.0,0.0,0.0,0.0,0.0,0.0,0.0,0.0
heating_cooling,test_utility_1,test_utility_2,multifamily,11,0.0,0.0,0.0,0.0,0.0,0.0,0.0,0.0,0.0,0.0,0.0,0.0
heating_cooling,test_utility_1,test_utility_2,multifamily,12,0.0,0.0,0.0,0.0,0.0,0.0,0.0,0.0,0.0,0.0,0.0,0.0
heating_cooling,test_utility_1,test_utility_2,multifamily,13,0.0,0.0,0.0,0.0,0.0,0.0,0.0,0.0,0.0,0.0,0.0,0.0
heating_cooling,test_utility_1,test_utility_2,multifamily,14,0.0,0.0,0.0,0.0,0.0,0.0,0.0,0.0,0.0,0.0,0.0,0.0
heating_cooling,test_utility_1,test_utility_2,multifamily,15,0.0,0.0,0.0,0.0,0.0,0.0,0.0,0.0,0.0,0.0,0.0,0.0
heating_cooling,test_utility_1,test_utility_2,multifamily,16,0.0,0.0,0.0,0.0,0.0,0.0,0.0,0.0,0.0,0.0,0.0,0.0
heating_cooling,test_utility_1,test_utility_2,multifamily,17,0.0,0.0,0.0,0.0,0.0,0.0,0.0,0.0,0.0,0.0,0.0,0.0
heating_cooling,test_utility_1,test_utility_2,multifamily,18,0.0,0.0,0.0,0.0,0.0,0.0,0.0,0.0,0.0,0.0,0.0,0.0
heating_cooling,test_utility_1,test_utility_2,multifamily,19,0.0,0.0,0.0,0.0,0.0,0.0,0.0,0.0,0.0,0.0,0.0,0.0
heating_cooling,test_utility_1,test_utility_2,single_family,0,0.0,0.0,0.0,0.0,0.0,0.0,0.0,0.0,0.0,0.0,0.0,0.0
heating_cooling,test_utility_1,test_utility_2,single_family,1,0.0,0.0,0.0,0.0,0.0,0.0,0.0,0.0,0.0,0.0,0.0,0.0
heating_cooling,test_utility_1,test_utility_2,single_family,2,0.0,0.0,0.0,0.0,0.0,0.0,0.0,0.0,0.0,0.0,0.0,0.0
heating_cooling,test_utility_1,test_utility_2,single_family,3,0.0,0.0,0.0,0.0,0.0,0.0,0.0,0.0,0.0,0.0,0.0,0.0
heating_cooling,test_utility_1,test_utility_2,single_family,4,0.0,0.0,0.0,0.0,0.0,0.0,0.0,0.0,0.0,0.0,0.0,0.0
heating_cooling,test_utility_1,test_utility_2,single_family,5,0.0,0.0,0.0,0.0,0.0,0.0,0.0,0.0,0.0,0.0,0.0,0.0
heating_cooling,test_utility_1,test_utility_2,single_family,6,0.0,0.0,0.0,0.0,0.0,0.0,0.0,0.0,0.0,0.0,0.0,0.0
heating_cooling,test_utility_1,test_utility_2,single_family,7,0.0,0.0,0.0,0.0,0.0,0.0,0.0,0.0,0.0,0.0,0.0,0.0
heating_cooling,test_utility_1,test_utility_2,single_family,8,0.0,0.0,0.0,0.0,0.0,0.0,0.0,0.0,0.0,0.0,0.0,0.0
heating_cooling,test_utility_1,test_utility_2,single_family,9,0.0,0.0,0.0,0.0,0.0,0.0,0.0,0.0,0.0,0.0,0.0,0.0
heating_cooling,test_utility_1,test_utility_2,single_family,10,0.0,0.0,0.0,0.0,0.0,0.0,0.0,0.0,0.0,0.0,0.0,0.0
heating_cooling,test_utility_1,test_utility_2,single_family,11,0.0,0.0,0.0,0.0,0.0,0.0,0.0,0.0,0.0,0.0,0.0,0.0
heating_cooling,test_utility_1,test_utility_2,single_family,12,0.0,0.0,0.0,0.0,0.0,0.0,0.0,0.0,0.0,0.0,0.0,0.0
heating_cooling,test_utility_1,test_utility_2,single_family,13,0.0,0.0,0.0,0.0,0.0,0.0,0.0,0.0,0.0,0.0,0.0,0.0
heating_cooling,test_utility_1,test_utility_2,single_family,14,0.0,0.0,0.0,0.0,0.0,0.0,0.0,0.0,0.0,0.0,0.0,0.0
heating_cooling,test_utility_1,test_utility_2,single_family,15,0.0,0.0,0.0,0.0,0.0,0.0,0.0,0.0,0.0,0.0,0.0,0.0
heating_cooling,test_utility_1,test_utility_2,single_family,16,0.0,0.0,0.0,0.0,0.0,0.0,0.0,0.0,0.0,0.0,0.0,0.0
heating_cooling,test_utility_1,test_utility_2,single_family,17,0.0,0.0,0.0,0.0,0.0,0.0,0.0,0.0,0.0,0.0,0.0,0.0
heating_cooling,test_utility_1,test_utility_2,single_family,18,0.0,0.0,0.0,0.0,0.0,0.0,0.0,0.0,0.0,0.0,0.0,0.0
heating_cooling,test_utility_1,test_utility_2,single_family,19,0.0,0.0,0.0,0.0,0.0,0.0,0.0,0.0,0.0,0.0,0.0,0.0
heating_cooling,test_utility_1,test_utility_2,multifamily_li,0,0.0,0.0,0.0,0.0,0.0,0.0,0.0,0.0,0.0,0.0,0.0,0.0
heating_cooling,test_utility_1,test_utility_2,multifamily_li,1,0.0,0.0,0.0,0.0,0.0,0.0,0.0,0.0,0.0,0.0,0.0,0.0
heating_cooling,test_utility_1,test_utility_2,multifamily_li,2,0.0,0.0,0.0,0.0,0.0,0.0,0.0,0.0,0.0,0.0,0.0,0.0
heating_cooling,test_utility_1,test_utility_2,multifamily_li,3,0.0,0.0,0.0,0.0,0.0,0.0,0.0,0.0,0.0,0.0,0.0,0.0
heating_cooling,test_utility_1,test_utility_2,multifamily_li,4,0.0,0.0,0.0,0.0,0.0,0.0,0.0,0.0,0.0,0.0,0.0,0.0
heating_cooling,test_utility_1,test_utility_2,multifamily_li,5,0.0,0.0,0.0,0.0,0.0,0.0,0.0,0.0,0.0,0.0,0.0,0.0
heating_cooling,test_utility_1,test_utility_2,multifamily_li,6,0.0,0.0,0.0,0.0,0.0,0.0,0.0,0.0,0.0,0.0,0.0,0.0
heating_cooling,test_utility_1,test_utility_2,multifamily_li,7,0.0,0.0,0.0,0.0,0.0,0.0,0.0,0.0,0.0,0.0,0.0,0.0
heating_cooling,test_utility_1,test_utility_2,multifamily_li,8,0.0,0.0,0.0,0.0,0.0,0.0,0.0,0.0,0.0,0.0,0.0,0.0
heating_cooling,test_utility_1,test_utility_2,multifamily_li,9,0.0,0.0,0.0,0.0,0.0,0.0,0.0,0.0,0.0,0.0,0.0,0.0
heating_cooling,test_utility_1,test_utility_2,multifamily_li,10,0.0,0.0,0.0,0.0,0.0,0.0,0.0,0.0,0.0,0.0,0.0,0.0
heating_cooling,test_utility_1,test_utility_2,multifamily_li,11,0.0,0.0,0.0,0.0,0.0,0.0,0.0,0.0,0.0,0.0,0.0,0.0
heating_cooling,test_utility_1,test_utility_2,multifamily_li,12,0.0,0.0,0.0,0.0,0.0,0.0,0.0,0.0,0.0,0.0,0.0,0.0
heating_cooling,test_utility_1,test_utility_2,multifamily_li,13,0.0,0.0,0.0,0.0,0.0,0.0,0.0,0.0,0.0,0.0,0.0,0.0
heating_cooling,test_utility_1,test_utility_2,multifamily_li,14,0.0,0.0,0.0,0.0,0.0,0.0,0.0,0.0,0.0,0.0,0.0,0.0
heating_cooling,test_utility_1,test_utility_2,multifamily_li,15,0.0,0.0,0.0,0.0,0.0,0.0,0.0,0.0,0.0,0.0,0.0,0.0
heating_cooling,test_utility_1,test_utility_2,multifamily_li,16,0.0,0.0,0.0,0.0,0.0,0.0,0.0,0.0,0.0,0.0,0.0,0.0
heating_cooling,test_utility_1,test_utility_2,multifamily_li,17,0.0,0.0,0.0,0.0,0.0,0.0,0.0,0.0,0.0,0.0,0.0,0.0
heating_cooling,test_utility_1,test_utility_2,multifamily_li,18,0.0,0.0,0.0,0.0,0.0,0.0,0.0,0.0,0.0,0.0,0.0,0.0
heating_cooling,test_utility_1,test_utility_2,multifamily_li,19,0.0,0.0,0.0,0.0,0.0,0.0,0.0,0.0,0.0,0.0,0.0,0.0
heating_cooling,test_utility_1,test_utility_2,single_family_li,0,0.0,0.0,0.0,0.0,0.0,0.0,0.0,0.0,0.0,0.0,0.0,0.0
heating_cooling,test_utility_1,test_utility_2,single_family_li,1,0.0,0.0,0.0,0.0,0.0,0.0,0.0,0.0,0.0,0.0,0.0,0.0
heating_cooling,test_utility_1,test_utility_2,single_family_li,2,0.0,0.0,0.0,0.0,0.0,0.0,0.0,0.0,0.0,0.0,0.0,0.0
heating_cooling,test_utility_1,test_utility_2,single_family_li,3,0.0,0.0,0.0,0.0,0.0,0.0,0.0,0.0,0.0,0.0,0.0,0.0
heating_cooling,test_utility_1,test_utility_2,single_family_li,4,0.0,0.0,0.0,0.0,0.0,0.0,0.0,0.0,0.0,0.0,0.0,0.0
heating_cooling,test_utility_1,test_utility_2,single_family_li,5,0.0,0.0,0.0,0.0,0.0,0.0,0.0,0.0,0.0,0.0,0.0,0.0
heating_cooling,test_utility_1,test_utility_2,single_family_li,6,0.0,0.0,0.0,0.0,0.0,0.0,0.0,0.0,0.0,0.0,0.0,0.0
heating_cooling,test_utility_1,test_utility_2,single_family_li,7,0.0,0.0,0.0,0.0,0.0,0.0,0.0,0.0,0.0,0.0,0.0,0.0
heating_cooling,test_utility_1,test_utility_2,single_family_li,8,0.0,0.0,0.0,0.0,0.0,0.0,0.0,0.0,0.0,0.0,0.0,0.0
heating_cooling,test_utility_1,test_utility_2,single_family_li,9,0.0,0.0,0.0,0.0,0.0,0.0,0.0,0.0,0.0,0.0,0.0,0.0
heating_cooling,test_utility_1,test_utility_2,single_family_li,10,0.0,0.0,0.0,0.0,0.0,0.0,0.0,0.0,0.0,0.0,0.0,0.0
heating_cooling,test_utility_1,test_utility_2,single_family_li,11,0.0,0.0,0.0,0.0,0.0,0.0,0.0,0.0,0.0,0.0,0.0,0.0
heating_cooling,test_utility_1,test_utility_2,single_family_li,12,0.0,0.0,0.0,0.0,0.0,0.0,0.0,0.0,0.0,0.0,0.0,0.0
heating_cooling,test_utility_1,test_utility_2,single_family_li,13,0.0,0.0,0.0,0.0,0.0,0.0,0.0,0.0,0.0,0.0,0.0,0.0
heating_cooling,test_utility_1,test_utility_2,single_family_li,14,0.0,0.0,0.0,0.0,0.0,0.0,0.0,0.0,0.0,0.0,0.0,0.0
heating_cooling,test_utility_1,test_utility_2,single_family_li,15,0.0,0.0,0.0,0.0,0.0,0.0,0.0,0.0,0.0,0.0,0.0,0.0
heating_cooling,test_utility_1,test_utility_2,single_family_li,16,0.0,0.0,0.0,0.0,0.0,0.0,0.0,0.0,0.0,0.0,0.0,0.0
heating_cooling,test_utility_1,test_utility_2,single_family_li,17,0.0,0.0,0.0,0.0,0.0,0.0,0.0,0.0,0.0,0.0,0.0,0.0
heating_cooling,test_utility_1,test_utility_2,single_family_li,18,0.0,0.0,0.0,0.0,0.0,0.0,0.0,0.0,0.0,0.0,0.0,0.0
heating_cooling,test_utility_1,test_utility_2,single_family_li,19,0.0,0.0,0.0,0.0,0.0,0.0,0.0,0.0,0.0,0.0,0.0,0.0
heating_cooling,none,test_utility_1,multifamily,0,0.0,0.0,0.0,0.0,0.0,0.0,0.0,0.0,0.0,0.0,0.0,0.0
heating_cooling,none,test_utility_1,multifamily,1,0.0,0.0,0.0,0.0,0.0,0.0,0.0,0.0,0.0,0.0,0.0,0.0
heating_cooling,none,test_utility_1,multifamily,2,0.0,0.0,0.0,0.0,0.0,0.0,0.0,0.0,0.0,0.0,0.0,0.0
heating_cooling,none,test_utility_1,multifamily,3,0.0,0.0,0.0,0.0,0.0,0.0,0.0,0.0,0.0,0.0,0.0,0.0
heating_cooling,none,test_utility_1,multifamily,4,0.0,0.0,0.0,0.0,0.0,0.0,0.0,0.0,0.0,0.0,0.0,0.0
heating_cooling,none,test_utility_1,multifamily,5,0.0,0.0,0.0,0.0,0.0,0.0,0.0,0.0,0.0,0.0,0.0,0.0
heating_cooling,none,test_utility_1,multifamily,6,0.0,0.0,0.0,0.0,0.0,0.0,0.0,0.0,0.0,0.0,0.0,0.0
heating_cooling,none,test_utility_1,multifamily,7,0.0,0.0,0.0,0.0,0.0,0.0,0.0,0.0,0.0,0.0,0.0,0.0
heating_cooling,none,test_utility_1,multifamily,8,0.0,0.0,0.0,0.0,0.0,0.0,0.0,0.0,0.0,0.0,0.0,0.0
heating_cooling,none,test_utility_1,multifamily,9,0.0,0.0,0.0,0.0,0.0,0.0,0.0,0.0,0.0,0.0,0.0,0.0
heating_cooling,none,test_utility_1,multifamily,10,0.0,0.0,0.0,0.0,0.0,0.0,0.0,0.0,0.0,0.0,0.0,0.0
heating_cooling,none,test_utility_1,multifamily,11,0.0,0.0,0.0,0.0,0.0,0.0,0.0,0.0,0.0,0.0,0.0,0.0
heating_cooling,none,test_utility_1,multifamily,12,0.0,0.0,0.0,0.0,0.0,0.0,0.0,0.0,0.0,0.0,0.0,0.0
heating_cooling,none,test_utility_1,multifamily,13,0.0,0.0,0.0,0.0,0.0,0.0,0.0,0.0,0.0,0.0,0.0,0.0
heating_cooling,none,test_utility_1,multifamily,14,0.0,0.0,0.0,0.0,0.0,0.0,0.0,0.0,0.0,0.0,0.0,0.0
heating_cooling,none,test_utility_1,multifamily,15,0.0,0.0,0.0,0.0,0.0,0.0,0.0,0.0,0.0,0.0,0.0,0.0
heating_cooling,none,test_utility_1,multifamily,16,0.0,0.0,0.0,0.0,0.0,0.0,0.0,0.0,0.0,0.0,0.0,0.0
heating_cooling,none,test_utility_1,multifamily,17,0.0,0.0,0.0,0.0,0.0,0.0,0.0,0.0,0.0,0.0,0.0,0.0
heating_cooling,none,test_utility_1,multifamily,18,0.0,0.0,0.0,0.0,0.0,0.0,0.0,0.0,0.0,0.0,0.0,0.0
heating_cooling,none,test_utility_1,multifamily,19,0.0,0.0,0.0,0.0,0.0,0.0,0.0,0.0,0.0,0.0,0.0,0.0
heating_cooling,none,test_utility_1,single_family,0,0.0,0.0,0.0,0.0,0.0,0.0,0.0,0.0,0.0,0.0,0.0,0.0
heating_cooling,none,test_utility_1,single_family,1,0.0,0.0,0.0,0.0,0.0,0.0,0.0,0.0,0.0,0.0,0.0,0.0
heating_cooling,none,test_utility_1,single_family,2,0.0,0.0,0.0,0.0,0.0,0.0,0.0,0.0,0.0,0.0,0.0,0.0
heating_cooling,none,test_utility_1,single_family,3,0.0,0.0,0.0,0.0,0.0,0.0,0.0,0.0,0.0,0.0,0.0,0.0
heating_cooling,none,test_utility_1,single_family,4,0.0,0.0,0.0,0.0,0.0,0.0,0.0,0.0,0.0,0.0,0.0,0.0
heating_cooling,none,test_utility_1,single_family,5,0.0,0.0,0.0,0.0,0.0,0.0,0.0,0.0,0.0,0.0,0.0,0.0
heating_cooling,none,test_utility_1,single_family,6,0.0,0.0,0.0,0.0,0.0,0.0,0.0,0.0,0.0,0.0,0.0,0.0
heating_cooling,none,test_utility_1,single_family,7,0.0,0.0,0.0,0.0,0.0,0.0,0.0,0.0,0.0,0.0,0.0,0.0
heating_cooling,none,test_utility_1,single_family,8,0.0,0.0,0.0,0.0,0.0,0.0,0.0,0.0,0.0,0.0,0.0,0.0
heating_cooling,none,test_utility_1,single_family,9,0.0,0.0,0.0,0.0,0.0,0.0,0.0,0.0,0.0,0.0,0.0,0.0
heating_cooling,none,test_utility_1,single_family,10,0.0,0.0,0.0,0.0,0.0,0.0,0.0,0.0,0.0,0.0,0.0,0.0
heating_cooling,none,test_utility_1,single_family,11,0.0,0.0,0.0,0.0,0.0,0.0,0.0,0.0,0.0,0.0,0.0,0.0
heating_cooling,none,test_utility_1,single_family,12,0.0,0.0,0.0,0.0,0.0,0.0,0.0,0.0,0.0,0.0,0.0,0.0
heating_cooling,none,test_utility_1,single_family,13,0.0,0.0,0.0,0.0,0.0,0.0,0.0,0.0,0.0,0.0,0.0,0.0
heating_cooling,none,test_utility_1,single_family,14,0.0,0.0,0.0,0.0,0.0,0.0,0.0,0.0,0.0,0.0,0.0,0.0
heating_cooling,none,test_utility_1,single_family,15,0.0,0.0,0.0,0.0,0.0,0.0,0.0,0.0,0.0,0.0,0.0,0.0
heating_cooling,none,test_utility_1,single_family,16,0.0,0.0,0.0,0.0,0.0,0.0,0.0,0.0,0.0,0.0,0.0,0.0
heating_cooling,none,test_utility_1,single_family,17,0.0,0.0,0.0,0.0,0.0,0.0,0.0,0.0,0.0,0.0,0.0,0.0
heating_cooling,none,test_utility_1,single_family,18,0.0,0.0,0.0,0.0,0.0,0.0,0.0,0.0,0.0,0.0,0.0,0.0
heating_cooling,none,test_utility_1,single_family,19,0.0,0.0,0.0,0.0,0.0,0.0,0.0,0.0,0.0,0.0,0.0,0.0
heating_cooling,none,test_utility_1,multifamily_li,0,0.0,0.0,0.0,0.0,0.0,0.0,0.0,0.0,0.0,0.0,0.0,0.0
heating_cooling,none,test_utility_1,multifamily_li,1,0.0,0.0,0.0,0.0,0.0,0.0,0.0,0.0,0.0,0.0,0.0,0.0
heating_cooling,none,test_utility_1,multifamily_li,2,0.0,0.0,0.0,0.0,0.0,0.0,0.0,0.0,0.0,0.0,0.0,0.0
heating_cooling,none,test_utility_1,multifamily_li,3,0.0,0.0,0.0,0.0,0.0,0.0,0.0,0.0,0.0,0.0,0.0,0.0
heating_cooling,none,test_utility_1,multifamily_li,4,0.0,0.0,0.0,0.0,0.0,0.0,0.0,0.0,0.0,0.0,0.0,0.0
heating_cooling,none,test_utility_1,multifamily_li,5,0.0,0.0,0.0,0.0,0.0,0.0,0.0,0.0,0.0,0.0,0.0,0.0
heating_cooling,none,test_utility_1,multifamily_li,6,0.0,0.0,0.0,0.0,0.0,0.0,0.0,0.0,0.0,0.0,0.0,0.0
heating_cooling,none,test_utility_1,multifamily_li,7,0.0,0.0,0.0,0.0,0.0,0.0,0.0,0.0,0.0,0.0,0.0,0.0
heating_cooling,none,test_utility_1,multifamily_li,8,0.0,0.0,0.0,0.0,0.0,0.0,0.0,0.0,0.0,0.0,0.0,0.0
heating_cooling,none,test_utility_1,multifamily_li,9,0.0,0.0,0.0,0.0,0.0,0.0,0.0,0.0,0.0,0.0,0.0,0.0
heating_cooling,none,test_utility_1,multifamily_li,10,0.0,0.0,0.0,0.0,0.0,0.0,0.0,0.0,0.0,0.0,0.0,0.0
heating_cooling,none,test_utility_1,multifamily_li,11,0.0,0.0,0.0,0.0,0.0,0.0,0.0,0.0,0.0,0.0,0.0,0.0
heating_cooling,none,test_utility_1,multifamily_li,12,0.0,0.0,0.0,0.0,0.0,0.0,0.0,0.0,0.0,0.0,0.0,0.0
heating_cooling,none,test_utility_1,multifamily_li,13,0.0,0.0,0.0,0.0,0.0,0.0,0.0,0.0,0.0,0.0,0.0,0.0
heating_cooling,none,test_utility_1,multifamily_li,14,0.0,0.0,0.0,0.0,0.0,0.0,0.0,0.0,0.0,0.0,0.0,0.0
heating_cooling,none,test_utility_1,multifamily_li,15,0.0,0.0,0.0,0.0,0.0,0.0,0.0,0.0,0.0,0.0,0.0,0.0
heating_cooling,none,test_utility_1,multifamily_li,16,0.0,0.0,0.0,0.0,0.0,0.0,0.0,0.0,0.0,0.0,0.0,0.0
heating_cooling,none,test_utility_1,multifamily_li,17,0.0,0.0,0.0,0.0,0.0,0.0,0.0,0.0,0.0,0.0,0.0,0.0
heating_cooling,none,test_utility_1,multifamily_li,18,0.0,0.0,0.0,0.0,0.0,0.0,0.0,0.0,0.0,0.0,0.0,0.0
heating_cooling,none,test_utility_1,multifamily_li,19,0.0,0.0,0.0,0.0,0.0,0.0,0.0,0.0,0.0,0.0,0.0,0.0
heating_cooling,none,test_utility_1,single_family_li,0,0.0,0.0,0.0,0.0,0.0,0.0,0.0,0.0,0.0,0.0,0.0,0.0
heating_cooling,none,test_utility_1,single_family_li,1,0.0,0.0,0.0,0.0,0.0,0.0,0.0,0.0,0.0,0.0,0.0,0.0
heating_cooling,none,test_utility_1,single_family_li,2,0.0,0.0,0.0,0.0,0.0,0.0,0.0,0.0,0.0,0.0,0.0,0.0
heating_cooling,none,test_utility_1,single_family_li,3,0.0,0.0,0.0,0.0,0.0,0.0,0.0,0.0,0.0,0.0,0.0,0.0
heating_cooling,none,test_utility_1,single_family_li,4,0.0,0.0,0.0,0.0,0.0,0.0,0.0,0.0,0.0,0.0,0.0,0.0
heating_cooling,none,test_utility_1,single_family_li,5,0.0,0.0,0.0,0.0,0.0,0.0,0.0,0.0,0.0,0.0,0.0,0.0
heating_cooling,none,test_utility_1,single_family_li,6,0.0,0.0,0.0,0.0,0.0,0.0,0.0,0.0,0.0,0.0,0.0,0.0
heating_cooling,none,test_utility_1,single_family_li,7,0.0,0.0,0.0,0.0,0.0,0.0,0.0,0.0,0.0,0.0,0.0,0.0
heating_cooling,none,test_utility_1,single_family_li,8,0.0,0.0,0.0,0.0,0.0,0.0,0.0,0.0,0.0,0.0,0.0,0.0
heating_cooling,none,test_utility_1,single_family_li,9,0.0,0.0,0.0,0.0,0.0,0.0,0.0,0.0,0.0,0.0,0.0,0.0
heating_cooling,none,test_utility_1,single_family_li,10,0.0,0.0,0.0,0.0,0.0,0.0,0.0,0.0,0.0,0.0,0.0,0.0
heating_cooling,none,test_utility_1,single_family_li,11,0.0,0.0,0.0,0.0,0.0,0.0,0.0,0.0,0.0,0.0,0.0,0.0
heating_cooling,none,test_utility_1,single_family_li,12,0.0,0.0,0.0,0.0,0.0,0.0,0.0,0.0,0.0,0.0,0.0,0.0
heating_cooling,none,test_utility_1,single_family_li,13,0.0,0.0,0.0,0.0,0.0,0.0,0.0,0.0,0.0,0.0,0.0,0.0
heating_cooling,none,test_utility_1,single_family_li,14,0.0,0.0,0.0,0.0,0.0,0.0,0.0,0.0,0.0,0.0,0.0,0.0
heating_cooling,none,test_utility_1,single_family_li,15,0.0,0.0,0.0,0.0,0.0,0.0,0.0,0.0,0.0,0.0,0.0,0.0
heating_cooling,none,test_utility_1,single_family_li,16,0.0,0.0,0.0,0.0,0.0,0.0,0.0,0.0,0.0,0.0,0.0,0.0
heating_cooling,none,test_utility_1,single_family_li,17,0.0,0.0,0.0,0.0,0.0,0.0,0.0,0.0,0.0,0.0,0.0,0.0
heating_cooling,none,test_utility_1,single_family_li,18,0.0,0.0,0.0,0.0,0.0,0.0,0.0,0.0,0.0,0.0,0.0,0.0
heating_cooling,none,test_utility_1,single_family_li,19,0.0,0.0,0.0,0.0,0.0,0.0,0.0,0.0,0.0,0.0,0.0,0.0
heating_cooling,none,none,multifamily,0,0.0,0.0,0.0,0.0,0.0,0.0,0.0,0.0,0.0,0.0,0.0,0.0
heating_cooling,none,none,multifamily,1,0.0,0.0,0.0,0.0,0.0,0.0,0.0,0.0,0.0,0.0,0.0,0.0
heating_cooling,none,none,multifamily,2,0.0,0.0,0.0,0.0,0.0,0.0,0.0,0.0,0.0,0.0,0.0,0.0
heating_cooling,none,none,multifamily,3,0.0,0.0,0.0,0.0,0.0,0.0,0.0,0.0,0.0,0.0,0.0,0.0
heating_cooling,none,none,multifamily,4,0.0,0.0,0.0,0.0,0.0,0.0,0.0,0.0,0.0,0.0,0.0,0.0
heating_cooling,none,none,multifamily,5,0.0,0.0,0.0,0.0,0.0,0.0,0.0,0.0,0.0,0.0,0.0,0.0
heating_cooling,none,none,multifamily,6,0.0,0.0,0.0,0.0,0.0,0.0,0.0,0.0,0.0,0.0,0.0,0.0
heating_cooling,none,none,multifamily,7,0.0,0.0,0.0,0.0,0.0,0.0,0.0,0.0,0.0,0.0,0.0,0.0
heating_cooling,none,none,multifamily,8,0.0,0.0,0.0,0.0,0.0,0.0,0.0,0.0,0.0,0.0,0.0,0.0
heating_cooling,none,none,multifamily,9,0.0,0.0,0.0,0.0,0.0,0.0,0.0,0.0,0.0,0.0,0.0,0.0
heating_cooling,none,none,multifamily,10,0.0,0.0,0.0,0.0,0.0,0.0,0.0,0.0,0.0,0.0,0.0,0.0
heating_cooling,none,none,multifamily,11,0.0,0.0,0.0,0.0,0.0,0.0,0.0,0.0,0.0,0.0,0.0,0.0
heating_cooling,none,none,multifamily,12,0.0,0.0,0.0,0.0,0.0,0.0,0.0,0.0,0.0,0.0,0.0,0.0
heating_cooling,none,none,multifamily,13,0.0,0.0,0.0,0.0,0.0,0.0,0.0,0.0,0.0,0.0,0.0,0.0
heating_cooling,none,none,multifamily,14,0.0,0.0,0.0,0.0,0.0,0.0,0.0,0.0,0.0,0.0,0.0,0.0
heating_cooling,none,none,multifamily,15,0.0,0.0,0.0,0.0,0.0,0.0,0.0,0.0,0.0,0.0,0.0,0.0
heating_cooling,none,none,multifamily,16,0.0,0.0,0.0,0.0,0.0,0.0,0.0,0.0,0.0,0.0,0.0,0.0
heating_cooling,none,none,multifamily,17,0.0,0.0,0.0,0.0,0.0,0.0,0.0,0.0,0.0,0.0,0.0,0.0
heating_cooling,none,none,multifamily,18,0.0,0.0,0.0,0.0,0.0,0.0,0.0,0.0,0.0,0.0,0.0,0.0
heating_cooling,none,none,multifamily,19,0.0,0.0,0.0,0.0,0.0,0.0,0.0,0.0,0.0,0.0,0.0,0.0
heating_cooling,none,none,single_family,0,0.0,0.0,0.0,0.0,0.0,0.0,0.0,0.0,0.0,0.0,0.0,0.0
heating_cooling,none,none,single_family,1,0.0,0.0,0.0,0.0,0.0,0.0,0.0,0.0,0.0,0.0,0.0,0.0
heating_cooling,none,none,single_family,2,0.0,0.0,0.0,0.0,0.0,0.0,0.0,0.0,0.0,0.0,0.0,0.0
heating_cooling,none,none,single_family,3,0.0,0.0,0.0,0.0,0.0,0.0,0.0,0.0,0.0,0.0,0.0,0.0
heating_cooling,none,none,single_family,4,0.0,0.0,0.0,0.0,0.0,0.0,0.0,0.0,0.0,0.0,0.0,0.0
heating_cooling,none,none,single_family,5,0.0,0.0,0.0,0.0,0.0,0.0,0.0,0.0,0.0,0.0,0.0,0.0
heating_cooling,none,none,single_family,6,0.0,0.0,0.0,0.0,0.0,0.0,0.0,0.0,0.0,0.0,0.0,0.0
heating_cooling,none,none,single_family,7,0.0,0.0,0.0,0.0,0.0,0.0,0.0,0.0,0.0,0.0,0.0,0.0
heating_cooling,none,none,single_family,8,0.0,0.0,0.0,0.0,0.0,0.0,0.0,0.0,0.0,0.0,0.0,0.0
heating_cooling,none,none,single_family,9,0.0,0.0,0.0,0.0,0.0,0.0,0.0,0.0,0.0,0.0,0.0,0.0
heating_cooling,none,none,single_family,10,0.0,0.0,0.0,0.0,0.0,0.0,0.0,0.0,0.0,0.0,0.0,0.0
heating_cooling,none,none,single_family,11,0.0,0.0,0.0,0.0,0.0,0.0,0.0,0.0,0.0,0.0,0.0,0.0
heating_cooling,none,none,single_family,12,0.0,0.0,0.0,0.0,0.0,0.0,0.0,0.0,0.0,0.0,0.0,0.0
heating_cooling,none,none,single_family,13,0.0,0.0,0.0,0.0,0.0,0.0,0.0,0.0,0.0,0.0,0.0,0.0
heating_cooling,none,none,single_family,14,0.0,0.0,0.0,0.0,0.0,0.0,0.0,0.0,0.0,0.0,0.0,0.0
heating_cooling,none,none,single_family,15,0.0,0.0,0.0,0.0,0.0,0.0,0.0,0.0,0.0,0.0,0.0,0.0
heating_cooling,none,none,single_family,16,0.0,0.0,0.0,0.0,0.0,0.0,0.0,0.0,0.0,0.0,0.0,0.0
heating_cooling,none,none,single_family,17,0.0,0.0,0.0,0.0,0.0,0.0,0.0,0.0,0.0,0.0,0.0,0.0
heating_cooling,none,none,single_family,18,0.0,0.0,0.0,0.0,0.0,0.0,0.0,0.0,0.0,0.0,0.0,0.0
heating_cooling,none,none,single_family,19,0.0,0.0,0.0,0.0,0.0,0.0,0.0,0.0,0.0,0.0,0.0,0.0
heating_cooling,none,none,multifamily_li,0,0.0,0.0,0.0,0.0,0.0,0.0,0.0,0.0,0.0,0.0,0.0,0.0
heating_cooling,none,none,multifamily_li,1,0.0,0.0,0.0,0.0,0.0,0.0,0.0,0.0,0.0,0.0,0.0,0.0
heating_cooling,none,none,multifamily_li,2,0.0,0.0,0.0,0.0,0.0,0.0,0.0,0.0,0.0,0.0,0.0,0.0
heating_cooling,none,none,multifamily_li,3,0.0,0.0,0.0,0.0,0.0,0.0,0.0,0.0,0.0,0.0,0.0,0.0
heating_cooling,none,none,multifamily_li,4,0.0,0.0,0.0,0.0,0.0,0.0,0.0,0.0,0.0,0.0,0.0,0.0
heating_cooling,none,none,multifamily_li,5,0.0,0.0,0.0,0.0,0.0,0.0,0.0,0.0,0.0,0.0,0.0,0.0
heating_cooling,none,none,multifamily_li,6,0.0,0.0,0.0,0.0,0.0,0.0,0.0,0.0,0.0,0.0,0.0,0.0
heating_cooling,none,none,multifamily_li,7,0.0,0.0,0.0,0.0,0.0,0.0,0.0,0.0,0.0,0.0,0.0,0.0
heating_cooling,none,none,multifamily_li,8,0.0,0.0,0.0,0.0,0.0,0.0,0.0,0.0,0.0,0.0,0.0,0.0
heating_cooling,none,none,multifamily_li,9,0.0,0.0,0.0,0.0,0.0,0.0,0.0,0.0,0.0,0.0,0.0,0.0
heating_cooling,none,none,multifamily_li,10,0.0,0.0,0.0,0.0,0.0,0.0,0.0,0.0,0.0,0.0,0.0,0.0
heating_cooling,none,none,multifamily_li,11,0.0,0.0,0.0,0.0,0.0,0.0,0.0,0.0,0.0,0.0,0.0,0.0
heating_cooling,none,none,multifamily_li,12,0.0,0.0,0.0,0.0,0.0,0.0,0.0,0.0,0.0,0.0,0.0,0.0
heating_cooling,none,none,multifamily_li,13,0.0,0.0,0.0,0.0,0.0,0.0,0.0,0.0,0.0,0.0,0.0,0.0
heating_cooling,none,none,multifamily_li,14,0.0,0.0,0.0,0.0,0.0,0.0,0.0,0.0,0.0,0.0,0.0,0.0
heating_cooling,none,none,multifamily_li,15,0.0,0.0,0.0,0.0,0.0,0.0,0.0,0.0,0.0,0.0,0.0,0.0
heating_cooling,none,none,multifamily_li,16,0.0,0.0,0.0,0.0,0.0,0.0,0.0,0.0,0.0,0.0,0.0,0.0
heating_cooling,none,none,multifamily_li,17,0.0,0.0,0.0,0.0,0.0,0.0,0.0,0.0,0.0,0.0,0.0,0.0
heating_cooling,none,none,multifamily_li,18,0.0,0.0,0.0,0.0,0.0,0.0,0.0,0.0,0.0,0.0,0.0,0.0
heating_cooling,none,none,multifamily_li,19,0.0,0.0,0.0,0.0,0.0,0.0,0.0,0.0,0.0,0.0,0.0,0.0
heating_cooling,none,none,single_family_li,0,0.0,0.0,0.0,0.0,0.0,0.0,0.0,0.0,0.0,0.0,0.0,0.0
heating_cooling,none,none,single_family_li,1,0.0,0.0,0.0,0.0,0.0,0.0,0.0,0.0,0.0,0.0,0.0,0.0
heating_cooling,none,none,single_family_li,2,0.0,0.0,0.0,0.0,0.0,0.0,0.0,0.0,0.0,0.0,0.0,0.0
heating_cooling,none,none,single_family_li,3,0.0,0.0,0.0,0.0,0.0,0.0,0.0,0.0,0.0,0.0,0.0,0.0
heating_cooling,none,none,single_family_li,4,0.0,0.0,0.0,0.0,0.0,0.0,0.0,0.0,0.0,0.0,0.0,0.0
heating_cooling,none,none,single_family_li,5,0.0,0.0,0.0,0.0,0.0,0.0,0.0,0.0,0.0,0.0,0.0,0.0
heating_cooling,none,none,single_family_li,6,0.0,0.0,0.0,0.0,0.0,0.0,0.0,0.0,0.0,0.0,0.0,0.0
heating_cooling,none,none,single_family_li,7,0.0,0.0,0.0,0.0,0.0,0.0,0.0,0.0,0.0,0.0,0.0,0.0
heating_cooling,none,none,single_family_li,8,0.0,0.0,0.0,0.0,0.0,0.0,0.0,0.0,0.0,0.0,0.0,0.0
heating_cooling,none,none,single_family_li,9,0.0,0.0,0.0,0.0,0.0,0.0,0.0,0.0,0.0,0.0,0.0,0.0
heating_cooling,none,none,single_family_li,10,0.0,0.0,0.0,0.0,0.0,0.0,0.0,0.0,0.0,0.0,0.0,0.0
heating_cooling,none,none,single_family_li,11,0.0,0.0,0.0,0.0,0.0,0.0,0.0,0.0,0.0,0.0,0.0,0.0
heating_cooling,none,none,single_family_li,12,0.0,0.0,0.0,0.0,0.0,0.0,0.0,0.0,0.0,0.0,0.0,0.0
heating_cooling,none,none,single_family_li,13,0.0,0.0,0.0,0.0,0.0,0.0,0.0,0.0,0.0,0.0,0.0,0.0
heating_cooling,none,none,single_family_li,14,0.0,0.0,0.0,0.0,0.0,0.0,0.0,0.0,0.0,0.0,0.0,0.0
heating_cooling,none,none,single_family_li,15,0.0,0.0,0.0,0.0,0.0,0.0,0.0,0.0,0.0,0.0,0.0,0.0
heating_cooling,none,none,single_family_li,16,0.0,0.0,0.0,0.0,0.0,0.0,0.0,0.0,0.0,0.0,0.0,0.0
heating_cooling,none,none,single_family_li,17,0.0,0.0,0.0,0.0,0.0,0.0,0.0,0.0,0.0,0.0,0.0,0.0
heating_cooling,none,none,single_family_li,18,0.0,0.0,0.0,0.0,0.0,0.0,0.0,0.0,0.0,0.0,0.0,0.0
heating_cooling,none,none,single_family_li,19,0.0,0.0,0.0,0.0,0.0,0.0,0.0,0.0,0.0,0.0,0.0,0.0
heating_cooling,none,test_utility_2,multifamily,0,0.0,0.0,0.0,0.0,0.0,0.0,0.0,0.0,0.0,0.0,0.0,0.0
heating_cooling,none,test_utility_2,multifamily,1,0.0,0.0,0.0,0.0,0.0,0.0,0.0,0.0,0.0,0.0,0.0,0.0
heating_cooling,none,test_utility_2,multifamily,2,0.0,0.0,0.0,0.0,0.0,0.0,0.0,0.0,0.0,0.0,0.0,0.0
heating_cooling,none,test_utility_2,multifamily,3,0.0,0.0,0.0,0.0,0.0,0.0,0.0,0.0,0.0,0.0,0.0,0.0
heating_cooling,none,test_utility_2,multifamily,4,0.0,0.0,0.0,0.0,0.0,0.0,0.0,0.0,0.0,0.0,0.0,0.0
heating_cooling,none,test_utility_2,multifamily,5,0.0,0.0,0.0,0.0,0.0,0.0,0.0,0.0,0.0,0.0,0.0,0.0
heating_cooling,none,test_utility_2,multifamily,6,0.0,0.0,0.0,0.0,0.0,0.0,0.0,0.0,0.0,0.0,0.0,0.0
heating_cooling,none,test_utility_2,multifamily,7,0.0,0.0,0.0,0.0,0.0,0.0,0.0,0.0,0.0,0.0,0.0,0.0
heating_cooling,none,test_utility_2,multifamily,8,0.0,0.0,0.0,0.0,0.0,0.0,0.0,0.0,0.0,0.0,0.0,0.0
heating_cooling,none,test_utility_2,multifamily,9,0.0,0.0,0.0,0.0,0.0,0.0,0.0,0.0,0.0,0.0,0.0,0.0
heating_cooling,none,test_utility_2,multifamily,10,0.0,0.0,0.0,0.0,0.0,0.0,0.0,0.0,0.0,0.0,0.0,0.0
heating_cooling,none,test_utility_2,multifamily,11,0.0,0.0,0.0,0.0,0.0,0.0,0.0,0.0,0.0,0.0,0.0,0.0
heating_cooling,none,test_utility_2,multifamily,12,0.0,0.0,0.0,0.0,0.0,0.0,0.0,0.0,0.0,0.0,0.0,0.0
heating_cooling,none,test_utility_2,multifamily,13,0.0,0.0,0.0,0.0,0.0,0.0,0.0,0.0,0.0,0.0,0.0,0.0
heating_cooling,none,test_utility_2,multifamily,14,0.0,0.0,0.0,0.0,0.0,0.0,0.0,0.0,0.0,0.0,0.0,0.0
heating_cooling,none,test_utility_2,multifamily,15,0.0,0.0,0.0,0.0,0.0,0.0,0.0,0.0,0.0,0.0,0.0,0.0
heating_cooling,none,test_utility_2,multifamily,16,0.0,0.0,0.0,0.0,0.0,0.0,0.0,0.0,0.0,0.0,0.0,0.0
heating_cooling,none,test_utility_2,multifamily,17,0.0,0.0,0.0,0.0,0.0,0.0,0.0,0.0,0.0,0.0,0.0,0.0
heating_cooling,none,test_utility_2,multifamily,18,0.0,0.0,0.0,0.0,0.0,0.0,0.0,0.0,0.0,0.0,0.0,0.0
heating_cooling,none,test_utility_2,multifamily,19,0.0,0.0,0.0,0.0,0.0,0.0,0.0,0.0,0.0,0.0,0.0,0.0
heating_cooling,none,test_utility_2,single_family,0,0.0,0.0,0.0,0.0,0.0,0.0,0.0,0.0,0.0,0.0,0.0,0.0
heating_cooling,none,test_utility_2,single_family,1,0.0,0.0,0.0,0.0,0.0,0.0,0.0,0.0,0.0,0.0,0.0,0.0
heating_cooling,none,test_utility_2,single_family,2,0.0,0.0,0.0,0.0,0.0,0.0,0.0,0.0,0.0,0.0,0.0,0.0
heating_cooling,none,test_utility_2,single_family,3,0.0,0.0,0.0,0.0,0.0,0.0,0.0,0.0,0.0,0.0,0.0,0.0
heating_cooling,none,test_utility_2,single_family,4,0.0,0.0,0.0,0.0,0.0,0.0,0.0,0.0,0.0,0.0,0.0,0.0
heating_cooling,none,test_utility_2,single_family,5,0.0,0.0,0.0,0.0,0.0,0.0,0.0,0.0,0.0,0.0,0.0,0.0
heating_cooling,none,test_utility_2,single_family,6,0.0,0.0,0.0,0.0,0.0,0.0,0.0,0.0,0.0,0.0,0.0,0.0
heating_cooling,none,test_utility_2,single_family,7,0.0,0.0,0.0,0.0,0.0,0.0,0.0,0.0,0.0,0.0,0.0,0.0
heating_cooling,none,test_utility_2,single_family,8,0.0,0.0,0.0,0.0,0.0,0.0,0.0,0.0,0.0,0.0,0.0,0.0
heating_cooling,none,test_utility_2,single_family,9,0.0,0.0,0.0,0.0,0.0,0.0,0.0,0.0,0.0,0.0,0.0,0.0
heating_cooling,none,test_utility_2,single_family,10,0.0,0.0,0.0,0.0,0.0,0.0,0.0,0.0,0.0,0.0,0.0,0.0
heating_cooling,none,test_utility_2,single_family,11,0.0,0.0,0.0,0.0,0.0,0.0,0.0,0.0,0.0,0.0,0.0,0.0
heating_cooling,none,test_utility_2,single_family,12,0.0,0.0,0.0,0.0,0.0,0.0,0.0,0.0,0.0,0.0,0.0,0.0
heating_cooling,none,test_utility_2,single_family,13,0.0,0.0,0.0,0.0,0.0,0.0,0.0,0.0,0.0,0.0,0.0,0.0
heating_cooling,none,test_utility_2,single_family,14,0.0,0.0,0.0,0.0,0.0,0.0,0.0,0.0,0.0,0.0,0.0,0.0
heating_cooling,none,test_utility_2,single_family,15,0.0,0.0,0.0,0.0,0.0,0.0,0.0,0.0,0.0,0.0,0.0,0.0
heating_cooling,none,test_utility_2,single_family,16,0.0,0.0,0.0,0.0,0.0,0.0,0.0,0.0,0.0,0.0,0.0,0.0
heating_cooling,none,test_utility_2,single_family,17,0.0,0.0,0.0,0.0,0.0,0.0,0.0,0.0,0.0,0.0,0.0,0.0
heating_cooling,none,test_utility_2,single_family,18,0.0,0.0,0.0,0.0,0.0,0.0,0.0,0.0,0.0,0.0,0.0,0.0
heating_cooling,none,test_utility_2,single_family,19,0.0,0.0,0.0,0.0,0.0,0.0,0.0,0.0,0.0,0.0,0.0,0.0
heating_cooling,none,test_utility_2,multifamily_li,0,0.0,0.0,0.0,0.0,0.0,0.0,0.0,0.0,0.0,0.0,0.0,0.0
heating_cooling,none,test_utility_2,multifamily_li,1,0.0,0.0,0.0,0.0,0.0,0.0,0.0,0.0,0.0,0.0,0.0,0.0
heating_cooling,none,test_utility_2,multifamily_li,2,0.0,0.0,0.0,0.0,0.0,0.0,0.0,0.0,0.0,0.0,0.0,0.0
heating_cooling,none,test_utility_2,multifamily_li,3,0.0,0.0,0.0,0.0,0.0,0.0,0.0,0.0,0.0,0.0,0.0,0.0
heating_cooling,none,test_utility_2,multifamily_li,4,0.0,0.0,0.0,0.0,0.0,0.0,0.0,0.0,0.0,0.0,0.0,0.0
heating_cooling,none,test_utility_2,multifamily_li,5,0.0,0.0,0.0,0.0,0.0,0.0,0.0,0.0,0.0,0.0,0.0,0.0
heating_cooling,none,test_utility_2,multifamily_li,6,0.0,0.0,0.0,0.0,0.0,0.0,0.0,0.0,0.0,0.0,0.0,0.0
heating_cooling,none,test_utility_2,multifamily_li,7,0.0,0.0,0.0,0.0,0.0,0.0,0.0,0.0,0.0,0.0,0.0,0.0
heating_cooling,none,test_utility_2,multifamily_li,8,0.0,0.0,0.0,0.0,0.0,0.0,0.0,0.0,0.0,0.0,0.0,0.0
heating_cooling,none,test_utility_2,multifamily_li,9,0.0,0.0,0.0,0.0,0.0,0.0,0.0,0.0,0.0,0.0,0.0,0.0
heating_cooling,none,test_utility_2,multifamily_li,10,0.0,0.0,0.0,0.0,0.0,0.0,0.0,0.0,0.0,0.0,0.0,0.0
heating_cooling,none,test_utility_2,multifamily_li,11,0.0,0.0,0.0,0.0,0.0,0.0,0.0,0.0,0.0,0.0,0.0,0.0
heating_cooling,none,test_utility_2,multifamily_li,12,0.0,0.0,0.0,0.0,0.0,0.0,0.0,0.0,0.0,0.0,0.0,0.0
heating_cooling,none,test_utility_2,multifamily_li,13,0.0,0.0,0.0,0.0,0.0,0.0,0.0,0.0,0.0,0.0,0.0,0.0
heating_cooling,none,test_utility_2,multifamily_li,14,0.0,0.0,0.0,0.0,0.0,0.0,0.0,0.0,0.0,0.0,0.0,0.0
heating_cooling,none,test_utility_2,multifamily_li,15,0.0,0.0,0.0,0.0,0.0,0.0,0.0,0.0,0.0,0.0,0.0,0.0
heating_cooling,none,test_utility_2,multifamily_li,16,0.0,0.0,0.0,0.0,0.0,0.0,0.0,0.0,0.0,0.0,0.0,0.0
heating_cooling,none,test_utility_2,multifamily_li,17,0.0,0.0,0.0,0.0,0.0,0.0,0.0,0.0,0.0,0.0,0.0,0.0
heating_cooling,none,test_utility_2,multifamily_li,18,0.0,0.0,0.0,0.0,0.0,0.0,0.0,0.0,0.0,0.0,0.0,0.0
heating_cooling,none,test_utility_2,multifamily_li,19,0.0,0.0,0.0,0.0,0.0,0.0,0.0,0.0,0.0,0.0,0.0,0.0
heating_cooling,none,test_utility_2,single_family_li,0,0.0,0.0,0.0,0.0,0.0,0.0,0.0,0.0,0.0,0.0,0.0,0.0
heating_cooling,none,test_utility_2,single_family_li,1,0.0,0.0,0.0,0.0,0.0,0.0,0.0,0.0,0.0,0.0,0.0,0.0
heating_cooling,none,test_utility_2,single_family_li,2,0.0,0.0,0.0,0.0,0.0,0.0,0.0,0.0,0.0,0.0,0.0,0.0
heating_cooling,none,test_utility_2,single_family_li,3,0.0,0.0,0.0,0.0,0.0,0.0,0.0,0.0,0.0,0.0,0.0,0.0
heating_cooling,none,test_utility_2,single_family_li,4,0.0,0.0,0.0,0.0,0.0,0.0,0.0,0.0,0.0,0.0,0.0,0.0
heating_cooling,none,test_utility_2,single_family_li,5,0.0,0.0,0.0,0.0,0.0,0.0,0.0,0.0,0.0,0.0,0.0,0.0
heating_cooling,none,test_utility_2,single_family_li,6,0.0,0.0,0.0,0.0,0.0,0.0,0.0,0.0,0.0,0.0,0.0,0.0
heating_cooling,none,test_utility_2,single_family_li,7,0.0,0.0,0.0,0.0,0.0,0.0,0.0,0.0,0.0,0.0,0.0,0.0
heating_cooling,none,test_utility_2,single_family_li,8,0.0,0.0,0.0,0.0,0.0,0.0,0.0,0.0,0.0,0.0,0.0,0.0
heating_cooling,none,test_utility_2,single_family_li,9,0.0,0.0,0.0,0.0,0.0,0.0,0.0,0.0,0.0,0.0,0.0,0.0
heating_cooling,none,test_utility_2,single_family_li,10,0.0,0.0,0.0,0.0,0.0,0.0,0.0,0.0,0.0,0.0,0.0,0.0
heating_cooling,none,test_utility_2,single_family_li,11,0.0,0.0,0.0,0.0,0.0,0.0,0.0,0.0,0.0,0.0,0.0,0.0
heating_cooling,none,test_utility_2,single_family_li,12,0.0,0.0,0.0,0.0,0.0,0.0,0.0,0.0,0.0,0.0,0.0,0.0
heating_cooling,none,test_utility_2,single_family_li,13,0.0,0.0,0.0,0.0,0.0,0.0,0.0,0.0,0.0,0.0,0.0,0.0
heating_cooling,none,test_utility_2,single_family_li,14,0.0,0.0,0.0,0.0,0.0,0.0,0.0,0.0,0.0,0.0,0.0,0.0
heating_cooling,none,test_utility_2,single_family_li,15,0.0,0.0,0.0,0.0,0.0,0.0,0.0,0.0,0.0,0.0,0.0,0.0
heating_cooling,none,test_utility_2,single_family_li,16,0.0,0.0,0.0,0.0,0.0,0.0,0.0,0.0,0.0,0.0,0.0,0.0
heating_cooling,none,test_utility_2,single_family_li,17,0.0,0.0,0.0,0.0,0.0,0.0,0.0,0.0,0.0,0.0,0.0,0.0
heating_cooling,none,test_utility_2,single_family_li,18,0.0,0.0,0.0,0.0,0.0,0.0,0.0,0.0,0.0,0.0,0.0,0.0
heating_cooling,none,test_utility_2,single_family_li,19,0.0,0.0,0.0,0.0,0.0,0.0,0.0,0.0,0.0,0.0,0.0,0.0
heating_cooling,test_utility_2,test_utility_1,multifamily,0,0.0,0.0,0.0,0.0,0.0,0.0,0.0,0.0,0.0,0.0,0.0,0.0
heating_cooling,test_utility_2,test_utility_1,multifamily,1,0.0,0.0,0.0,0.0,0.0,0.0,0.0,0.0,0.0,0.0,0.0,0.0
heating_cooling,test_utility_2,test_utility_1,multifamily,2,0.0,0.0,0.0,0.0,0.0,0.0,0.0,0.0,0.0,0.0,0.0,0.0
heating_cooling,test_utility_2,test_utility_1,multifamily,3,0.0,0.0,0.0,0.0,0.0,0.0,0.0,0.0,0.0,0.0,0.0,0.0
heating_cooling,test_utility_2,test_utility_1,multifamily,4,0.0,0.0,0.0,0.0,0.0,0.0,0.0,0.0,0.0,0.0,0.0,0.0
heating_cooling,test_utility_2,test_utility_1,multifamily,5,0.0,0.0,0.0,0.0,0.0,0.0,0.0,0.0,0.0,0.0,0.0,0.0
heating_cooling,test_utility_2,test_utility_1,multifamily,6,0.0,0.0,0.0,0.0,0.0,0.0,0.0,0.0,0.0,0.0,0.0,0.0
heating_cooling,test_utility_2,test_utility_1,multifamily,7,0.0,0.0,0.0,0.0,0.0,0.0,0.0,0.0,0.0,0.0,0.0,0.0
heating_cooling,test_utility_2,test_utility_1,multifamily,8,0.0,0.0,0.0,0.0,0.0,0.0,0.0,0.0,0.0,0.0,0.0,0.0
heating_cooling,test_utility_2,test_utility_1,multifamily,9,0.0,0.0,0.0,0.0,0.0,0.0,0.0,0.0,0.0,0.0,0.0,0.0
heating_cooling,test_utility_2,test_utility_1,multifamily,10,0.0,0.0,0.0,0.0,0.0,0.0,0.0,0.0,0.0,0.0,0.0,0.0
heating_cooling,test_utility_2,test_utility_1,multifamily,11,0.0,0.0,0.0,0.0,0.0,0.0,0.0,0.0,0.0,0.0,0.0,0.0
heating_cooling,test_utility_2,test_utility_1,multifamily,12,0.0,0.0,0.0,0.0,0.0,0.0,0.0,0.0,0.0,0.0,0.0,0.0
heating_cooling,test_utility_2,test_utility_1,multifamily,13,0.0,0.0,0.0,0.0,0.0,0.0,0.0,0.0,0.0,0.0,0.0,0.0
heating_cooling,test_utility_2,test_utility_1,multifamily,14,0.0,0.0,0.0,0.0,0.0,0.0,0.0,0.0,0.0,0.0,0.0,0.0
heating_cooling,test_utility_2,test_utility_1,multifamily,15,0.0,0.0,0.0,0.0,0.0,0.0,0.0,0.0,0.0,0.0,0.0,0.0
heating_cooling,test_utility_2,test_utility_1,multifamily,16,0.0,0.0,0.0,0.0,0.0,0.0,0.0,0.0,0.0,0.0,0.0,0.0
heating_cooling,test_utility_2,test_utility_1,multifamily,17,0.0,0.0,0.0,0.0,0.0,0.0,0.0,0.0,0.0,0.0,0.0,0.0
heating_cooling,test_utility_2,test_utility_1,multifamily,18,0.0,0.0,0.0,0.0,0.0,0.0,0.0,0.0,0.0,0.0,0.0,0.0
heating_cooling,test_utility_2,test_utility_1,multifamily,19,0.0,0.0,0.0,0.0,0.0,0.0,0.0,0.0,0.0,0.0,0.0,0.0
heating_cooling,test_utility_2,test_utility_1,single_family,0,0.0,0.0,0.0,0.0,0.0,0.0,0.0,0.0,0.0,0.0,0.0,0.0
heating_cooling,test_utility_2,test_utility_1,single_family,1,0.0,0.0,0.0,0.0,0.0,0.0,0.0,0.0,0.0,0.0,0.0,0.0
heating_cooling,test_utility_2,test_utility_1,single_family,2,0.0,0.0,0.0,0.0,0.0,0.0,0.0,0.0,0.0,0.0,0.0,0.0
heating_cooling,test_utility_2,test_utility_1,single_family,3,0.0,0.0,0.0,0.0,0.0,0.0,0.0,0.0,0.0,0.0,0.0,0.0
heating_cooling,test_utility_2,test_utility_1,single_family,4,0.0,0.0,0.0,0.0,0.0,0.0,0.0,0.0,0.0,0.0,0.0,0.0
heating_cooling,test_utility_2,test_utility_1,single_family,5,0.0,0.0,0.0,0.0,0.0,0.0,0.0,0.0,0.0,0.0,0.0,0.0
heating_cooling,test_utility_2,test_utility_1,single_family,6,0.0,0.0,0.0,0.0,0.0,0.0,0.0,0.0,0.0,0.0,0.0,0.0
heating_cooling,test_utility_2,test_utility_1,single_family,7,0.0,0.0,0.0,0.0,0.0,0.0,0.0,0.0,0.0,0.0,0.0,0.0
heating_cooling,test_utility_2,test_utility_1,single_family,8,0.0,0.0,0.0,0.0,0.0,0.0,0.0,0.0,0.0,0.0,0.0,0.0
heating_cooling,test_utility_2,test_utility_1,single_family,9,0.0,0.0,0.0,0.0,0.0,0.0,0.0,0.0,0.0,0.0,0.0,0.0
heating_cooling,test_utility_2,test_utility_1,single_family,10,0.0,0.0,0.0,0.0,0.0,0.0,0.0,0.0,0.0,0.0,0.0,0.0
heating_cooling,test_utility_2,test_utility_1,single_family,11,0.0,0.0,0.0,0.0,0.0,0.0,0.0,0.0,0.0,0.0,0.0,0.0
heating_cooling,test_utility_2,test_utility_1,single_family,12,0.0,0.0,0.0,0.0,0.0,0.0,0.0,0.0,0.0,0.0,0.0,0.0
heating_cooling,test_utility_2,test_utility_1,single_family,13,0.0,0.0,0.0,0.0,0.0,0.0,0.0,0.0,0.0,0.0,0.0,0.0
heating_cooling,test_utility_2,test_utility_1,single_family,14,0.0,0.0,0.0,0.0,0.0,0.0,0.0,0.0,0.0,0.0,0.0,0.0
heating_cooling,test_utility_2,test_utility_1,single_family,15,0.0,0.0,0.0,0.0,0.0,0.0,0.0,0.0,0.0,0.0,0.0,0.0
heating_cooling,test_utility_2,test_utility_1,single_family,16,0.0,0.0,0.0,0.0,0.0,0.0,0.0,0.0,0.0,0.0,0.0,0.0
heating_cooling,test_utility_2,test_utility_1,single_family,17,0.0,0.0,0.0,0.0,0.0,0.0,0.0,0.0,0.0,0.0,0.0,0.0
heating_cooling,test_utility_2,test_utility_1,single_family,18,0.0,0.0,0.0,0.0,0.0,0.0,0.0,0.0,0.0,0.0,0.0,0.0
heating_cooling,test_utility_2,test_utility_1,single_family,19,0.0,0.0,0.0,0.0,0.0,0.0,0.0,0.0,0.0,0.0,0.0,0.0
heating_cooling,test_utility_2,test_utility_1,multifamily_li,0,0.0,0.0,0.0,0.0,0.0,0.0,0.0,0.0,0.0,0.0,0.0,0.0
heating_cooling,test_utility_2,test_utility_1,multifamily_li,1,0.0,0.0,0.0,0.0,0.0,0.0,0.0,0.0,0.0,0.0,0.0,0.0
heating_cooling,test_utility_2,test_utility_1,multifamily_li,2,0.0,0.0,0.0,0.0,0.0,0.0,0.0,0.0,0.0,0.0,0.0,0.0
heating_cooling,test_utility_2,test_utility_1,multifamily_li,3,0.0,0.0,0.0,0.0,0.0,0.0,0.0,0.0,0.0,0.0,0.0,0.0
heating_cooling,test_utility_2,test_utility_1,multifamily_li,4,0.0,0.0,0.0,0.0,0.0,0.0,0.0,0.0,0.0,0.0,0.0,0.0
heating_cooling,test_utility_2,test_utility_1,multifamily_li,5,0.0,0.0,0.0,0.0,0.0,0.0,0.0,0.0,0.0,0.0,0.0,0.0
heating_cooling,test_utility_2,test_utility_1,multifamily_li,6,0.0,0.0,0.0,0.0,0.0,0.0,0.0,0.0,0.0,0.0,0.0,0.0
heating_cooling,test_utility_2,test_utility_1,multifamily_li,7,0.0,0.0,0.0,0.0,0.0,0.0,0.0,0.0,0.0,0.0,0.0,0.0
heating_cooling,test_utility_2,test_utility_1,multifamily_li,8,0.0,0.0,0.0,0.0,0.0,0.0,0.0,0.0,0.0,0.0,0.0,0.0
heating_cooling,test_utility_2,test_utility_1,multifamily_li,9,0.0,0.0,0.0,0.0,0.0,0.0,0.0,0.0,0.0,0.0,0.0,0.0
heating_cooling,test_utility_2,test_utility_1,multifamily_li,10,0.0,0.0,0.0,0.0,0.0,0.0,0.0,0.0,0.0,0.0,0.0,0.0
heating_cooling,test_utility_2,test_utility_1,multifamily_li,11,0.0,0.0,0.0,0.0,0.0,0.0,0.0,0.0,0.0,0.0,0.0,0.0
heating_cooling,test_utility_2,test_utility_1,multifamily_li,12,0.0,0.0,0.0,0.0,0.0,0.0,0.0,0.0,0.0,0.0,0.0,0.0
heating_cooling,test_utility_2,test_utility_1,multifamily_li,13,0.0,0.0,0.0,0.0,0.0,0.0,0.0,0.0,0.0,0.0,0.0,0.0
heating_cooling,test_utility_2,test_utility_1,multifamily_li,14,0.0,0.0,0.0,0.0,0.0,0.0,0.0,0.0,0.0,0.0,0.0,0.0
heating_cooling,test_utility_2,test_utility_1,multifamily_li,15,0.0,0.0,0.0,0.0,0.0,0.0,0.0,0.0,0.0,0.0,0.0,0.0
heating_cooling,test_utility_2,test_utility_1,multifamily_li,16,0.0,0.0,0.0,0.0,0.0,0.0,0.0,0.0,0.0,0.0,0.0,0.0
heating_cooling,test_utility_2,test_utility_1,multifamily_li,17,0.0,0.0,0.0,0.0,0.0,0.0,0.0,0.0,0.0,0.0,0.0,0.0
heating_cooling,test_utility_2,test_utility_1,multifamily_li,18,0.0,0.0,0.0,0.0,0.0,0.0,0.0,0.0,0.0,0.0,0.0,0.0
heating_cooling,test_utility_2,test_utility_1,multifamily_li,19,0.0,0.0,0.0,0.0,0.0,0.0,0.0,0.0,0.0,0.0,0.0,0.0
heating_cooling,test_utility_2,test_utility_1,single_family_li,0,0.0,0.0,0.0,0.0,0.0,0.0,0.0,0.0,0.0,0.0,0.0,0.0
heating_cooling,test_utility_2,test_utility_1,single_family_li,1,0.0,0.0,0.0,0.0,0.0,0.0,0.0,0.0,0.0,0.0,0.0,0.0
heating_cooling,test_utility_2,test_utility_1,single_family_li,2,0.0,0.0,0.0,0.0,0.0,0.0,0.0,0.0,0.0,0.0,0.0,0.0
heating_cooling,test_utility_2,test_utility_1,single_family_li,3,0.0,0.0,0.0,0.0,0.0,0.0,0.0,0.0,0.0,0.0,0.0,0.0
heating_cooling,test_utility_2,test_utility_1,single_family_li,4,0.0,0.0,0.0,0.0,0.0,0.0,0.0,0.0,0.0,0.0,0.0,0.0
heating_cooling,test_utility_2,test_utility_1,single_family_li,5,0.0,0.0,0.0,0.0,0.0,0.0,0.0,0.0,0.0,0.0,0.0,0.0
heating_cooling,test_utility_2,test_utility_1,single_family_li,6,0.0,0.0,0.0,0.0,0.0,0.0,0.0,0.0,0.0,0.0,0.0,0.0
heating_cooling,test_utility_2,test_utility_1,single_family_li,7,0.0,0.0,0.0,0.0,0.0,0.0,0.0,0.0,0.0,0.0,0.0,0.0
heating_cooling,test_utility_2,test_utility_1,single_family_li,8,0.0,0.0,0.0,0.0,0.0,0.0,0.0,0.0,0.0,0.0,0.0,0.0
heating_cooling,test_utility_2,test_utility_1,single_family_li,9,0.0,0.0,0.0,0.0,0.0,0.0,0.0,0.0,0.0,0.0,0.0,0.0
heating_cooling,test_utility_2,test_utility_1,single_family_li,10,0.0,0.0,0.0,0.0,0.0,0.0,0.0,0.0,0.0,0.0,0.0,0.0
heating_cooling,test_utility_2,test_utility_1,single_family_li,11,0.0,0.0,0.0,0.0,0.0,0.0,0.0,0.0,0.0,0.0,0.0,0.0
heating_cooling,test_utility_2,test_utility_1,single_family_li,12,0.0,0.0,0.0,0.0,0.0,0.0,0.0,0.0,0.0,0.0,0.0,0.0
heating_cooling,test_utility_2,test_utility_1,single_family_li,13,0.0,0.0,0.0,0.0,0.0,0.0,0.0,0.0,0.0,0.0,0.0,0.0
heating_cooling,test_utility_2,test_utility_1,single_family_li,14,0.0,0.0,0.0,0.0,0.0,0.0,0.0,0.0,0.0,0.0,0.0,0.0
heating_cooling,test_utility_2,test_utility_1,single_family_li,15,0.0,0.0,0.0,0.0,0.0,0.0,0.0,0.0,0.0,0.0,0.0,0.0
heating_cooling,test_utility_2,test_utility_1,single_family_li,16,0.0,0.0,0.0,0.0,0.0,0.0,0.0,0.0,0.0,0.0,0.0,0.0
heating_cooling,test_utility_2,test_utility_1,single_family_li,17,0.0,0.0,0.0,0.0,0.0,0.0,0.0,0.0,0.0,0.0,0.0,0.0
heating_cooling,test_utility_2,test_utility_1,single_family_li,18,0.0,0.0,0.0,0.0,0.0,0.0,0.0,0.0,0.0,0.0,0.0,0.0
heating_cooling,test_utility_2,test_utility_1,single_family_li,19,0.0,0.0,0.0,0.0,0.0,0.0,0.0,0.0,0.0,0.0,0.0,0.0
heating_cooling,test_utility_2,none,multifamily,0,0.0,0.0,0.0,0.0,0.0,0.0,0.0,0.0,0.0,0.0,0.0,0.0
heating_cooling,test_utility_2,none,multifamily,1,0.0,0.0,0.0,0.0,0.0,0.0,0.0,0.0,0.0,0.0,0.0,0.0
heating_cooling,test_utility_2,none,multifamily,2,0.0,0.0,0.0,0.0,0.0,0.0,0.0,0.0,0.0,0.0,0.0,0.0
heating_cooling,test_utility_2,none,multifamily,3,0.0,0.0,0.0,0.0,0.0,0.0,0.0,0.0,0.0,0.0,0.0,0.0
heating_cooling,test_utility_2,none,multifamily,4,0.0,0.0,0.0,0.0,0.0,0.0,0.0,0.0,0.0,0.0,0.0,0.0
heating_cooling,test_utility_2,none,multifamily,5,0.0,0.0,0.0,0.0,0.0,0.0,0.0,0.0,0.0,0.0,0.0,0.0
heating_cooling,test_utility_2,none,multifamily,6,0.0,0.0,0.0,0.0,0.0,0.0,0.0,0.0,0.0,0.0,0.0,0.0
heating_cooling,test_utility_2,none,multifamily,7,0.0,0.0,0.0,0.0,0.0,0.0,0.0,0.0,0.0,0.0,0.0,0.0
heating_cooling,test_utility_2,none,multifamily,8,0.0,0.0,0.0,0.0,0.0,0.0,0.0,0.0,0.0,0.0,0.0,0.0
heating_cooling,test_utility_2,none,multifamily,9,0.0,0.0,0.0,0.0,0.0,0.0,0.0,0.0,0.0,0.0,0.0,0.0
heating_cooling,test_utility_2,none,multifamily,10,0.0,0.0,0.0,0.0,0.0,0.0,0.0,0.0,0.0,0.0,0.0,0.0
heating_cooling,test_utility_2,none,multifamily,11,0.0,0.0,0.0,0.0,0.0,0.0,0.0,0.0,0.0,0.0,0.0,0.0
heating_cooling,test_utility_2,none,multifamily,12,0.0,0.0,0.0,0.0,0.0,0.0,0.0,0.0,0.0,0.0,0.0,0.0
heating_cooling,test_utility_2,none,multifamily,13,0.0,0.0,0.0,0.0,0.0,0.0,0.0,0.0,0.0,0.0,0.0,0.0
heating_cooling,test_utility_2,none,multifamily,14,0.0,0.0,0.0,0.0,0.0,0.0,0.0,0.0,0.0,0.0,0.0,0.0
heating_cooling,test_utility_2,none,multifamily,15,0.0,0.0,0.0,0.0,0.0,0.0,0.0,0.0,0.0,0.0,0.0,0.0
heating_cooling,test_utility_2,none,multifamily,16,0.0,0.0,0.0,0.0,0.0,0.0,0.0,0.0,0.0,0.0,0.0,0.0
heating_cooling,test_utility_2,none,multifamily,17,0.0,0.0,0.0,0.0,0.0,0.0,0.0,0.0,0.0,0.0,0.0,0.0
heating_cooling,test_utility_2,none,multifamily,18,0.0,0.0,0.0,0.0,0.0,0.0,0.0,0.0,0.0,0.0,0.0,0.0
heating_cooling,test_utility_2,none,multifamily,19,0.0,0.0,0.0,0.0,0.0,0.0,0.0,0.0,0.0,0.0,0.0,0.0
heating_cooling,test_utility_2,none,single_family,0,0.0,0.0,0.0,0.0,0.0,0.0,0.0,0.0,0.0,0.0,0.0,0.0
heating_cooling,test_utility_2,none,single_family,1,0.0,0.0,0.0,0.0,0.0,0.0,0.0,0.0,0.0,0.0,0.0,0.0
heating_cooling,test_utility_2,none,single_family,2,0.0,0.0,0.0,0.0,0.0,0.0,0.0,0.0,0.0,0.0,0.0,0.0
heating_cooling,test_utility_2,none,single_family,3,0.0,0.0,0.0,0.0,0.0,0.0,0.0,0.0,0.0,0.0,0.0,0.0
heating_cooling,test_utility_2,none,single_family,4,0.0,0.0,0.0,0.0,0.0,0.0,0.0,0.0,0.0,0.0,0.0,0.0
heating_cooling,test_utility_2,none,single_family,5,0.0,0.0,0.0,0.0,0.0,0.0,0.0,0.0,0.0,0.0,0.0,0.0
heating_cooling,test_utility_2,none,single_family,6,0.0,0.0,0.0,0.0,0.0,0.0,0.0,0.0,0.0,0.0,0.0,0.0
heating_cooling,test_utility_2,none,single_family,7,0.0,0.0,0.0,0.0,0.0,0.0,0.0,0.0,0.0,0.0,0.0,0.0
heating_cooling,test_utility_2,none,single_family,8,0.0,0.0,0.0,0.0,0.0,0.0,0.0,0.0,0.0,0.0,0.0,0.0
heating_cooling,test_utility_2,none,single_family,9,0.0,0.0,0.0,0.0,0.0,0.0,0.0,0.0,0.0,0.0,0.0,0.0
heating_cooling,test_utility_2,none,single_family,10,0.0,0.0,0.0,0.0,0.0,0.0,0.0,0.0,0.0,0.0,0.0,0.0
heating_cooling,test_utility_2,none,single_family,11,0.0,0.0,0.0,0.0,0.0,0.0,0.0,0.0,0.0,0.0,0.0,0.0
heating_cooling,test_utility_2,none,single_family,12,0.0,0.0,0.0,0.0,0.0,0.0,0.0,0.0,0.0,0.0,0.0,0.0
heating_cooling,test_utility_2,none,single_family,13,0.0,0.0,0.0,0.0,0.0,0.0,0.0,0.0,0.0,0.0,0.0,0.0
heating_cooling,test_utility_2,none,single_family,14,0.0,0.0,0.0,0.0,0.0,0.0,0.0,0.0,0.0,0.0,0.0,0.0
heating_cooling,test_utility_2,none,single_family,15,0.0,0.0,0.0,0.0,0.0,0.0,0.0,0.0,0.0,0.0,0.0,0.0
heating_cooling,test_utility_2,none,single_family,16,0.0,0.0,0.0,0.0,0.0,0.0,0.0,0.0,0.0,0.0,0.0,0.0
heating_cooling,test_utility_2,none,single_family,17,0.0,0.0,0.0,0.0,0.0,0.0,0.0,0.0,0.0,0.0,0.0,0.0
heating_cooling,test_utility_2,none,single_family,18,0.0,0.0,0.0,0.0,0.0,0.0,0.0,0.0,0.0,0.0,0.0,0.0
heating_cooling,test_utility_2,none,single_family,19,0.0,0.0,0.0,0.0,0.0,0.0,0.0,0.0,0.0,0.0,0.0,0.0
heating_cooling,test_utility_2,none,multifamily_li,0,0.0,0.0,0.0,0.0,0.0,0.0,0.0,0.0,0.0,0.0,0.0,0.0
heating_cooling,test_utility_2,none,multifamily_li,1,0.0,0.0,0.0,0.0,0.0,0.0,0.0,0.0,0.0,0.0,0.0,0.0
heating_cooling,test_utility_2,none,multifamily_li,2,0.0,0.0,0.0,0.0,0.0,0.0,0.0,0.0,0.0,0.0,0.0,0.0
heating_cooling,test_utility_2,none,multifamily_li,3,0.0,0.0,0.0,0.0,0.0,0.0,0.0,0.0,0.0,0.0,0.0,0.0
heating_cooling,test_utility_2,none,multifamily_li,4,0.0,0.0,0.0,0.0,0.0,0.0,0.0,0.0,0.0,0.0,0.0,0.0
heating_cooling,test_utility_2,none,multifamily_li,5,0.0,0.0,0.0,0.0,0.0,0.0,0.0,0.0,0.0,0.0,0.0,0.0
heating_cooling,test_utility_2,none,multifamily_li,6,0.0,0.0,0.0,0.0,0.0,0.0,0.0,0.0,0.0,0.0,0.0,0.0
heating_cooling,test_utility_2,none,multifamily_li,7,0.0,0.0,0.0,0.0,0.0,0.0,0.0,0.0,0.0,0.0,0.0,0.0
heating_cooling,test_utility_2,none,multifamily_li,8,0.0,0.0,0.0,0.0,0.0,0.0,0.0,0.0,0.0,0.0,0.0,0.0
heating_cooling,test_utility_2,none,multifamily_li,9,0.0,0.0,0.0,0.0,0.0,0.0,0.0,0.0,0.0,0.0,0.0,0.0
heating_cooling,test_utility_2,none,multifamily_li,10,0.0,0.0,0.0,0.0,0.0,0.0,0.0,0.0,0.0,0.0,0.0,0.0
heating_cooling,test_utility_2,none,multifamily_li,11,0.0,0.0,0.0,0.0,0.0,0.0,0.0,0.0,0.0,0.0,0.0,0.0
heating_cooling,test_utility_2,none,multifamily_li,12,0.0,0.0,0.0,0.0,0.0,0.0,0.0,0.0,0.0,0.0,0.0,0.0
heating_cooling,test_utility_2,none,multifamily_li,13,0.0,0.0,0.0,0.0,0.0,0.0,0.0,0.0,0.0,0.0,0.0,0.0
heating_cooling,test_utility_2,none,multifamily_li,14,0.0,0.0,0.0,0.0,0.0,0.0,0.0,0.0,0.0,0.0,0.0,0.0
heating_cooling,test_utility_2,none,multifamily_li,15,0.0,0.0,0.0,0.0,0.0,0.0,0.0,0.0,0.0,0.0,0.0,0.0
heating_cooling,test_utility_2,none,multifamily_li,16,0.0,0.0,0.0,0.0,0.0,0.0,0.0,0.0,0.0,0.0,0.0,0.0
heating_cooling,test_utility_2,none,multifamily_li,17,0.0,0.0,0.0,0.0,0.0,0.0,0.0,0.0,0.0,0.0,0.0,0.0
heating_cooling,test_utility_2,none,multifamily_li,18,0.0,0.0,0.0,0.0,0.0,0.0,0.0,0.0,0.0,0.0,0.0,0.0
heating_cooling,test_utility_2,none,multifamily_li,19,0.0,0.0,0.0,0.0,0.0,0.0,0.0,0.0,0.0,0.0,0.0,0.0
heating_cooling,test_utility_2,none,single_family_li,0,0.0,0.0,0.0,0.0,0.0,0.0,0.0,0.0,0.0,0.0,0.0,0.0
heating_cooling,test_utility_2,none,single_family_li,1,0.0,0.0,0.0,0.0,0.0,0.0,0.0,0.0,0.0,0.0,0.0,0.0
heating_cooling,test_utility_2,none,single_family_li,2,0.0,0.0,0.0,0.0,0.0,0.0,0.0,0.0,0.0,0.0,0.0,0.0
heating_cooling,test_utility_2,none,single_family_li,3,0.0,0.0,0.0,0.0,0.0,0.0,0.0,0.0,0.0,0.0,0.0,0.0
heating_cooling,test_utility_2,none,single_family_li,4,0.0,0.0,0.0,0.0,0.0,0.0,0.0,0.0,0.0,0.0,0.0,0.0
heating_cooling,test_utility_2,none,single_family_li,5,0.0,0.0,0.0,0.0,0.0,0.0,0.0,0.0,0.0,0.0,0.0,0.0
heating_cooling,test_utility_2,none,single_family_li,6,0.0,0.0,0.0,0.0,0.0,0.0,0.0,0.0,0.0,0.0,0.0,0.0
heating_cooling,test_utility_2,none,single_family_li,7,0.0,0.0,0.0,0.0,0.0,0.0,0.0,0.0,0.0,0.0,0.0,0.0
heating_cooling,test_utility_2,none,single_family_li,8,0.0,0.0,0.0,0.0,0.0,0.0,0.0,0.0,0.0,0.0,0.0,0.0
heating_cooling,test_utility_2,none,single_family_li,9,0.0,0.0,0.0,0.0,0.0,0.0,0.0,0.0,0.0,0.0,0.0,0.0
heating_cooling,test_utility_2,none,single_family_li,10,0.0,0.0,0.0,0.0,0.0,0.0,0.0,0.0,0.0,0.0,0.0,0.0
heating_cooling,test_utility_2,none,single_family_li,11,0.0,0.0,0.0,0.0,0.0,0.0,0.0,0.0,0.0,0.0,0.0,0.0
heating_cooling,test_utility_2,none,single_family_li,12,0.0,0.0,0.0,0.0,0.0,0.0,0.0,0.0,0.0,0.0,0.0,0.0
heating_cooling,test_utility_2,none,single_family_li,13,0.0,0.0,0.0,0.0,0.0,0.0,0.0,0.0,0.0,0.0,0.0,0.0
heating_cooling,test_utility_2,none,single_family_li,14,0.0,0.0,0.0,0.0,0.0,0.0,0.0,0.0,0.0,0.0,0.0,0.0
heating_cooling,test_utility_2,none,single_family_li,15,0.0,0.0,0.0,0.0,0.0,0.0,0.0,0.0,0.0,0.0,0.0,0.0
heating_cooling,test_utility_2,none,single_family_li,16,0.0,0.0,0.0,0.0,0.0,0.0,0.0,0.0,0.0,0.0,0.0,0.0
heating_cooling,test_utility_2,none,single_family_li,17,0.0,0.0,0.0,0.0,0.0,0.0,0.0,0.0,0.0,0.0,0.0,0.0
heating_cooling,test_utility_2,none,single_family_li,18,0.0,0.0,0.0,0.0,0.0,0.0,0.0,0.0,0.0,0.0,0.0,0.0
heating_cooling,test_utility_2,none,single_family_li,19,0.0,0.0,0.0,0.0,0.0,0.0,0.0,0.0,0.0,0.0,0.0,0.0
heating_cooling,test_utility_2,test_utility_2,multifamily,0,0.0,0.0,0.0,0.0,0.0,0.0,0.0,0.0,0.0,0.0,0.0,0.0
heating_cooling,test_utility_2,test_utility_2,multifamily,1,0.0,0.0,0.0,0.0,0.0,0.0,0.0,0.0,0.0,0.0,0.0,0.0
heating_cooling,test_utility_2,test_utility_2,multifamily,2,0.0,0.0,0.0,0.0,0.0,0.0,0.0,0.0,0.0,0.0,0.0,0.0
heating_cooling,test_utility_2,test_utility_2,multifamily,3,0.0,0.0,0.0,0.0,0.0,0.0,0.0,0.0,0.0,0.0,0.0,0.0
heating_cooling,test_utility_2,test_utility_2,multifamily,4,0.0,0.0,0.0,0.0,0.0,0.0,0.0,0.0,0.0,0.0,0.0,0.0
heating_cooling,test_utility_2,test_utility_2,multifamily,5,0.0,0.0,0.0,0.0,0.0,0.0,0.0,0.0,0.0,0.0,0.0,0.0
heating_cooling,test_utility_2,test_utility_2,multifamily,6,0.0,0.0,0.0,0.0,0.0,0.0,0.0,0.0,0.0,0.0,0.0,0.0
heating_cooling,test_utility_2,test_utility_2,multifamily,7,0.0,0.0,0.0,0.0,0.0,0.0,0.0,0.0,0.0,0.0,0.0,0.0
heating_cooling,test_utility_2,test_utility_2,multifamily,8,0.0,0.0,0.0,0.0,0.0,0.0,0.0,0.0,0.0,0.0,0.0,0.0
heating_cooling,test_utility_2,test_utility_2,multifamily,9,0.0,0.0,0.0,0.0,0.0,0.0,0.0,0.0,0.0,0.0,0.0,0.0
heating_cooling,test_utility_2,test_utility_2,multifamily,10,0.0,0.0,0.0,0.0,0.0,0.0,0.0,0.0,0.0,0.0,0.0,0.0
heating_cooling,test_utility_2,test_utility_2,multifamily,11,0.0,0.0,0.0,0.0,0.0,0.0,0.0,0.0,0.0,0.0,0.0,0.0
heating_cooling,test_utility_2,test_utility_2,multifamily,12,0.0,0.0,0.0,0.0,0.0,0.0,0.0,0.0,0.0,0.0,0.0,0.0
heating_cooling,test_utility_2,test_utility_2,multifamily,13,0.0,0.0,0.0,0.0,0.0,0.0,0.0,0.0,0.0,0.0,0.0,0.0
heating_cooling,test_utility_2,test_utility_2,multifamily,14,0.0,0.0,0.0,0.0,0.0,0.0,0.0,0.0,0.0,0.0,0.0,0.0
heating_cooling,test_utility_2,test_utility_2,multifamily,15,0.0,0.0,0.0,0.0,0.0,0.0,0.0,0.0,0.0,0.0,0.0,0.0
heating_cooling,test_utility_2,test_utility_2,multifamily,16,0.0,0.0,0.0,0.0,0.0,0.0,0.0,0.0,0.0,0.0,0.0,0.0
heating_cooling,test_utility_2,test_utility_2,multifamily,17,0.0,0.0,0.0,0.0,0.0,0.0,0.0,0.0,0.0,0.0,0.0,0.0
heating_cooling,test_utility_2,test_utility_2,multifamily,18,0.0,0.0,0.0,0.0,0.0,0.0,0.0,0.0,0.0,0.0,0.0,0.0
heating_cooling,test_utility_2,test_utility_2,multifamily,19,0.0,0.0,0.0,0.0,0.0,0.0,0.0,0.0,0.0,0.0,0.0,0.0
heating_cooling,test_utility_2,test_utility_2,single_family,0,0.0,0.0,0.0,0.0,0.0,0.0,0.0,0.0,0.0,0.0,0.0,0.0
heating_cooling,test_utility_2,test_utility_2,single_family,1,0.0,0.0,0.0,0.0,0.0,0.0,0.0,0.0,0.0,0.0,0.0,0.0
heating_cooling,test_utility_2,test_utility_2,single_family,2,0.0,0.0,0.0,0.0,0.0,0.0,0.0,0.0,0.0,0.0,0.0,0.0
heating_cooling,test_utility_2,test_utility_2,single_family,3,0.0,0.0,0.0,0.0,0.0,0.0,0.0,0.0,0.0,0.0,0.0,0.0
heating_cooling,test_utility_2,test_utility_2,single_family,4,0.0,0.0,0.0,0.0,0.0,0.0,0.0,0.0,0.0,0.0,0.0,0.0
heating_cooling,test_utility_2,test_utility_2,single_family,5,0.0,0.0,0.0,0.0,0.0,0.0,0.0,0.0,0.0,0.0,0.0,0.0
heating_cooling,test_utility_2,test_utility_2,single_family,6,0.0,0.0,0.0,0.0,0.0,0.0,0.0,0.0,0.0,0.0,0.0,0.0
heating_cooling,test_utility_2,test_utility_2,single_family,7,0.0,0.0,0.0,0.0,0.0,0.0,0.0,0.0,0.0,0.0,0.0,0.0
heating_cooling,test_utility_2,test_utility_2,single_family,8,0.0,0.0,0.0,0.0,0.0,0.0,0.0,0.0,0.0,0.0,0.0,0.0
heating_cooling,test_utility_2,test_utility_2,single_family,9,0.0,0.0,0.0,0.0,0.0,0.0,0.0,0.0,0.0,0.0,0.0,0.0
heating_cooling,test_utility_2,test_utility_2,single_family,10,0.0,0.0,0.0,0.0,0.0,0.0,0.0,0.0,0.0,0.0,0.0,0.0
heating_cooling,test_utility_2,test_utility_2,single_family,11,0.0,0.0,0.0,0.0,0.0,0.0,0.0,0.0,0.0,0.0,0.0,0.0
heating_cooling,test_utility_2,test_utility_2,single_family,12,0.0,0.0,0.0,0.0,0.0,0.0,0.0,0.0,0.0,0.0,0.0,0.0
heating_cooling,test_utility_2,test_utility_2,single_family,13,0.0,0.0,0.0,0.0,0.0,0.0,0.0,0.0,0.0,0.0,0.0,0.0
heating_cooling,test_utility_2,test_utility_2,single_family,14,0.0,0.0,0.0,0.0,0.0,0.0,0.0,0.0,0.0,0.0,0.0,0.0
heating_cooling,test_utility_2,test_utility_2,single_family,15,0.0,0.0,0.0,0.0,0.0,0.0,0.0,0.0,0.0,0.0,0.0,0.0
heating_cooling,test_utility_2,test_utility_2,single_family,16,0.0,0.0,0.0,0.0,0.0,0.0,0.0,0.0,0.0,0.0,0.0,0.0
heating_cooling,test_utility_2,test_utility_2,single_family,17,0.0,0.0,0.0,0.0,0.0,0.0,0.0,0.0,0.0,0.0,0.0,0.0
heating_cooling,test_utility_2,test_utility_2,single_family,18,0.0,0.0,0.0,0.0,0.0,0.0,0.0,0.0,0.0,0.0,0.0,0.0
heating_cooling,test_utility_2,test_utility_2,single_family,19,0.0,0.0,0.0,0.0,0.0,0.0,0.0,0.0,0.0,0.0,0.0,0.0
heating_cooling,test_utility_2,test_utility_2,multifamily_li,0,0.0,0.0,0.0,0.0,0.0,0.0,0.0,0.0,0.0,0.0,0.0,0.0
heating_cooling,test_utility_2,test_utility_2,multifamily_li,1,0.0,0.0,0.0,0.0,0.0,0.0,0.0,0.0,0.0,0.0,0.0,0.0
heating_cooling,test_utility_2,test_utility_2,multifamily_li,2,0.0,0.0,0.0,0.0,0.0,0.0,0.0,0.0,0.0,0.0,0.0,0.0
heating_cooling,test_utility_2,test_utility_2,multifamily_li,3,0.0,0.0,0.0,0.0,0.0,0.0,0.0,0.0,0.0,0.0,0.0,0.0
heating_cooling,test_utility_2,test_utility_2,multifamily_li,4,0.0,0.0,0.0,0.0,0.0,0.0,0.0,0.0,0.0,0.0,0.0,0.0
heating_cooling,test_utility_2,test_utility_2,multifamily_li,5,0.0,0.0,0.0,0.0,0.0,0.0,0.0,0.0,0.0,0.0,0.0,0.0
heating_cooling,test_utility_2,test_utility_2,multifamily_li,6,0.0,0.0,0.0,0.0,0.0,0.0,0.0,0.0,0.0,0.0,0.0,0.0
heating_cooling,test_utility_2,test_utility_2,multifamily_li,7,0.0,0.0,0.0,0.0,0.0,0.0,0.0,0.0,0.0,0.0,0.0,0.0
heating_cooling,test_utility_2,test_utility_2,multifamily_li,8,0.0,0.0,0.0,0.0,0.0,0.0,0.0,0.0,0.0,0.0,0.0,0.0
heating_cooling,test_utility_2,test_utility_2,multifamily_li,9,0.0,0.0,0.0,0.0,0.0,0.0,0.0,0.0,0.0,0.0,0.0,0.0
heating_cooling,test_utility_2,test_utility_2,multifamily_li,10,0.0,0.0,0.0,0.0,0.0,0.0,0.0,0.0,0.0,0.0,0.0,0.0
heating_cooling,test_utility_2,test_utility_2,multifamily_li,11,0.0,0.0,0.0,0.0,0.0,0.0,0.0,0.0,0.0,0.0,0.0,0.0
heating_cooling,test_utility_2,test_utility_2,multifamily_li,12,0.0,0.0,0.0,0.0,0.0,0.0,0.0,0.0,0.0,0.0,0.0,0.0
heating_cooling,test_utility_2,test_utility_2,multifamily_li,13,0.0,0.0,0.0,0.0,0.0,0.0,0.0,0.0,0.0,0.0,0.0,0.0
heating_cooling,test_utility_2,test_utility_2,multifamily_li,14,0.0,0.0,0.0,0.0,0.0,0.0,0.0,0.0,0.0,0.0,0.0,0.0
heating_cooling,test_utility_2,test_utility_2,multifamily_li,15,0.0,0.0,0.0,0.0,0.0,0.0,0.0,0.0,0.0,0.0,0.0,0.0
heating_cooling,test_utility_2,test_utility_2,multifamily_li,16,0.0,0.0,0.0,0.0,0.0,0.0,0.0,0.0,0.0,0.0,0.0,0.0
heating_cooling,test_utility_2,test_utility_2,multifamily_li,17,0.0,0.0,0.0,0.0,0.0,0.0,0.0,0.0,0.0,0.0,0.0,0.0
heating_cooling,test_utility_2,test_utility_2,multifamily_li,18,0.0,0.0,0.0,0.0,0.0,0.0,0.0,0.0,0.0,0.0,0.0,0.0
heating_cooling,test_utility_2,test_utility_2,multifamily_li,19,0.0,0.0,0.0,0.0,0.0,0.0,0.0,0.0,0.0,0.0,0.0,0.0
heating_cooling,test_utility_2,test_utility_2,single_family_li,0,0.0,0.0,0.0,0.0,0.0,0.0,0.0,0.0,0.0,0.0,0.0,0.0
heating_cooling,test_utility_2,test_utility_2,single_family_li,1,0.0,0.0,0.0,0.0,0.0,0.0,0.0,0.0,0.0,0.0,0.0,0.0
heating_cooling,test_utility_2,test_utility_2,single_family_li,2,0.0,0.0,0.0,0.0,0.0,0.0,0.0,0.0,0.0,0.0,0.0,0.0
heating_cooling,test_utility_2,test_utility_2,single_family_li,3,0.0,0.0,0.0,0.0,0.0,0.0,0.0,0.0,0.0,0.0,0.0,0.0
heating_cooling,test_utility_2,test_utility_2,single_family_li,4,0.0,0.0,0.0,0.0,0.0,0.0,0.0,0.0,0.0,0.0,0.0,0.0
heating_cooling,test_utility_2,test_utility_2,single_family_li,5,0.0,0.0,0.0,0.0,0.0,0.0,0.0,0.0,0.0,0.0,0.0,0.0
heating_cooling,test_utility_2,test_utility_2,single_family_li,6,0.0,0.0,0.0,0.0,0.0,0.0,0.0,0.0,0.0,0.0,0.0,0.0
heating_cooling,test_utility_2,test_utility_2,single_family_li,7,0.0,0.0,0.0,0.0,0.0,0.0,0.0,0.0,0.0,0.0,0.0,0.0
heating_cooling,test_utility_2,test_utility_2,single_family_li,8,0.0,0.0,0.0,0.0,0.0,0.0,0.0,0.0,0.0,0.0,0.0,0.0
heating_cooling,test_utility_2,test_utility_2,single_family_li,9,0.0,0.0,0.0,0.0,0.0,0.0,0.0,0.0,0.0,0.0,0.0,0.0
heating_cooling,test_utility_2,test_utility_2,single_family_li,10,0.0,0.0,0.0,0.0,0.0,0.0,0.0,0.0,0.0,0.0,0.0,0.0
heating_cooling,test_utility_2,test_utility_2,single_family_li,11,0.0,0.0,0.0,0.0,0.0,0.0,0.0,0.0,0.0,0.0,0.0,0.0
heating_cooling,test_utility_2,test_utility_2,single_family_li,12,0.0,0.0,0.0,0.0,0.0,0.0,0.0,0.0,0.0,0.0,0.0,0.0
heating_cooling,test_utility_2,test_utility_2,single_family_li,13,0.0,0.0,0.0,0.0,0.0,0.0,0.0,0.0,0.0,0.0,0.0,0.0
heating_cooling,test_utility_2,test_utility_2,single_family_li,14,0.0,0.0,0.0,0.0,0.0,0.0,0.0,0.0,0.0,0.0,0.0,0.0
heating_cooling,test_utility_2,test_utility_2,single_family_li,15,0.0,0.0,0.0,0.0,0.0,0.0,0.0,0.0,0.0,0.0,0.0,0.0
heating_cooling,test_utility_2,test_utility_2,single_family_li,16,0.0,0.0,0.0,0.0,0.0,0.0,0.0,0.0,0.0,0.0,0.0,0.0
heating_cooling,test_utility_2,test_utility_2,single_family_li,17,0.0,0.0,0.0,0.0,0.0,0.0,0.0,0.0,0.0,0.0,0.0,0.0
heating_cooling,test_utility_2,test_utility_2,single_family_li,18,0.0,0.0,0.0,0.0,0.0,0.0,0.0,0.0,0.0,0.0,0.0,0.0
heating_cooling,test_utility_2,test_utility_2,single_family_li,19,0.0,0.0,0.0,0.0,0.0,0.0,0.0,0.0,0.0,0.0,0.0,0.0
