competition_group,electric_utility,gas_utility,building_type,time,total_stock,ret_er_stock,remaining_stock,rob_stock,remaining_below_baseline_stock,remaining_baseline_stock,remaining_efficient_stock,remaining_top10_stock,ret_er_below_baseline_stock,ret_er_baseline_stock,ret_er_efficient_stock,ret_er_top10_stock,rob_below_baseline_stock,rob_baseline_stock,rob_efficient_stock,rob_top10_stock,ret_er_below_baseline_flow,ret_er_baseline_flow,ret_er_efficient_flow,ret_er_top10_flow,rob_below_baseline_flow,rob_baseline_flow,rob_efficient_flow,rob_top10_flow,remaining_below_baseline_flow,remaining_baseline_flow,remaining_efficient_flow,remaining_top10_flow,remaining_baseline_flow_2,remaining_efficient_flow_2,remaining_top10_flow_2
refrigeration,test_utility_1,test_utility_1,multifamily,0,30000.0,9000.0,18000.0,3000.0,3600.0,4500.0,5400.0,4500.0,1800.0,2250.0,2700.0,2250.0,600.0,750.0,900.0,750.0,0.0,0.0,0.0,0.0,0.0,0.0,0.0,0.0,0.0,0.0,0.0,0.0,0.0,0.0,0.0
refrigeration,test_utility_1,test_utility_1,multifamily,1,30000.0,9000.0,18000.0,3000.0,3000.0,3750.0,4500.0,6750.0,1776.0,2220.0,2664.0,2340.0,588.0,735.0,882.0,795.0,36.0,45.0,54.0,-135.0,600.0,750.0,900.0,-2250.0,0.0,0.0,0.0,0.0,0.0,0.0,0.0
refrigeration,test_utility_1,test_utility_1,multifamily,2,30000.0,8999.999999999998,18000.0,3000.0,2500.0,3125.0,3750.0,8625.0,1660.32,2075.3999999999996,2490.4799999999996,2773.7999999999997,580.16,725.1999999999999,870.2399999999999,824.3999999999999,35.51999999999998,44.40000000000009,53.2800000000002,-133.19999999999982,588.0,735.0,882.0,-2205.0,0.0,0.0,0.0,0.0,0.0,0.0,0.0
refrigeration,test_utility_1,test_utility_1,multifamily,3,30000.0,9000.0,18000.0,2999.9999999999995,2083.3333333333335,2604.166666666667,3125.0,10187.5,1501.4090666666666,1876.761333333333,2252.1135999999997,3369.7159999999994,542.3711999999999,677.9639999999998,813.5567999999998,966.1079999999998,33.20640000000003,41.50800000000004,49.809600000000046,-124.52399999999989,580.16,725.1999999999999,870.2399999999999,-2175.6000000000004,0.0,0.0,0.0,0.0,0.0,0.0,0.0
refrigeration,test_utility_1,test_utility_1,multifamily,4,29999.999999999996,8999.999999999998,18000.0,2999.999999999999,1736.1111111111113,2170.138888888889,2604.166666666667,11489.583333333334,1328.1428124444444,1660.1785155555554,1992.2142186666663,4019.4644533333326,490.46029511111107,613.0753688888888,735.6904426666665,1160.773893333333,30.02818133333335,37.53522666666663,45.04227200000014,-112.60568000000012,542.3711999999999,677.9639999999998,813.5567999999998,-2033.8919999999998,0.0,0.0,0.0,0.0,0.0,0.0,0.0
refrigeration,test_utility_1,test_utility_1,multifamily,5,30000.0,9000.0,18000.0,2999.999999999999,1446.7592592592596,1808.4490740740744,2170.138888888889,12574.652777777777,1157.0718226488889,1446.3397783111109,1735.607733973333,4660.980665066666,433.85998539851846,542.324981748148,650.7899780977776,1373.0250547555552,26.56285624888892,33.20357031111121,39.84428437333327,-99.61071093333294,490.46029511111107,613.0753688888888,735.6904426666665,-1839.226106666666,0.0,0.0,0.0,0.0,0.0,0.0,0.0
refrigeration,test_utility_1,test_utility_1,multifamily,6,30000.0,9000.0,18000.0,2999.9999999999995,1205.6327160493831,1507.0408950617286,1808.4490740740744,13478.877314814814,997.0801340071506,1246.3501675089383,1495.6202010107256,5260.949497473184,377.976795398637,472.4709942482962,566.9651930979554,1582.5870172551108,23.141436452977814,28.926795566222154,34.71215467946672,-86.78038669866692,433.85998539851846,542.324981748148,650.7899780977776,-1626.974945244444,0.0,0.0,0.0,0.0,0.0,0.0,0.0
refrigeration,test_utility_1,test_utility_1,multifamily,7,30000.0,8999.999999999998,18000.0,2999.9999999999995,1004.6939300411526,1255.8674125514406,1507.0408950617286,14232.39776234568,852.3644735595689,1065.4555919494612,1278.546710339353,5803.633224151616,325.71284377566917,407.1410547195865,488.56926566350364,1778.5768358412402,19.941602680142978,24.927003350178666,29.91240402021458,-74.78101005053668,377.976795398637,472.4709942482962,566.9651930979554,-1417.4129827448887,0.0,0.0,0.0,0.0,0.0,0.0,0.0
refrigeration,test_utility_1,test_utility_1,multifamily,8,30000.0,9000.0,18000.0,2999.9999999999995,837.2449417009606,1046.5561771262005,1255.8674125514406,14860.3314686214,724.327111065777,905.4088888322215,1086.4906665986653,6283.773333503335,278.4390613627925,348.0488267034907,417.6585920441886,1955.853519889528,17.047289471191334,21.30911183898911,25.570934206787115,-63.927335516968014,325.71284377566917,407.1410547195865,488.56926566350364,-1221.4231641587594,0.0,0.0,0.0,0.0,0.0,0.0,0.0
refrigeration,test_utility_1,test_utility_1,multifamily,9,30000.0,9000.0,18000.0,2999.9999999999995,697.7041180841338,872.1301476051672,1046.5561771262005,15383.6095571845,612.7678695131344,765.959836891418,919.1518042697014,6702.120489325745,236.61352294815381,295.76690368519235,354.9202844222307,2112.6992889444227,14.486542221315517,18.108177776644425,21.72981333197322,-54.32453332993373,278.4390613627925,348.0488267034907,417.6585920441886,-1044.1464801104717,0.0,0.0,0.0,0.0,0.0,0.0,0.0
refrigeration,test_utility_1,test_utility_1,multifamily,10,30000.0,9000.0,18000.0,2999.9999999999995,581.4200984034449,726.775123004306,872.1301476051672,15819.674630987083,516.6256944292701,645.7821180365876,774.938541643905,7062.6536458902365,200.17083737429056,250.2135467178632,300.2562560614358,2249.35935984641,12.255357390262702,15.319196737828406,18.383036085393996,-45.957590213484764,236.61352294815381,295.76690368519235,354.9202844222307,-887.3007110555768,0.0,0.0,0.0,0.0,0.0,0.0,0.0
refrigeration,test_utility_1,test_utility_1,multifamily,11,30000.0,8999.999999999998,18000.0,2999.9999999999995,484.5167486695374,605.6459358369217,726.775123004306,16183.062192489237,434.43213676103056,543.0401709512881,651.6482051415458,7370.879487146134,168.76439351356154,210.9554918919519,253.14659027034227,2367.1335243241438,10.332513888585424,12.915642360731795,15.498770832878108,-38.746927082195725,200.17083737429056,250.2135467178632,300.2562560614358,-750.6406401535896,0.0,0.0,0.0,0.0,0.0,0.0,0.0
refrigeration,test_utility_1,test_utility_1,multifamily,12,29999.999999999996,8999.999999999998,18000.0,2999.999999999999,403.7639572246145,504.7049465307681,605.6459358369217,16485.885160407695,364.58178746212945,455.72723432766185,546.8726811931942,7632.818297017013,141.9144980086033,177.39312251075413,212.87174701290496,2467.8206324677367,8.68864273522064,10.860803419025729,13.032964102830874,-32.582410257076845,168.76439351356154,210.9554918919519,253.14659027034227,-632.8664756758558,0.0,0.0,0.0,0.0,0.0,0.0,0.0
refrigeration,test_utility_1,test_utility_1,multifamily,13,29999.999999999993,8999.999999999998,17999.999999999996,2999.999999999999,336.46996435384546,420.58745544230675,504.7049465307681,16738.237633673078,305.48742734602695,381.8592841825337,458.2311410190405,7854.422147452397,119.09671723762895,148.87089654703618,178.64507585644344,2553.3873103588908,7.291635749242573,9.114544686553245,10.937453623863917,-27.343634059659962,141.9144980086033,177.39312251075413,212.87174701290496,-532.1793675322624,0.0,0.0,0.0,0.0,0.0,0.0,0.0
refrigeration,test_utility_1,test_utility_1,multifamily,14,29999.999999999993,8999.999999999998,17999.999999999996,2999.9999999999995,280.39163696153787,350.4895462019223,420.58745544230675,16948.53136139423,255.66344659171187,319.57930823963983,383.4951698875678,8041.262075281079,99.79255959970214,124.74069949962768,149.68883939955322,2625.7779015011165,6.109748546920514,7.637185683650671,9.164622820380828,-22.91155705095207,119.09671723762895,148.87089654703618,178.64507585644344,-446.6126896411083,0.0,0.0,0.0,0.0,0.0,0.0,0.0
refrigeration,test_utility_1,test_utility_1,multifamily,15,29999.999999999993,8999.999999999998,17999.999999999996,2999.9999999999995,233.65969746794823,292.0746218349353,350.4895462019223,17123.77613449519,213.7653912668414,267.2067390835517,320.64808690026206,8198.379782749344,83.51672588662588,104.39590735828234,125.27508882993881,2686.8122779251526,5.113268931834227,6.391586164792784,7.669903397751341,-19.174758494378693,99.79255959970214,124.74069949962768,149.68883939955322,-374.22209849888304,0.0,0.0,0.0,0.0,0.0,0.0,0.0
refrigeration,test_utility_1,test_utility_1,multifamily,16,29999.999999999993,8999.999999999998,17999.999999999996,2999.9999999999995,194.71641455662353,243.3955181957794,292.0746218349353,17269.81344541266,178.6033385389944,223.254173173743,267.9050078084916,8330.237480478769,69.83002781383485,87.28753476729356,104.74504172075225,2738.137395698119,4.275307825336824,5.344134781671016,6.412961738005265,-16.032404345012765,83.51672588662588,104.39590735828234,125.27508882993881,-313.187722074847,0.0,0.0,0.0,0.0,0.0,0.0,0.0
refrigeration,test_utility_1,test_utility_1,multifamily,17,29999.999999999993,8999.999999999996,17999.999999999996,2999.9999999999986,162.2636787971863,202.82959849648284,243.3955181957794,17391.51120451055,149.14025027158024,186.4253128394753,223.71037540737035,8440.724061481571,58.3437572560715,72.92969657008938,87.51563588410724,2781.2109102897307,3.572066770779884,4.465083463474855,5.358100156169826,-13.395250390423826,69.83002781383485,87.28753476729356,104.74504172075225,-261.86260430188076,0.0,0.0,0.0,0.0,0.0,0.0,0.0
refrigeration,test_utility_1,test_utility_1,multifamily,18,29999.999999999993,8999.999999999996,18000.0,2999.9999999999986,135.2197323309886,169.0246654137357,202.82959849648284,17492.926003758792,124.4822433102968,155.602804137871,186.72336496544517,8533.191587586383,48.71914842204954,60.89893552756193,73.0787226330743,2817.3031934173127,2.982805005431601,3.728506256789501,4.474207508147401,-11.185518770367707,58.3437572560715,72.92969657008938,87.51563588410724,-218.78908971026794,0.0,0.0,0.0,0.0,0.0,0.0,0.0
refrigeration,test_utility_1,test_utility_1,multifamily,19,29999.999999999993,8999.999999999996,18000.0,2999.9999999999986,112.68311027582384,140.85388784477976,169.0246654137357,17577.43833646566,103.86502101789199,129.831276272365,155.797531526838,8610.506171182902,40.66419948136362,50.83024935170452,60.99629922204542,2847.509251944885,2.4896448662059356,3.1120560827574195,3.7344672993089034,-9.33616824827186,48.71914842204954,60.89893552756193,73.0787226330743,-182.6968065826859,0.0,0.0,0.0,0.0,0.0,0.0,0.0
refrigeration,test_utility_1,test_utility_1,single_family,0,50000.0,15000.0,30000.0,5000.0,6000.0,7500.0,9000.0,7500.0,3000.0,3750.0,4500.0,3750.0,1000.0,1250.0,1500.0,1250.0,0.0,0.0,0.0,0.0,0.0,0.0,0.0,0.0,0.0,0.0,0.0,0.0,0.0,0.0,0.0
refrigeration,test_utility_1,test_utility_1,single_family,1,50000.0,14999.666666666666,30002.666666666668,4997.666666666667,4999.444444444444,6249.305555555556,7499.166666666667,11254.75,2959.342222222222,3699.177777777778,4439.013333333333,3902.133333333333,979.3466666666667,1224.1833333333334,1469.02,1325.1166666666666,60.0,75.0,90.0,-225.0,1000.0,1250.0,1500.0,-3750.0,0.0,0.0,0.0,0.0,0.0,0.0,0.0
refrigeration,test_utility_1,test_utility_1,single_family,2,50000.0,14999.888888888887,30002.555555555555,4997.555555555556,4165.740790466576,5207.175988083221,6248.611185699865,14381.027591305894,2766.0628511099144,3457.5785638873936,4149.094276664872,4627.153197226708,966.0739659643464,1207.592457455433,1449.1109489465198,1374.778183189256,59.18684444444443,73.98355555555554,88.78026666666665,-221.95066666666662,979.3466666666667,1224.1833333333334,1469.02,-3672.55,0.0,0.0,0.0,0.0,0.0,0.0,0.0
refrigeration,test_utility_1,test_utility_1,single_family,3,50000.0,15000.018518518518,30002.351851851854,4997.629629629629,3471.0649379346014,4338.831172418252,5206.597406901904,16985.858334597095,2500.8953294651665,3126.119161831459,3751.34299419775,5621.661033024142,902.9781398795045,1128.7226748493808,1354.4672098192568,1611.4616050814868,55.3212570221981,69.15157127774773,82.98188553329737,-207.45471383324366,966.0739659643464,1207.592457455433,1449.1109489465198,-3622.7773723662995,0.0,0.0,0.0,0.0,0.0,0.0,0.0
refrigeration,test_utility_1,test_utility_1,single_family,4,50000.0,15000.07098765432,30002.256172839505,4997.672839506173,2892.232715646093,3615.290894557617,4338.34907346914,19156.383489166656,2211.9374672461026,2764.921834057629,3317.906200869154,6705.3054854814345,816.4145022037088,1020.5181277546365,1224.6217533055633,1936.1184562422638,50.01790658930349,62.52238323662914,75.02685988395478,-187.56714970988742,902.9781398795045,1128.7226748493808,1354.4672098192568,-3386.168024548142,0.0,0.0,0.0,0.0,0.0,0.0,0.0
refrigeration,test_utility_1,test_utility_1,single_family,5,50000.0,15000.090020576132,30002.21965020576,4997.690329218107,2409.9261263891385,3012.4076579864236,3614.8891895837087,20964.99667624649,1926.7430163474965,2408.428770434371,2890.114524521244,7774.803709273018,722.084530753884,902.6056634423551,1083.1267961308258,2289.8733388910414,44.23874934492187,55.29843668115245,66.35812401738303,-165.89531004345736,816.4145022037088,1020.5181277546365,1224.6217533055633,-3061.5543832639087,0.0,0.0,0.0,0.0,0.0,0.0,0.0
refrigeration,test_utility_1,test_utility_1,single_family,6,50000.0,15000.096622085048,30002.20670438958,4997.696673525376,2008.048627261678,2510.0607840770977,3012.0729408925176,22472.024352158285,1660.0908112567324,2075.113514070916,2490.1362168850983,8774.7560798723,628.9831193792378,786.2288992240474,943.4746790688565,2639.0099758532347,38.53486032694991,48.1685754086875,57.802290490425094,-144.5057262260625,722.084530753884,902.6056634423551,1083.1267961308258,-2707.8169903270655,0.0,0.0,0.0,0.0,0.0,0.0,0.0
refrigeration,test_utility_1,test_utility_1,single_family,7,50000.0,15000.098865454962,30002.202260516693,4997.698874028349,1673.1879227446623,2091.4849034308286,2509.781884116994,23727.74755022421,1418.952050888671,1773.6900636108392,2128.428076333006,9679.028674622445,541.9348031181906,677.4185038977386,812.9022046772858,2965.443362335134,33.201816225134735,41.502270281418305,49.802724337701875,-124.5068108442556,628.9831193792378,786.2288992240474,943.4746790688565,-2358.6866976721417,0.0,0.0,0.0,0.0,0.0,0.0,0.0
refrigeration,test_utility_1,test_utility_1,single_family,8,50000.0,15000.099620389421,30002.200757792263,4997.699621818319,1394.1683417401582,1742.7104271751984,2091.252512610238,24774.069476266668,1205.645354033361,1507.0566925417013,1808.4680310500412,10478.929542764317,463.2153224359386,579.0191530449233,694.8229836539078,3260.64216268355,28.37904101777349,35.47380127221686,42.56856152666023,-106.42140381665013,541.9348031181906,677.4185038977386,812.9022046772858,-2032.2555116932144,0.0,0.0,0.0,0.0,0.0,0.0,0.0
refrigeration,test_utility_1,test_utility_1,single_family,9,50000.0,15000.09987322499,30002.200253311872,4997.69987346314,1161.677859781857,1452.0973247273218,1742.5167896727864,25645.908279129908,1019.8230170963493,1274.7787713704367,1529.7345256445237,11175.76355911368,393.5815879620038,491.97698495250484,590.3723819430057,3521.768918605626,24.112907080667128,30.141133850833967,36.169360621000806,-90.42340155250167,463.2153224359386,579.0191530449233,694.8229836539078,-1737.0574591347695,0.0,0.0,0.0,0.0,0.0,0.0,0.0
refrigeration,test_utility_1,test_utility_1,single_family,10,50000.0,15000.09995770197,30002.200084556367,4997.699957741663,967.9573187138315,1209.94664839229,1451.935978070748,26372.3601393795,859.7062650200436,1074.6328312750547,1289.5593975300653,11776.201463876807,332.92009227316254,416.1501153414532,499.3801384097438,3749.2496117173037,20.396460341926968,25.495575427408767,30.594690512890566,-76.4867262822263,393.5815879620038,491.97698495250484,590.3723819430057,-1475.9309548575138,0.0,0.0,0.0,0.0,0.0,0.0,0.0
refrigeration,test_utility_1,test_utility_1,single_family,11,50000.0,15000.099985894041,30002.200028205305,4997.699985900656,806.5414718564197,1008.176839820525,1209.81220778463,26977.66950874373,722.8403173555811,903.5503966944766,1084.2604760333716,12289.448795810611,280.6501562342397,350.81269529279973,420.9752343513596,3945.2619000222576,17.194125300400856,21.492656625501013,25.791187950601397,-64.47796987650327,332.92009227316254,416.1501153414532,499.3801384097438,-1248.450346024359,0.0,0.0,0.0,0.0,0.0,0.0,0.0
refrigeration,test_utility_1,test_utility_1,single_family,12,50000.0,15000.09999529691,30002.200009405078,4997.699995298013,672.0432122860905,840.0540153576135,1008.0648184291362,27482.037963332237,606.5444389312595,758.1805486640745,909.8166583968891,12725.558349304687,235.97041949412326,294.9630243676542,353.95562924118485,4112.810922195051,14.456806347111637,18.07100793388952,21.685209520667513,-54.213023801668896,280.6501562342397,350.81269529279973,420.9752343513596,-1052.4380858783989,0.0,0.0,0.0,0.0,0.0,0.0,0.0
refrigeration,test_utility_1,test_utility_1,single_family,13,50000.0,15000.099998432119,30002.20000313558,4997.699998432303,559.9737830470768,699.9672288088465,839.9606745706157,27902.29831670904,508.16995365634943,635.212442070437,762.2549304845239,13094.462672220809,198.00575903140958,247.507198789262,297.00863854711423,4255.178402064517,12.130888778625149,15.163610973281493,18.196333167937837,-45.49083291984425,235.97041949412326,294.9630243676542,353.95562924118485,-884.8890731029624,0.0,0.0,0.0,0.0,0.0,0.0,0.0
refrigeration,test_utility_1,test_utility_1,single_family,14,50000.0,15000.099999477341,30002.200001045283,4997.699999477372,466.5929689749838,583.2412112187302,699.889453462476,28252.476367389092,425.2388177752109,531.5485222190138,637.8582266628164,13405.454432820301,165.89151747560442,207.3643968445056,248.83727621340657,4375.606808943856,10.163399073126982,12.704248841408685,15.245098609690444,-38.11274652422617,198.00575903140958,247.507198789262,297.00863854711423,-742.5215963677856,0.0,0.0,0.0,0.0,0.0,0.0,0.0
refrigeration,test_utility_1,test_utility_1,single_family,15,50000.0,15000.099999825776,30002.200000348443,4997.69999982578,388.78427042107955,485.9803380263498,583.1764056316197,28544.258986269393,355.50917179411016,444.3864647426378,533.2637576911653,13666.940605597862,138.81874019251873,173.52342524064844,208.22811028877808,4477.129724103835,8.504776355504191,10.630970444380296,12.757164533256287,-31.892911333141456,165.89151747560442,207.3643968445056,248.83727621340657,-622.0931905335165,0.0,0.0,0.0,0.0,0.0,0.0,0.0
refrigeration,test_utility_1,test_utility_1,single_family,16,49999.99999999999,15000.09999994192,30002.20000011615,4997.699999941924,323.9508929140229,404.9386161425289,485.9263393710346,28787.384151688566,296.997358466985,371.2466980837315,445.49603770047764,13886.359905690726,116.05557463813868,145.06946829767338,174.083361957208,4562.491595048904,7.11018343588222,8.887729294852761,10.665275153823359,-26.663187884558283,138.81874019251873,173.52342524064844,208.22811028877808,-520.5702757219451,0.0,0.0,0.0,0.0,0.0,0.0,0.0
refrigeration,test_utility_1,test_utility_1,single_family,17,50000.0,15000.099999980637,30002.20000003872,4997.69999998064,269.9290815087017,337.4113518858773,404.89362226305275,28989.96594438109,247.974973478639,309.96871684829887,371.9624602179586,14070.19384943574,96.95445810567533,121.19307263209423,145.43168715851303,4634.120782084357,5.939947169339689,7.42493396167464,8.909920754009534,-22.274801885023408,116.05557463813868,145.06946829767338,174.083361957208,-435.2084048930201,0.0,0.0,0.0,0.0,0.0,0.0,0.0
refrigeration,test_utility_1,test_utility_1,single_family,18,50000.0,15000.099999993541,30002.20000001291,4997.699999993545,224.91590743498563,281.1448842937322,337.3738611524786,29158.765347131713,206.95249792050024,258.6906224006254,310.42874688075045,14224.028132791665,80.95115492437384,101.18894365546734,121.4267323865608,4694.133169027143,4.9594994695727905,6.199374336966002,7.439249204359157,-18.598123010897325,96.95445810567533,121.19307263209423,145.43168715851303,-363.5792178962829,0.0,0.0,0.0,0.0,0.0,0.0,0.0
refrigeration,test_utility_1,test_utility_1,single_family,19,49999.99999999999,15000.099999997843,30002.200000004304,4997.699999997846,187.40909699154534,234.2613712394318,281.1136454873181,29299.41588628601,172.65657433365567,215.82071791706963,258.98486150048353,14352.637846246635,67.55941329938973,84.4492666242372,101.33911994908462,4744.352200125135,4.1390499584099985,5.173812448012512,6.208574937615026,-15.521437344037622,80.95115492437384,101.18894365546734,121.4267323865608,-303.56683096640245,0.0,0.0,0.0,0.0,0.0,0.0,0.0
refrigeration,test_utility_1,test_utility_1,multifamily_li,0,3000.0,900.0,1800.0,300.0,360.0,450.0,540.0,450.0,180.0,225.0,270.0,225.0,60.0,75.0,90.0,75.0,0.0,0.0,0.0,0.0,0.0,0.0,0.0,0.0,0.0,0.0,0.0,0.0,0.0,0.0,0.0
refrigeration,test_utility_1,test_utility_1,multifamily_li,1,3000.0,900.0,1800.0,300.0,300.0,375.0,450.0,675.0,177.6,222.0,266.4,234.0,58.8,73.5,88.2,79.5,3.5999999999999943,4.5,5.399999999999977,-13.5,60.0,75.0,90.0,-225.0,0.0,0.0,0.0,0.0,0.0,0.0,0.0
refrigeration,test_utility_1,test_utility_1,multifamily_li,2,3000.0,900.0,1800.0,300.0,250.0,312.5,375.0,862.5,166.03199999999998,207.54,249.048,277.38,58.016,72.52,87.024,82.44,3.5519999999999925,4.439999999999998,5.3279999999999745,-13.319999999999993,58.8,73.5,88.2,-220.5,0.0,0.0,0.0,0.0,0.0,0.0,0.0
refrigeration,test_utility_1,test_utility_1,multifamily_li,3,3000.0,899.9999999999999,1800.0,299.99999999999994,208.33333333333334,260.4166666666667,312.5,1018.75,150.14090666666664,187.67613333333333,225.21135999999998,336.97159999999997,54.23711999999999,67.79639999999999,81.35567999999999,96.6108,3.3206399999999974,4.150800000000004,4.98096000000001,-12.452400000000011,58.016,72.52,87.024,-217.56,0.0,0.0,0.0,0.0,0.0,0.0,0.0
refrigeration,test_utility_1,test_utility_1,multifamily_li,4,3000.0,899.9999999999998,1800.0,299.99999999999994,173.61111111111111,217.0138888888889,260.4166666666667,1148.9583333333333,132.81428124444443,166.01785155555555,199.22142186666662,401.94644533333326,49.0460295111111,61.30753688888888,73.56904426666665,116.07738933333331,3.002818133333335,3.753522666666669,4.5042272000000025,-11.260567999999978,54.23711999999999,67.79639999999999,81.35567999999999,-203.38919999999996,0.0,0.0,0.0,0.0,0.0,0.0,0.0
refrigeration,test_utility_1,test_utility_1,multifamily_li,5,3000.0,899.9999999999998,1800.0,299.99999999999994,144.67592592592592,180.84490740740745,217.0138888888889,1257.4652777777776,115.70718226488887,144.6339778311111,173.5607733973333,466.09806650666656,43.38599853985185,54.23249817481481,65.07899780977776,137.3025054755555,2.6562856248888806,3.320357031111115,3.984428437333321,-9.961071093333317,49.0460295111111,61.30753688888888,73.56904426666665,-183.92261066666663,0.0,0.0,0.0,0.0,0.0,0.0,0.0
refrigeration,test_utility_1,test_utility_1,multifamily_li,6,2999.9999999999995,899.9999999999998,1800.0,299.9999999999999,120.56327160493828,150.7040895061729,180.84490740740745,1347.8877314814813,99.70801340071503,124.63501675089383,149.56202010107256,526.0949497473184,37.797679539863694,47.24709942482963,56.696519309795534,158.25870172551106,2.3141436452977757,2.8926795566222268,3.471215467946678,-8.67803866986668,43.38599853985185,54.23249817481481,65.07899780977776,-162.69749452444444,0.0,0.0,0.0,0.0,0.0,0.0,0.0
refrigeration,test_utility_1,test_utility_1,multifamily_li,7,3000.0,899.9999999999998,1800.0,299.99999999999994,100.46939300411523,125.58674125514408,150.7040895061729,1423.2397762345677,85.23644735595687,106.54555919494611,127.8546710339353,580.3633224151615,32.57128437756691,40.714105471958646,48.85692656635037,177.857683584124,1.9941602680142978,2.4927003350178722,2.9912404020214467,-7.478101005053645,37.797679539863694,47.24709942482963,56.696519309795534,-141.74129827448883,0.0,0.0,0.0,0.0,0.0,0.0,0.0
refrigeration,test_utility_1,test_utility_1,multifamily_li,8,3000.0,899.9999999999998,1800.0,299.99999999999994,83.72449417009604,104.65561771262007,125.58674125514408,1486.0331468621398,72.4327111065777,90.54088888322212,108.64906665986653,628.3773333503334,27.843906136279244,34.80488267034906,41.76585920441886,195.58535198895277,1.7047289471191363,2.1309111838989168,2.5570934206787115,-6.392733551696779,32.57128437756691,40.714105471958646,48.85692656635037,-122.14231641587594,0.0,0.0,0.0,0.0,0.0,0.0,0.0
refrigeration,test_utility_1,test_utility_1,multifamily_li,9,3000.0,899.9999999999998,1800.0000000000002,299.9999999999999,69.77041180841337,87.21301476051673,104.65561771262007,1538.36095571845,61.27678695131343,76.5959836891418,91.91518042697015,670.2120489325744,23.66135229481538,29.576690368519227,35.49202844222307,211.26992889444222,1.4486542221315517,1.8108177776644396,2.1729813331973276,-5.432453332993305,27.843906136279244,34.80488267034906,41.76585920441886,-104.41464801104718,0.0,0.0,0.0,0.0,0.0,0.0,0.0
refrigeration,test_utility_1,test_utility_1,multifamily_li,10,3000.0,899.9999999999998,1800.0000000000002,299.9999999999999,58.14200984034448,72.6775123004306,87.21301476051673,1581.9674630987083,51.662569442927,64.57821180365876,77.49385416439051,706.2653645890235,20.017083737429054,25.02135467178632,30.02562560614358,224.93593598464093,1.2255357390262702,1.5319196737828378,1.8383036085394053,-4.595759021348499,23.66135229481538,29.576690368519227,35.49202844222307,-88.73007110555767,0.0,0.0,0.0,0.0,0.0,0.0,0.0
refrigeration,test_utility_1,test_utility_1,multifamily_li,11,3000.0,899.9999999999998,1800.0000000000002,299.99999999999994,48.45167486695373,60.56459358369217,72.6775123004306,1618.3062192489238,43.443213676103056,54.30401709512882,65.16482051415458,737.0879487146134,16.876439351356154,21.095549189195193,25.31465902703423,236.71335243241435,1.0332513888585382,1.291564236073178,1.5498770832878108,-3.874692708219527,20.017083737429054,25.02135467178632,30.02562560614358,-75.06406401535895,0.0,0.0,0.0,0.0,0.0,0.0,0.0
refrigeration,test_utility_1,test_utility_1,multifamily_li,12,3000.0,899.9999999999999,1800.0000000000005,299.99999999999994,40.376395722461446,50.47049465307681,60.56459358369217,1648.58851604077,36.45817874621295,45.57272343276618,54.68726811931943,763.2818297017013,14.19144980086033,17.73931225107541,21.287174701290496,246.7820632467737,0.868864273522064,1.08608034190258,1.3032964102830888,-3.2582410257077754,16.876439351356154,21.095549189195193,25.31465902703423,-63.28664756758559,0.0,0.0,0.0,0.0,0.0,0.0,0.0
refrigeration,test_utility_1,test_utility_1,multifamily_li,13,3000.0000000000005,900.0,1800.0000000000005,299.99999999999994,33.64699643538454,42.05874554423068,50.47049465307681,1673.8237633673084,30.548742734602705,38.18592841825337,45.82311410190405,785.4422147452399,11.909671723762898,14.887089654703619,17.864507585644347,255.33873103588908,0.7291635749242573,0.9114544686553216,1.093745362386386,-2.7343634059659507,14.19144980086033,17.73931225107541,21.287174701290496,-53.21793675322624,0.0,0.0,0.0,0.0,0.0,0.0,0.0
refrigeration,test_utility_1,test_utility_1,multifamily_li,14,3000.0000000000005,900.0000000000001,1800.0000000000005,300.0,28.039163696153782,35.048954620192234,42.05874554423068,1694.8531361394237,25.56634465917119,31.957930823963984,38.349516988756776,804.1262075281081,9.979255959970217,12.474069949962768,14.968883939955322,262.5777901501117,0.6109748546920528,0.7637185683650642,0.9164622820380828,-2.291155705095207,11.909671723762898,14.887089654703619,17.864507585644347,-44.66126896411086,0.0,0.0,0.0,0.0,0.0,0.0,0.0
refrigeration,test_utility_1,test_utility_1,multifamily_li,15,3000.0,900.0000000000001,1800.0000000000002,300.0,23.365969746794818,29.20746218349353,35.048954620192234,1712.3776134495197,21.37653912668414,26.720673908355174,32.064808690026204,819.8379782749346,8.351672588662588,10.439590735828235,12.52750888299388,268.6812277925153,0.5113268931834227,0.6391586164792784,0.7669903397751341,-1.917475849437892,9.979255959970217,12.474069949962768,14.968883939955322,-37.422209849888304,0.0,0.0,0.0,0.0,0.0,0.0,0.0
refrigeration,test_utility_1,test_utility_1,multifamily_li,16,3000.0,900.0000000000001,1800.0000000000002,300.0,19.47164145566235,24.33955181957794,29.20746218349353,1726.9813445412665,17.86033385389944,22.3254173173743,26.790500780849158,833.0237480478772,6.983002781383485,8.728753476729356,10.474504172075227,273.81373956981196,0.42753078253368315,0.534413478167103,0.641296173800523,-1.6032404345013447,8.351672588662588,10.439590735828235,12.52750888299388,-31.3187722074847,0.0,0.0,0.0,0.0,0.0,0.0,0.0
refrigeration,test_utility_1,test_utility_1,multifamily_li,17,3000.0,900.0,1800.0000000000002,300.0,16.226367879718627,20.282959849648286,24.33955181957794,1739.1511204510555,14.914025027158026,18.64253128394753,22.371037540737035,844.0724061481574,5.83437572560715,7.292969657008937,8.751563588410724,278.1210910289732,0.3572066770779898,0.4465083463474855,0.5358100156169847,-1.339525039042428,6.983002781383485,8.728753476729356,10.474504172075227,-26.186260430188042,0.0,0.0,0.0,0.0,0.0,0.0,0.0
refrigeration,test_utility_1,test_utility_1,multifamily_li,18,3000.0,900.0,1800.0000000000002,299.99999999999994,13.521973233098857,16.902466541373574,20.282959849648286,1749.2926003758796,12.448224331029682,15.5602804137871,18.67233649654452,853.3191587586387,4.871914842204955,6.089893552756193,7.307872263307432,281.7303193417314,0.2982805005431608,0.3728506256789501,0.4474207508147394,-1.1185518770369072,5.83437572560715,7.292969657008937,8.751563588410724,-21.878908971026817,0.0,0.0,0.0,0.0,0.0,0.0,0.0
refrigeration,test_utility_1,test_utility_1,multifamily_li,19,3000.0,900.0,1800.0000000000002,300.0,11.268311027582381,14.08538878447798,16.902466541373574,1757.7438336465664,10.386502101789201,12.983127627236499,15.5797531526838,861.0506171182905,4.066419948136362,5.083024935170452,6.099629922204543,284.7509251944886,0.24896448662059356,0.31120560827574195,0.37344672993089034,-0.9336168248272543,4.871914842204955,6.089893552756193,7.307872263307432,-18.269680658268555,0.0,0.0,0.0,0.0,0.0,0.0,0.0
refrigeration,test_utility_1,test_utility_1,single_family_li,0,5000.0,1500.0,3000.0,500.0,600.0,750.0,900.0,750.0,300.0,375.0,450.0,375.0,100.0,125.0,150.0,125.0,0.0,0.0,0.0,0.0,0.0,0.0,0.0,0.0,0.0,0.0,0.0,0.0,0.0,0.0,0.0
refrigeration,test_utility_1,test_utility_1,single_family_li,1,5000.0,1499.6666666666665,3002.6666666666665,497.6666666666667,499.44444444444446,624.3055555555555,749.1666666666666,1129.75,295.34222222222223,369.1777777777778,443.0133333333333,392.1333333333333,97.34666666666666,121.68333333333334,146.02,132.61666666666667,6.0,7.5,9.0,-22.5,100.0,125.0,150.0,-375.0,0.0,0.0,0.0,0.0,0.0,0.0,0.0
refrigeration,test_utility_1,test_utility_1,single_family_li,2,5000.0,1499.8888888888887,3002.5555555555557,497.5555555555555,415.7412380156741,519.6765475195926,623.6118570235111,1443.5259129967776,275.5839775989291,344.47997199866137,413.3759663983936,466.44897289290475,95.83512656804392,119.79390821005491,143.75268985206586,138.1738309253908,5.906844444444459,7.383555555555574,8.86026666666669,-22.150666666666666,97.34666666666666,121.68333333333334,146.02,-365.05,0.0,0.0,0.0,0.0,0.0,0.0,0.0
refrigeration,test_utility_1,test_utility_1,single_family_li,3,5000.0,1500.0185185185182,3002.3518518518517,497.62962962962956,346.06604568920875,432.58255711151094,519.0990685338131,1704.604180517319,248.78444962954947,310.9805620369369,373.17667444432414,567.0768324077079,89.42389422701828,111.77986778377286,134.13584134052738,162.29002627831105,5.511679551978602,6.88959943997321,8.267519327967875,-20.668798319919688,95.83512656804392,119.79390821005491,143.75268985206586,-359.3817246301647,0.0,0.0,0.0,0.0,0.0,0.0,0.0
refrigeration,test_utility_1,test_utility_1,single_family_li,4,5000.0,1500.0709876543208,3002.2561728395062,497.67283950617275,288.0678960328333,360.0848700410416,432.1018440492499,1922.0015627163814,219.72760913912293,274.65951142390367,329.59141370868434,676.0924533826098,80.72779632189857,100.9097454023732,121.09169448284781,194.94360329905317,4.975688992590989,6.219611240738743,7.463533488886469,-18.658833722216173,89.42389422701828,111.77986778377286,134.13584134052738,-335.3396033513185,0.0,0.0,0.0,0.0,0.0,0.0,0.0
refrigeration,test_utility_1,test_utility_1,single_family_li,5,5000.0,1500.0900205761316,3002.2196502057614,497.69032921810697,239.78981074391038,299.73726342988795,359.6847161158655,2103.0078599160975,191.1411036751191,238.92637959389887,286.7116555126786,783.310881794435,71.29919039260345,89.12398799075432,106.94878558890517,230.31836524584398,4.394552182782462,5.493190228478056,6.591828274173679,-16.47957068543417,80.72779632189857,100.9097454023732,121.09169448284781,-302.7292362071196,0.0,0.0,0.0,0.0,0.0,0.0,0.0
refrigeration,test_utility_1,test_utility_1,single_family_li,6,5000.0,1500.0966220850478,3002.206704389575,497.69667352537715,199.60278063739074,249.5034757967384,299.40417095608603,2253.6962769993597,164.47760822268881,205.597010278361,246.71641233403315,883.3055912499649,62.0231893325171,77.52898666564637,93.03478399877562,265.109713528438,3.8228220735023797,4.778527591877975,5.7342331102535695,-14.335582775633952,71.29919039260345,89.12398799075432,106.94878558890517,-267.37196397226296,0.0,0.0,0.0,0.0,0.0,0.0,0.0
refrigeration,test_utility_1,test_utility_1,single_family_li,7,5000.0,1500.098865454961,3002.2022605166894,497.69887402834934,166.15080452713954,207.6885056589244,249.22620679070923,2379.1367435399166,140.41320014920007,175.51650018650005,210.61980022379998,973.5493648954609,53.37117941087176,66.7139742635897,80.05676911630762,297.5569512375802,3.2895521644537666,4.111940205567208,4.93432824668065,-12.335820616701653,62.0231893325171,77.52898666564637,93.03478399877562,-232.58695999693913,0.0,0.0,0.0,0.0,0.0,0.0,0.0
refrigeration,test_utility_1,test_utility_1,single_family_li,8,5000.0,1500.0996203894224,3002.2007577922577,497.69962181832034,138.30513653905462,172.88142067381827,207.45770480858187,2483.556495770803,119.16310493316057,148.9538811664507,178.74465739974076,1053.2379768900703,45.562543455047845,56.9531793188098,68.34381518257173,326.84008386189095,2.8082640029840036,3.5103300037299903,4.212396004476005,-10.530990011190056,53.37117941087176,66.7139742635897,80.05676911630762,-200.14192279076912,0.0,0.0,0.0,0.0,0.0,0.0,0.0
refrigeration,test_utility_1,test_utility_1,single_family_li,9,5000.0,1500.0998732249914,3002.2002533118684,497.69987346314076,115.12620022482623,143.9077502810328,172.68930033723933,2570.47700246877,100.6799180872426,125.84989760905327,151.01987713086382,1122.5501803978316,38.66712075020889,48.33390093776111,58.00068112531329,352.6981706498575,2.3832620986632094,2.9790776233290046,3.5748931479948283,-8.937232869987156,45.562543455047845,56.9531793188098,68.34381518257173,-170.8595379564294,0.0,0.0,0.0,0.0,0.0,0.0,0.0
refrigeration,test_utility_1,test_utility_1,single_family_li,10,5000.0,1500.099957701972,3002.2000845563643,497.69995774166375,95.83188527227634,119.78985659034542,143.74782790841448,2642.830514785328,84.77648938671648,105.9706117333956,127.16473408007465,1182.1881225017853,32.6695293512833,40.836911689104134,49.004294026924924,375.18922267435136,2.0135983617448545,2.5169979521810717,3.0203975426172747,-7.5509938565433,38.66712075020889,48.33390093776111,58.00068112531329,-145.00170281328326,0.0,0.0,0.0,0.0,0.0,0.0,0.0
refrigeration,test_utility_1,test_utility_1,single_family_li,11,5000.0,1500.0999858940418,3002.200028205301,497.6999859006573,79.77115736220027,99.71394670275033,119.65673604330038,2703.05818809705,71.20075688026263,89.00094610032828,106.80113532039387,1233.0971475930571,27.509041147260653,34.38630143407582,41.26356172089096,394.54108159842986,1.6955297877343298,2.119412234667905,2.5432946816014947,-6.35823670400373,32.6695293512833,40.836911689104134,49.004294026924924,-122.5107350673124,0.0,0.0,0.0,0.0,0.0,0.0,0.0
refrigeration,test_utility_1,test_utility_1,single_family_li,12,5000.0,1500.0999952969114,3002.2000094050745,497.69999529801396,66.40209079452865,83.00261349316081,99.60313619179296,2753.1921689255923,59.680141285287554,74.60017660660945,89.52021192793129,1276.299465477083,23.103864823272318,28.879831029090393,34.65579723490845,411.0605022107428,1.4240151376052523,1.7800189220065619,2.1360227064078714,-5.340056766019643,27.509041147260653,34.38630143407582,41.26356172089096,-103.15890430222743,0.0,0.0,0.0,0.0,0.0,0.0,0.0
refrigeration,test_utility_1,test_utility_1,single_family_li,13,5000.0,1500.09999843212,3002.2000031355765,497.69999843230374,55.27358267919402,69.09197834899251,82.910374018791,2794.924068088599,49.94683280816679,62.433541010208494,74.92024921225014,1312.7993754014944,19.365551398082168,24.206939247602712,29.048327097123238,425.0791806894956,1.193602825705753,1.4920035321321876,1.7904042385586223,-4.476010596396463,23.103864823272318,28.879831029090393,34.65579723490845,-86.63949308727115,0.0,0.0,0.0,0.0,0.0,0.0,0.0
refrigeration,test_utility_1,test_utility_1,single_family_li,14,5000.0,1500.0999994773429,3002.2000010452844,497.69999947737324,46.0101316936705,57.512664617088106,69.01519754050572,2829.66200719402,41.75123430402187,52.189042880027344,62.626851456032774,1343.5328708372608,16.207199532384227,20.25899941548029,24.31079929857633,436.9230012309324,0.9989366561633375,1.2486708202041683,1.4984049842449991,-3.746012460612519,19.365551398082168,24.206939247602712,29.048327097123238,-72.62081774280813,0.0,0.0,0.0,0.0,0.0,0.0,0.0
refrigeration,test_utility_1,test_utility_1,single_family_li,15,5000.0,1500.0999998257757,3002.2000003484436,497.6999998257809,38.29916780960188,47.87395976200233,57.44875171440279,2858.5781210624364,34.86819339241924,43.58524174052404,52.30229008862883,1369.3442746042037,13.547817690276641,16.934772112845803,20.321726535414953,446.8956834872435,0.8350246860804376,1.0437808576005452,1.2525370291206528,-3.1313425728017137,16.207199532384227,20.25899941548029,24.31079929857633,-60.776998246440826,0.0,0.0,0.0,0.0,0.0,0.0,0.0
refrigeration,test_utility_1,test_utility_1,single_family_li,16,5000.000000000001,1500.0999999419246,3002.200000116151,497.6999999419253,31.88050546505404,39.85063183131753,47.82075819758103,2882.6481046221984,29.098958040196443,36.373697550245545,43.64843706029463,1390.9789072911879,11.314346393467845,14.142932991834805,16.97151959020176,455.27120096642085,0.697363867848388,0.8717048348104797,1.0460458017725784,-2.6151145044314035,13.547817690276641,16.934772112845803,20.321726535414953,-50.804316338537376,0.0,0.0,0.0,0.0,0.0,0.0,0.0
refrigeration,test_utility_1,test_utility_1,single_family_li,17,5000.000000000002,1500.0999999806415,3002.2000000387184,497.69999998064145,26.53756430844695,33.171955385558675,39.806346462670405,2902.6841338820423,24.27069747107283,30.338371838841024,36.40604620660922,1409.0848844641184,9.442292786741271,11.802865983426585,14.163439180111896,462.2914020303617,0.5819791608039289,0.7274739510049102,0.8729687412058951,-2.18242185301483,11.314346393467845,14.142932991834805,16.97151959020176,-42.428798975504435,0.0,0.0,0.0,0.0,0.0,0.0,0.0
refrigeration,test_utility_1,test_utility_1,single_family_li,18,5000.000000000002,1500.0999999935475,3002.2000000129074,497.6999999935471,22.090061282024184,27.612576602530222,33.13509192303626,2919.3622702053167,20.234729896611118,25.29341237076389,30.352094844916657,1424.2197628812557,7.875575178456911,9.844468973071136,11.813362767685359,468.1665930743337,0.48541394942145644,0.6067674367768205,0.7281209241321847,-1.8203023103303622,9.442292786741271,11.802865983426585,14.163439180111896,-35.40859795027973,0.0,0.0,0.0,0.0,0.0,0.0,0.0
refrigeration,test_utility_1,test_utility_1,single_family_li,19,5000.000000000001,1500.0999999978492,3002.2000000043026,497.6999999978491,18.387927459049454,22.98490932381181,27.581891188574172,2933.2452720328674,16.864151925879924,21.0801899073499,25.29622788881987,1436.8594302757995,6.565947958705101,8.207434948381374,9.848921938057645,473.07769515270496,0.40469459793222384,0.5058682474152789,0.607041896898334,-1.5176047422457941,7.875575178456911,9.844468973071136,11.813362767685359,-29.533406919213405,0.0,0.0,0.0,0.0,0.0,0.0,0.0
refrigeration,test_utility_1,none,multifamily,0,56400.0,16920.0,33840.0,5640.0,6768.0,8460.0,10152.0,8460.0,3384.0,4230.0,5076.0,4230.0,1128.0,1410.0,1692.0,1410.0,0.0,0.0,0.0,0.0,0.0,0.0,0.0,0.0,0.0,0.0,0.0,0.0,0.0,0.0,0.0
refrigeration,test_utility_1,none,multifamily,1,56400.0,16920.0,33840.0,5640.0,5640.0,7050.0,8460.0,12690.0,3338.88,4173.599999999999,5008.32,4399.2,1105.44,1381.7999999999997,1658.1599999999999,1494.6,67.67999999999984,84.60000000000036,101.52000000000044,-253.80000000000018,1128.0,1410.0,1692.0,-4230.0,0.0,0.0,0.0,0.0,0.0,0.0,0.0
refrigeration,test_utility_1,none,multifamily,2,56400.0,16920.0,33840.0,5640.0,4700.0,5875.0,7050.0,16215.0,3121.4016,3901.7519999999995,4682.1024,5214.744,1090.7008,1363.3759999999997,1636.0511999999999,1549.8719999999998,66.7775999999999,83.47200000000021,100.16640000000007,-250.41600000000017,1105.44,1381.7999999999997,1658.1599999999999,-4145.4,0.0,0.0,0.0,0.0,0.0,0.0,0.0
refrigeration,test_utility_1,none,multifamily,3,56400.0,16920.0,33840.0,5640.0,3916.666666666667,4895.833333333334,5875.0,19152.5,2822.6490453333336,3528.311306666666,4233.973567999999,6335.06608,1019.657856,1274.5723199999998,1529.486784,1816.2830399999998,62.4280319999998,78.03504000000021,93.6420479999997,-234.10512000000017,1090.7008,1363.3759999999997,1636.0511999999999,-4090.128,0.0,0.0,0.0,0.0,0.0,0.0,0.0
refrigeration,test_utility_1,none,multifamily,4,56400.0,16919.999999999996,33840.0,5639.999999999999,3263.888888888889,4079.8611111111118,4895.833333333334,21600.416666666668,2496.9084873955558,3121.135609244444,3745.3627310933325,7556.5931722666655,922.065354808889,1152.5816935111109,1383.098032213333,2182.2549194666663,56.45298090666665,70.5662261333332,84.6794713600002,-211.69867840000006,1019.657856,1274.5723199999998,1529.486784,-3823.71696,0.0,0.0,0.0,0.0,0.0,0.0,0.0
refrigeration,test_utility_1,none,multifamily,5,56400.0,16919.999999999996,33840.0,5639.999999999999,2719.907407407408,3399.88425925926,4079.8611111111118,23640.347222222223,2175.295026579911,2719.118783224889,3262.942539869866,8762.643650325332,815.6567725492148,1019.5709656865183,1223.4851588238218,2581.287102940444,49.93816974791116,62.42271218488895,74.90725462186674,-187.26813655466685,922.065354808889,1152.5816935111109,1383.098032213333,-3457.745080533333,0.0,0.0,0.0,0.0,0.0,0.0,0.0
refrigeration,test_utility_1,none,multifamily,6,56400.0,16920.0,33840.0,5639.999999999998,2266.58950617284,2833.2368827160503,3399.88425925926,25340.289351851854,1874.510651933443,2343.138314916804,2811.765977900164,9890.585055249587,710.5963753494375,888.245469186797,1065.894563024156,2975.263592439608,43.5059005315984,54.382375664497886,65.25885079739737,-163.14712699349366,815.6567725492148,1019.5709656865183,1223.4851588238218,-3058.712897059555,0.0,0.0,0.0,0.0,0.0,0.0,0.0
refrigeration,test_utility_1,none,multifamily,7,56400.00000000001,16920.0,33840.00000000001,5640.0,1888.824588477367,2361.030735596709,2833.2368827160503,26756.90779320988,1602.4452102919893,2003.0565128649869,2403.6678154379842,10910.83046140504,612.340146298258,765.4251828728226,918.510219447387,3343.7244513815317,37.4902130386688,46.86276629833628,56.235319558003084,-140.58829889500885,710.5963753494375,888.245469186797,1065.894563024156,-2664.73640756039,0.0,0.0,0.0,0.0,0.0,0.0,0.0
refrigeration,test_utility_1,none,multifamily,8,56400.00000000001,16920.0,33840.00000000001,5640.0,1574.0204903978058,1967.5256129972574,2361.030735596709,27937.423161008235,1361.7349688036606,1702.1687110045762,2042.6024532054914,11813.493866986271,523.4654353620498,654.3317942025624,785.1981530430749,3677.004617392313,32.04890420583979,40.06113025729974,48.073356308759685,-120.18339077189921,612.340146298258,765.4251828728226,918.510219447387,-2296.2755486184683,0.0,0.0,0.0,0.0,0.0,0.0,0.0
refrigeration,test_utility_1,none,multifamily,9,56400.00000000001,16920.0,33840.00000000001,5640.0,1311.6837419981716,1639.6046774977146,1967.5256129972574,28921.185967506863,1152.0035946846924,1440.004493355866,1728.005392027039,12599.986519932403,444.8334231425291,556.0417789281615,667.2501347137938,3971.8746632155153,27.234699376073195,34.04337422009144,40.852049064109906,-102.13012266027545,523.4654353620498,654.3317942025624,785.1981530430749,-1962.9953826076871,0.0,0.0,0.0,0.0,0.0,0.0,0.0
refrigeration,test_utility_1,none,multifamily,10,56400.00000000001,16920.0,33840.00000000001,5640.0,1093.0697849984765,1366.3372312480956,1639.6046774977146,29740.98830625572,971.2563055270275,1214.0703819087848,1456.8844582905417,13277.788854273647,376.32117426366614,470.4014678295829,564.4817613954995,4228.7955965112515,23.04007189369395,28.80008986711732,34.560107840540695,-86.40026960135219,444.8334231425291,556.0417789281615,667.2501347137938,-1668.1253367844847,0.0,0.0,0.0,0.0,0.0,0.0,0.0
refrigeration,test_utility_1,none,multifamily,11,56400.00000000001,16920.0,33840.00000000001,5640.0,910.8914874987305,1138.614359373413,1366.3372312480956,30424.156921879767,816.7324171107373,1020.9155213884219,1225.0986256661063,13857.253435834737,317.27705980549564,396.59632475686965,475.9155897082436,4450.211025729392,19.425126110540532,24.28140763817578,29.137689165810798,-72.84422291452756,376.32117426366614,470.4014678295829,564.4817613954995,-1411.2044034887485,0.0,0.0,0.0,0.0,0.0,0.0,0.0
refrigeration,test_utility_1,none,multifamily,12,56400.00000000001,16920.0,33840.00000000001,5640.0,759.0762395822754,948.8452994778442,1138.614359373413,30993.464101566475,685.4137604288034,856.7672005360045,1028.1206406432054,14349.698398391987,266.79925625617415,333.4990703202178,400.1988843842614,4639.502789039347,16.33464834221479,20.41831042776846,24.501972513322016,-61.25493128330527,317.27705980549564,396.59632475686965,475.9155897082436,-1189.7889742706084,0.0,0.0,0.0,0.0,0.0,0.0,0.0
refrigeration,test_utility_1,none,multifamily,13,56400.00000000001,16920.0,33840.00000000001,5640.0,632.5635329852296,790.7044162315368,948.8452994778442,31467.886751305396,574.3163634105308,717.8954542631635,861.4745451157963,14766.313637210511,223.90182840674242,279.8772855084281,335.85274261011375,4800.368143474716,13.708275208576083,17.135344010720132,20.562412812864068,-51.40603203216051,266.79925625617415,333.4990703202178,400.1988843842614,-1000.4972109606533,0.0,0.0,0.0,0.0,0.0,0.0,0.0
refrigeration,test_utility_1,none,multifamily,14,56400.00000000001,16920.0,33840.00000000001,5640.0,527.1362774876914,658.920346859614,790.7044162315368,31863.238959421164,480.6472795924184,600.809099490523,720.9709193886276,15117.572701528432,187.61001204744005,234.51251505930009,281.41501807116015,4936.4624548221,11.48632726821063,14.357909085263259,17.229490902315888,-43.07372725578898,223.90182840674242,279.8772855084281,335.85274261011375,-839.6318565252841,0.0,0.0,0.0,0.0,0.0,0.0,0.0
refrigeration,test_utility_1,none,multifamily,15,56400.00000000001,16920.0,33840.00000000001,5640.0,439.2802312397428,549.1002890496784,658.920346859614,32192.699132850972,401.8789355816619,502.34866947707735,602.8184033724929,15412.95399156877,157.01144466685668,196.26430583357083,235.517167000285,5051.207082499288,9.612945591848359,12.016181989810434,14.419418387772566,-36.04854596943187,187.61001204744005,234.51251505930009,281.41501807116015,-703.5375451779,0.0,0.0,0.0,0.0,0.0,0.0,0.0
refrigeration,test_utility_1,none,multifamily,16,56400.000000000015,16920.000000000004,33840.00000000001,5640.0,366.0668593664524,457.58357420806533,549.1002890496784,32467.24927737581,335.77427645330954,419.7178455666369,503.6614146799643,15660.846463300091,131.28045229000955,164.10056536251193,196.92067843501434,5147.698303912464,8.037578711633216,10.046973389541563,12.056368067449853,-30.14092016862378,157.01144466685668,196.26430583357083,235.517167000285,-588.7929175007121,0.0,0.0,0.0,0.0,0.0,0.0,0.0
refrigeration,test_utility_1,none,multifamily,17,56400.00000000001,16920.0,33840.00000000001,5640.000000000001,305.05571613871035,381.3196451733878,457.58357420806533,32696.041064479843,280.38367051057094,350.47958813821367,420.5755057658564,15868.561235585361,109.68626364141444,137.10782955176805,164.52939546212167,5228.676511344696,6.7154855290662,8.39435691133275,10.0732282935993,-25.183070733997738,131.28045229000955,164.10056536251193,196.92067843501434,-492.3016960875357,0.0,0.0,0.0,0.0,0.0,0.0,0.0
refrigeration,test_utility_1,none,multifamily,18,56400.00000000001,16920.0,33840.00000000001,5640.0,254.21309678225865,317.7663709778232,381.3196451733878,32886.70088706654,234.02661742335806,292.53327177919755,351.03992613503704,16042.400184662409,91.59199903345316,114.48999879181646,137.38799855017976,5296.530003624551,5.607673410211419,7.009591762764273,8.411510115317128,-21.02877528829231,109.68626364141444,137.10782955176805,164.52939546212167,-411.3234886553046,0.0,0.0,0.0,0.0,0.0,0.0,0.0
refrigeration,test_utility_1,none,multifamily,19,56400.0,16920.000000000004,33840.0,5640.000000000001,211.84424731854887,264.80530914818604,317.7663709778232,33045.584072555444,195.26623951363703,244.08279939204627,292.89935927045553,16187.751601823864,76.44869502496363,95.56086878120453,114.67304253744544,5353.317393656387,4.680532348467153,5.850665435583949,7.020798522700716,-17.5519963067527,91.59199903345316,114.48999879181646,137.38799855017976,-343.4699963754492,0.0,0.0,0.0,0.0,0.0,0.0,0.0
refrigeration,test_utility_1,none,single_family,0,275000.0,82500.0,165000.0,27500.0,33000.0,41250.0,49500.0,41250.0,16500.0,20625.0,24750.0,20625.0,5500.0,6875.0,8250.0,6875.0,0.0,0.0,0.0,0.0,0.0,0.0,0.0,0.0,0.0,0.0,0.0,0.0,0.0,0.0,0.0
refrigeration,test_utility_1,none,single_family,1,275000.0,82499.66666666667,165002.66666666666,27497.666666666664,27499.444444444445,34374.305555555555,41249.166666666664,61879.75,16279.342222222222,20349.17777777778,24419.013333333332,21452.133333333335,5389.346666666666,6736.683333333333,8084.02,7287.616666666667,330.0,412.5,495.0,-1237.5,5500.0,6875.0,8250.0,-20625.0,0.0,0.0,0.0,0.0,0.0,0.0,0.0
refrigeration,test_utility_1,none,single_family,2,275000.0,82499.88888888888,165002.55555555556,27497.555555555555,22915.740749781777,28644.67593722722,34373.61112467266,79068.5277438739,15218.462748686927,19023.078435858657,22827.694123030386,25430.653581312912,5317.27386047794,6646.592325597425,7975.910790716909,7557.778578763282,325.58684444444407,406.98355555555463,488.380266666667,-1220.9506666666675,5389.346666666666,6736.683333333333,8084.02,-20210.049999999996,0.0,0.0,0.0,0.0,0.0,0.0,0.0
refrigeration,test_utility_1,none,single_family,3,275000.0,82500.01851851851,165002.35185185185,27497.629629629628,19096.06483720077,23870.08104650096,28644.097255801145,93392.108712349,13761.463081967257,17201.82885245907,20642.194622950883,30894.531961141296,4970.7619074567165,6213.452384320895,7456.142861185073,8857.27247666694,304.36925497373886,380.46156871717176,456.5538824606083,-1141.384706151519,5317.27386047794,6646.592325597425,7975.910790716909,-19939.776976792273,0.0,0.0,0.0,0.0,0.0,0.0,0.0
refrigeration,test_utility_1,none,single_family,4,275000.0,82500.07098765431,165002.25617283952,27497.672839506165,15913.06588096116,19891.332351201447,23869.59882144173,105328.25911923518,12173.00816357593,15216.260204469912,18259.51224536389,36851.29037424458,4494.866375228774,5618.582969035968,6742.299562843159,10641.923932398267,275.22926163934426,344.0365770491808,412.8438924590191,-1032.109731147546,4970.7619074567165,6213.452384320895,7456.142861185073,-18640.357152962686,0.0,0.0,0.0,0.0,0.0,0.0,0.0
refrigeration,test_utility_1,none,single_family,5,275000.0,82500.09002057613,165002.21965020578,27497.6903292181,13260.620336676511,16575.77542084564,19890.93050501476,115274.89338766887,10604.781155909559,13255.976444886946,15907.171733864334,42732.16068591529,3976.0339985768055,4970.042498221006,5964.050997865207,12587.562834555083,243.46016327151847,304.32520408939854,365.1902449072768,-912.9756122681938,4494.866375228774,5618.582969035968,6742.299562843159,-16855.748907107896,0.0,0.0,0.0,0.0,0.0,0.0,0.0
refrigeration,test_utility_1,none,single_family,6,275000.0,82500.09662208505,165002.2067043896,27497.696673525374,11050.293703841491,13812.867129801863,16575.440555762234,123563.60531498399,9138.19117846719,11422.738973083986,13707.286767700782,48231.879702833096,3463.8086049024664,4329.760756128082,5195.712907353699,14508.41440514113,212.09562311819172,265.11952889773966,318.14343467728577,-795.358586693219,3976.0339985768055,4970.042498221006,5964.050997865207,-14910.127494663018,0.0,0.0,0.0,0.0,0.0,0.0,0.0
refrigeration,test_utility_1,none,single_family,7,275000.0,82500.09886545496,165002.2022605167,27497.69887402835,9208.392054130438,11510.490067663046,13812.588081195652,130470.73205752757,7811.684885841016,9764.606107301268,11717.52732876152,53206.280543551155,2984.7806166077057,3730.9757707596314,4477.1709249115565,16304.771561749454,182.763823569343,228.4547794616792,274.1457353540154,-685.3643383850358,3463.8086049024664,4329.760756128082,5195.712907353699,-12989.282268384244,0.0,0.0,0.0,0.0,0.0,0.0,0.0
refrigeration,test_utility_1,none,single_family,8,275000.0,82500.09962038942,165002.20075779228,27497.699621818312,7673.505021235705,9591.881276544631,11510.257531853553,136226.5569281584,6638.09791903193,8297.622398789914,9957.146878547894,57607.232424019676,2551.5077519196175,3189.384689899521,3827.2616278794253,17929.54555211975,156.23369771682064,195.29212214602558,234.3505465752296,-585.8763664380749,2984.7806166077057,3730.9757707596314,4477.1709249115565,-11192.927312278895,0.0,0.0,0.0,0.0,0.0,0.0,0.0
refrigeration,test_utility_1,none,single_family,9,275000.0,82500.09987322499,165002.2002533119,27497.69987346314,6394.458333745034,7993.072917181294,9591.687500617547,141022.98150176802,5615.581243825777,7019.476554782223,8423.371865738665,61441.67020887832,2168.1824786774873,2710.22809834686,3252.2737180162308,19367.01557842256,132.76195838063904,165.95244797579835,199.14293757095766,-497.85734392739687,2551.5077519196175,3189.384689899521,3827.2616278794253,-9568.154069698561,0.0,0.0,0.0,0.0,0.0,0.0,0.0
refrigeration,test_utility_1,none,single_family,10,275000.0,82500.09995770197,165002.2000845564,27497.699957741657,5328.60762700275,6660.7595337534385,7992.911440504121,145019.9214832961,4734.398172717528,5917.997715896911,7101.59725907629,64746.10681001124,1834.2008522575604,2292.751065321951,2751.3012783863405,20619.446761775805,112.31162487651545,140.3895310956441,168.46743731477363,-421.16859328692954,2168.1824786774873,2710.22809834686,3252.2737180162308,-8130.684295040581,0.0,0.0,0.0,0.0,0.0,0.0,0.0
refrigeration,test_utility_1,none,single_family,11,275000.0,82500.09998589403,165002.20002820535,27497.699985900654,4440.416648382815,5550.52081047852,6660.624972574218,148350.63759676978,3981.0805532819745,4976.35069160247,5971.62082992296,67571.04791108663,1546.382606942766,1932.978258678458,2319.573910414148,21698.76520986528,94.68796345435021,118.35995431793799,142.03194518152577,-355.07986295381124,1834.2008522575604,2292.751065321951,2751.3012783863405,-6878.253195965852,0.0,0.0,0.0,0.0,0.0,0.0,0.0
refrigeration,test_utility_1,none,single_family,12,275000.0,82500.09999529691,165002.2000094051,27497.69999529801,3700.2724522852263,4625.340565356533,5550.408678427835,151126.1783133355,3340.9070786516245,4176.133848314533,5011.360617977436,69971.69845035332,1300.3286795584206,1625.4108494480267,1950.4930193376308,22621.46744695393,79.62161106563963,99.5270138320493,119.43241659845899,-298.5810414961452,1546.382606942766,1932.978258678458,2319.573910414148,-5798.934776035374,0.0,0.0,0.0,0.0,0.0,0.0,0.0
refrigeration,test_utility_1,none,single_family,13,275000.0,82500.09999843212,165002.2000031356,27497.6999984323,3083.498082579142,3854.372603223928,4625.24712386871,153439.0821934638,2799.3249254199545,3499.1561567749445,4198.987388129931,72002.63152810729,1091.2306927648367,1364.0383659560462,1636.8460391472547,23405.584900564165,66.81814157303234,83.52267696629087,100.2272123595485,-250.5680308988667,1300.3286795584206,1625.4108494480267,1950.4930193376308,-4876.23254834408,0.0,0.0,0.0,0.0,0.0,0.0,0.0
refrigeration,test_utility_1,none,single_family,14,275000.0,82500.09999947733,165002.2000010453,27497.699999477372,2569.529824593669,3211.9122807420868,3854.2947368905016,155366.46315881904,2342.713973266808,2928.3924665835116,3514.070959900211,73714.92259972681,914.3353004815605,1142.919125601951,1371.5029507223403,24068.94262267152,55.98649850839911,69.98312313549877,83.97974776259889,-209.94936940650223,1091.2306927648367,1364.0383659560462,1636.8460391472547,-4092.115097868136,0.0,0.0,0.0,0.0,0.0,0.0,0.0
refrigeration,test_utility_1,none,single_family,15,275000.0,82500.09999982578,165002.20000034847,27497.69999982578,2141.2315956278567,2676.5394945348207,3211.847393441783,156972.58151674402,1958.7489558126033,2448.4361947657553,2938.123433718904,75154.79141552851,765.1938027050982,956.4922533813733,1147.7907040576472,24628.22323968166,46.854279465336276,58.56784933167046,70.28141919800419,-175.70354799501365,914.3353004815605,1142.919125601951,1371.5029507223403,-3428.7573768058537,0.0,0.0,0.0,0.0,0.0,0.0,0.0
refrigeration,test_utility_1,none,single_family,16,275000.0,82500.09999994191,165002.2000001162,27497.69999994192,1784.3236152513005,2230.404519064126,2676.4854228769495,158310.9864429238,1636.521792651871,2045.6522408148396,2454.7826889778053,76363.1432774974,639.7804337816142,799.7255422270181,959.670650672421,25098.52337326087,39.17497911625196,48.96872389531518,58.76246867437794,-146.90617168594326,765.1938027050982,956.4922533813733,1147.7907040576472,-2869.47676014412,0.0,0.0,0.0,0.0,0.0,0.0,0.0
refrigeration,test_utility_1,none,single_family,17,275000.0,82500.09999998062,165002.20000003875,27497.699999980632,1486.9063068396893,1858.6328835496117,2230.3594602595326,159426.30134938992,1366.5262919500303,1708.1578649375388,2049.789437925045,77375.626405168,534.5323193607096,668.1653992008874,801.7984790410641,25493.20380237797,32.730435853037534,40.91304481629686,49.09565377955596,-122.73913444888603,639.7804337816142,799.7255422270181,959.670650672421,-2399.176626681052,0.0,0.0,0.0,0.0,0.0,0.0,0.0
refrigeration,test_utility_1,none,single_family,18,274999.99999999994,82500.09999999352,165002.2000000129,27497.699999993536,1239.0635568695686,1548.8294460869608,1858.595335304352,160355.71166175202,1140.5688100057203,1425.7110125071506,1710.8532150085796,78222.96696247207,446.34447984942017,557.9305998117756,669.5167197741303,25823.90820055821,27.33052583900053,34.163157298750775,40.995788758500794,-102.48947189624596,534.5323193607096,668.1653992008874,801.7984790410641,-2004.4961976026607,0.0,0.0,0.0,0.0,0.0,0.0,0.0
refrigeration,test_utility_1,none,single_family,19,275000.0,82500.09999999784,165002.2000000043,27497.69999999784,1032.5321043431372,1290.6651304289217,1548.798156514705,161130.20460871753,951.6437637439526,1189.5547046799409,1427.465645615928,78931.43588595801,372.54064940675954,465.67581175844947,558.810974110139,26100.672564722492,22.81137620011441,28.514220250143126,34.217064300171614,-85.54266075043415,446.34447984942017,557.9305998117756,669.5167197741303,-1673.7917994353265,0.0,0.0,0.0,0.0,0.0,0.0,0.0
refrigeration,test_utility_1,none,multifamily_li,0,8400.0,2520.0,5040.0,840.0,1008.0,1260.0,1512.0,1260.0,504.0,630.0,756.0,630.0,168.0,210.0,252.0,210.0,0.0,0.0,0.0,0.0,0.0,0.0,0.0,0.0,0.0,0.0,0.0,0.0,0.0,0.0,0.0
refrigeration,test_utility_1,none,multifamily_li,1,8400.0,2519.9999999999995,5040.0,839.9999999999998,840.0,1050.0,1260.0,1890.0,497.28,621.5999999999999,745.92,655.1999999999999,164.64,205.79999999999998,246.95999999999998,222.59999999999997,10.079999999999984,12.600000000000023,15.120000000000005,-37.799999999999955,168.0,210.0,252.0,-630.0,0.0,0.0,0.0,0.0,0.0,0.0,0.0
refrigeration,test_utility_1,none,multifamily_li,2,8400.0,2519.9999999999995,5040.0,839.9999999999998,700.0,875.0,1050.0,2415.0,464.8896,581.1119999999999,697.3344,776.6639999999999,162.4448,203.05599999999995,243.66719999999998,230.83199999999994,9.945600000000013,12.432000000000016,14.91840000000002,-37.295999999999935,164.64,205.79999999999998,246.95999999999998,-617.3999999999999,0.0,0.0,0.0,0.0,0.0,0.0,0.0
refrigeration,test_utility_1,none,multifamily_li,3,8400.0,2519.9999999999995,5040.0,839.9999999999998,583.3333333333334,729.1666666666667,875.0,2852.5,420.39453866666656,525.4931733333332,630.5918079999999,943.5204799999999,151.86393599999997,189.82991999999993,227.79590399999998,270.51023999999995,9.297792000000015,11.622240000000033,13.946687999999995,-34.86671999999999,162.4448,203.05599999999995,243.66719999999998,-609.1679999999999,0.0,0.0,0.0,0.0,0.0,0.0,0.0
refrigeration,test_utility_1,none,multifamily_li,4,8400.0,2519.9999999999995,5040.0,839.9999999999998,486.11111111111114,607.638888888889,729.1666666666667,3217.083333333333,371.87998748444437,464.8499843555555,557.8199812266665,1125.4500469333332,137.32888263111107,171.66110328888885,205.9933239466666,325.01669013333327,8.40789077333335,10.509863466666616,12.611836160000053,-31.52959039999996,151.86393599999997,189.82991999999993,227.79590399999998,-569.4897599999998,0.0,0.0,0.0,0.0,0.0,0.0,0.0
refrigeration,test_utility_1,none,multifamily_li,5,8400.0,2519.9999999999995,5040.0,839.9999999999998,405.0925925925926,506.3657407407409,607.638888888889,3520.9027777777774,323.9801103416888,404.97513792711106,485.9701655125332,1305.0745862186664,121.48079591158515,151.85099488948146,182.2211938673777,384.44701533155546,7.4375997496889,9.29699968711111,11.156399624533378,-27.890999061333332,137.32888263111107,171.66110328888885,205.9933239466666,-514.9833098666666,0.0,0.0,0.0,0.0,0.0,0.0,0.0
refrigeration,test_utility_1,none,multifamily_li,6,8400.0,2519.9999999999995,5040.0,839.9999999999998,337.5771604938272,421.97145061728406,506.3657407407409,3774.085648148148,279.18243752200215,348.9780469025027,418.77365628300316,1473.0658592924915,105.83350271161835,132.29187838952294,158.7502540674275,443.124364831431,6.479602206833761,8.0995027585422,9.719403310250641,-24.298508275626773,121.48079591158515,151.85099488948146,182.2211938673777,-455.5529846684443,0.0,0.0,0.0,0.0,0.0,0.0,0.0
refrigeration,test_utility_1,none,multifamily_li,7,8400.0,2519.9999999999995,5040.0,839.9999999999998,281.31430041152265,351.6428755144034,421.97145061728406,3985.07137345679,238.66205259667925,298.3275657458491,357.99307889501887,1625.0173027624523,91.19959625718737,113.9994953214842,136.79939438578103,498.0015140355472,5.583648750440034,6.979560938050042,8.37547312566005,-20.93868281415007,105.83350271161835,132.29187838952294,158.7502540674275,-396.87563516856875,0.0,0.0,0.0,0.0,0.0,0.0,0.0
refrigeration,test_utility_1,none,multifamily_li,8,8400.0,2519.9999999999995,5040.0,839.9999999999998,234.4285836762689,293.0357295953362,351.6428755144034,4160.892811213991,202.81159109841752,253.51448887302197,304.2173866476263,1759.4565333809337,77.96293718158188,97.45367147697738,116.94440577237283,547.6389855690677,4.7732410519335815,5.966551314916956,7.159861577900358,-17.89965394475098,91.19959625718737,113.9994953214842,136.79939438578103,-341.9984859644526,0.0,0.0,0.0,0.0,0.0,0.0,0.0
refrigeration,test_utility_1,none,multifamily_li,9,8400.0,2519.999999999999,5040.0,839.9999999999998,195.3571530635574,244.19644132944683,293.0357295953362,4307.410676011659,171.5750034636776,214.46875432959706,257.3625051955164,1876.5937370112083,66.25178642548306,82.81473303185385,99.37767963822458,591.5558009044382,4.056231821968339,5.070289777460431,6.084347732952551,-15.210869332381208,77.96293718158188,97.45367147697738,116.94440577237283,-292.3610144309321,0.0,0.0,0.0,0.0,0.0,0.0,0.0
refrigeration,test_utility_1,none,multifamily_li,10,8399.999999999998,2519.999999999999,5039.999999999999,839.9999999999998,162.7976275529645,203.4970344412057,244.19644132944683,4429.508896676382,144.6551944401956,180.81899305024453,216.9827916602934,1977.5430208492658,56.047834464801355,70.0597930810017,84.07175169720202,629.8206207569947,3.4315000692735396,4.289375086591946,5.147250103910324,-12.868125259775752,66.25178642548306,82.81473303185385,99.37767963822458,-248.44419909556154,0.0,0.0,0.0,0.0,0.0,0.0,0.0
refrigeration,test_utility_1,none,multifamily_li,11,8399.999999999998,2519.9999999999995,5039.999999999999,839.9999999999998,135.66468962747044,169.58086203433808,203.4970344412057,4531.257413896985,121.64099829308853,152.0512478663607,182.4614974396328,2063.8462564009174,47.25403018379723,59.06753772974654,70.88104527569584,662.7973868107601,2.893103888803921,3.6163798610049014,4.339655833205882,-10.849139583014676,56.047834464801355,70.0597930810017,84.07175169720202,-210.1793792430051,0.0,0.0,0.0,0.0,0.0,0.0,0.0
refrigeration,test_utility_1,none,multifamily_li,12,8399.999999999998,2519.999999999999,5039.999999999999,839.9999999999998,113.05390802289203,141.31738502861506,169.58086203433808,4616.047844914154,102.08290048939624,127.60362561174534,153.12435073409438,2137.1891231647633,39.736059442408916,49.67007430301116,59.60408916361338,690.9897770909663,2.4328199658617677,3.0410249573272097,3.6492299487926516,-9.123074871981771,47.25403018379723,59.06753772974654,70.88104527569584,-177.20261318923963,0.0,0.0,0.0,0.0,0.0,0.0,0.0
refrigeration,test_utility_1,none,multifamily_li,13,8399.999999999998,2519.999999999999,5039.999999999999,839.9999999999998,94.2115900190767,117.76448752384589,141.31738502861506,4686.706537428461,85.53647965688754,106.92059957110946,128.30471948533133,2199.238201286671,33.3470808265361,41.68385103317014,50.02062123980416,714.9484469004893,2.0416580097879233,2.5520725122349006,3.062487014681892,-7.656217536704844,39.736059442408916,49.67007430301116,59.60408916361338,-149.01022290903347,0.0,0.0,0.0,0.0,0.0,0.0,0.0
refrigeration,test_utility_1,none,multifamily_li,14,8399.999999999998,2519.9999999999995,5039.999999999999,839.9999999999998,78.50965834923058,98.13707293653825,117.76448752384589,4745.588781190384,71.5857650456793,89.48220630709915,107.37864756851899,2251.553381078702,27.941916687916592,34.92739585989575,41.912875031874904,735.2178124203125,1.7107295931377564,2.1384119914221884,2.5660943897066204,-6.415235974266579,33.3470808265361,41.68385103317014,50.02062123980416,-125.05155309951044,0.0,0.0,0.0,0.0,0.0,0.0,0.0
refrigeration,test_utility_1,none,multifamily_li,15,8399.999999999998,2519.999999999999,5039.999999999999,839.9999999999998,65.42471529102548,81.78089411378187,98.13707293653825,4794.6573176586535,59.85430955471557,74.81788694339448,89.78146433207337,2295.546339169816,23.384683248255236,29.230854060319054,35.077024872382864,752.3074378190427,1.4317153009135808,1.7896441261419795,2.1475729513703783,-5.368932378426052,27.941916687916592,34.92739585989575,41.912875031874904,-104.78218757968727,0.0,0.0,0.0,0.0,0.0,0.0,0.0
refrigeration,test_utility_1,none,multifamily_li,16,8399.999999999998,2519.999999999999,5040.0,839.9999999999997,54.52059607585457,68.15074509481823,81.78089411378187,4835.547764715545,50.00893479091842,62.51116848864804,75.01340218637763,2332.466494534055,19.55240778787375,24.4405097348422,29.32861168181063,766.6784707954731,1.1970861910943142,1.4963577388678857,1.7956292866414714,-4.489073216603629,23.384683248255236,29.230854060319054,35.077024872382864,-87.69256218095711,0.0,0.0,0.0,0.0,0.0,0.0,0.0
refrigeration,test_utility_1,none,multifamily_li,17,8399.999999999998,2519.9999999999995,5039.999999999999,839.9999999999997,45.43383006321214,56.792287579015195,68.15074509481823,4869.623137262954,41.759270076042455,52.199087595053086,62.63890511406369,2363.4027372148403,16.336252031700013,20.420315039625024,24.504378047550023,778.7390548811246,1.00017869581837,1.2502233697729608,1.5002680437275586,-3.7506701093188894,19.55240778787375,24.4405097348422,29.32861168181063,-73.32152920452654,0.0,0.0,0.0,0.0,0.0,0.0,0.0
refrigeration,test_utility_1,none,multifamily_li,18,8399.999999999998,2519.999999999999,5039.999999999999,839.9999999999998,37.86152505267679,47.326906315845996,56.792287579015195,4898.019281052461,34.8550281268831,43.56878515860388,52.28254219032465,2389.2936445241876,13.64136155817387,17.05170194771734,20.462042337260804,788.8448941568478,0.835185401520846,1.0439817519010646,1.252778102281276,-3.131945255703158,16.336252031700013,20.420315039625024,24.504378047550023,-61.26094511887504,0.0,0.0,0.0,0.0,0.0,0.0,0.0
refrigeration,test_utility_1,none,multifamily_li,19,8399.999999999998,2519.9999999999995,5039.999999999999,839.9999999999998,31.55127087723066,39.43908859653833,47.326906315845996,4921.682734210384,29.082205885009756,36.3527573562622,43.623308827514634,2410.941727931213,11.385975854781812,14.232469818477266,17.078963782172718,797.3025905445679,0.6971005625376634,0.8713757031720775,1.0456508438064915,-2.6141271095161756,13.64136155817387,17.05170194771734,20.462042337260804,-51.155105843152,0.0,0.0,0.0,0.0,0.0,0.0,0.0
refrigeration,test_utility_1,none,single_family_li,0,19000.0,5700.0,11400.0,1900.0,2280.0,2850.0,3420.0,2850.0,1140.0,1425.0,1710.0,1425.0,380.0,475.0,570.0,475.0,0.0,0.0,0.0,0.0,0.0,0.0,0.0,0.0,0.0,0.0,0.0,0.0,0.0,0.0,0.0
refrigeration,test_utility_1,none,single_family_li,1,19000.0,5699.666666666666,11402.666666666666,1897.6666666666665,1899.4444444444443,2374.3055555555557,2849.1666666666665,4279.75,1124.1422222222222,1405.1777777777777,1686.2133333333331,1484.1333333333334,371.74666666666667,464.68333333333334,557.6199999999999,503.6166666666667,22.799999999999955,28.5,34.200000000000045,-85.5,380.0,475.0,570.0,-1425.0,0.0,0.0,0.0,0.0,0.0,0.0,0.0
refrigeration,test_utility_1,none,single_family_li,2,19000.0,5699.888888888889,11402.555555555555,1897.5555555555554,1582.4075382656608,1978.0094228320759,2373.611307398491,5468.527287059328,1050.3990553495134,1312.9988191868918,1575.59858302427,1760.8924313282132,366.57550966506597,458.21938708133234,549.8632644975988,522.8973943115582,22.48284444444448,28.10355555555566,33.72426666666661,-84.31066666666675,371.74666666666667,464.68333333333334,557.6199999999999,-1394.0499999999997,0.0,0.0,0.0,0.0,0.0,0.0,0.0
refrigeration,test_utility_1,none,single_family_li,3,19000.0,5700.018518518518,11402.351851851854,1897.629629629629,1318.2873610210463,1647.8592012763079,1977.4310415315695,6458.774248022929,949.4397873534404,1186.7997341918003,1424.1596810301603,2139.619315943117,342.52836326169694,428.1604540771211,513.7925448925453,613.1482673982661,21.0079811069902,26.25997638373792,31.511971660485415,-78.77992915121354,366.57550966506597,458.21938708133234,549.8632644975988,-1374.6581612439973,0.0,0.0,0.0,0.0,0.0,0.0,0.0
refrigeration,test_utility_1,none,single_family_li,4,19000.0,5700.07098765432,11402.256172839507,1897.6728395061723,1098.2515691666797,1372.8144614583496,1647.3773537500194,7283.812788464458,839.5240191122922,1049.4050238903649,1259.286028668438,2551.855915983225,309.60620891632936,387.0077611454117,464.409313374494,736.6495560699374,18.98879574706882,23.735994683835997,28.483193620603288,-71.20798405150799,342.52836326169694,428.1604540771211,513.7925448925453,-1284.4813622313632,0.0,0.0,0.0,0.0,0.0,0.0,0.0
refrigeration,test_utility_1,none,single_family_li,5,19000.0,5700.090020576131,11402.219650205761,1897.6903292181064,914.9420253203172,1143.6775316503965,1372.4130379804756,7971.187055254572,731.103189906096,913.8789873826198,1096.6547848591438,2958.453058428271,273.763388177527,342.2042352219086,410.6450822662904,871.0776235523804,16.790480382245846,20.988100477807393,25.185720573368826,-62.96430143342195,309.60620891632936,387.0077611454117,464.409313374494,-1161.023283436235,0.0,0.0,0.0,0.0,0.0,0.0,0.0
refrigeration,test_utility_1,none,single_family_li,6,19000.0,5700.096622085048,11402.206704389575,1897.6966735253768,762.2287396815275,952.7859246019096,1143.3431095222911,8543.848930583847,629.7759439102061,787.2199298877576,944.6639158653091,3338.436832421775,238.40805384251743,298.01006730314674,357.61208076377613,1003.6664716159366,14.622063798121872,18.27757974765234,21.933095697182807,-54.83273924295736,273.763388177527,342.2042352219086,410.6450822662904,-1026.612705665726,0.0,0.0,0.0,0.0,0.0,0.0,0.0
refrigeration,test_utility_1,none,single_family_li,7,18999.999999999996,5700.09886545496,11402.202260516688,1897.6988740283493,635.0048805844723,793.7561007305907,952.5073208767085,9020.933958324917,538.1768563938241,672.72107049228,807.265284590736,3681.9356539781206,205.3658902368463,256.7073627960578,308.04883535526943,1127.5767856401758,12.595518878204075,15.744398597755207,18.893278317306226,-47.23319579326562,238.40805384251743,298.01006730314674,357.61208076377613,-894.0302019094402,0.0,0.0,0.0,0.0,0.0,0.0,0.0
refrigeration,test_utility_1,none,single_family_li,8,18999.999999999996,5700.099620389421,11402.200757792256,1897.6996218183203,529.0159992117711,661.2699990147142,793.5239988176569,9418.390760748114,457.17553605072897,571.4694200634112,685.7633040760933,3985.691360199188,175.49601626318878,219.37002032898593,263.2440243947831,1239.5895608313624,10.763537127876475,13.454421409845622,16.14530569181477,-40.36326422953698,205.3658902368463,256.7073627960578,308.04883535526943,-770.1220883881736,0.0,0.0,0.0,0.0,0.0,0.0,0.0
refrigeration,test_utility_1,none,single_family_li,9,19000.0,5700.09987322499,11402.200253311868,1897.6998734631402,440.7177582018249,550.8971977522814,661.0766373027375,9749.508660055024,386.631134912579,483.2889186407238,579.9467023688683,4250.233117302819,149.08200598996692,186.35250748745864,223.62300898495027,1338.6423510007644,9.143510721014593,11.42938840126817,13.715266081521918,-34.28816520380451,175.49601626318878,219.37002032898593,263.2440243947831,-658.1100609869579,0.0,0.0,0.0,0.0,0.0,0.0,0.0
refrigeration,test_utility_1,none,single_family_li,10,19000.0,5700.099957701971,11402.200084556363,1897.6999577416632,367.1574067381804,458.9467584227257,550.7361101072706,10025.359809288188,325.8613086709259,407.32663583865735,488.79196300638864,4478.120050185999,126.07792987646265,157.5974123455783,189.1168948146939,1424.9077207049284,7.732622698251589,9.665778372814486,11.598934047377384,-28.997335118443516,149.08200598996692,186.35250748745864,223.62300898495027,-559.0575224623758,0.0,0.0,0.0,0.0,0.0,0.0,0.0
refrigeration,test_utility_1,none,single_family_li,11,19000.0,5700.099985894041,11402.2000282053,1897.6999859006569,305.8750386472458,382.3437983090574,458.81255797086874,10255.168633278128,273.9286823662739,342.41085295784234,410.89302354941066,4672.867427020515,106.26127984862075,132.82659981077595,159.39191977293106,1499.220186468329,6.517226173418521,8.146532716773152,9.775839260127782,-24.439598150319398,126.07792987646265,157.5974123455783,189.1168948146939,-472.79223703673483,0.0,0.0,0.0,0.0,0.0,0.0,0.0
refrigeration,test_utility_1,none,single_family_li,12,19000.0,5700.0999952969105,11402.200009405075,1897.6999952980138,254.82133153349727,318.5266644168717,382.23199730024595,10446.62001615446,229.81145118219996,287.26431397775,344.71717677329985,4838.307053363661,89.32638395905597,111.65797994881997,133.98957593858393,1562.726055451554,5.478573647325504,6.848217059156866,8.217860470988228,-20.54465117747077,106.26127984862075,132.82659981077595,159.39191977293106,-398.4797994323278,0.0,0.0,0.0,0.0,0.0,0.0,0.0
refrigeration,test_utility_1,none,single_family_li,13,19000.000000000004,5700.099998432121,11402.200003135578,1897.6999984323038,212.28901610170263,265.3612701271284,318.433524152554,10606.116192754193,192.50107233123987,240.6263404140499,288.7516084968598,4978.220977189971,74.94003822170026,93.67504777712536,112.41005733255037,1616.6748551009277,4.596229023643986,5.745286279554989,6.894343535466021,-17.23585883866508,89.32638395905597,111.65797994881997,133.98957593858393,-334.97393984645987,0.0,0.0,0.0,0.0,0.0,0.0,0.0
refrigeration,test_utility_1,none,single_family_li,14,19000.0,5700.099999477342,11402.200001045287,1897.6999994773732,176.8557839574053,221.06972994675675,265.283675936108,10738.990811205016,161.0546379986222,201.31829749827784,241.58195699793328,5096.145106982509,62.77336331163952,78.46670413954942,94.16004496745926,1662.299887058725,3.850021446624794,4.812526808281007,5.775032169937219,-14.437580424842963,74.94003822170026,93.67504777712536,112.41005733255037,-281.02514333137606,0.0,0.0,0.0,0.0,0.0,0.0,0.0
refrigeration,test_utility_1,none,single_family_li,15,19000.000000000004,5700.099999825776,11402.200000348446,1897.6999998257807,147.336724685762,184.17090585720263,221.0050870286431,10849.687282776838,134.61956252156554,168.27445315195698,201.92934378234827,5195.276640369905,52.51888304663054,65.6486038082882,78.7783245699458,1700.754188400916,3.2210927599724357,4.026365949965566,4.831639139958668,-12.079097849896243,62.77336331163952,78.46670413954942,94.16004496745926,-235.40011241864818,0.0,0.0,0.0,0.0,0.0,0.0,0.0
refrigeration,test_utility_1,none,single_family_li,16,19000.0,5700.099999941925,11402.200000116152,1897.699999941925,122.74470167374439,153.4308770921806,184.11705251061665,10941.907368839611,112.44177939695656,140.55222424619575,168.66266909543486,5278.4433272033375,43.89857471797808,54.873218397472606,65.8478620769671,1733.0803447495073,2.6923912504313137,3.365489063039149,4.038586875646956,-10.096467189116993,52.51888304663054,65.6486038082882,78.7783245699458,-196.9458114248646,0.0,0.0,0.0,0.0,0.0,0.0,0.0
refrigeration,test_utility_1,none,single_family_li,17,19000.0,5700.099999980643,11402.200000038718,1897.6999999806415,102.25734161737083,127.82167702171363,153.38601242605628,11018.734968973577,93.86449336023857,117.33061670029825,140.79674004035786,5348.1081498797475,36.66654208216691,45.83317760270865,54.99981312325037,1760.2004671725156,2.2488355879391264,2.8110444849239116,3.373253381908711,-8.43313345477145,43.89857471797808,54.873218397472606,65.8478620769671,-164.61965519241767,0.0,0.0,0.0,0.0,0.0,0.0,0.0
refrigeration,test_utility_1,none,single_family_li,18,19000.0,5700.0999999935475,11402.200000012905,1897.6999999935472,85.18953382155132,106.48691727693921,127.784300732327,11082.739248182088,78.32186702206772,97.90233377758467,117.48280053310157,5406.392998660794,30.608608421823508,38.26076052727939,45.912912632735264,1782.917718411709,1.877289867204766,2.346612334005968,2.815934800807156,-7.039837002017521,36.66654208216691,45.83317760270865,54.99981312325037,-137.49953280812588,0.0,0.0,0.0,0.0,0.0,0.0,0.0
refrigeration,test_utility_1,none,single_family_li,19,19000.0,5700.099999997849,11402.200000004303,1897.6999999978493,70.97051965118187,88.71314956397738,106.45577947677282,11136.06055131237,65.33031777968733,81.66289722460917,97.99547666953097,5455.111308324022,25.540257798484316,31.925322248105395,38.310386697726464,1801.924033253533,1.5664373404413539,1.9580466755516994,2.349656010662031,-5.874140026655368,30.608608421823508,38.26076052727939,45.912912632735264,-114.7822815818381,0.0,0.0,0.0,0.0,0.0,0.0,0.0
refrigeration,test_utility_1,test_utility_2,multifamily,0,60000.0,18000.0,36000.0,6000.0,7200.0,9000.0,10800.0,9000.0,3600.0,4500.0,5400.0,4500.0,1200.0,1500.0,1800.0,1500.0,0.0,0.0,0.0,0.0,0.0,0.0,0.0,0.0,0.0,0.0,0.0,0.0,0.0,0.0,0.0
refrigeration,test_utility_1,test_utility_2,multifamily,1,60000.0,18000.0,36000.0,6000.0,6000.0,7500.0,9000.0,13500.0,3552.0,4440.0,5328.0,4680.0,1176.0,1470.0,1764.0,1590.0,72.0,90.0,108.0,-270.0,1200.0,1500.0,1800.0,-4500.0,0.0,0.0,0.0,0.0,0.0,0.0,0.0
refrigeration,test_utility_1,test_utility_2,multifamily,2,60000.0,17999.999999999996,36000.0,6000.0,5000.0,6250.0,7500.0,17250.0,3320.64,4150.799999999999,4980.959999999999,5547.599999999999,1160.32,1450.3999999999999,1740.4799999999998,1648.7999999999997,71.03999999999996,88.80000000000018,106.5600000000004,-266.39999999999964,1176.0,1470.0,1764.0,-4410.0,0.0,0.0,0.0,0.0,0.0,0.0,0.0
refrigeration,test_utility_1,test_utility_2,multifamily,3,60000.0,18000.0,36000.0,5999.999999999999,4166.666666666667,5208.333333333334,6250.0,20375.0,3002.818133333333,3753.522666666666,4504.227199999999,6739.431999999999,1084.7423999999999,1355.9279999999997,1627.1135999999997,1932.2159999999997,66.41280000000006,83.01600000000008,99.61920000000009,-249.04799999999977,1160.32,1450.3999999999999,1740.4799999999998,-4351.200000000001,0.0,0.0,0.0,0.0,0.0,0.0,0.0
refrigeration,test_utility_1,test_utility_2,multifamily,4,59999.99999999999,17999.999999999996,36000.0,5999.999999999998,3472.2222222222226,4340.277777777778,5208.333333333334,22979.166666666668,2656.285624888889,3320.3570311111107,3984.4284373333326,8038.928906666665,980.9205902222221,1226.1507377777775,1471.380885333333,2321.547786666666,60.0563626666667,75.07045333333326,90.08454400000028,-225.21136000000024,1084.7423999999999,1355.9279999999997,1627.1135999999997,-4067.7839999999997,0.0,0.0,0.0,0.0,0.0,0.0,0.0
refrigeration,test_utility_1,test_utility_2,multifamily,5,60000.0,18000.0,36000.0,5999.999999999998,2893.518518518519,3616.8981481481487,4340.277777777778,25149.305555555555,2314.1436452977778,2892.6795566222218,3471.215467946666,9321.961330133332,867.7199707970369,1084.649963496296,1301.5799561955553,2746.0501095111103,53.12571249777784,66.40714062222241,79.68856874666653,-199.22142186666588,980.9205902222221,1226.1507377777775,1471.380885333333,-3678.452213333332,0.0,0.0,0.0,0.0,0.0,0.0,0.0
refrigeration,test_utility_1,test_utility_2,multifamily,6,60000.0,18000.0,36000.0,5999.999999999999,2411.2654320987663,3014.0817901234573,3616.8981481481487,26957.754629629628,1994.1602680143012,2492.7003350178766,2991.2404020214512,10521.898994946368,755.953590797274,944.9419884965924,1133.9303861959108,3165.1740345102216,46.28287290595563,57.85359113244431,69.42430935893344,-173.56077339733383,867.7199707970369,1084.649963496296,1301.5799561955553,-3253.949890488888,0.0,0.0,0.0,0.0,0.0,0.0,0.0
refrigeration,test_utility_1,test_utility_2,multifamily,7,60000.0,17999.999999999996,36000.0,5999.999999999999,2009.3878600823052,2511.734825102881,3014.0817901234573,28464.79552469136,1704.7289471191377,2130.9111838989224,2557.093420678706,11607.266448303231,651.4256875513383,814.282109439173,977.1385313270073,3557.1536716824803,39.883205360285956,49.85400670035733,59.82480804042916,-149.56202010107336,755.953590797274,944.9419884965924,1133.9303861959108,-2834.8259654897774,0.0,0.0,0.0,0.0,0.0,0.0,0.0
refrigeration,test_utility_1,test_utility_2,multifamily,8,60000.0,18000.0,36000.0,5999.999999999999,1674.4898834019211,2093.112354252401,2511.734825102881,29720.6629372428,1448.654222131554,1810.817777664443,2172.9813331973305,12567.54666700667,556.878122725585,696.0976534069814,835.3171840883772,3911.707039779056,34.09457894238267,42.61822367797822,51.14186841357423,-127.85467103393603,651.4256875513383,814.282109439173,977.1385313270073,-2442.846328317519,0.0,0.0,0.0,0.0,0.0,0.0,0.0
refrigeration,test_utility_1,test_utility_2,multifamily,9,60000.0,18000.0,36000.0,5999.999999999999,1395.4082361682676,1744.2602952103343,2093.112354252401,30767.219114369,1225.5357390262689,1531.919673782836,1838.3036085394028,13404.24097865149,473.22704589630763,591.5338073703847,709.8405688444614,4225.3985778888455,28.973084442631034,36.21635555328885,43.45962666394644,-108.64906665986746,556.878122725585,696.0976534069814,835.3171840883772,-2088.2929602209433,0.0,0.0,0.0,0.0,0.0,0.0,0.0
refrigeration,test_utility_1,test_utility_2,multifamily,10,60000.0,18000.0,36000.0,5999.999999999999,1162.8401968068897,1453.550246008612,1744.2602952103343,31639.349261974166,1033.2513888585402,1291.5642360731752,1549.87708328781,14125.307291780473,400.3416747485811,500.4270934357264,600.5125121228716,4498.71871969282,24.510714780525404,30.638393475656812,36.76607217078799,-91.91518042696953,473.22704589630763,591.5338073703847,709.8405688444614,-1774.6014221111536,0.0,0.0,0.0,0.0,0.0,0.0,0.0
refrigeration,test_utility_1,test_utility_2,multifamily,11,60000.0,17999.999999999996,36000.0,5999.999999999999,969.0334973390748,1211.2918716738434,1453.550246008612,32366.124384978473,868.8642735220611,1086.0803419025763,1303.2964102830915,14741.758974292268,337.5287870271231,421.9109837839038,506.29318054068455,4734.2670486482875,20.66502777717085,25.83128472146359,30.997541665756216,-77.49385416439145,400.3416747485811,500.4270934357264,600.5125121228716,-1501.2812803071793,0.0,0.0,0.0,0.0,0.0,0.0,0.0
refrigeration,test_utility_1,test_utility_2,multifamily,12,59999.99999999999,17999.999999999996,36000.0,5999.999999999998,807.527914449229,1009.4098930615362,1211.2918716738434,32971.77032081539,729.1635749242589,911.4544686553237,1093.7453623863885,15265.636594034026,283.8289960172066,354.78624502150825,425.7434940258099,4935.641264935473,17.37728547044128,21.721606838051457,26.06592820566175,-65.16482051415369,337.5287870271231,421.9109837839038,506.29318054068455,-1265.7329513517116,0.0,0.0,0.0,0.0,0.0,0.0,0.0
refrigeration,test_utility_1,test_utility_2,multifamily,13,59999.999999999985,17999.999999999996,35999.99999999999,5999.999999999998,672.9399287076909,841.1749108846135,1009.4098930615362,33476.475267346155,610.9748546920539,763.7185683650674,916.462282038081,15708.844294904795,238.1934344752579,297.74179309407236,357.2901517128869,5106.7746207177815,14.583271498485146,18.22908937310649,21.874907247727833,-54.687268119319924,283.8289960172066,354.78624502150825,425.7434940258099,-1064.3587350645248,0.0,0.0,0.0,0.0,0.0,0.0,0.0
refrigeration,test_utility_1,test_utility_2,multifamily,14,59999.999999999985,17999.999999999996,35999.99999999999,5999.999999999999,560.7832739230757,700.9790924038446,841.1749108846135,33897.06272278846,511.32689318342375,639.1586164792797,766.9903397751356,16082.524150562158,199.5851191994043,249.48139899925536,299.37767879910643,5251.555803002233,12.219497093841028,15.274371367301342,18.329245640761656,-45.82311410190414,238.1934344752579,297.74179309407236,357.2901517128869,-893.2253792822166,0.0,0.0,0.0,0.0,0.0,0.0,0.0
refrigeration,test_utility_1,test_utility_2,multifamily,15,59999.999999999985,17999.999999999996,35999.99999999999,5999.999999999999,467.31939493589647,584.1492436698705,700.9790924038446,34247.55226899038,427.5307825336828,534.4134781671034,641.2961738005241,16396.759565498687,167.03345177325176,208.7918147165647,250.55017765987762,5373.624555850305,10.226537863668455,12.783172329585568,15.339806795502682,-38.34951698875739,199.5851191994043,249.48139899925536,299.37767879910643,-748.4441969977661,0.0,0.0,0.0,0.0,0.0,0.0,0.0
refrigeration,test_utility_1,test_utility_2,multifamily,16,59999.999999999985,17999.999999999996,35999.99999999999,5999.999999999999,389.43282911324707,486.7910363915588,584.1492436698705,34539.62689082532,357.2066770779888,446.508346347486,535.8100156169832,16660.474960957537,139.6600556276697,174.57506953458713,209.4900834415045,5476.274791396238,8.550615650673649,10.688269563342033,12.82592347601053,-32.06480869002553,167.03345177325176,208.7918147165647,250.55017765987762,-626.375444149694,0.0,0.0,0.0,0.0,0.0,0.0,0.0
refrigeration,test_utility_1,test_utility_2,multifamily,17,59999.999999999985,17999.999999999993,35999.99999999999,5999.999999999997,324.5273575943726,405.6591969929657,486.7910363915588,34783.0224090211,298.2805005431605,372.8506256789506,447.4207508147407,16881.448122963142,116.687514512143,145.85939314017875,175.03127176821448,5562.421820579461,7.144133541559768,8.93016692694971,10.716200312339652,-26.79050078084765,139.6600556276697,174.57506953458713,209.4900834415045,-523.7252086037615,0.0,0.0,0.0,0.0,0.0,0.0,0.0
refrigeration,test_utility_1,test_utility_2,multifamily,18,59999.999999999985,17999.999999999993,36000.0,5999.999999999997,270.4394646619772,338.0493308274714,405.6591969929657,34985.852007517584,248.9644866205936,311.205608275742,373.44672993089034,17066.383175172767,97.43829684409909,121.79787105512386,146.1574452661486,5634.6063868346255,5.965610010863202,7.457012513579002,8.948415016294803,-22.371037540735415,116.687514512143,145.85939314017875,175.03127176821448,-437.5781794205359,0.0,0.0,0.0,0.0,0.0,0.0,0.0
refrigeration,test_utility_1,test_utility_2,multifamily,19,59999.999999999985,17999.999999999993,36000.0,5999.999999999997,225.36622055164767,281.7077756895595,338.0493308274714,35154.87667293132,207.73004203578398,259.66255254473,311.595063053676,17221.012342365804,81.32839896272723,101.66049870340905,121.99259844409085,5695.01850388977,4.979289732411871,6.224112165514839,7.468934598617807,-18.67233649654372,97.43829684409909,121.79787105512386,146.1574452661486,-365.3936131653718,0.0,0.0,0.0,0.0,0.0,0.0,0.0
refrigeration,test_utility_1,test_utility_2,single_family,0,100000.0,30000.0,60000.0,10000.0,12000.0,15000.0,18000.0,15000.0,6000.0,7500.0,9000.0,7500.0,2000.0,2500.0,3000.0,2500.0,0.0,0.0,0.0,0.0,0.0,0.0,0.0,0.0,0.0,0.0,0.0,0.0,0.0,0.0,0.0
refrigeration,test_utility_1,test_utility_2,single_family,1,100000.0,29999.666666666664,60002.666666666664,9997.666666666666,9999.444444444445,12499.305555555555,14999.166666666666,22504.75,5919.3422222222225,7399.177777777778,8879.013333333334,7802.133333333333,1959.3466666666666,2449.1833333333334,2939.02,2650.116666666667,120.0,150.0,180.0,-450.0,2000.0,2500.0,3000.0,-7500.0,0.0,0.0,0.0,0.0,0.0,0.0,0.0
refrigeration,test_utility_1,test_utility_2,single_family,2,100000.0,29999.88888888889,60002.55555555556,9997.555555555557,8332.407432270282,10415.50929033785,12498.611148405418,28756.02768454201,5533.262788518385,6916.5784856479795,8299.894182777576,9250.15343194495,1933.007234833309,2416.259043541636,2899.5108522499636,2748.7784249306474,118.38684444444425,147.98355555555554,177.58026666666592,-443.95066666666753,1959.3466666666666,2449.1833333333334,2939.02,-7347.549999999999,0.0,0.0,0.0,0.0,0.0,0.0,0.0
refrigeration,test_utility_1,test_utility_2,single_family,3,100000.0,30000.01851851852,60002.351851851854,9997.62962962963,6943.287098597832,8679.108873247287,10414.930647896743,33965.02523210999,5003.243622665055,6254.054528331318,7504.865433997581,11237.854933524564,1806.929997847504,2258.6624973093794,2710.394996771255,3221.642137701491,110.66525577036737,138.3315697129592,165.99788365555196,-414.99470913887853,1933.007234833309,2416.259043541636,2899.5108522499636,-7248.777130624909,0.0,0.0,0.0,0.0,0.0,0.0,0.0
refrigeration,test_utility_1,test_utility_2,single_family,4,100000.0,30000.07098765432,60002.25617283951,9997.672839506173,5785.751131488848,7232.188914361058,8678.626697233267,38305.689429756334,4425.508578718598,5531.885723398247,6638.262868077896,13404.413817459577,1633.8481194346334,2042.3101492932915,2450.77217915195,3870.742391626298,100.06487245330118,125.0810905666267,150.0973086799513,-375.2432716998792,1806.929997847504,2258.6624973093794,2710.394996771255,-6775.987491928139,0.0,0.0,0.0,0.0,0.0,0.0,0.0
refrigeration,test_utility_1,test_utility_2,single_family,5,100000.0,30000.090020576128,60002.21965020577,9997.690329218105,4821.19141539639,6026.489269245486,7231.787123094581,41922.75184246931,3855.1957300423296,4818.994662552911,5782.793595063493,15543.106032917396,1445.1842481431058,1806.4803101788825,2167.7763722146587,4578.249398681459,88.51017157437218,110.63771446796454,132.76525736155781,-331.91314340389545,1633.8481194346334,2042.3101492932915,2450.77217915195,-6126.930447879875,0.0,0.0,0.0,0.0,0.0,0.0,0.0
refrigeration,test_utility_1,test_utility_2,single_family,6,100000.0,30000.096622085042,60002.20670438957,9997.696673525377,4017.4363078129586,5021.7953847661975,6026.154461719434,44936.82055009098,3321.890644841932,4152.363306052414,4982.835967262897,17543.0067039278,1258.9441517606488,1573.6801897008108,1888.4162276409727,5276.656104422944,77.10391460084657,96.37989325105809,115.65587190127007,-289.1396797531743,1445.1842481431058,1806.4803101788825,2167.7763722146587,-5419.440930536646,0.0,0.0,0.0,0.0,0.0,0.0,0.0
refrigeration,test_utility_1,test_utility_2,single_family,7,100000.0,30000.09886545496,60002.20226051669,9997.698874028345,3347.6775959828624,4184.596994978578,5021.5163939742915,47448.41127558096,2839.5590688551656,3549.448836068956,4259.338603282747,19351.75235724809,1084.7892281653617,1355.9865352067018,1627.1838422480419,5929.739268408241,66.43781289683875,83.04726612104832,99.65671934525835,-249.1417983631436,1258.9441517606488,1573.6801897008108,1888.4162276409727,-4721.040569102433,0.0,0.0,0.0,0.0,0.0,0.0,0.0
refrigeration,test_utility_1,test_utility_2,single_family,8,99999.99999999999,30000.099620389417,60002.20075779225,9997.69962181832,2789.576343708339,3486.970429635424,4184.364515562507,49541.28946888598,2412.8567365344697,3016.0709206680863,3619.2851048017033,20951.886858385158,927.2801004130368,1159.1001255162957,1390.920150619555,6520.399245269431,56.791181377103385,70.988976721379,85.18677206565462,-212.966930164137,1084.7892281653617,1355.9865352067018,1627.1838422480419,-4067.9596056201044,0.0,0.0,0.0,0.0,0.0,0.0,0.0
refrigeration,test_utility_1,test_utility_2,single_family,9,99999.99999999999,30000.099873224983,60002.200253311865,9997.699873463138,2324.517805033394,2905.647256291742,3486.776707550089,51285.25848443664,2041.102314081872,2551.377892602339,3061.653471122807,22345.966195417965,787.9371348512876,984.9214185641092,1181.9057022769312,7042.9356177708105,48.25713473068936,60.3214184133617,72.38570209603404,-180.96425524008373,927.2801004130368,1159.1001255162957,1390.920150619555,-3477.3003765488884,0.0,0.0,0.0,0.0,0.0,0.0,0.0
refrigeration,test_utility_1,test_utility_2,single_family,10,99999.99999999999,30000.09995770197,60002.20008455636,9997.699957741661,1936.9905534592413,2421.2381918240512,2905.4858301888603,52738.48550908421,1720.7485999326693,2150.9357499158364,2581.122899899003,23547.292707954457,666.5378366435588,833.1722958044481,999.8067549653379,7498.183070328316,40.82204628163754,51.02755785204681,61.23306942245608,-153.08267355613862,787.9371348512876,984.9214185641092,1181.9057022769312,-2954.7642556923274,0.0,0.0,0.0,0.0,0.0,0.0,0.0
refrigeration,test_utility_1,test_utility_2,single_family,11,99999.99999999999,30000.099985894034,60002.2000282053,9997.699985900654,1614.0691183633423,2017.5863979541778,2421.1036775450125,53949.440834342764,1446.8933960573706,1808.616745071713,2170.3400940860547,24574.249750678897,561.9238395325366,702.4047994156707,842.8857592988045,7890.485587653643,34.4149719986533,43.01871499831668,51.62245799798029,-129.05614499494914,666.5378366435588,833.1722958044481,999.8067549653379,-2499.516887413345,0.0,0.0,0.0,0.0,0.0,0.0,0.0
refrigeration,test_utility_1,test_utility_2,single_family,12,100000.0,30000.099995296907,60002.200009405075,9997.699995298011,1344.9828726327817,1681.228590790977,2017.4743089491717,54958.51423703214,1214.1802831885407,1517.7253539856756,1821.2704247828099,25446.92393333988,472.4942926229299,590.6178657786623,708.7414389343944,8225.846397962025,28.937867921147472,36.17233490143417,43.406801881721094,-108.51700470430296,561.9238395325366,702.4047994156707,842.8857592988045,-2107.2143982470106,0.0,0.0,0.0,0.0,0.0,0.0,0.0
refrigeration,test_utility_1,test_utility_2,single_family,13,99999.99999999999,30000.099998432113,60002.20000313557,9997.699998432301,1120.756792317428,1400.9459903967852,1681.1351884761418,55799.36203194522,1017.315217836658,1271.6440222958227,1525.9728267549865,26185.167931544645,396.500015540323,495.62501942540365,594.7500233104842,8510.82494015609,24.283605663770913,30.354507079713585,36.42540849565626,-91.06352123913894,472.4942926229299,590.6178657786623,708.7414389343944,-1771.8535973359867,0.0,0.0,0.0,0.0,0.0,0.0,0.0
refrigeration,test_utility_1,test_utility_2,single_family,14,100000.0,30000.099999477337,60002.20000104528,9997.69999947737,933.9121063057567,1167.3901328821958,1400.8681594586349,56500.029602398696,851.3441381014466,1064.1801726268081,1277.016207152169,26807.559481596913,332.21219720549567,415.26524650686963,498.3182958082433,8751.904259956762,20.346304356733185,25.432880445916453,30.519456535099835,-76.29864133775118,396.500015540323,495.62501942540365,594.7500233104842,-1486.8750582762113,0.0,0.0,0.0,0.0,0.0,0.0,0.0
refrigeration,test_utility_1,test_utility_2,single_family,15,100000.0,30000.099999825772,60002.20000034845,9997.699999825778,778.2168515802547,972.7710644753184,1167.325277370382,57083.88680692249,711.7844264729093,889.7305330911364,1067.6766397093636,27330.908400552362,278.0130501715497,347.51631271443705,417.0195752573243,8955.151061682467,17.02688276202889,21.283603452536227,25.540324143043335,-63.85081035760959,332.21219720549567,415.26524650686963,498.3182958082433,-1245.7957395206085,0.0,0.0,0.0,0.0,0.0,0.0,0.0
refrigeration,test_utility_1,test_utility_2,single_family,16,100000.0,30000.09999994192,60002.20000011615,9997.699999941922,648.4780141453778,810.5975176817224,972.7170212180667,57570.40744707098,594.6692198134473,743.3365247668089,892.0038297201706,27770.09042564149,232.43874082417338,290.54842603021666,348.65811123625997,9126.054721851273,14.23568852945823,17.79461066182273,21.35353279418723,-53.38383198546944,278.0130501715497,347.51631271443705,417.0195752573243,-1042.5489381433108,0.0,0.0,0.0,0.0,0.0,0.0,0.0
refrigeration,test_utility_1,test_utility_2,single_family,17,99999.99999999997,30000.099999980634,60002.200000038705,9997.69999998064,540.3683227573564,675.4604034466956,810.5524841360348,57975.81878969862,496.5417160001625,620.6771450002032,744.8125740002436,28138.068564980025,194.19385915096626,242.74232393870776,291.29078872644925,9269.473028164515,11.89338439626897,14.866730495336128,17.8400765944034,-44.60019148600986,232.43874082417338,290.54842603021666,348.65811123625997,-871.6452780906493,0.0,0.0,0.0,0.0,0.0,0.0,0.0
refrigeration,test_utility_1,test_utility_2,single_family,18,100000.0,30000.09999999354,60002.200000012905,9997.699999993545,450.28191838457224,562.8523979807154,675.4228775768585,58313.642806070755,414.4225901735659,518.0282377169574,621.6338852603487,28446.01528684267,162.1495595312031,202.68694941400392,243.22433929680463,9389.639151751533,9.930834320003271,12.413542900004018,14.896251480004821,-37.24062870001217,194.19385915096626,242.74232393870776,291.29078872644925,-728.2269718161242,0.0,0.0,0.0,0.0,0.0,0.0,0.0
refrigeration,test_utility_1,test_utility_2,single_family,19,100000.0,30000.099999997845,60002.2000000043,9997.699999997847,375.2140854398934,469.01760679986677,562.8211281598401,58595.1471796047,345.7646566348492,432.20582079356154,518.6469849522738,28703.48253761716,135.33292025840993,169.16615032301243,202.99938038761488,9490.20154902881,8.288451803471332,10.360564754339123,12.43267770520697,-31.081694263019017,162.1495595312031,202.68694941400392,243.22433929680463,-608.0608482420121,0.0,0.0,0.0,0.0,0.0,0.0,0.0
refrigeration,test_utility_1,test_utility_2,multifamily_li,0,12000.0,3600.0,7200.0,1200.0,1440.0,1800.0,2160.0,1800.0,720.0,900.0,1080.0,900.0,240.0,300.0,360.0,300.0,0.0,0.0,0.0,0.0,0.0,0.0,0.0,0.0,0.0,0.0,0.0,0.0,0.0,0.0,0.0
refrigeration,test_utility_1,test_utility_2,multifamily_li,1,12000.0,3600.0,7200.0,1200.0,1200.0,1500.0,1800.0,2700.0,710.4,888.0,1065.6,936.0,235.2,294.0,352.8,318.0,14.399999999999977,18.0,21.59999999999991,-54.0,240.0,300.0,360.0,-900.0,0.0,0.0,0.0,0.0,0.0,0.0,0.0
refrigeration,test_utility_1,test_utility_2,multifamily_li,2,12000.0,3600.0,7200.0,1200.0,1000.0,1250.0,1500.0,3450.0,664.1279999999999,830.16,996.192,1109.52,232.064,290.08,348.096,329.76,14.20799999999997,17.75999999999999,21.311999999999898,-53.27999999999997,235.2,294.0,352.8,-882.0,0.0,0.0,0.0,0.0,0.0,0.0,0.0
refrigeration,test_utility_1,test_utility_2,multifamily_li,3,12000.0,3599.9999999999995,7200.0,1199.9999999999998,833.3333333333334,1041.6666666666667,1250.0,4075.0,600.5636266666666,750.7045333333333,900.8454399999999,1347.8863999999999,216.94847999999996,271.18559999999997,325.42271999999997,386.4432,13.28255999999999,16.603200000000015,19.92384000000004,-49.809600000000046,232.064,290.08,348.096,-870.24,0.0,0.0,0.0,0.0,0.0,0.0,0.0
refrigeration,test_utility_1,test_utility_2,multifamily_li,4,12000.0,3599.999999999999,7200.0,1199.9999999999998,694.4444444444445,868.0555555555557,1041.6666666666667,4595.833333333333,531.2571249777777,664.0714062222222,796.8856874666665,1607.785781333333,196.1841180444444,245.23014755555553,294.2761770666666,464.30955733333326,12.01127253333334,15.014090666666675,18.01690880000001,-45.04227199999991,216.94847999999996,271.18559999999997,325.42271999999997,-813.5567999999998,0.0,0.0,0.0,0.0,0.0,0.0,0.0
refrigeration,test_utility_1,test_utility_2,multifamily_li,5,12000.0,3599.999999999999,7200.0,1199.9999999999998,578.7037037037037,723.3796296296298,868.0555555555557,5029.86111111111,462.8287290595555,578.5359113244444,694.2430935893332,1864.3922660266662,173.5439941594074,216.92999269925923,260.31599123911104,549.210021902222,10.625142499555523,13.28142812444446,15.937713749333284,-39.84428437333327,196.1841180444444,245.23014755555553,294.2761770666666,-735.6904426666665,0.0,0.0,0.0,0.0,0.0,0.0,0.0
refrigeration,test_utility_1,test_utility_2,multifamily_li,6,11999.999999999998,3599.999999999999,7200.0,1199.9999999999995,482.2530864197531,602.8163580246916,723.3796296296298,5391.550925925925,398.8320536028601,498.5400670035753,598.2480804042902,2104.3797989892737,151.19071815945478,188.9883976993185,226.78607723918213,633.0348069020442,9.256574581191103,11.570718226488907,13.884861871786711,-34.71215467946672,173.5439941594074,216.92999269925923,260.31599123911104,-650.7899780977777,0.0,0.0,0.0,0.0,0.0,0.0,0.0
refrigeration,test_utility_1,test_utility_2,multifamily_li,7,12000.0,3599.999999999999,7200.0,1199.9999999999998,401.87757201646093,502.3469650205763,602.8163580246916,5692.959104938271,340.9457894238275,426.18223677978443,511.4186841357412,2321.453289660646,130.28513751026765,162.85642188783459,195.42770626540147,711.430734336496,7.976641072057191,9.970801340071489,11.964961608085787,-29.91240402021458,151.19071815945478,188.9883976993185,226.78607723918213,-566.9651930979553,0.0,0.0,0.0,0.0,0.0,0.0,0.0
refrigeration,test_utility_1,test_utility_2,multifamily_li,8,12000.0,3599.999999999999,7200.0,1199.9999999999998,334.89797668038415,418.6224708504803,502.3469650205763,5944.132587448559,289.7308444263108,362.1635555328885,434.59626663946614,2513.5093334013336,111.37562454511698,139.21953068139624,167.06343681767544,782.3414079558111,6.818915788476545,8.523644735595667,10.228373682714846,-25.570934206787115,130.28513751026765,162.85642188783459,195.42770626540147,-488.56926566350376,0.0,0.0,0.0,0.0,0.0,0.0,0.0
refrigeration,test_utility_1,test_utility_2,multifamily_li,9,12000.0,3599.999999999999,7200.000000000001,1199.9999999999995,279.0816472336535,348.8520590420669,418.6224708504803,6153.4438228738,245.10714780525373,306.3839347565672,367.6607217078806,2680.8481957302974,94.64540917926152,118.30676147407691,141.96811376889227,845.0797155777689,5.794616888526207,7.2432711106577585,8.69192533278931,-21.72981333197322,111.37562454511698,139.21953068139624,167.06343681767544,-417.6585920441887,0.0,0.0,0.0,0.0,0.0,0.0,0.0
refrigeration,test_utility_1,test_utility_2,multifamily_li,10,12000.0,3599.999999999999,7200.000000000001,1199.9999999999995,232.5680393613779,290.7100492017224,348.8520590420669,6327.869852394833,206.650277771708,258.31284721463504,309.97541665756205,2825.061458356094,80.06833494971622,100.08541868714528,120.10250242457433,899.7437439385637,4.902142956105081,6.127678695131351,7.353214434157621,-18.383036085393996,94.64540917926152,118.30676147407691,141.96811376889227,-354.9202844222307,0.0,0.0,0.0,0.0,0.0,0.0,0.0
refrigeration,test_utility_1,test_utility_2,multifamily_li,11,12000.0,3599.999999999999,7200.000000000001,1199.9999999999998,193.80669946781492,242.2583743347687,290.7100492017224,6473.224876995695,173.77285470441223,217.21606838051528,260.65928205661834,2948.3517948584536,67.50575740542462,84.38219675678077,101.25863610813693,946.8534097296574,4.133005555434153,5.166256944292712,6.199508333151243,-15.498770832878108,80.06833494971622,100.08541868714528,120.10250242457433,-300.2562560614358,0.0,0.0,0.0,0.0,0.0,0.0,0.0
refrigeration,test_utility_1,test_utility_2,multifamily_li,12,12000.0,3599.9999999999995,7200.000000000002,1199.9999999999998,161.50558288984578,201.88197861230725,242.2583743347687,6594.35406416308,145.8327149848518,182.29089373106473,218.7490724772777,3053.1273188068053,56.76579920344132,70.95724900430164,85.14869880516198,987.1282529870948,3.475457094088256,4.34432136761032,5.213185641132355,-13.032964102831102,67.50575740542462,84.38219675678077,101.25863610813693,-253.14659027034236,0.0,0.0,0.0,0.0,0.0,0.0,0.0
refrigeration,test_utility_1,test_utility_2,multifamily_li,13,12000.000000000002,3600.0,7200.000000000002,1199.9999999999998,134.58798574153815,168.23498217692273,201.88197861230725,6695.295053469234,122.19497093841082,152.74371367301347,183.2924564076162,3141.7688589809595,47.63868689505159,59.548358618814476,71.45803034257739,1021.3549241435563,2.9166542996970293,3.6458178746212866,4.374981449545544,-10.937453623863803,56.76579920344132,70.95724900430164,85.14869880516198,-212.87174701290496,0.0,0.0,0.0,0.0,0.0,0.0,0.0
refrigeration,test_utility_1,test_utility_2,multifamily_li,14,12000.000000000002,3600.0000000000005,7200.000000000002,1200.0,112.15665478461513,140.19581848076893,168.23498217692273,6779.412544557695,102.26537863668476,127.83172329585594,153.3980679550271,3216.5048301124325,39.91702383988087,49.89627979985107,59.87553575982129,1050.3111606004468,2.4438994187682113,3.054874273460257,3.665849128152331,-9.164622820380828,47.63868689505159,59.548358618814476,71.45803034257739,-178.64507585644344,0.0,0.0,0.0,0.0,0.0,0.0,0.0
refrigeration,test_utility_1,test_utility_2,multifamily_li,15,12000.0,3600.0000000000005,7200.000000000001,1200.0,93.46387898717927,116.82984873397412,140.19581848076893,6849.510453798079,85.50615650673656,106.8826956334207,128.25923476010482,3279.3519130997383,33.40669035465035,41.75836294331294,50.11003553197552,1074.7249111700612,2.045307572733691,2.5566344659171136,3.0679613591005364,-7.669903397751568,39.91702383988087,49.89627979985107,59.87553575982129,-149.68883939955322,0.0,0.0,0.0,0.0,0.0,0.0,0.0
refrigeration,test_utility_1,test_utility_2,multifamily_li,16,12000.0,3600.0000000000005,7200.000000000001,1200.0,77.8865658226494,97.35820727831177,116.82984873397412,6907.925378165066,71.44133541559776,89.3016692694972,107.16200312339663,3332.094992191509,27.93201112553394,34.91501390691742,41.898016688300906,1095.2549582792478,1.7101231301347326,2.137653912668412,2.565184695202092,-6.412961738005379,33.40669035465035,41.75836294331294,50.11003553197552,-125.2750888299388,0.0,0.0,0.0,0.0,0.0,0.0,0.0
refrigeration,test_utility_1,test_utility_2,multifamily_li,17,12000.0,3600.0,7200.000000000001,1200.0,64.9054715188745,81.13183939859314,97.35820727831177,6956.604481804222,59.6561001086321,74.57012513579012,89.48415016294814,3376.2896245926295,23.3375029024286,29.17187862803575,35.006254353642895,1112.4843641158927,1.4288267083119592,1.786033385389942,2.143240062467939,-5.358100156169712,27.93201112553394,34.91501390691742,41.898016688300906,-104.74504172075217,0.0,0.0,0.0,0.0,0.0,0.0,0.0
refrigeration,test_utility_1,test_utility_2,multifamily_li,18,12000.0,3600.0,7200.000000000001,1199.9999999999998,54.08789293239543,67.6098661654943,81.13183939859314,6997.170401503518,49.79289732411873,62.2411216551484,74.68934598617808,3413.2766350345546,19.48765936881982,24.35957421102477,29.231489053229726,1126.9212773669256,1.1931220021726432,1.4914025027158004,1.7896830032589577,-4.474207508147629,23.3375029024286,29.17187862803575,35.006254353642895,-87.51563588410727,0.0,0.0,0.0,0.0,0.0,0.0,0.0
refrigeration,test_utility_1,test_utility_2,multifamily_li,19,12000.0,3600.0,7200.000000000001,1200.0,45.073244110329526,56.34155513791192,67.6098661654943,7030.9753345862655,41.546008407156805,51.932510508945995,62.3190126107352,3444.202468473162,16.26567979254545,20.33209974068181,24.398519688818173,1139.0037007779545,0.9958579464823742,1.2448224331029678,1.4937869197235614,-3.734467299309017,19.48765936881982,24.35957421102477,29.231489053229726,-73.07872263307422,0.0,0.0,0.0,0.0,0.0,0.0,0.0
refrigeration,test_utility_1,test_utility_2,single_family_li,0,20000.0,6000.0,12000.0,2000.0,2400.0,3000.0,3600.0,3000.0,1200.0,1500.0,1800.0,1500.0,400.0,500.0,600.0,500.0,0.0,0.0,0.0,0.0,0.0,0.0,0.0,0.0,0.0,0.0,0.0,0.0,0.0,0.0,0.0
refrigeration,test_utility_1,test_utility_2,single_family_li,1,20000.0,5999.666666666666,12002.666666666666,1997.6666666666665,1999.4444444444443,2499.3055555555557,2999.1666666666665,4504.75,1183.3422222222223,1479.1777777777777,1775.0133333333333,1562.1333333333334,391.3466666666667,489.18333333333334,587.02,530.1166666666667,24.0,30.0,36.0,-90.0,400.0,500.0,600.0,-1500.0,0.0,0.0,0.0,0.0,0.0,0.0,0.0
refrigeration,test_utility_1,test_utility_2,single_family_li,2,20000.0,5999.888888888889,12002.555555555555,1997.5555555555554,1665.7408650560208,2082.1760813200262,2498.611297584031,5756.027311595478,1105.7430388789442,1382.17879859868,1658.614558318416,1853.3524930928484,385.91415936605534,482.39269920756914,578.8712390490829,550.3774579328481,23.66684444444445,29.58355555555545,35.500266666666676,-88.75066666666658,391.3466666666667,489.18333333333334,587.02,-1467.5499999999997,0.0,0.0,0.0,0.0,0.0,0.0,0.0
refrigeration,test_utility_1,test_utility_2,single_family_li,3,20000.0,6000.018518518518,12002.351851851852,1997.6296296296293,1387.7317892674723,1734.6647365843407,2081.5976839012083,6798.357642098831,999.4867164536385,1249.3583955670479,1499.2300746804574,2251.9433318173747,360.6073658973099,450.75920737163716,540.9110488459646,645.3520075147178,22.11486077757877,27.643575971973632,33.17229116636827,-82.9307279159209,385.91415936605534,482.39269920756914,578.8712390490829,-1447.1780976227074,0.0,0.0,0.0,0.0,0.0,0.0,0.0
refrigeration,test_utility_1,test_utility_2,single_family_li,4,20000.0,6000.070987654321,12002.256172839505,1997.6728395061727,1156.1219125233174,1445.1523906541472,1734.1828687849759,7666.799000877066,883.795382386306,1104.7442279828824,1325.693073579459,2685.8383037056738,325.9548307309691,407.4435384137113,488.9322460964535,775.3422242650388,19.989734329072803,24.987167911340975,29.984601493609034,-74.9615037340227,360.6073658973099,450.75920737163716,540.9110488459646,-1352.2776221149115,0.0,0.0,0.0,0.0,0.0,0.0,0.0
refrigeration,test_utility_1,test_utility_2,single_family_li,5,20000.0,6000.090020576132,12002.219650205761,1997.6903292181069,963.1672963200666,1203.9591204000835,1444.7509444800996,8390.342289005512,769.6721654490832,962.090206811354,1154.5082481736247,3113.8194001420698,288.22531978643684,360.28164973304604,432.3379796796553,916.8453800189687,17.67590764772615,22.094884559657658,26.51386147158928,-66.28465367897297,325.9548307309691,407.4435384137113,488.9322460964535,-1222.330615241134,0.0,0.0,0.0,0.0,0.0,0.0,0.0
refrigeration,test_utility_1,test_utility_2,single_family_li,6,20000.0,6000.096622085048,12002.206704389575,1997.6966735253773,802.4164496611387,1003.0205620764237,1203.624674491708,8993.145018160305,663.0118459077329,828.7648073846661,994.5177688615992,3513.8021999310495,251.00720326584363,313.75900408230456,376.5108048987654,1056.4196612784635,15.39344330898166,19.241804136227074,23.09016496347249,-57.72541240868122,288.22531978643684,360.28164973304604,432.3379796796553,-1080.8449491991382,0.0,0.0,0.0,0.0,0.0,0.0,0.0
refrigeration,test_utility_1,test_utility_2,single_family_li,7,20000.0,6000.09886545496,12002.20226051669,1997.698874028349,668.4946229803954,835.6182787254946,1002.7419344705933,9495.347424340205,566.5888903913784,708.2361129892232,849.8833355870673,3875.3905264872915,216.22290235998966,270.2786279499871,324.3343535399844,1186.862990178388,13.260236918154646,16.57529614769328,19.890355377232027,-49.72588844307984,251.00720326584363,313.75900408230456,376.5108048987654,-941.2770122469137,0.0,0.0,0.0,0.0,0.0,0.0,0.0
refrigeration,test_utility_1,test_utility_2,single_family_li,8,19999.999999999996,6000.099620389421,12002.200757792256,1997.6996218183203,556.9241023496846,696.155127937106,835.386153524527,9913.735373980939,481.3196497576741,601.6495621970929,721.9794746365111,4195.150933798143,184.7772331037152,230.9715413796441,277.16584965557274,1304.7849976793882,11.33177780782762,14.164722259784412,16.997666711741317,-42.494166779353236,216.22290235998966,270.2786279499871,324.3343535399844,-810.8358838499612,0.0,0.0,0.0,0.0,0.0,0.0,0.0
refrigeration,test_utility_1,test_utility_2,single_family_li,9,20000.0,6000.099873224991,12002.200253311868,1997.6998734631406,463.9744959975163,579.9681199968957,695.9617439962744,10262.295893321183,407.0566029828747,508.82075372859356,610.5849044743121,4473.637612039211,156.96903812907266,196.21129766134092,235.453557193609,1409.065980479118,9.62639299515348,12.032991243941865,14.439589492730192,-36.098973731825936,184.7772331037152,230.9715413796441,277.16584965557274,-692.9146241389321,0.0,0.0,0.0,0.0,0.0,0.0,0.0
refrigeration,test_utility_1,test_utility_2,single_family_li,10,20000.000000000004,6000.099957701972,12002.200084556367,1997.6999577416636,386.5380076514298,483.17250956428745,579.8070114771447,10552.682555863505,343.0820366471536,428.8525458089421,514.6230549707304,4713.542320275145,132.75020762392168,165.93775952990214,199.1253114358825,1499.8866791519572,8.14113205965748,10.176415074571878,12.211698089486276,-30.529245223715407,156.96903812907266,196.21129766134092,235.453557193609,-588.6338929840226,0.0,0.0,0.0,0.0,0.0,0.0,0.0
refrigeration,test_utility_1,test_utility_2,single_family_li,11,20000.0,6000.099985894041,12002.200028205303,1997.699985900657,322.025526505969,402.53190813246147,483.0382897589535,10794.604303807919,288.4096268330973,360.51203354137175,432.614440249646,4918.563885269927,111.88667930767879,139.8583491345985,167.8300189615182,1578.1249384968617,6.861640732943044,8.577050916178848,10.292461099414595,-25.73115274853626,132.75020762392168,165.93775952990214,199.1253114358825,-497.81327858970644,0.0,0.0,0.0,0.0,0.0,0.0,0.0
refrigeration,test_utility_1,test_utility_2,single_family_li,12,20000.000000000004,6000.099995296911,12002.200009405078,1997.699995298014,268.2800595767438,335.3500744709299,402.42008936511564,10996.14978599229,241.9640544705594,302.45506808819937,362.9460817058391,5092.734791032313,94.0567910297291,117.5709887871614,141.08518654459365,1644.98702893653,5.768192536661957,7.210240670827432,8.652288804992907,-21.630722012482693,111.88667930767879,139.8583491345985,167.8300189615182,-419.57504740379545,0.0,0.0,0.0,0.0,0.0,0.0,0.0
refrigeration,test_utility_1,test_utility_2,single_family_li,13,20000.000000000007,6000.09999843212,12002.200003135582,1997.6999984323036,223.50461203316013,279.3807650414503,335.2569180497402,11164.05770801123,202.68386891677173,253.35483614596475,304.0258033751576,5240.035489994226,78.90985733729755,98.63732167162199,118.36478600594633,1701.7880334174376,4.839281089411202,6.049101361763974,7.258921634116803,-18.14730408529158,94.0567910297291,117.5709887871614,141.08518654459365,-352.7129663614842,0.0,0.0,0.0,0.0,0.0,0.0,0.0
refrigeration,test_utility_1,test_utility_2,single_family_li,14,20000.000000000004,6000.099999477343,12002.200001045288,1997.699999477373,186.20210417018026,232.75263021272542,279.3031562552704,11303.942110407112,169.57664156267586,211.9708019533449,254.3649623440138,5364.187593617308,66.09971557884414,82.62464447355521,99.14957336826622,1749.8260660567075,4.053677378335436,5.0670967229193025,6.08051606750314,-15.201290168757623,78.90985733729755,98.63732167162199,118.36478600594633,-295.9119650148659,0.0,0.0,0.0,0.0,0.0,0.0,0.0
refrigeration,test_utility_1,test_utility_2,single_family_li,15,20000.000000000004,6000.099999825777,12002.200000348446,1997.6999998257807,155.12531612662258,193.90664515827834,232.6879741899339,11420.48006487361,141.7449712301822,177.18121403772778,212.61745684527332,5468.556357712593,55.302712722118414,69.12839090264805,82.95406908317764,1790.3148271178366,3.391532831253528,4.239416039066896,5.087299246880264,-12.718248117200346,66.09971557884414,82.62464447355521,99.14957336826622,-247.87393342066548,0.0,0.0,0.0,0.0,0.0,0.0,0.0
refrigeration,test_utility_1,test_utility_2,single_family_li,16,20000.000000000004,6000.099999941925,12002.200000116154,1997.6999999419256,129.23518673769223,161.5439834221154,193.85278010653835,11517.568049849808,118.39512701426801,147.99390876783508,177.59269052140203,5556.11827363842,46.226186292592665,57.78273286574084,69.339279438889,1824.351801344703,2.834899424603634,3.543624280754557,4.2523491369054796,-10.63087284226367,55.302712722118414,69.12839090264805,82.95406908317764,-207.3851727079441,0.0,0.0,0.0,0.0,0.0,0.0,0.0
refrigeration,test_utility_1,test_utility_2,single_family_li,17,20000.000000000007,6000.099999980643,12002.200000038722,1997.6999999806415,107.66607223216354,134.5825902902045,161.49910834824533,11598.452229168108,98.835745472724,123.54468184090507,148.253618209086,5629.465954457927,38.61128299648296,48.26410374560373,57.91692449472445,1852.9076887438302,2.367902540285357,2.9598781753566925,3.5518538104280424,-8.879634526069822,46.226186292592665,57.78273286574084,69.339279438889,-173.34819859722256,0.0,0.0,0.0,0.0,0.0,0.0,0.0
refrigeration,test_utility_1,test_utility_2,single_family_li,18,20000.000000000007,6000.099999993548,12002.20000001291,1997.6999999935474,89.69680318897684,112.12100398622113,134.5452047834653,11665.836988054247,82.47119292905069,103.08899116131343,123.70678939357605,5690.833026509608,32.23253384538244,40.290667306728075,48.34880076807367,1876.8279980733632,1.9767149094544862,2.4708936368181043,2.965072364181708,-7.412680910454583,38.61128299648296,48.26410374560373,57.91692449472445,-144.7923112368112,0.0,0.0,0.0,0.0,0.0,0.0,0.0
refrigeration,test_utility_1,test_utility_2,single_family_li,19,20000.000000000007,6000.099999997851,12002.200000004306,1997.6999999978495,74.72657203444051,93.4082150430507,112.0898580516608,11721.975354875154,68.79241009190079,85.99051261487602,103.18861513785119,5742.128462153223,26.895689455676823,33.619611819596045,40.34353418351524,1896.8411645390615,1.6494238585810166,2.0617798232262743,2.4741357878715178,-6.185339469679093,32.23253384538244,40.290667306728075,48.34880076807367,-120.87200192018418,0.0,0.0,0.0,0.0,0.0,0.0,0.0
refrigeration,none,test_utility_1,multifamily,0,0.0,0.0,0.0,0.0,0.0,0.0,0.0,0.0,0.0,0.0,0.0,0.0,0.0,0.0,0.0,0.0,0.0,0.0,0.0,0.0,0.0,0.0,0.0,0.0,0.0,0.0,0.0,0.0,0.0,0.0,0.0
refrigeration,none,test_utility_1,multifamily,1,0.0,0.0,0.0,0.0,0.0,0.0,0.0,0.0,0.0,0.0,0.0,0.0,0.0,0.0,0.0,0.0,0.0,0.0,0.0,0.0,0.0,0.0,0.0,0.0,0.0,0.0,0.0,0.0,0.0,0.0,0.0
refrigeration,none,test_utility_1,multifamily,2,0.0,0.0,0.0,0.0,0.0,0.0,0.0,0.0,0.0,0.0,0.0,0.0,0.0,0.0,0.0,0.0,0.0,0.0,0.0,0.0,0.0,0.0,0.0,0.0,0.0,0.0,0.0,0.0,0.0,0.0,0.0
refrigeration,none,test_utility_1,multifamily,3,0.0,0.0,0.0,0.0,0.0,0.0,0.0,0.0,0.0,0.0,0.0,0.0,0.0,0.0,0.0,0.0,0.0,0.0,0.0,0.0,0.0,0.0,0.0,0.0,0.0,0.0,0.0,0.0,0.0,0.0,0.0
refrigeration,none,test_utility_1,multifamily,4,0.0,0.0,0.0,0.0,0.0,0.0,0.0,0.0,0.0,0.0,0.0,0.0,0.0,0.0,0.0,0.0,0.0,0.0,0.0,0.0,0.0,0.0,0.0,0.0,0.0,0.0,0.0,0.0,0.0,0.0,0.0
refrigeration,none,test_utility_1,multifamily,5,0.0,0.0,0.0,0.0,0.0,0.0,0.0,0.0,0.0,0.0,0.0,0.0,0.0,0.0,0.0,0.0,0.0,0.0,0.0,0.0,0.0,0.0,0.0,0.0,0.0,0.0,0.0,0.0,0.0,0.0,0.0
refrigeration,none,test_utility_1,multifamily,6,0.0,0.0,0.0,0.0,0.0,0.0,0.0,0.0,0.0,0.0,0.0,0.0,0.0,0.0,0.0,0.0,0.0,0.0,0.0,0.0,0.0,0.0,0.0,0.0,0.0,0.0,0.0,0.0,0.0,0.0,0.0
refrigeration,none,test_utility_1,multifamily,7,0.0,0.0,0.0,0.0,0.0,0.0,0.0,0.0,0.0,0.0,0.0,0.0,0.0,0.0,0.0,0.0,0.0,0.0,0.0,0.0,0.0,0.0,0.0,0.0,0.0,0.0,0.0,0.0,0.0,0.0,0.0
refrigeration,none,test_utility_1,multifamily,8,0.0,0.0,0.0,0.0,0.0,0.0,0.0,0.0,0.0,0.0,0.0,0.0,0.0,0.0,0.0,0.0,0.0,0.0,0.0,0.0,0.0,0.0,0.0,0.0,0.0,0.0,0.0,0.0,0.0,0.0,0.0
refrigeration,none,test_utility_1,multifamily,9,0.0,0.0,0.0,0.0,0.0,0.0,0.0,0.0,0.0,0.0,0.0,0.0,0.0,0.0,0.0,0.0,0.0,0.0,0.0,0.0,0.0,0.0,0.0,0.0,0.0,0.0,0.0,0.0,0.0,0.0,0.0
refrigeration,none,test_utility_1,multifamily,10,0.0,0.0,0.0,0.0,0.0,0.0,0.0,0.0,0.0,0.0,0.0,0.0,0.0,0.0,0.0,0.0,0.0,0.0,0.0,0.0,0.0,0.0,0.0,0.0,0.0,0.0,0.0,0.0,0.0,0.0,0.0
refrigeration,none,test_utility_1,multifamily,11,0.0,0.0,0.0,0.0,0.0,0.0,0.0,0.0,0.0,0.0,0.0,0.0,0.0,0.0,0.0,0.0,0.0,0.0,0.0,0.0,0.0,0.0,0.0,0.0,0.0,0.0,0.0,0.0,0.0,0.0,0.0
refrigeration,none,test_utility_1,multifamily,12,0.0,0.0,0.0,0.0,0.0,0.0,0.0,0.0,0.0,0.0,0.0,0.0,0.0,0.0,0.0,0.0,0.0,0.0,0.0,0.0,0.0,0.0,0.0,0.0,0.0,0.0,0.0,0.0,0.0,0.0,0.0
refrigeration,none,test_utility_1,multifamily,13,0.0,0.0,0.0,0.0,0.0,0.0,0.0,0.0,0.0,0.0,0.0,0.0,0.0,0.0,0.0,0.0,0.0,0.0,0.0,0.0,0.0,0.0,0.0,0.0,0.0,0.0,0.0,0.0,0.0,0.0,0.0
refrigeration,none,test_utility_1,multifamily,14,0.0,0.0,0.0,0.0,0.0,0.0,0.0,0.0,0.0,0.0,0.0,0.0,0.0,0.0,0.0,0.0,0.0,0.0,0.0,0.0,0.0,0.0,0.0,0.0,0.0,0.0,0.0,0.0,0.0,0.0,0.0
refrigeration,none,test_utility_1,multifamily,15,0.0,0.0,0.0,0.0,0.0,0.0,0.0,0.0,0.0,0.0,0.0,0.0,0.0,0.0,0.0,0.0,0.0,0.0,0.0,0.0,0.0,0.0,0.0,0.0,0.0,0.0,0.0,0.0,0.0,0.0,0.0
refrigeration,none,test_utility_1,multifamily,16,0.0,0.0,0.0,0.0,0.0,0.0,0.0,0.0,0.0,0.0,0.0,0.0,0.0,0.0,0.0,0.0,0.0,0.0,0.0,0.0,0.0,0.0,0.0,0.0,0.0,0.0,0.0,0.0,0.0,0.0,0.0
refrigeration,none,test_utility_1,multifamily,17,0.0,0.0,0.0,0.0,0.0,0.0,0.0,0.0,0.0,0.0,0.0,0.0,0.0,0.0,0.0,0.0,0.0,0.0,0.0,0.0,0.0,0.0,0.0,0.0,0.0,0.0,0.0,0.0,0.0,0.0,0.0
refrigeration,none,test_utility_1,multifamily,18,0.0,0.0,0.0,0.0,0.0,0.0,0.0,0.0,0.0,0.0,0.0,0.0,0.0,0.0,0.0,0.0,0.0,0.0,0.0,0.0,0.0,0.0,0.0,0.0,0.0,0.0,0.0,0.0,0.0,0.0,0.0
refrigeration,none,test_utility_1,multifamily,19,0.0,0.0,0.0,0.0,0.0,0.0,0.0,0.0,0.0,0.0,0.0,0.0,0.0,0.0,0.0,0.0,0.0,0.0,0.0,0.0,0.0,0.0,0.0,0.0,0.0,0.0,0.0,0.0,0.0,0.0,0.0
refrigeration,none,test_utility_1,single_family,0,0.0,0.0,0.0,0.0,0.0,0.0,0.0,0.0,0.0,0.0,0.0,0.0,0.0,0.0,0.0,0.0,0.0,0.0,0.0,0.0,0.0,0.0,0.0,0.0,0.0,0.0,0.0,0.0,0.0,0.0,0.0
refrigeration,none,test_utility_1,single_family,1,0.0,0.0,0.0,0.0,0.0,0.0,0.0,0.0,0.0,0.0,0.0,0.0,0.0,0.0,0.0,0.0,0.0,0.0,0.0,0.0,0.0,0.0,0.0,0.0,0.0,0.0,0.0,0.0,0.0,0.0,0.0
refrigeration,none,test_utility_1,single_family,2,0.0,0.0,0.0,0.0,0.0,0.0,0.0,0.0,0.0,0.0,0.0,0.0,0.0,0.0,0.0,0.0,0.0,0.0,0.0,0.0,0.0,0.0,0.0,0.0,0.0,0.0,0.0,0.0,0.0,0.0,0.0
refrigeration,none,test_utility_1,single_family,3,0.0,0.0,0.0,0.0,0.0,0.0,0.0,0.0,0.0,0.0,0.0,0.0,0.0,0.0,0.0,0.0,0.0,0.0,0.0,0.0,0.0,0.0,0.0,0.0,0.0,0.0,0.0,0.0,0.0,0.0,0.0
refrigeration,none,test_utility_1,single_family,4,0.0,0.0,0.0,0.0,0.0,0.0,0.0,0.0,0.0,0.0,0.0,0.0,0.0,0.0,0.0,0.0,0.0,0.0,0.0,0.0,0.0,0.0,0.0,0.0,0.0,0.0,0.0,0.0,0.0,0.0,0.0
refrigeration,none,test_utility_1,single_family,5,0.0,0.0,0.0,0.0,0.0,0.0,0.0,0.0,0.0,0.0,0.0,0.0,0.0,0.0,0.0,0.0,0.0,0.0,0.0,0.0,0.0,0.0,0.0,0.0,0.0,0.0,0.0,0.0,0.0,0.0,0.0
refrigeration,none,test_utility_1,single_family,6,0.0,0.0,0.0,0.0,0.0,0.0,0.0,0.0,0.0,0.0,0.0,0.0,0.0,0.0,0.0,0.0,0.0,0.0,0.0,0.0,0.0,0.0,0.0,0.0,0.0,0.0,0.0,0.0,0.0,0.0,0.0
refrigeration,none,test_utility_1,single_family,7,0.0,0.0,0.0,0.0,0.0,0.0,0.0,0.0,0.0,0.0,0.0,0.0,0.0,0.0,0.0,0.0,0.0,0.0,0.0,0.0,0.0,0.0,0.0,0.0,0.0,0.0,0.0,0.0,0.0,0.0,0.0
refrigeration,none,test_utility_1,single_family,8,0.0,0.0,0.0,0.0,0.0,0.0,0.0,0.0,0.0,0.0,0.0,0.0,0.0,0.0,0.0,0.0,0.0,0.0,0.0,0.0,0.0,0.0,0.0,0.0,0.0,0.0,0.0,0.0,0.0,0.0,0.0
refrigeration,none,test_utility_1,single_family,9,0.0,0.0,0.0,0.0,0.0,0.0,0.0,0.0,0.0,0.0,0.0,0.0,0.0,0.0,0.0,0.0,0.0,0.0,0.0,0.0,0.0,0.0,0.0,0.0,0.0,0.0,0.0,0.0,0.0,0.0,0.0
refrigeration,none,test_utility_1,single_family,10,0.0,0.0,0.0,0.0,0.0,0.0,0.0,0.0,0.0,0.0,0.0,0.0,0.0,0.0,0.0,0.0,0.0,0.0,0.0,0.0,0.0,0.0,0.0,0.0,0.0,0.0,0.0,0.0,0.0,0.0,0.0
refrigeration,none,test_utility_1,single_family,11,0.0,0.0,0.0,0.0,0.0,0.0,0.0,0.0,0.0,0.0,0.0,0.0,0.0,0.0,0.0,0.0,0.0,0.0,0.0,0.0,0.0,0.0,0.0,0.0,0.0,0.0,0.0,0.0,0.0,0.0,0.0
refrigeration,none,test_utility_1,single_family,12,0.0,0.0,0.0,0.0,0.0,0.0,0.0,0.0,0.0,0.0,0.0,0.0,0.0,0.0,0.0,0.0,0.0,0.0,0.0,0.0,0.0,0.0,0.0,0.0,0.0,0.0,0.0,0.0,0.0,0.0,0.0
refrigeration,none,test_utility_1,single_family,13,0.0,0.0,0.0,0.0,0.0,0.0,0.0,0.0,0.0,0.0,0.0,0.0,0.0,0.0,0.0,0.0,0.0,0.0,0.0,0.0,0.0,0.0,0.0,0.0,0.0,0.0,0.0,0.0,0.0,0.0,0.0
refrigeration,none,test_utility_1,single_family,14,0.0,0.0,0.0,0.0,0.0,0.0,0.0,0.0,0.0,0.0,0.0,0.0,0.0,0.0,0.0,0.0,0.0,0.0,0.0,0.0,0.0,0.0,0.0,0.0,0.0,0.0,0.0,0.0,0.0,0.0,0.0
refrigeration,none,test_utility_1,single_family,15,0.0,0.0,0.0,0.0,0.0,0.0,0.0,0.0,0.0,0.0,0.0,0.0,0.0,0.0,0.0,0.0,0.0,0.0,0.0,0.0,0.0,0.0,0.0,0.0,0.0,0.0,0.0,0.0,0.0,0.0,0.0
refrigeration,none,test_utility_1,single_family,16,0.0,0.0,0.0,0.0,0.0,0.0,0.0,0.0,0.0,0.0,0.0,0.0,0.0,0.0,0.0,0.0,0.0,0.0,0.0,0.0,0.0,0.0,0.0,0.0,0.0,0.0,0.0,0.0,0.0,0.0,0.0
refrigeration,none,test_utility_1,single_family,17,0.0,0.0,0.0,0.0,0.0,0.0,0.0,0.0,0.0,0.0,0.0,0.0,0.0,0.0,0.0,0.0,0.0,0.0,0.0,0.0,0.0,0.0,0.0,0.0,0.0,0.0,0.0,0.0,0.0,0.0,0.0
refrigeration,none,test_utility_1,single_family,18,0.0,0.0,0.0,0.0,0.0,0.0,0.0,0.0,0.0,0.0,0.0,0.0,0.0,0.0,0.0,0.0,0.0,0.0,0.0,0.0,0.0,0.0,0.0,0.0,0.0,0.0,0.0,0.0,0.0,0.0,0.0
refrigeration,none,test_utility_1,single_family,19,0.0,0.0,0.0,0.0,0.0,0.0,0.0,0.0,0.0,0.0,0.0,0.0,0.0,0.0,0.0,0.0,0.0,0.0,0.0,0.0,0.0,0.0,0.0,0.0,0.0,0.0,0.0,0.0,0.0,0.0,0.0
refrigeration,none,test_utility_1,multifamily_li,0,0.0,0.0,0.0,0.0,0.0,0.0,0.0,0.0,0.0,0.0,0.0,0.0,0.0,0.0,0.0,0.0,0.0,0.0,0.0,0.0,0.0,0.0,0.0,0.0,0.0,0.0,0.0,0.0,0.0,0.0,0.0
refrigeration,none,test_utility_1,multifamily_li,1,0.0,0.0,0.0,0.0,0.0,0.0,0.0,0.0,0.0,0.0,0.0,0.0,0.0,0.0,0.0,0.0,0.0,0.0,0.0,0.0,0.0,0.0,0.0,0.0,0.0,0.0,0.0,0.0,0.0,0.0,0.0
refrigeration,none,test_utility_1,multifamily_li,2,0.0,0.0,0.0,0.0,0.0,0.0,0.0,0.0,0.0,0.0,0.0,0.0,0.0,0.0,0.0,0.0,0.0,0.0,0.0,0.0,0.0,0.0,0.0,0.0,0.0,0.0,0.0,0.0,0.0,0.0,0.0
refrigeration,none,test_utility_1,multifamily_li,3,0.0,0.0,0.0,0.0,0.0,0.0,0.0,0.0,0.0,0.0,0.0,0.0,0.0,0.0,0.0,0.0,0.0,0.0,0.0,0.0,0.0,0.0,0.0,0.0,0.0,0.0,0.0,0.0,0.0,0.0,0.0
refrigeration,none,test_utility_1,multifamily_li,4,0.0,0.0,0.0,0.0,0.0,0.0,0.0,0.0,0.0,0.0,0.0,0.0,0.0,0.0,0.0,0.0,0.0,0.0,0.0,0.0,0.0,0.0,0.0,0.0,0.0,0.0,0.0,0.0,0.0,0.0,0.0
refrigeration,none,test_utility_1,multifamily_li,5,0.0,0.0,0.0,0.0,0.0,0.0,0.0,0.0,0.0,0.0,0.0,0.0,0.0,0.0,0.0,0.0,0.0,0.0,0.0,0.0,0.0,0.0,0.0,0.0,0.0,0.0,0.0,0.0,0.0,0.0,0.0
refrigeration,none,test_utility_1,multifamily_li,6,0.0,0.0,0.0,0.0,0.0,0.0,0.0,0.0,0.0,0.0,0.0,0.0,0.0,0.0,0.0,0.0,0.0,0.0,0.0,0.0,0.0,0.0,0.0,0.0,0.0,0.0,0.0,0.0,0.0,0.0,0.0
refrigeration,none,test_utility_1,multifamily_li,7,0.0,0.0,0.0,0.0,0.0,0.0,0.0,0.0,0.0,0.0,0.0,0.0,0.0,0.0,0.0,0.0,0.0,0.0,0.0,0.0,0.0,0.0,0.0,0.0,0.0,0.0,0.0,0.0,0.0,0.0,0.0
refrigeration,none,test_utility_1,multifamily_li,8,0.0,0.0,0.0,0.0,0.0,0.0,0.0,0.0,0.0,0.0,0.0,0.0,0.0,0.0,0.0,0.0,0.0,0.0,0.0,0.0,0.0,0.0,0.0,0.0,0.0,0.0,0.0,0.0,0.0,0.0,0.0
refrigeration,none,test_utility_1,multifamily_li,9,0.0,0.0,0.0,0.0,0.0,0.0,0.0,0.0,0.0,0.0,0.0,0.0,0.0,0.0,0.0,0.0,0.0,0.0,0.0,0.0,0.0,0.0,0.0,0.0,0.0,0.0,0.0,0.0,0.0,0.0,0.0
refrigeration,none,test_utility_1,multifamily_li,10,0.0,0.0,0.0,0.0,0.0,0.0,0.0,0.0,0.0,0.0,0.0,0.0,0.0,0.0,0.0,0.0,0.0,0.0,0.0,0.0,0.0,0.0,0.0,0.0,0.0,0.0,0.0,0.0,0.0,0.0,0.0
refrigeration,none,test_utility_1,multifamily_li,11,0.0,0.0,0.0,0.0,0.0,0.0,0.0,0.0,0.0,0.0,0.0,0.0,0.0,0.0,0.0,0.0,0.0,0.0,0.0,0.0,0.0,0.0,0.0,0.0,0.0,0.0,0.0,0.0,0.0,0.0,0.0
refrigeration,none,test_utility_1,multifamily_li,12,0.0,0.0,0.0,0.0,0.0,0.0,0.0,0.0,0.0,0.0,0.0,0.0,0.0,0.0,0.0,0.0,0.0,0.0,0.0,0.0,0.0,0.0,0.0,0.0,0.0,0.0,0.0,0.0,0.0,0.0,0.0
refrigeration,none,test_utility_1,multifamily_li,13,0.0,0.0,0.0,0.0,0.0,0.0,0.0,0.0,0.0,0.0,0.0,0.0,0.0,0.0,0.0,0.0,0.0,0.0,0.0,0.0,0.0,0.0,0.0,0.0,0.0,0.0,0.0,0.0,0.0,0.0,0.0
refrigeration,none,test_utility_1,multifamily_li,14,0.0,0.0,0.0,0.0,0.0,0.0,0.0,0.0,0.0,0.0,0.0,0.0,0.0,0.0,0.0,0.0,0.0,0.0,0.0,0.0,0.0,0.0,0.0,0.0,0.0,0.0,0.0,0.0,0.0,0.0,0.0
refrigeration,none,test_utility_1,multifamily_li,15,0.0,0.0,0.0,0.0,0.0,0.0,0.0,0.0,0.0,0.0,0.0,0.0,0.0,0.0,0.0,0.0,0.0,0.0,0.0,0.0,0.0,0.0,0.0,0.0,0.0,0.0,0.0,0.0,0.0,0.0,0.0
refrigeration,none,test_utility_1,multifamily_li,16,0.0,0.0,0.0,0.0,0.0,0.0,0.0,0.0,0.0,0.0,0.0,0.0,0.0,0.0,0.0,0.0,0.0,0.0,0.0,0.0,0.0,0.0,0.0,0.0,0.0,0.0,0.0,0.0,0.0,0.0,0.0
refrigeration,none,test_utility_1,multifamily_li,17,0.0,0.0,0.0,0.0,0.0,0.0,0.0,0.0,0.0,0.0,0.0,0.0,0.0,0.0,0.0,0.0,0.0,0.0,0.0,0.0,0.0,0.0,0.0,0.0,0.0,0.0,0.0,0.0,0.0,0.0,0.0
refrigeration,none,test_utility_1,multifamily_li,18,0.0,0.0,0.0,0.0,0.0,0.0,0.0,0.0,0.0,0.0,0.0,0.0,0.0,0.0,0.0,0.0,0.0,0.0,0.0,0.0,0.0,0.0,0.0,0.0,0.0,0.0,0.0,0.0,0.0,0.0,0.0
refrigeration,none,test_utility_1,multifamily_li,19,0.0,0.0,0.0,0.0,0.0,0.0,0.0,0.0,0.0,0.0,0.0,0.0,0.0,0.0,0.0,0.0,0.0,0.0,0.0,0.0,0.0,0.0,0.0,0.0,0.0,0.0,0.0,0.0,0.0,0.0,0.0
refrigeration,none,test_utility_1,single_family_li,0,0.0,0.0,0.0,0.0,0.0,0.0,0.0,0.0,0.0,0.0,0.0,0.0,0.0,0.0,0.0,0.0,0.0,0.0,0.0,0.0,0.0,0.0,0.0,0.0,0.0,0.0,0.0,0.0,0.0,0.0,0.0
refrigeration,none,test_utility_1,single_family_li,1,0.0,0.0,0.0,0.0,0.0,0.0,0.0,0.0,0.0,0.0,0.0,0.0,0.0,0.0,0.0,0.0,0.0,0.0,0.0,0.0,0.0,0.0,0.0,0.0,0.0,0.0,0.0,0.0,0.0,0.0,0.0
refrigeration,none,test_utility_1,single_family_li,2,0.0,0.0,0.0,0.0,0.0,0.0,0.0,0.0,0.0,0.0,0.0,0.0,0.0,0.0,0.0,0.0,0.0,0.0,0.0,0.0,0.0,0.0,0.0,0.0,0.0,0.0,0.0,0.0,0.0,0.0,0.0
refrigeration,none,test_utility_1,single_family_li,3,0.0,0.0,0.0,0.0,0.0,0.0,0.0,0.0,0.0,0.0,0.0,0.0,0.0,0.0,0.0,0.0,0.0,0.0,0.0,0.0,0.0,0.0,0.0,0.0,0.0,0.0,0.0,0.0,0.0,0.0,0.0
refrigeration,none,test_utility_1,single_family_li,4,0.0,0.0,0.0,0.0,0.0,0.0,0.0,0.0,0.0,0.0,0.0,0.0,0.0,0.0,0.0,0.0,0.0,0.0,0.0,0.0,0.0,0.0,0.0,0.0,0.0,0.0,0.0,0.0,0.0,0.0,0.0
refrigeration,none,test_utility_1,single_family_li,5,0.0,0.0,0.0,0.0,0.0,0.0,0.0,0.0,0.0,0.0,0.0,0.0,0.0,0.0,0.0,0.0,0.0,0.0,0.0,0.0,0.0,0.0,0.0,0.0,0.0,0.0,0.0,0.0,0.0,0.0,0.0
refrigeration,none,test_utility_1,single_family_li,6,0.0,0.0,0.0,0.0,0.0,0.0,0.0,0.0,0.0,0.0,0.0,0.0,0.0,0.0,0.0,0.0,0.0,0.0,0.0,0.0,0.0,0.0,0.0,0.0,0.0,0.0,0.0,0.0,0.0,0.0,0.0
refrigeration,none,test_utility_1,single_family_li,7,0.0,0.0,0.0,0.0,0.0,0.0,0.0,0.0,0.0,0.0,0.0,0.0,0.0,0.0,0.0,0.0,0.0,0.0,0.0,0.0,0.0,0.0,0.0,0.0,0.0,0.0,0.0,0.0,0.0,0.0,0.0
refrigeration,none,test_utility_1,single_family_li,8,0.0,0.0,0.0,0.0,0.0,0.0,0.0,0.0,0.0,0.0,0.0,0.0,0.0,0.0,0.0,0.0,0.0,0.0,0.0,0.0,0.0,0.0,0.0,0.0,0.0,0.0,0.0,0.0,0.0,0.0,0.0
refrigeration,none,test_utility_1,single_family_li,9,0.0,0.0,0.0,0.0,0.0,0.0,0.0,0.0,0.0,0.0,0.0,0.0,0.0,0.0,0.0,0.0,0.0,0.0,0.0,0.0,0.0,0.0,0.0,0.0,0.0,0.0,0.0,0.0,0.0,0.0,0.0
refrigeration,none,test_utility_1,single_family_li,10,0.0,0.0,0.0,0.0,0.0,0.0,0.0,0.0,0.0,0.0,0.0,0.0,0.0,0.0,0.0,0.0,0.0,0.0,0.0,0.0,0.0,0.0,0.0,0.0,0.0,0.0,0.0,0.0,0.0,0.0,0.0
refrigeration,none,test_utility_1,single_family_li,11,0.0,0.0,0.0,0.0,0.0,0.0,0.0,0.0,0.0,0.0,0.0,0.0,0.0,0.0,0.0,0.0,0.0,0.0,0.0,0.0,0.0,0.0,0.0,0.0,0.0,0.0,0.0,0.0,0.0,0.0,0.0
refrigeration,none,test_utility_1,single_family_li,12,0.0,0.0,0.0,0.0,0.0,0.0,0.0,0.0,0.0,0.0,0.0,0.0,0.0,0.0,0.0,0.0,0.0,0.0,0.0,0.0,0.0,0.0,0.0,0.0,0.0,0.0,0.0,0.0,0.0,0.0,0.0
refrigeration,none,test_utility_1,single_family_li,13,0.0,0.0,0.0,0.0,0.0,0.0,0.0,0.0,0.0,0.0,0.0,0.0,0.0,0.0,0.0,0.0,0.0,0.0,0.0,0.0,0.0,0.0,0.0,0.0,0.0,0.0,0.0,0.0,0.0,0.0,0.0
refrigeration,none,test_utility_1,single_family_li,14,0.0,0.0,0.0,0.0,0.0,0.0,0.0,0.0,0.0,0.0,0.0,0.0,0.0,0.0,0.0,0.0,0.0,0.0,0.0,0.0,0.0,0.0,0.0,0.0,0.0,0.0,0.0,0.0,0.0,0.0,0.0
refrigeration,none,test_utility_1,single_family_li,15,0.0,0.0,0.0,0.0,0.0,0.0,0.0,0.0,0.0,0.0,0.0,0.0,0.0,0.0,0.0,0.0,0.0,0.0,0.0,0.0,0.0,0.0,0.0,0.0,0.0,0.0,0.0,0.0,0.0,0.0,0.0
refrigeration,none,test_utility_1,single_family_li,16,0.0,0.0,0.0,0.0,0.0,0.0,0.0,0.0,0.0,0.0,0.0,0.0,0.0,0.0,0.0,0.0,0.0,0.0,0.0,0.0,0.0,0.0,0.0,0.0,0.0,0.0,0.0,0.0,0.0,0.0,0.0
refrigeration,none,test_utility_1,single_family_li,17,0.0,0.0,0.0,0.0,0.0,0.0,0.0,0.0,0.0,0.0,0.0,0.0,0.0,0.0,0.0,0.0,0.0,0.0,0.0,0.0,0.0,0.0,0.0,0.0,0.0,0.0,0.0,0.0,0.0,0.0,0.0
refrigeration,none,test_utility_1,single_family_li,18,0.0,0.0,0.0,0.0,0.0,0.0,0.0,0.0,0.0,0.0,0.0,0.0,0.0,0.0,0.0,0.0,0.0,0.0,0.0,0.0,0.0,0.0,0.0,0.0,0.0,0.0,0.0,0.0,0.0,0.0,0.0
refrigeration,none,test_utility_1,single_family_li,19,0.0,0.0,0.0,0.0,0.0,0.0,0.0,0.0,0.0,0.0,0.0,0.0,0.0,0.0,0.0,0.0,0.0,0.0,0.0,0.0,0.0,0.0,0.0,0.0,0.0,0.0,0.0,0.0,0.0,0.0,0.0
refrigeration,none,none,multifamily,0,0.0,0.0,0.0,0.0,0.0,0.0,0.0,0.0,0.0,0.0,0.0,0.0,0.0,0.0,0.0,0.0,0.0,0.0,0.0,0.0,0.0,0.0,0.0,0.0,0.0,0.0,0.0,0.0,0.0,0.0,0.0
refrigeration,none,none,multifamily,1,0.0,0.0,0.0,0.0,0.0,0.0,0.0,0.0,0.0,0.0,0.0,0.0,0.0,0.0,0.0,0.0,0.0,0.0,0.0,0.0,0.0,0.0,0.0,0.0,0.0,0.0,0.0,0.0,0.0,0.0,0.0
refrigeration,none,none,multifamily,2,0.0,0.0,0.0,0.0,0.0,0.0,0.0,0.0,0.0,0.0,0.0,0.0,0.0,0.0,0.0,0.0,0.0,0.0,0.0,0.0,0.0,0.0,0.0,0.0,0.0,0.0,0.0,0.0,0.0,0.0,0.0
refrigeration,none,none,multifamily,3,0.0,0.0,0.0,0.0,0.0,0.0,0.0,0.0,0.0,0.0,0.0,0.0,0.0,0.0,0.0,0.0,0.0,0.0,0.0,0.0,0.0,0.0,0.0,0.0,0.0,0.0,0.0,0.0,0.0,0.0,0.0
refrigeration,none,none,multifamily,4,0.0,0.0,0.0,0.0,0.0,0.0,0.0,0.0,0.0,0.0,0.0,0.0,0.0,0.0,0.0,0.0,0.0,0.0,0.0,0.0,0.0,0.0,0.0,0.0,0.0,0.0,0.0,0.0,0.0,0.0,0.0
refrigeration,none,none,multifamily,5,0.0,0.0,0.0,0.0,0.0,0.0,0.0,0.0,0.0,0.0,0.0,0.0,0.0,0.0,0.0,0.0,0.0,0.0,0.0,0.0,0.0,0.0,0.0,0.0,0.0,0.0,0.0,0.0,0.0,0.0,0.0
refrigeration,none,none,multifamily,6,0.0,0.0,0.0,0.0,0.0,0.0,0.0,0.0,0.0,0.0,0.0,0.0,0.0,0.0,0.0,0.0,0.0,0.0,0.0,0.0,0.0,0.0,0.0,0.0,0.0,0.0,0.0,0.0,0.0,0.0,0.0
refrigeration,none,none,multifamily,7,0.0,0.0,0.0,0.0,0.0,0.0,0.0,0.0,0.0,0.0,0.0,0.0,0.0,0.0,0.0,0.0,0.0,0.0,0.0,0.0,0.0,0.0,0.0,0.0,0.0,0.0,0.0,0.0,0.0,0.0,0.0
refrigeration,none,none,multifamily,8,0.0,0.0,0.0,0.0,0.0,0.0,0.0,0.0,0.0,0.0,0.0,0.0,0.0,0.0,0.0,0.0,0.0,0.0,0.0,0.0,0.0,0.0,0.0,0.0,0.0,0.0,0.0,0.0,0.0,0.0,0.0
refrigeration,none,none,multifamily,9,0.0,0.0,0.0,0.0,0.0,0.0,0.0,0.0,0.0,0.0,0.0,0.0,0.0,0.0,0.0,0.0,0.0,0.0,0.0,0.0,0.0,0.0,0.0,0.0,0.0,0.0,0.0,0.0,0.0,0.0,0.0
refrigeration,none,none,multifamily,10,0.0,0.0,0.0,0.0,0.0,0.0,0.0,0.0,0.0,0.0,0.0,0.0,0.0,0.0,0.0,0.0,0.0,0.0,0.0,0.0,0.0,0.0,0.0,0.0,0.0,0.0,0.0,0.0,0.0,0.0,0.0
refrigeration,none,none,multifamily,11,0.0,0.0,0.0,0.0,0.0,0.0,0.0,0.0,0.0,0.0,0.0,0.0,0.0,0.0,0.0,0.0,0.0,0.0,0.0,0.0,0.0,0.0,0.0,0.0,0.0,0.0,0.0,0.0,0.0,0.0,0.0
refrigeration,none,none,multifamily,12,0.0,0.0,0.0,0.0,0.0,0.0,0.0,0.0,0.0,0.0,0.0,0.0,0.0,0.0,0.0,0.0,0.0,0.0,0.0,0.0,0.0,0.0,0.0,0.0,0.0,0.0,0.0,0.0,0.0,0.0,0.0
refrigeration,none,none,multifamily,13,0.0,0.0,0.0,0.0,0.0,0.0,0.0,0.0,0.0,0.0,0.0,0.0,0.0,0.0,0.0,0.0,0.0,0.0,0.0,0.0,0.0,0.0,0.0,0.0,0.0,0.0,0.0,0.0,0.0,0.0,0.0
refrigeration,none,none,multifamily,14,0.0,0.0,0.0,0.0,0.0,0.0,0.0,0.0,0.0,0.0,0.0,0.0,0.0,0.0,0.0,0.0,0.0,0.0,0.0,0.0,0.0,0.0,0.0,0.0,0.0,0.0,0.0,0.0,0.0,0.0,0.0
refrigeration,none,none,multifamily,15,0.0,0.0,0.0,0.0,0.0,0.0,0.0,0.0,0.0,0.0,0.0,0.0,0.0,0.0,0.0,0.0,0.0,0.0,0.0,0.0,0.0,0.0,0.0,0.0,0.0,0.0,0.0,0.0,0.0,0.0,0.0
refrigeration,none,none,multifamily,16,0.0,0.0,0.0,0.0,0.0,0.0,0.0,0.0,0.0,0.0,0.0,0.0,0.0,0.0,0.0,0.0,0.0,0.0,0.0,0.0,0.0,0.0,0.0,0.0,0.0,0.0,0.0,0.0,0.0,0.0,0.0
refrigeration,none,none,multifamily,17,0.0,0.0,0.0,0.0,0.0,0.0,0.0,0.0,0.0,0.0,0.0,0.0,0.0,0.0,0.0,0.0,0.0,0.0,0.0,0.0,0.0,0.0,0.0,0.0,0.0,0.0,0.0,0.0,0.0,0.0,0.0
refrigeration,none,none,multifamily,18,0.0,0.0,0.0,0.0,0.0,0.0,0.0,0.0,0.0,0.0,0.0,0.0,0.0,0.0,0.0,0.0,0.0,0.0,0.0,0.0,0.0,0.0,0.0,0.0,0.0,0.0,0.0,0.0,0.0,0.0,0.0
refrigeration,none,none,multifamily,19,0.0,0.0,0.0,0.0,0.0,0.0,0.0,0.0,0.0,0.0,0.0,0.0,0.0,0.0,0.0,0.0,0.0,0.0,0.0,0.0,0.0,0.0,0.0,0.0,0.0,0.0,0.0,0.0,0.0,0.0,0.0
refrigeration,none,none,single_family,0,0.0,0.0,0.0,0.0,0.0,0.0,0.0,0.0,0.0,0.0,0.0,0.0,0.0,0.0,0.0,0.0,0.0,0.0,0.0,0.0,0.0,0.0,0.0,0.0,0.0,0.0,0.0,0.0,0.0,0.0,0.0
refrigeration,none,none,single_family,1,0.0,0.0,0.0,0.0,0.0,0.0,0.0,0.0,0.0,0.0,0.0,0.0,0.0,0.0,0.0,0.0,0.0,0.0,0.0,0.0,0.0,0.0,0.0,0.0,0.0,0.0,0.0,0.0,0.0,0.0,0.0
refrigeration,none,none,single_family,2,0.0,0.0,0.0,0.0,0.0,0.0,0.0,0.0,0.0,0.0,0.0,0.0,0.0,0.0,0.0,0.0,0.0,0.0,0.0,0.0,0.0,0.0,0.0,0.0,0.0,0.0,0.0,0.0,0.0,0.0,0.0
refrigeration,none,none,single_family,3,0.0,0.0,0.0,0.0,0.0,0.0,0.0,0.0,0.0,0.0,0.0,0.0,0.0,0.0,0.0,0.0,0.0,0.0,0.0,0.0,0.0,0.0,0.0,0.0,0.0,0.0,0.0,0.0,0.0,0.0,0.0
refrigeration,none,none,single_family,4,0.0,0.0,0.0,0.0,0.0,0.0,0.0,0.0,0.0,0.0,0.0,0.0,0.0,0.0,0.0,0.0,0.0,0.0,0.0,0.0,0.0,0.0,0.0,0.0,0.0,0.0,0.0,0.0,0.0,0.0,0.0
refrigeration,none,none,single_family,5,0.0,0.0,0.0,0.0,0.0,0.0,0.0,0.0,0.0,0.0,0.0,0.0,0.0,0.0,0.0,0.0,0.0,0.0,0.0,0.0,0.0,0.0,0.0,0.0,0.0,0.0,0.0,0.0,0.0,0.0,0.0
refrigeration,none,none,single_family,6,0.0,0.0,0.0,0.0,0.0,0.0,0.0,0.0,0.0,0.0,0.0,0.0,0.0,0.0,0.0,0.0,0.0,0.0,0.0,0.0,0.0,0.0,0.0,0.0,0.0,0.0,0.0,0.0,0.0,0.0,0.0
refrigeration,none,none,single_family,7,0.0,0.0,0.0,0.0,0.0,0.0,0.0,0.0,0.0,0.0,0.0,0.0,0.0,0.0,0.0,0.0,0.0,0.0,0.0,0.0,0.0,0.0,0.0,0.0,0.0,0.0,0.0,0.0,0.0,0.0,0.0
refrigeration,none,none,single_family,8,0.0,0.0,0.0,0.0,0.0,0.0,0.0,0.0,0.0,0.0,0.0,0.0,0.0,0.0,0.0,0.0,0.0,0.0,0.0,0.0,0.0,0.0,0.0,0.0,0.0,0.0,0.0,0.0,0.0,0.0,0.0
refrigeration,none,none,single_family,9,0.0,0.0,0.0,0.0,0.0,0.0,0.0,0.0,0.0,0.0,0.0,0.0,0.0,0.0,0.0,0.0,0.0,0.0,0.0,0.0,0.0,0.0,0.0,0.0,0.0,0.0,0.0,0.0,0.0,0.0,0.0
refrigeration,none,none,single_family,10,0.0,0.0,0.0,0.0,0.0,0.0,0.0,0.0,0.0,0.0,0.0,0.0,0.0,0.0,0.0,0.0,0.0,0.0,0.0,0.0,0.0,0.0,0.0,0.0,0.0,0.0,0.0,0.0,0.0,0.0,0.0
refrigeration,none,none,single_family,11,0.0,0.0,0.0,0.0,0.0,0.0,0.0,0.0,0.0,0.0,0.0,0.0,0.0,0.0,0.0,0.0,0.0,0.0,0.0,0.0,0.0,0.0,0.0,0.0,0.0,0.0,0.0,0.0,0.0,0.0,0.0
refrigeration,none,none,single_family,12,0.0,0.0,0.0,0.0,0.0,0.0,0.0,0.0,0.0,0.0,0.0,0.0,0.0,0.0,0.0,0.0,0.0,0.0,0.0,0.0,0.0,0.0,0.0,0.0,0.0,0.0,0.0,0.0,0.0,0.0,0.0
refrigeration,none,none,single_family,13,0.0,0.0,0.0,0.0,0.0,0.0,0.0,0.0,0.0,0.0,0.0,0.0,0.0,0.0,0.0,0.0,0.0,0.0,0.0,0.0,0.0,0.0,0.0,0.0,0.0,0.0,0.0,0.0,0.0,0.0,0.0
refrigeration,none,none,single_family,14,0.0,0.0,0.0,0.0,0.0,0.0,0.0,0.0,0.0,0.0,0.0,0.0,0.0,0.0,0.0,0.0,0.0,0.0,0.0,0.0,0.0,0.0,0.0,0.0,0.0,0.0,0.0,0.0,0.0,0.0,0.0
refrigeration,none,none,single_family,15,0.0,0.0,0.0,0.0,0.0,0.0,0.0,0.0,0.0,0.0,0.0,0.0,0.0,0.0,0.0,0.0,0.0,0.0,0.0,0.0,0.0,0.0,0.0,0.0,0.0,0.0,0.0,0.0,0.0,0.0,0.0
refrigeration,none,none,single_family,16,0.0,0.0,0.0,0.0,0.0,0.0,0.0,0.0,0.0,0.0,0.0,0.0,0.0,0.0,0.0,0.0,0.0,0.0,0.0,0.0,0.0,0.0,0.0,0.0,0.0,0.0,0.0,0.0,0.0,0.0,0.0
refrigeration,none,none,single_family,17,0.0,0.0,0.0,0.0,0.0,0.0,0.0,0.0,0.0,0.0,0.0,0.0,0.0,0.0,0.0,0.0,0.0,0.0,0.0,0.0,0.0,0.0,0.0,0.0,0.0,0.0,0.0,0.0,0.0,0.0,0.0
refrigeration,none,none,single_family,18,0.0,0.0,0.0,0.0,0.0,0.0,0.0,0.0,0.0,0.0,0.0,0.0,0.0,0.0,0.0,0.0,0.0,0.0,0.0,0.0,0.0,0.0,0.0,0.0,0.0,0.0,0.0,0.0,0.0,0.0,0.0
refrigeration,none,none,single_family,19,0.0,0.0,0.0,0.0,0.0,0.0,0.0,0.0,0.0,0.0,0.0,0.0,0.0,0.0,0.0,0.0,0.0,0.0,0.0,0.0,0.0,0.0,0.0,0.0,0.0,0.0,0.0,0.0,0.0,0.0,0.0
refrigeration,none,none,multifamily_li,0,0.0,0.0,0.0,0.0,0.0,0.0,0.0,0.0,0.0,0.0,0.0,0.0,0.0,0.0,0.0,0.0,0.0,0.0,0.0,0.0,0.0,0.0,0.0,0.0,0.0,0.0,0.0,0.0,0.0,0.0,0.0
refrigeration,none,none,multifamily_li,1,0.0,0.0,0.0,0.0,0.0,0.0,0.0,0.0,0.0,0.0,0.0,0.0,0.0,0.0,0.0,0.0,0.0,0.0,0.0,0.0,0.0,0.0,0.0,0.0,0.0,0.0,0.0,0.0,0.0,0.0,0.0
refrigeration,none,none,multifamily_li,2,0.0,0.0,0.0,0.0,0.0,0.0,0.0,0.0,0.0,0.0,0.0,0.0,0.0,0.0,0.0,0.0,0.0,0.0,0.0,0.0,0.0,0.0,0.0,0.0,0.0,0.0,0.0,0.0,0.0,0.0,0.0
refrigeration,none,none,multifamily_li,3,0.0,0.0,0.0,0.0,0.0,0.0,0.0,0.0,0.0,0.0,0.0,0.0,0.0,0.0,0.0,0.0,0.0,0.0,0.0,0.0,0.0,0.0,0.0,0.0,0.0,0.0,0.0,0.0,0.0,0.0,0.0
refrigeration,none,none,multifamily_li,4,0.0,0.0,0.0,0.0,0.0,0.0,0.0,0.0,0.0,0.0,0.0,0.0,0.0,0.0,0.0,0.0,0.0,0.0,0.0,0.0,0.0,0.0,0.0,0.0,0.0,0.0,0.0,0.0,0.0,0.0,0.0
refrigeration,none,none,multifamily_li,5,0.0,0.0,0.0,0.0,0.0,0.0,0.0,0.0,0.0,0.0,0.0,0.0,0.0,0.0,0.0,0.0,0.0,0.0,0.0,0.0,0.0,0.0,0.0,0.0,0.0,0.0,0.0,0.0,0.0,0.0,0.0
refrigeration,none,none,multifamily_li,6,0.0,0.0,0.0,0.0,0.0,0.0,0.0,0.0,0.0,0.0,0.0,0.0,0.0,0.0,0.0,0.0,0.0,0.0,0.0,0.0,0.0,0.0,0.0,0.0,0.0,0.0,0.0,0.0,0.0,0.0,0.0
refrigeration,none,none,multifamily_li,7,0.0,0.0,0.0,0.0,0.0,0.0,0.0,0.0,0.0,0.0,0.0,0.0,0.0,0.0,0.0,0.0,0.0,0.0,0.0,0.0,0.0,0.0,0.0,0.0,0.0,0.0,0.0,0.0,0.0,0.0,0.0
refrigeration,none,none,multifamily_li,8,0.0,0.0,0.0,0.0,0.0,0.0,0.0,0.0,0.0,0.0,0.0,0.0,0.0,0.0,0.0,0.0,0.0,0.0,0.0,0.0,0.0,0.0,0.0,0.0,0.0,0.0,0.0,0.0,0.0,0.0,0.0
refrigeration,none,none,multifamily_li,9,0.0,0.0,0.0,0.0,0.0,0.0,0.0,0.0,0.0,0.0,0.0,0.0,0.0,0.0,0.0,0.0,0.0,0.0,0.0,0.0,0.0,0.0,0.0,0.0,0.0,0.0,0.0,0.0,0.0,0.0,0.0
refrigeration,none,none,multifamily_li,10,0.0,0.0,0.0,0.0,0.0,0.0,0.0,0.0,0.0,0.0,0.0,0.0,0.0,0.0,0.0,0.0,0.0,0.0,0.0,0.0,0.0,0.0,0.0,0.0,0.0,0.0,0.0,0.0,0.0,0.0,0.0
refrigeration,none,none,multifamily_li,11,0.0,0.0,0.0,0.0,0.0,0.0,0.0,0.0,0.0,0.0,0.0,0.0,0.0,0.0,0.0,0.0,0.0,0.0,0.0,0.0,0.0,0.0,0.0,0.0,0.0,0.0,0.0,0.0,0.0,0.0,0.0
refrigeration,none,none,multifamily_li,12,0.0,0.0,0.0,0.0,0.0,0.0,0.0,0.0,0.0,0.0,0.0,0.0,0.0,0.0,0.0,0.0,0.0,0.0,0.0,0.0,0.0,0.0,0.0,0.0,0.0,0.0,0.0,0.0,0.0,0.0,0.0
refrigeration,none,none,multifamily_li,13,0.0,0.0,0.0,0.0,0.0,0.0,0.0,0.0,0.0,0.0,0.0,0.0,0.0,0.0,0.0,0.0,0.0,0.0,0.0,0.0,0.0,0.0,0.0,0.0,0.0,0.0,0.0,0.0,0.0,0.0,0.0
refrigeration,none,none,multifamily_li,14,0.0,0.0,0.0,0.0,0.0,0.0,0.0,0.0,0.0,0.0,0.0,0.0,0.0,0.0,0.0,0.0,0.0,0.0,0.0,0.0,0.0,0.0,0.0,0.0,0.0,0.0,0.0,0.0,0.0,0.0,0.0
refrigeration,none,none,multifamily_li,15,0.0,0.0,0.0,0.0,0.0,0.0,0.0,0.0,0.0,0.0,0.0,0.0,0.0,0.0,0.0,0.0,0.0,0.0,0.0,0.0,0.0,0.0,0.0,0.0,0.0,0.0,0.0,0.0,0.0,0.0,0.0
refrigeration,none,none,multifamily_li,16,0.0,0.0,0.0,0.0,0.0,0.0,0.0,0.0,0.0,0.0,0.0,0.0,0.0,0.0,0.0,0.0,0.0,0.0,0.0,0.0,0.0,0.0,0.0,0.0,0.0,0.0,0.0,0.0,0.0,0.0,0.0
refrigeration,none,none,multifamily_li,17,0.0,0.0,0.0,0.0,0.0,0.0,0.0,0.0,0.0,0.0,0.0,0.0,0.0,0.0,0.0,0.0,0.0,0.0,0.0,0.0,0.0,0.0,0.0,0.0,0.0,0.0,0.0,0.0,0.0,0.0,0.0
refrigeration,none,none,multifamily_li,18,0.0,0.0,0.0,0.0,0.0,0.0,0.0,0.0,0.0,0.0,0.0,0.0,0.0,0.0,0.0,0.0,0.0,0.0,0.0,0.0,0.0,0.0,0.0,0.0,0.0,0.0,0.0,0.0,0.0,0.0,0.0
refrigeration,none,none,multifamily_li,19,0.0,0.0,0.0,0.0,0.0,0.0,0.0,0.0,0.0,0.0,0.0,0.0,0.0,0.0,0.0,0.0,0.0,0.0,0.0,0.0,0.0,0.0,0.0,0.0,0.0,0.0,0.0,0.0,0.0,0.0,0.0
refrigeration,none,none,single_family_li,0,0.0,0.0,0.0,0.0,0.0,0.0,0.0,0.0,0.0,0.0,0.0,0.0,0.0,0.0,0.0,0.0,0.0,0.0,0.0,0.0,0.0,0.0,0.0,0.0,0.0,0.0,0.0,0.0,0.0,0.0,0.0
refrigeration,none,none,single_family_li,1,0.0,0.0,0.0,0.0,0.0,0.0,0.0,0.0,0.0,0.0,0.0,0.0,0.0,0.0,0.0,0.0,0.0,0.0,0.0,0.0,0.0,0.0,0.0,0.0,0.0,0.0,0.0,0.0,0.0,0.0,0.0
refrigeration,none,none,single_family_li,2,0.0,0.0,0.0,0.0,0.0,0.0,0.0,0.0,0.0,0.0,0.0,0.0,0.0,0.0,0.0,0.0,0.0,0.0,0.0,0.0,0.0,0.0,0.0,0.0,0.0,0.0,0.0,0.0,0.0,0.0,0.0
refrigeration,none,none,single_family_li,3,0.0,0.0,0.0,0.0,0.0,0.0,0.0,0.0,0.0,0.0,0.0,0.0,0.0,0.0,0.0,0.0,0.0,0.0,0.0,0.0,0.0,0.0,0.0,0.0,0.0,0.0,0.0,0.0,0.0,0.0,0.0
refrigeration,none,none,single_family_li,4,0.0,0.0,0.0,0.0,0.0,0.0,0.0,0.0,0.0,0.0,0.0,0.0,0.0,0.0,0.0,0.0,0.0,0.0,0.0,0.0,0.0,0.0,0.0,0.0,0.0,0.0,0.0,0.0,0.0,0.0,0.0
refrigeration,none,none,single_family_li,5,0.0,0.0,0.0,0.0,0.0,0.0,0.0,0.0,0.0,0.0,0.0,0.0,0.0,0.0,0.0,0.0,0.0,0.0,0.0,0.0,0.0,0.0,0.0,0.0,0.0,0.0,0.0,0.0,0.0,0.0,0.0
refrigeration,none,none,single_family_li,6,0.0,0.0,0.0,0.0,0.0,0.0,0.0,0.0,0.0,0.0,0.0,0.0,0.0,0.0,0.0,0.0,0.0,0.0,0.0,0.0,0.0,0.0,0.0,0.0,0.0,0.0,0.0,0.0,0.0,0.0,0.0
refrigeration,none,none,single_family_li,7,0.0,0.0,0.0,0.0,0.0,0.0,0.0,0.0,0.0,0.0,0.0,0.0,0.0,0.0,0.0,0.0,0.0,0.0,0.0,0.0,0.0,0.0,0.0,0.0,0.0,0.0,0.0,0.0,0.0,0.0,0.0
refrigeration,none,none,single_family_li,8,0.0,0.0,0.0,0.0,0.0,0.0,0.0,0.0,0.0,0.0,0.0,0.0,0.0,0.0,0.0,0.0,0.0,0.0,0.0,0.0,0.0,0.0,0.0,0.0,0.0,0.0,0.0,0.0,0.0,0.0,0.0
refrigeration,none,none,single_family_li,9,0.0,0.0,0.0,0.0,0.0,0.0,0.0,0.0,0.0,0.0,0.0,0.0,0.0,0.0,0.0,0.0,0.0,0.0,0.0,0.0,0.0,0.0,0.0,0.0,0.0,0.0,0.0,0.0,0.0,0.0,0.0
refrigeration,none,none,single_family_li,10,0.0,0.0,0.0,0.0,0.0,0.0,0.0,0.0,0.0,0.0,0.0,0.0,0.0,0.0,0.0,0.0,0.0,0.0,0.0,0.0,0.0,0.0,0.0,0.0,0.0,0.0,0.0,0.0,0.0,0.0,0.0
refrigeration,none,none,single_family_li,11,0.0,0.0,0.0,0.0,0.0,0.0,0.0,0.0,0.0,0.0,0.0,0.0,0.0,0.0,0.0,0.0,0.0,0.0,0.0,0.0,0.0,0.0,0.0,0.0,0.0,0.0,0.0,0.0,0.0,0.0,0.0
refrigeration,none,none,single_family_li,12,0.0,0.0,0.0,0.0,0.0,0.0,0.0,0.0,0.0,0.0,0.0,0.0,0.0,0.0,0.0,0.0,0.0,0.0,0.0,0.0,0.0,0.0,0.0,0.0,0.0,0.0,0.0,0.0,0.0,0.0,0.0
refrigeration,none,none,single_family_li,13,0.0,0.0,0.0,0.0,0.0,0.0,0.0,0.0,0.0,0.0,0.0,0.0,0.0,0.0,0.0,0.0,0.0,0.0,0.0,0.0,0.0,0.0,0.0,0.0,0.0,0.0,0.0,0.0,0.0,0.0,0.0
refrigeration,none,none,single_family_li,14,0.0,0.0,0.0,0.0,0.0,0.0,0.0,0.0,0.0,0.0,0.0,0.0,0.0,0.0,0.0,0.0,0.0,0.0,0.0,0.0,0.0,0.0,0.0,0.0,0.0,0.0,0.0,0.0,0.0,0.0,0.0
refrigeration,none,none,single_family_li,15,0.0,0.0,0.0,0.0,0.0,0.0,0.0,0.0,0.0,0.0,0.0,0.0,0.0,0.0,0.0,0.0,0.0,0.0,0.0,0.0,0.0,0.0,0.0,0.0,0.0,0.0,0.0,0.0,0.0,0.0,0.0
refrigeration,none,none,single_family_li,16,0.0,0.0,0.0,0.0,0.0,0.0,0.0,0.0,0.0,0.0,0.0,0.0,0.0,0.0,0.0,0.0,0.0,0.0,0.0,0.0,0.0,0.0,0.0,0.0,0.0,0.0,0.0,0.0,0.0,0.0,0.0
refrigeration,none,none,single_family_li,17,0.0,0.0,0.0,0.0,0.0,0.0,0.0,0.0,0.0,0.0,0.0,0.0,0.0,0.0,0.0,0.0,0.0,0.0,0.0,0.0,0.0,0.0,0.0,0.0,0.0,0.0,0.0,0.0,0.0,0.0,0.0
refrigeration,none,none,single_family_li,18,0.0,0.0,0.0,0.0,0.0,0.0,0.0,0.0,0.0,0.0,0.0,0.0,0.0,0.0,0.0,0.0,0.0,0.0,0.0,0.0,0.0,0.0,0.0,0.0,0.0,0.0,0.0,0.0,0.0,0.0,0.0
refrigeration,none,none,single_family_li,19,0.0,0.0,0.0,0.0,0.0,0.0,0.0,0.0,0.0,0.0,0.0,0.0,0.0,0.0,0.0,0.0,0.0,0.0,0.0,0.0,0.0,0.0,0.0,0.0,0.0,0.0,0.0,0.0,0.0,0.0,0.0
refrigeration,none,test_utility_2,multifamily,0,0.0,0.0,0.0,0.0,0.0,0.0,0.0,0.0,0.0,0.0,0.0,0.0,0.0,0.0,0.0,0.0,0.0,0.0,0.0,0.0,0.0,0.0,0.0,0.0,0.0,0.0,0.0,0.0,0.0,0.0,0.0
refrigeration,none,test_utility_2,multifamily,1,0.0,0.0,0.0,0.0,0.0,0.0,0.0,0.0,0.0,0.0,0.0,0.0,0.0,0.0,0.0,0.0,0.0,0.0,0.0,0.0,0.0,0.0,0.0,0.0,0.0,0.0,0.0,0.0,0.0,0.0,0.0
refrigeration,none,test_utility_2,multifamily,2,0.0,0.0,0.0,0.0,0.0,0.0,0.0,0.0,0.0,0.0,0.0,0.0,0.0,0.0,0.0,0.0,0.0,0.0,0.0,0.0,0.0,0.0,0.0,0.0,0.0,0.0,0.0,0.0,0.0,0.0,0.0
refrigeration,none,test_utility_2,multifamily,3,0.0,0.0,0.0,0.0,0.0,0.0,0.0,0.0,0.0,0.0,0.0,0.0,0.0,0.0,0.0,0.0,0.0,0.0,0.0,0.0,0.0,0.0,0.0,0.0,0.0,0.0,0.0,0.0,0.0,0.0,0.0
refrigeration,none,test_utility_2,multifamily,4,0.0,0.0,0.0,0.0,0.0,0.0,0.0,0.0,0.0,0.0,0.0,0.0,0.0,0.0,0.0,0.0,0.0,0.0,0.0,0.0,0.0,0.0,0.0,0.0,0.0,0.0,0.0,0.0,0.0,0.0,0.0
refrigeration,none,test_utility_2,multifamily,5,0.0,0.0,0.0,0.0,0.0,0.0,0.0,0.0,0.0,0.0,0.0,0.0,0.0,0.0,0.0,0.0,0.0,0.0,0.0,0.0,0.0,0.0,0.0,0.0,0.0,0.0,0.0,0.0,0.0,0.0,0.0
refrigeration,none,test_utility_2,multifamily,6,0.0,0.0,0.0,0.0,0.0,0.0,0.0,0.0,0.0,0.0,0.0,0.0,0.0,0.0,0.0,0.0,0.0,0.0,0.0,0.0,0.0,0.0,0.0,0.0,0.0,0.0,0.0,0.0,0.0,0.0,0.0
refrigeration,none,test_utility_2,multifamily,7,0.0,0.0,0.0,0.0,0.0,0.0,0.0,0.0,0.0,0.0,0.0,0.0,0.0,0.0,0.0,0.0,0.0,0.0,0.0,0.0,0.0,0.0,0.0,0.0,0.0,0.0,0.0,0.0,0.0,0.0,0.0
refrigeration,none,test_utility_2,multifamily,8,0.0,0.0,0.0,0.0,0.0,0.0,0.0,0.0,0.0,0.0,0.0,0.0,0.0,0.0,0.0,0.0,0.0,0.0,0.0,0.0,0.0,0.0,0.0,0.0,0.0,0.0,0.0,0.0,0.0,0.0,0.0
refrigeration,none,test_utility_2,multifamily,9,0.0,0.0,0.0,0.0,0.0,0.0,0.0,0.0,0.0,0.0,0.0,0.0,0.0,0.0,0.0,0.0,0.0,0.0,0.0,0.0,0.0,0.0,0.0,0.0,0.0,0.0,0.0,0.0,0.0,0.0,0.0
refrigeration,none,test_utility_2,multifamily,10,0.0,0.0,0.0,0.0,0.0,0.0,0.0,0.0,0.0,0.0,0.0,0.0,0.0,0.0,0.0,0.0,0.0,0.0,0.0,0.0,0.0,0.0,0.0,0.0,0.0,0.0,0.0,0.0,0.0,0.0,0.0
refrigeration,none,test_utility_2,multifamily,11,0.0,0.0,0.0,0.0,0.0,0.0,0.0,0.0,0.0,0.0,0.0,0.0,0.0,0.0,0.0,0.0,0.0,0.0,0.0,0.0,0.0,0.0,0.0,0.0,0.0,0.0,0.0,0.0,0.0,0.0,0.0
refrigeration,none,test_utility_2,multifamily,12,0.0,0.0,0.0,0.0,0.0,0.0,0.0,0.0,0.0,0.0,0.0,0.0,0.0,0.0,0.0,0.0,0.0,0.0,0.0,0.0,0.0,0.0,0.0,0.0,0.0,0.0,0.0,0.0,0.0,0.0,0.0
refrigeration,none,test_utility_2,multifamily,13,0.0,0.0,0.0,0.0,0.0,0.0,0.0,0.0,0.0,0.0,0.0,0.0,0.0,0.0,0.0,0.0,0.0,0.0,0.0,0.0,0.0,0.0,0.0,0.0,0.0,0.0,0.0,0.0,0.0,0.0,0.0
refrigeration,none,test_utility_2,multifamily,14,0.0,0.0,0.0,0.0,0.0,0.0,0.0,0.0,0.0,0.0,0.0,0.0,0.0,0.0,0.0,0.0,0.0,0.0,0.0,0.0,0.0,0.0,0.0,0.0,0.0,0.0,0.0,0.0,0.0,0.0,0.0
refrigeration,none,test_utility_2,multifamily,15,0.0,0.0,0.0,0.0,0.0,0.0,0.0,0.0,0.0,0.0,0.0,0.0,0.0,0.0,0.0,0.0,0.0,0.0,0.0,0.0,0.0,0.0,0.0,0.0,0.0,0.0,0.0,0.0,0.0,0.0,0.0
refrigeration,none,test_utility_2,multifamily,16,0.0,0.0,0.0,0.0,0.0,0.0,0.0,0.0,0.0,0.0,0.0,0.0,0.0,0.0,0.0,0.0,0.0,0.0,0.0,0.0,0.0,0.0,0.0,0.0,0.0,0.0,0.0,0.0,0.0,0.0,0.0
refrigeration,none,test_utility_2,multifamily,17,0.0,0.0,0.0,0.0,0.0,0.0,0.0,0.0,0.0,0.0,0.0,0.0,0.0,0.0,0.0,0.0,0.0,0.0,0.0,0.0,0.0,0.0,0.0,0.0,0.0,0.0,0.0,0.0,0.0,0.0,0.0
refrigeration,none,test_utility_2,multifamily,18,0.0,0.0,0.0,0.0,0.0,0.0,0.0,0.0,0.0,0.0,0.0,0.0,0.0,0.0,0.0,0.0,0.0,0.0,0.0,0.0,0.0,0.0,0.0,0.0,0.0,0.0,0.0,0.0,0.0,0.0,0.0
refrigeration,none,test_utility_2,multifamily,19,0.0,0.0,0.0,0.0,0.0,0.0,0.0,0.0,0.0,0.0,0.0,0.0,0.0,0.0,0.0,0.0,0.0,0.0,0.0,0.0,0.0,0.0,0.0,0.0,0.0,0.0,0.0,0.0,0.0,0.0,0.0
refrigeration,none,test_utility_2,single_family,0,0.0,0.0,0.0,0.0,0.0,0.0,0.0,0.0,0.0,0.0,0.0,0.0,0.0,0.0,0.0,0.0,0.0,0.0,0.0,0.0,0.0,0.0,0.0,0.0,0.0,0.0,0.0,0.0,0.0,0.0,0.0
refrigeration,none,test_utility_2,single_family,1,0.0,0.0,0.0,0.0,0.0,0.0,0.0,0.0,0.0,0.0,0.0,0.0,0.0,0.0,0.0,0.0,0.0,0.0,0.0,0.0,0.0,0.0,0.0,0.0,0.0,0.0,0.0,0.0,0.0,0.0,0.0
refrigeration,none,test_utility_2,single_family,2,0.0,0.0,0.0,0.0,0.0,0.0,0.0,0.0,0.0,0.0,0.0,0.0,0.0,0.0,0.0,0.0,0.0,0.0,0.0,0.0,0.0,0.0,0.0,0.0,0.0,0.0,0.0,0.0,0.0,0.0,0.0
refrigeration,none,test_utility_2,single_family,3,0.0,0.0,0.0,0.0,0.0,0.0,0.0,0.0,0.0,0.0,0.0,0.0,0.0,0.0,0.0,0.0,0.0,0.0,0.0,0.0,0.0,0.0,0.0,0.0,0.0,0.0,0.0,0.0,0.0,0.0,0.0
refrigeration,none,test_utility_2,single_family,4,0.0,0.0,0.0,0.0,0.0,0.0,0.0,0.0,0.0,0.0,0.0,0.0,0.0,0.0,0.0,0.0,0.0,0.0,0.0,0.0,0.0,0.0,0.0,0.0,0.0,0.0,0.0,0.0,0.0,0.0,0.0
refrigeration,none,test_utility_2,single_family,5,0.0,0.0,0.0,0.0,0.0,0.0,0.0,0.0,0.0,0.0,0.0,0.0,0.0,0.0,0.0,0.0,0.0,0.0,0.0,0.0,0.0,0.0,0.0,0.0,0.0,0.0,0.0,0.0,0.0,0.0,0.0
refrigeration,none,test_utility_2,single_family,6,0.0,0.0,0.0,0.0,0.0,0.0,0.0,0.0,0.0,0.0,0.0,0.0,0.0,0.0,0.0,0.0,0.0,0.0,0.0,0.0,0.0,0.0,0.0,0.0,0.0,0.0,0.0,0.0,0.0,0.0,0.0
refrigeration,none,test_utility_2,single_family,7,0.0,0.0,0.0,0.0,0.0,0.0,0.0,0.0,0.0,0.0,0.0,0.0,0.0,0.0,0.0,0.0,0.0,0.0,0.0,0.0,0.0,0.0,0.0,0.0,0.0,0.0,0.0,0.0,0.0,0.0,0.0
refrigeration,none,test_utility_2,single_family,8,0.0,0.0,0.0,0.0,0.0,0.0,0.0,0.0,0.0,0.0,0.0,0.0,0.0,0.0,0.0,0.0,0.0,0.0,0.0,0.0,0.0,0.0,0.0,0.0,0.0,0.0,0.0,0.0,0.0,0.0,0.0
refrigeration,none,test_utility_2,single_family,9,0.0,0.0,0.0,0.0,0.0,0.0,0.0,0.0,0.0,0.0,0.0,0.0,0.0,0.0,0.0,0.0,0.0,0.0,0.0,0.0,0.0,0.0,0.0,0.0,0.0,0.0,0.0,0.0,0.0,0.0,0.0
refrigeration,none,test_utility_2,single_family,10,0.0,0.0,0.0,0.0,0.0,0.0,0.0,0.0,0.0,0.0,0.0,0.0,0.0,0.0,0.0,0.0,0.0,0.0,0.0,0.0,0.0,0.0,0.0,0.0,0.0,0.0,0.0,0.0,0.0,0.0,0.0
refrigeration,none,test_utility_2,single_family,11,0.0,0.0,0.0,0.0,0.0,0.0,0.0,0.0,0.0,0.0,0.0,0.0,0.0,0.0,0.0,0.0,0.0,0.0,0.0,0.0,0.0,0.0,0.0,0.0,0.0,0.0,0.0,0.0,0.0,0.0,0.0
refrigeration,none,test_utility_2,single_family,12,0.0,0.0,0.0,0.0,0.0,0.0,0.0,0.0,0.0,0.0,0.0,0.0,0.0,0.0,0.0,0.0,0.0,0.0,0.0,0.0,0.0,0.0,0.0,0.0,0.0,0.0,0.0,0.0,0.0,0.0,0.0
refrigeration,none,test_utility_2,single_family,13,0.0,0.0,0.0,0.0,0.0,0.0,0.0,0.0,0.0,0.0,0.0,0.0,0.0,0.0,0.0,0.0,0.0,0.0,0.0,0.0,0.0,0.0,0.0,0.0,0.0,0.0,0.0,0.0,0.0,0.0,0.0
refrigeration,none,test_utility_2,single_family,14,0.0,0.0,0.0,0.0,0.0,0.0,0.0,0.0,0.0,0.0,0.0,0.0,0.0,0.0,0.0,0.0,0.0,0.0,0.0,0.0,0.0,0.0,0.0,0.0,0.0,0.0,0.0,0.0,0.0,0.0,0.0
refrigeration,none,test_utility_2,single_family,15,0.0,0.0,0.0,0.0,0.0,0.0,0.0,0.0,0.0,0.0,0.0,0.0,0.0,0.0,0.0,0.0,0.0,0.0,0.0,0.0,0.0,0.0,0.0,0.0,0.0,0.0,0.0,0.0,0.0,0.0,0.0
refrigeration,none,test_utility_2,single_family,16,0.0,0.0,0.0,0.0,0.0,0.0,0.0,0.0,0.0,0.0,0.0,0.0,0.0,0.0,0.0,0.0,0.0,0.0,0.0,0.0,0.0,0.0,0.0,0.0,0.0,0.0,0.0,0.0,0.0,0.0,0.0
refrigeration,none,test_utility_2,single_family,17,0.0,0.0,0.0,0.0,0.0,0.0,0.0,0.0,0.0,0.0,0.0,0.0,0.0,0.0,0.0,0.0,0.0,0.0,0.0,0.0,0.0,0.0,0.0,0.0,0.0,0.0,0.0,0.0,0.0,0.0,0.0
refrigeration,none,test_utility_2,single_family,18,0.0,0.0,0.0,0.0,0.0,0.0,0.0,0.0,0.0,0.0,0.0,0.0,0.0,0.0,0.0,0.0,0.0,0.0,0.0,0.0,0.0,0.0,0.0,0.0,0.0,0.0,0.0,0.0,0.0,0.0,0.0
refrigeration,none,test_utility_2,single_family,19,0.0,0.0,0.0,0.0,0.0,0.0,0.0,0.0,0.0,0.0,0.0,0.0,0.0,0.0,0.0,0.0,0.0,0.0,0.0,0.0,0.0,0.0,0.0,0.0,0.0,0.0,0.0,0.0,0.0,0.0,0.0
refrigeration,none,test_utility_2,multifamily_li,0,0.0,0.0,0.0,0.0,0.0,0.0,0.0,0.0,0.0,0.0,0.0,0.0,0.0,0.0,0.0,0.0,0.0,0.0,0.0,0.0,0.0,0.0,0.0,0.0,0.0,0.0,0.0,0.0,0.0,0.0,0.0
refrigeration,none,test_utility_2,multifamily_li,1,0.0,0.0,0.0,0.0,0.0,0.0,0.0,0.0,0.0,0.0,0.0,0.0,0.0,0.0,0.0,0.0,0.0,0.0,0.0,0.0,0.0,0.0,0.0,0.0,0.0,0.0,0.0,0.0,0.0,0.0,0.0
refrigeration,none,test_utility_2,multifamily_li,2,0.0,0.0,0.0,0.0,0.0,0.0,0.0,0.0,0.0,0.0,0.0,0.0,0.0,0.0,0.0,0.0,0.0,0.0,0.0,0.0,0.0,0.0,0.0,0.0,0.0,0.0,0.0,0.0,0.0,0.0,0.0
refrigeration,none,test_utility_2,multifamily_li,3,0.0,0.0,0.0,0.0,0.0,0.0,0.0,0.0,0.0,0.0,0.0,0.0,0.0,0.0,0.0,0.0,0.0,0.0,0.0,0.0,0.0,0.0,0.0,0.0,0.0,0.0,0.0,0.0,0.0,0.0,0.0
refrigeration,none,test_utility_2,multifamily_li,4,0.0,0.0,0.0,0.0,0.0,0.0,0.0,0.0,0.0,0.0,0.0,0.0,0.0,0.0,0.0,0.0,0.0,0.0,0.0,0.0,0.0,0.0,0.0,0.0,0.0,0.0,0.0,0.0,0.0,0.0,0.0
refrigeration,none,test_utility_2,multifamily_li,5,0.0,0.0,0.0,0.0,0.0,0.0,0.0,0.0,0.0,0.0,0.0,0.0,0.0,0.0,0.0,0.0,0.0,0.0,0.0,0.0,0.0,0.0,0.0,0.0,0.0,0.0,0.0,0.0,0.0,0.0,0.0
refrigeration,none,test_utility_2,multifamily_li,6,0.0,0.0,0.0,0.0,0.0,0.0,0.0,0.0,0.0,0.0,0.0,0.0,0.0,0.0,0.0,0.0,0.0,0.0,0.0,0.0,0.0,0.0,0.0,0.0,0.0,0.0,0.0,0.0,0.0,0.0,0.0
refrigeration,none,test_utility_2,multifamily_li,7,0.0,0.0,0.0,0.0,0.0,0.0,0.0,0.0,0.0,0.0,0.0,0.0,0.0,0.0,0.0,0.0,0.0,0.0,0.0,0.0,0.0,0.0,0.0,0.0,0.0,0.0,0.0,0.0,0.0,0.0,0.0
refrigeration,none,test_utility_2,multifamily_li,8,0.0,0.0,0.0,0.0,0.0,0.0,0.0,0.0,0.0,0.0,0.0,0.0,0.0,0.0,0.0,0.0,0.0,0.0,0.0,0.0,0.0,0.0,0.0,0.0,0.0,0.0,0.0,0.0,0.0,0.0,0.0
refrigeration,none,test_utility_2,multifamily_li,9,0.0,0.0,0.0,0.0,0.0,0.0,0.0,0.0,0.0,0.0,0.0,0.0,0.0,0.0,0.0,0.0,0.0,0.0,0.0,0.0,0.0,0.0,0.0,0.0,0.0,0.0,0.0,0.0,0.0,0.0,0.0
refrigeration,none,test_utility_2,multifamily_li,10,0.0,0.0,0.0,0.0,0.0,0.0,0.0,0.0,0.0,0.0,0.0,0.0,0.0,0.0,0.0,0.0,0.0,0.0,0.0,0.0,0.0,0.0,0.0,0.0,0.0,0.0,0.0,0.0,0.0,0.0,0.0
refrigeration,none,test_utility_2,multifamily_li,11,0.0,0.0,0.0,0.0,0.0,0.0,0.0,0.0,0.0,0.0,0.0,0.0,0.0,0.0,0.0,0.0,0.0,0.0,0.0,0.0,0.0,0.0,0.0,0.0,0.0,0.0,0.0,0.0,0.0,0.0,0.0
refrigeration,none,test_utility_2,multifamily_li,12,0.0,0.0,0.0,0.0,0.0,0.0,0.0,0.0,0.0,0.0,0.0,0.0,0.0,0.0,0.0,0.0,0.0,0.0,0.0,0.0,0.0,0.0,0.0,0.0,0.0,0.0,0.0,0.0,0.0,0.0,0.0
refrigeration,none,test_utility_2,multifamily_li,13,0.0,0.0,0.0,0.0,0.0,0.0,0.0,0.0,0.0,0.0,0.0,0.0,0.0,0.0,0.0,0.0,0.0,0.0,0.0,0.0,0.0,0.0,0.0,0.0,0.0,0.0,0.0,0.0,0.0,0.0,0.0
refrigeration,none,test_utility_2,multifamily_li,14,0.0,0.0,0.0,0.0,0.0,0.0,0.0,0.0,0.0,0.0,0.0,0.0,0.0,0.0,0.0,0.0,0.0,0.0,0.0,0.0,0.0,0.0,0.0,0.0,0.0,0.0,0.0,0.0,0.0,0.0,0.0
refrigeration,none,test_utility_2,multifamily_li,15,0.0,0.0,0.0,0.0,0.0,0.0,0.0,0.0,0.0,0.0,0.0,0.0,0.0,0.0,0.0,0.0,0.0,0.0,0.0,0.0,0.0,0.0,0.0,0.0,0.0,0.0,0.0,0.0,0.0,0.0,0.0
refrigeration,none,test_utility_2,multifamily_li,16,0.0,0.0,0.0,0.0,0.0,0.0,0.0,0.0,0.0,0.0,0.0,0.0,0.0,0.0,0.0,0.0,0.0,0.0,0.0,0.0,0.0,0.0,0.0,0.0,0.0,0.0,0.0,0.0,0.0,0.0,0.0
refrigeration,none,test_utility_2,multifamily_li,17,0.0,0.0,0.0,0.0,0.0,0.0,0.0,0.0,0.0,0.0,0.0,0.0,0.0,0.0,0.0,0.0,0.0,0.0,0.0,0.0,0.0,0.0,0.0,0.0,0.0,0.0,0.0,0.0,0.0,0.0,0.0
refrigeration,none,test_utility_2,multifamily_li,18,0.0,0.0,0.0,0.0,0.0,0.0,0.0,0.0,0.0,0.0,0.0,0.0,0.0,0.0,0.0,0.0,0.0,0.0,0.0,0.0,0.0,0.0,0.0,0.0,0.0,0.0,0.0,0.0,0.0,0.0,0.0
refrigeration,none,test_utility_2,multifamily_li,19,0.0,0.0,0.0,0.0,0.0,0.0,0.0,0.0,0.0,0.0,0.0,0.0,0.0,0.0,0.0,0.0,0.0,0.0,0.0,0.0,0.0,0.0,0.0,0.0,0.0,0.0,0.0,0.0,0.0,0.0,0.0
refrigeration,none,test_utility_2,single_family_li,0,0.0,0.0,0.0,0.0,0.0,0.0,0.0,0.0,0.0,0.0,0.0,0.0,0.0,0.0,0.0,0.0,0.0,0.0,0.0,0.0,0.0,0.0,0.0,0.0,0.0,0.0,0.0,0.0,0.0,0.0,0.0
refrigeration,none,test_utility_2,single_family_li,1,0.0,0.0,0.0,0.0,0.0,0.0,0.0,0.0,0.0,0.0,0.0,0.0,0.0,0.0,0.0,0.0,0.0,0.0,0.0,0.0,0.0,0.0,0.0,0.0,0.0,0.0,0.0,0.0,0.0,0.0,0.0
refrigeration,none,test_utility_2,single_family_li,2,0.0,0.0,0.0,0.0,0.0,0.0,0.0,0.0,0.0,0.0,0.0,0.0,0.0,0.0,0.0,0.0,0.0,0.0,0.0,0.0,0.0,0.0,0.0,0.0,0.0,0.0,0.0,0.0,0.0,0.0,0.0
refrigeration,none,test_utility_2,single_family_li,3,0.0,0.0,0.0,0.0,0.0,0.0,0.0,0.0,0.0,0.0,0.0,0.0,0.0,0.0,0.0,0.0,0.0,0.0,0.0,0.0,0.0,0.0,0.0,0.0,0.0,0.0,0.0,0.0,0.0,0.0,0.0
refrigeration,none,test_utility_2,single_family_li,4,0.0,0.0,0.0,0.0,0.0,0.0,0.0,0.0,0.0,0.0,0.0,0.0,0.0,0.0,0.0,0.0,0.0,0.0,0.0,0.0,0.0,0.0,0.0,0.0,0.0,0.0,0.0,0.0,0.0,0.0,0.0
refrigeration,none,test_utility_2,single_family_li,5,0.0,0.0,0.0,0.0,0.0,0.0,0.0,0.0,0.0,0.0,0.0,0.0,0.0,0.0,0.0,0.0,0.0,0.0,0.0,0.0,0.0,0.0,0.0,0.0,0.0,0.0,0.0,0.0,0.0,0.0,0.0
refrigeration,none,test_utility_2,single_family_li,6,0.0,0.0,0.0,0.0,0.0,0.0,0.0,0.0,0.0,0.0,0.0,0.0,0.0,0.0,0.0,0.0,0.0,0.0,0.0,0.0,0.0,0.0,0.0,0.0,0.0,0.0,0.0,0.0,0.0,0.0,0.0
refrigeration,none,test_utility_2,single_family_li,7,0.0,0.0,0.0,0.0,0.0,0.0,0.0,0.0,0.0,0.0,0.0,0.0,0.0,0.0,0.0,0.0,0.0,0.0,0.0,0.0,0.0,0.0,0.0,0.0,0.0,0.0,0.0,0.0,0.0,0.0,0.0
refrigeration,none,test_utility_2,single_family_li,8,0.0,0.0,0.0,0.0,0.0,0.0,0.0,0.0,0.0,0.0,0.0,0.0,0.0,0.0,0.0,0.0,0.0,0.0,0.0,0.0,0.0,0.0,0.0,0.0,0.0,0.0,0.0,0.0,0.0,0.0,0.0
refrigeration,none,test_utility_2,single_family_li,9,0.0,0.0,0.0,0.0,0.0,0.0,0.0,0.0,0.0,0.0,0.0,0.0,0.0,0.0,0.0,0.0,0.0,0.0,0.0,0.0,0.0,0.0,0.0,0.0,0.0,0.0,0.0,0.0,0.0,0.0,0.0
refrigeration,none,test_utility_2,single_family_li,10,0.0,0.0,0.0,0.0,0.0,0.0,0.0,0.0,0.0,0.0,0.0,0.0,0.0,0.0,0.0,0.0,0.0,0.0,0.0,0.0,0.0,0.0,0.0,0.0,0.0,0.0,0.0,0.0,0.0,0.0,0.0
refrigeration,none,test_utility_2,single_family_li,11,0.0,0.0,0.0,0.0,0.0,0.0,0.0,0.0,0.0,0.0,0.0,0.0,0.0,0.0,0.0,0.0,0.0,0.0,0.0,0.0,0.0,0.0,0.0,0.0,0.0,0.0,0.0,0.0,0.0,0.0,0.0
refrigeration,none,test_utility_2,single_family_li,12,0.0,0.0,0.0,0.0,0.0,0.0,0.0,0.0,0.0,0.0,0.0,0.0,0.0,0.0,0.0,0.0,0.0,0.0,0.0,0.0,0.0,0.0,0.0,0.0,0.0,0.0,0.0,0.0,0.0,0.0,0.0
refrigeration,none,test_utility_2,single_family_li,13,0.0,0.0,0.0,0.0,0.0,0.0,0.0,0.0,0.0,0.0,0.0,0.0,0.0,0.0,0.0,0.0,0.0,0.0,0.0,0.0,0.0,0.0,0.0,0.0,0.0,0.0,0.0,0.0,0.0,0.0,0.0
refrigeration,none,test_utility_2,single_family_li,14,0.0,0.0,0.0,0.0,0.0,0.0,0.0,0.0,0.0,0.0,0.0,0.0,0.0,0.0,0.0,0.0,0.0,0.0,0.0,0.0,0.0,0.0,0.0,0.0,0.0,0.0,0.0,0.0,0.0,0.0,0.0
refrigeration,none,test_utility_2,single_family_li,15,0.0,0.0,0.0,0.0,0.0,0.0,0.0,0.0,0.0,0.0,0.0,0.0,0.0,0.0,0.0,0.0,0.0,0.0,0.0,0.0,0.0,0.0,0.0,0.0,0.0,0.0,0.0,0.0,0.0,0.0,0.0
refrigeration,none,test_utility_2,single_family_li,16,0.0,0.0,0.0,0.0,0.0,0.0,0.0,0.0,0.0,0.0,0.0,0.0,0.0,0.0,0.0,0.0,0.0,0.0,0.0,0.0,0.0,0.0,0.0,0.0,0.0,0.0,0.0,0.0,0.0,0.0,0.0
refrigeration,none,test_utility_2,single_family_li,17,0.0,0.0,0.0,0.0,0.0,0.0,0.0,0.0,0.0,0.0,0.0,0.0,0.0,0.0,0.0,0.0,0.0,0.0,0.0,0.0,0.0,0.0,0.0,0.0,0.0,0.0,0.0,0.0,0.0,0.0,0.0
refrigeration,none,test_utility_2,single_family_li,18,0.0,0.0,0.0,0.0,0.0,0.0,0.0,0.0,0.0,0.0,0.0,0.0,0.0,0.0,0.0,0.0,0.0,0.0,0.0,0.0,0.0,0.0,0.0,0.0,0.0,0.0,0.0,0.0,0.0,0.0,0.0
refrigeration,none,test_utility_2,single_family_li,19,0.0,0.0,0.0,0.0,0.0,0.0,0.0,0.0,0.0,0.0,0.0,0.0,0.0,0.0,0.0,0.0,0.0,0.0,0.0,0.0,0.0,0.0,0.0,0.0,0.0,0.0,0.0,0.0,0.0,0.0,0.0
refrigeration,test_utility_2,test_utility_1,multifamily,0,0.0,0.0,0.0,0.0,0.0,0.0,0.0,0.0,0.0,0.0,0.0,0.0,0.0,0.0,0.0,0.0,0.0,0.0,0.0,0.0,0.0,0.0,0.0,0.0,0.0,0.0,0.0,0.0,0.0,0.0,0.0
refrigeration,test_utility_2,test_utility_1,multifamily,1,0.0,0.0,0.0,0.0,0.0,0.0,0.0,0.0,0.0,0.0,0.0,0.0,0.0,0.0,0.0,0.0,0.0,0.0,0.0,0.0,0.0,0.0,0.0,0.0,0.0,0.0,0.0,0.0,0.0,0.0,0.0
refrigeration,test_utility_2,test_utility_1,multifamily,2,0.0,0.0,0.0,0.0,0.0,0.0,0.0,0.0,0.0,0.0,0.0,0.0,0.0,0.0,0.0,0.0,0.0,0.0,0.0,0.0,0.0,0.0,0.0,0.0,0.0,0.0,0.0,0.0,0.0,0.0,0.0
refrigeration,test_utility_2,test_utility_1,multifamily,3,0.0,0.0,0.0,0.0,0.0,0.0,0.0,0.0,0.0,0.0,0.0,0.0,0.0,0.0,0.0,0.0,0.0,0.0,0.0,0.0,0.0,0.0,0.0,0.0,0.0,0.0,0.0,0.0,0.0,0.0,0.0
refrigeration,test_utility_2,test_utility_1,multifamily,4,0.0,0.0,0.0,0.0,0.0,0.0,0.0,0.0,0.0,0.0,0.0,0.0,0.0,0.0,0.0,0.0,0.0,0.0,0.0,0.0,0.0,0.0,0.0,0.0,0.0,0.0,0.0,0.0,0.0,0.0,0.0
refrigeration,test_utility_2,test_utility_1,multifamily,5,0.0,0.0,0.0,0.0,0.0,0.0,0.0,0.0,0.0,0.0,0.0,0.0,0.0,0.0,0.0,0.0,0.0,0.0,0.0,0.0,0.0,0.0,0.0,0.0,0.0,0.0,0.0,0.0,0.0,0.0,0.0
refrigeration,test_utility_2,test_utility_1,multifamily,6,0.0,0.0,0.0,0.0,0.0,0.0,0.0,0.0,0.0,0.0,0.0,0.0,0.0,0.0,0.0,0.0,0.0,0.0,0.0,0.0,0.0,0.0,0.0,0.0,0.0,0.0,0.0,0.0,0.0,0.0,0.0
refrigeration,test_utility_2,test_utility_1,multifamily,7,0.0,0.0,0.0,0.0,0.0,0.0,0.0,0.0,0.0,0.0,0.0,0.0,0.0,0.0,0.0,0.0,0.0,0.0,0.0,0.0,0.0,0.0,0.0,0.0,0.0,0.0,0.0,0.0,0.0,0.0,0.0
refrigeration,test_utility_2,test_utility_1,multifamily,8,0.0,0.0,0.0,0.0,0.0,0.0,0.0,0.0,0.0,0.0,0.0,0.0,0.0,0.0,0.0,0.0,0.0,0.0,0.0,0.0,0.0,0.0,0.0,0.0,0.0,0.0,0.0,0.0,0.0,0.0,0.0
refrigeration,test_utility_2,test_utility_1,multifamily,9,0.0,0.0,0.0,0.0,0.0,0.0,0.0,0.0,0.0,0.0,0.0,0.0,0.0,0.0,0.0,0.0,0.0,0.0,0.0,0.0,0.0,0.0,0.0,0.0,0.0,0.0,0.0,0.0,0.0,0.0,0.0
refrigeration,test_utility_2,test_utility_1,multifamily,10,0.0,0.0,0.0,0.0,0.0,0.0,0.0,0.0,0.0,0.0,0.0,0.0,0.0,0.0,0.0,0.0,0.0,0.0,0.0,0.0,0.0,0.0,0.0,0.0,0.0,0.0,0.0,0.0,0.0,0.0,0.0
refrigeration,test_utility_2,test_utility_1,multifamily,11,0.0,0.0,0.0,0.0,0.0,0.0,0.0,0.0,0.0,0.0,0.0,0.0,0.0,0.0,0.0,0.0,0.0,0.0,0.0,0.0,0.0,0.0,0.0,0.0,0.0,0.0,0.0,0.0,0.0,0.0,0.0
refrigeration,test_utility_2,test_utility_1,multifamily,12,0.0,0.0,0.0,0.0,0.0,0.0,0.0,0.0,0.0,0.0,0.0,0.0,0.0,0.0,0.0,0.0,0.0,0.0,0.0,0.0,0.0,0.0,0.0,0.0,0.0,0.0,0.0,0.0,0.0,0.0,0.0
refrigeration,test_utility_2,test_utility_1,multifamily,13,0.0,0.0,0.0,0.0,0.0,0.0,0.0,0.0,0.0,0.0,0.0,0.0,0.0,0.0,0.0,0.0,0.0,0.0,0.0,0.0,0.0,0.0,0.0,0.0,0.0,0.0,0.0,0.0,0.0,0.0,0.0
refrigeration,test_utility_2,test_utility_1,multifamily,14,0.0,0.0,0.0,0.0,0.0,0.0,0.0,0.0,0.0,0.0,0.0,0.0,0.0,0.0,0.0,0.0,0.0,0.0,0.0,0.0,0.0,0.0,0.0,0.0,0.0,0.0,0.0,0.0,0.0,0.0,0.0
refrigeration,test_utility_2,test_utility_1,multifamily,15,0.0,0.0,0.0,0.0,0.0,0.0,0.0,0.0,0.0,0.0,0.0,0.0,0.0,0.0,0.0,0.0,0.0,0.0,0.0,0.0,0.0,0.0,0.0,0.0,0.0,0.0,0.0,0.0,0.0,0.0,0.0
refrigeration,test_utility_2,test_utility_1,multifamily,16,0.0,0.0,0.0,0.0,0.0,0.0,0.0,0.0,0.0,0.0,0.0,0.0,0.0,0.0,0.0,0.0,0.0,0.0,0.0,0.0,0.0,0.0,0.0,0.0,0.0,0.0,0.0,0.0,0.0,0.0,0.0
refrigeration,test_utility_2,test_utility_1,multifamily,17,0.0,0.0,0.0,0.0,0.0,0.0,0.0,0.0,0.0,0.0,0.0,0.0,0.0,0.0,0.0,0.0,0.0,0.0,0.0,0.0,0.0,0.0,0.0,0.0,0.0,0.0,0.0,0.0,0.0,0.0,0.0
refrigeration,test_utility_2,test_utility_1,multifamily,18,0.0,0.0,0.0,0.0,0.0,0.0,0.0,0.0,0.0,0.0,0.0,0.0,0.0,0.0,0.0,0.0,0.0,0.0,0.0,0.0,0.0,0.0,0.0,0.0,0.0,0.0,0.0,0.0,0.0,0.0,0.0
refrigeration,test_utility_2,test_utility_1,multifamily,19,0.0,0.0,0.0,0.0,0.0,0.0,0.0,0.0,0.0,0.0,0.0,0.0,0.0,0.0,0.0,0.0,0.0,0.0,0.0,0.0,0.0,0.0,0.0,0.0,0.0,0.0,0.0,0.0,0.0,0.0,0.0
refrigeration,test_utility_2,test_utility_1,single_family,0,0.0,0.0,0.0,0.0,0.0,0.0,0.0,0.0,0.0,0.0,0.0,0.0,0.0,0.0,0.0,0.0,0.0,0.0,0.0,0.0,0.0,0.0,0.0,0.0,0.0,0.0,0.0,0.0,0.0,0.0,0.0
refrigeration,test_utility_2,test_utility_1,single_family,1,0.0,0.0,0.0,0.0,0.0,0.0,0.0,0.0,0.0,0.0,0.0,0.0,0.0,0.0,0.0,0.0,0.0,0.0,0.0,0.0,0.0,0.0,0.0,0.0,0.0,0.0,0.0,0.0,0.0,0.0,0.0
refrigeration,test_utility_2,test_utility_1,single_family,2,0.0,0.0,0.0,0.0,0.0,0.0,0.0,0.0,0.0,0.0,0.0,0.0,0.0,0.0,0.0,0.0,0.0,0.0,0.0,0.0,0.0,0.0,0.0,0.0,0.0,0.0,0.0,0.0,0.0,0.0,0.0
refrigeration,test_utility_2,test_utility_1,single_family,3,0.0,0.0,0.0,0.0,0.0,0.0,0.0,0.0,0.0,0.0,0.0,0.0,0.0,0.0,0.0,0.0,0.0,0.0,0.0,0.0,0.0,0.0,0.0,0.0,0.0,0.0,0.0,0.0,0.0,0.0,0.0
refrigeration,test_utility_2,test_utility_1,single_family,4,0.0,0.0,0.0,0.0,0.0,0.0,0.0,0.0,0.0,0.0,0.0,0.0,0.0,0.0,0.0,0.0,0.0,0.0,0.0,0.0,0.0,0.0,0.0,0.0,0.0,0.0,0.0,0.0,0.0,0.0,0.0
refrigeration,test_utility_2,test_utility_1,single_family,5,0.0,0.0,0.0,0.0,0.0,0.0,0.0,0.0,0.0,0.0,0.0,0.0,0.0,0.0,0.0,0.0,0.0,0.0,0.0,0.0,0.0,0.0,0.0,0.0,0.0,0.0,0.0,0.0,0.0,0.0,0.0
refrigeration,test_utility_2,test_utility_1,single_family,6,0.0,0.0,0.0,0.0,0.0,0.0,0.0,0.0,0.0,0.0,0.0,0.0,0.0,0.0,0.0,0.0,0.0,0.0,0.0,0.0,0.0,0.0,0.0,0.0,0.0,0.0,0.0,0.0,0.0,0.0,0.0
refrigeration,test_utility_2,test_utility_1,single_family,7,0.0,0.0,0.0,0.0,0.0,0.0,0.0,0.0,0.0,0.0,0.0,0.0,0.0,0.0,0.0,0.0,0.0,0.0,0.0,0.0,0.0,0.0,0.0,0.0,0.0,0.0,0.0,0.0,0.0,0.0,0.0
refrigeration,test_utility_2,test_utility_1,single_family,8,0.0,0.0,0.0,0.0,0.0,0.0,0.0,0.0,0.0,0.0,0.0,0.0,0.0,0.0,0.0,0.0,0.0,0.0,0.0,0.0,0.0,0.0,0.0,0.0,0.0,0.0,0.0,0.0,0.0,0.0,0.0
refrigeration,test_utility_2,test_utility_1,single_family,9,0.0,0.0,0.0,0.0,0.0,0.0,0.0,0.0,0.0,0.0,0.0,0.0,0.0,0.0,0.0,0.0,0.0,0.0,0.0,0.0,0.0,0.0,0.0,0.0,0.0,0.0,0.0,0.0,0.0,0.0,0.0
refrigeration,test_utility_2,test_utility_1,single_family,10,0.0,0.0,0.0,0.0,0.0,0.0,0.0,0.0,0.0,0.0,0.0,0.0,0.0,0.0,0.0,0.0,0.0,0.0,0.0,0.0,0.0,0.0,0.0,0.0,0.0,0.0,0.0,0.0,0.0,0.0,0.0
refrigeration,test_utility_2,test_utility_1,single_family,11,0.0,0.0,0.0,0.0,0.0,0.0,0.0,0.0,0.0,0.0,0.0,0.0,0.0,0.0,0.0,0.0,0.0,0.0,0.0,0.0,0.0,0.0,0.0,0.0,0.0,0.0,0.0,0.0,0.0,0.0,0.0
refrigeration,test_utility_2,test_utility_1,single_family,12,0.0,0.0,0.0,0.0,0.0,0.0,0.0,0.0,0.0,0.0,0.0,0.0,0.0,0.0,0.0,0.0,0.0,0.0,0.0,0.0,0.0,0.0,0.0,0.0,0.0,0.0,0.0,0.0,0.0,0.0,0.0
refrigeration,test_utility_2,test_utility_1,single_family,13,0.0,0.0,0.0,0.0,0.0,0.0,0.0,0.0,0.0,0.0,0.0,0.0,0.0,0.0,0.0,0.0,0.0,0.0,0.0,0.0,0.0,0.0,0.0,0.0,0.0,0.0,0.0,0.0,0.0,0.0,0.0
refrigeration,test_utility_2,test_utility_1,single_family,14,0.0,0.0,0.0,0.0,0.0,0.0,0.0,0.0,0.0,0.0,0.0,0.0,0.0,0.0,0.0,0.0,0.0,0.0,0.0,0.0,0.0,0.0,0.0,0.0,0.0,0.0,0.0,0.0,0.0,0.0,0.0
refrigeration,test_utility_2,test_utility_1,single_family,15,0.0,0.0,0.0,0.0,0.0,0.0,0.0,0.0,0.0,0.0,0.0,0.0,0.0,0.0,0.0,0.0,0.0,0.0,0.0,0.0,0.0,0.0,0.0,0.0,0.0,0.0,0.0,0.0,0.0,0.0,0.0
refrigeration,test_utility_2,test_utility_1,single_family,16,0.0,0.0,0.0,0.0,0.0,0.0,0.0,0.0,0.0,0.0,0.0,0.0,0.0,0.0,0.0,0.0,0.0,0.0,0.0,0.0,0.0,0.0,0.0,0.0,0.0,0.0,0.0,0.0,0.0,0.0,0.0
refrigeration,test_utility_2,test_utility_1,single_family,17,0.0,0.0,0.0,0.0,0.0,0.0,0.0,0.0,0.0,0.0,0.0,0.0,0.0,0.0,0.0,0.0,0.0,0.0,0.0,0.0,0.0,0.0,0.0,0.0,0.0,0.0,0.0,0.0,0.0,0.0,0.0
refrigeration,test_utility_2,test_utility_1,single_family,18,0.0,0.0,0.0,0.0,0.0,0.0,0.0,0.0,0.0,0.0,0.0,0.0,0.0,0.0,0.0,0.0,0.0,0.0,0.0,0.0,0.0,0.0,0.0,0.0,0.0,0.0,0.0,0.0,0.0,0.0,0.0
refrigeration,test_utility_2,test_utility_1,single_family,19,0.0,0.0,0.0,0.0,0.0,0.0,0.0,0.0,0.0,0.0,0.0,0.0,0.0,0.0,0.0,0.0,0.0,0.0,0.0,0.0,0.0,0.0,0.0,0.0,0.0,0.0,0.0,0.0,0.0,0.0,0.0
refrigeration,test_utility_2,test_utility_1,multifamily_li,0,0.0,0.0,0.0,0.0,0.0,0.0,0.0,0.0,0.0,0.0,0.0,0.0,0.0,0.0,0.0,0.0,0.0,0.0,0.0,0.0,0.0,0.0,0.0,0.0,0.0,0.0,0.0,0.0,0.0,0.0,0.0
refrigeration,test_utility_2,test_utility_1,multifamily_li,1,0.0,0.0,0.0,0.0,0.0,0.0,0.0,0.0,0.0,0.0,0.0,0.0,0.0,0.0,0.0,0.0,0.0,0.0,0.0,0.0,0.0,0.0,0.0,0.0,0.0,0.0,0.0,0.0,0.0,0.0,0.0
refrigeration,test_utility_2,test_utility_1,multifamily_li,2,0.0,0.0,0.0,0.0,0.0,0.0,0.0,0.0,0.0,0.0,0.0,0.0,0.0,0.0,0.0,0.0,0.0,0.0,0.0,0.0,0.0,0.0,0.0,0.0,0.0,0.0,0.0,0.0,0.0,0.0,0.0
refrigeration,test_utility_2,test_utility_1,multifamily_li,3,0.0,0.0,0.0,0.0,0.0,0.0,0.0,0.0,0.0,0.0,0.0,0.0,0.0,0.0,0.0,0.0,0.0,0.0,0.0,0.0,0.0,0.0,0.0,0.0,0.0,0.0,0.0,0.0,0.0,0.0,0.0
refrigeration,test_utility_2,test_utility_1,multifamily_li,4,0.0,0.0,0.0,0.0,0.0,0.0,0.0,0.0,0.0,0.0,0.0,0.0,0.0,0.0,0.0,0.0,0.0,0.0,0.0,0.0,0.0,0.0,0.0,0.0,0.0,0.0,0.0,0.0,0.0,0.0,0.0
refrigeration,test_utility_2,test_utility_1,multifamily_li,5,0.0,0.0,0.0,0.0,0.0,0.0,0.0,0.0,0.0,0.0,0.0,0.0,0.0,0.0,0.0,0.0,0.0,0.0,0.0,0.0,0.0,0.0,0.0,0.0,0.0,0.0,0.0,0.0,0.0,0.0,0.0
refrigeration,test_utility_2,test_utility_1,multifamily_li,6,0.0,0.0,0.0,0.0,0.0,0.0,0.0,0.0,0.0,0.0,0.0,0.0,0.0,0.0,0.0,0.0,0.0,0.0,0.0,0.0,0.0,0.0,0.0,0.0,0.0,0.0,0.0,0.0,0.0,0.0,0.0
refrigeration,test_utility_2,test_utility_1,multifamily_li,7,0.0,0.0,0.0,0.0,0.0,0.0,0.0,0.0,0.0,0.0,0.0,0.0,0.0,0.0,0.0,0.0,0.0,0.0,0.0,0.0,0.0,0.0,0.0,0.0,0.0,0.0,0.0,0.0,0.0,0.0,0.0
refrigeration,test_utility_2,test_utility_1,multifamily_li,8,0.0,0.0,0.0,0.0,0.0,0.0,0.0,0.0,0.0,0.0,0.0,0.0,0.0,0.0,0.0,0.0,0.0,0.0,0.0,0.0,0.0,0.0,0.0,0.0,0.0,0.0,0.0,0.0,0.0,0.0,0.0
refrigeration,test_utility_2,test_utility_1,multifamily_li,9,0.0,0.0,0.0,0.0,0.0,0.0,0.0,0.0,0.0,0.0,0.0,0.0,0.0,0.0,0.0,0.0,0.0,0.0,0.0,0.0,0.0,0.0,0.0,0.0,0.0,0.0,0.0,0.0,0.0,0.0,0.0
refrigeration,test_utility_2,test_utility_1,multifamily_li,10,0.0,0.0,0.0,0.0,0.0,0.0,0.0,0.0,0.0,0.0,0.0,0.0,0.0,0.0,0.0,0.0,0.0,0.0,0.0,0.0,0.0,0.0,0.0,0.0,0.0,0.0,0.0,0.0,0.0,0.0,0.0
refrigeration,test_utility_2,test_utility_1,multifamily_li,11,0.0,0.0,0.0,0.0,0.0,0.0,0.0,0.0,0.0,0.0,0.0,0.0,0.0,0.0,0.0,0.0,0.0,0.0,0.0,0.0,0.0,0.0,0.0,0.0,0.0,0.0,0.0,0.0,0.0,0.0,0.0
refrigeration,test_utility_2,test_utility_1,multifamily_li,12,0.0,0.0,0.0,0.0,0.0,0.0,0.0,0.0,0.0,0.0,0.0,0.0,0.0,0.0,0.0,0.0,0.0,0.0,0.0,0.0,0.0,0.0,0.0,0.0,0.0,0.0,0.0,0.0,0.0,0.0,0.0
refrigeration,test_utility_2,test_utility_1,multifamily_li,13,0.0,0.0,0.0,0.0,0.0,0.0,0.0,0.0,0.0,0.0,0.0,0.0,0.0,0.0,0.0,0.0,0.0,0.0,0.0,0.0,0.0,0.0,0.0,0.0,0.0,0.0,0.0,0.0,0.0,0.0,0.0
refrigeration,test_utility_2,test_utility_1,multifamily_li,14,0.0,0.0,0.0,0.0,0.0,0.0,0.0,0.0,0.0,0.0,0.0,0.0,0.0,0.0,0.0,0.0,0.0,0.0,0.0,0.0,0.0,0.0,0.0,0.0,0.0,0.0,0.0,0.0,0.0,0.0,0.0
refrigeration,test_utility_2,test_utility_1,multifamily_li,15,0.0,0.0,0.0,0.0,0.0,0.0,0.0,0.0,0.0,0.0,0.0,0.0,0.0,0.0,0.0,0.0,0.0,0.0,0.0,0.0,0.0,0.0,0.0,0.0,0.0,0.0,0.0,0.0,0.0,0.0,0.0
refrigeration,test_utility_2,test_utility_1,multifamily_li,16,0.0,0.0,0.0,0.0,0.0,0.0,0.0,0.0,0.0,0.0,0.0,0.0,0.0,0.0,0.0,0.0,0.0,0.0,0.0,0.0,0.0,0.0,0.0,0.0,0.0,0.0,0.0,0.0,0.0,0.0,0.0
refrigeration,test_utility_2,test_utility_1,multifamily_li,17,0.0,0.0,0.0,0.0,0.0,0.0,0.0,0.0,0.0,0.0,0.0,0.0,0.0,0.0,0.0,0.0,0.0,0.0,0.0,0.0,0.0,0.0,0.0,0.0,0.0,0.0,0.0,0.0,0.0,0.0,0.0
refrigeration,test_utility_2,test_utility_1,multifamily_li,18,0.0,0.0,0.0,0.0,0.0,0.0,0.0,0.0,0.0,0.0,0.0,0.0,0.0,0.0,0.0,0.0,0.0,0.0,0.0,0.0,0.0,0.0,0.0,0.0,0.0,0.0,0.0,0.0,0.0,0.0,0.0
refrigeration,test_utility_2,test_utility_1,multifamily_li,19,0.0,0.0,0.0,0.0,0.0,0.0,0.0,0.0,0.0,0.0,0.0,0.0,0.0,0.0,0.0,0.0,0.0,0.0,0.0,0.0,0.0,0.0,0.0,0.0,0.0,0.0,0.0,0.0,0.0,0.0,0.0
refrigeration,test_utility_2,test_utility_1,single_family_li,0,0.0,0.0,0.0,0.0,0.0,0.0,0.0,0.0,0.0,0.0,0.0,0.0,0.0,0.0,0.0,0.0,0.0,0.0,0.0,0.0,0.0,0.0,0.0,0.0,0.0,0.0,0.0,0.0,0.0,0.0,0.0
refrigeration,test_utility_2,test_utility_1,single_family_li,1,0.0,0.0,0.0,0.0,0.0,0.0,0.0,0.0,0.0,0.0,0.0,0.0,0.0,0.0,0.0,0.0,0.0,0.0,0.0,0.0,0.0,0.0,0.0,0.0,0.0,0.0,0.0,0.0,0.0,0.0,0.0
refrigeration,test_utility_2,test_utility_1,single_family_li,2,0.0,0.0,0.0,0.0,0.0,0.0,0.0,0.0,0.0,0.0,0.0,0.0,0.0,0.0,0.0,0.0,0.0,0.0,0.0,0.0,0.0,0.0,0.0,0.0,0.0,0.0,0.0,0.0,0.0,0.0,0.0
refrigeration,test_utility_2,test_utility_1,single_family_li,3,0.0,0.0,0.0,0.0,0.0,0.0,0.0,0.0,0.0,0.0,0.0,0.0,0.0,0.0,0.0,0.0,0.0,0.0,0.0,0.0,0.0,0.0,0.0,0.0,0.0,0.0,0.0,0.0,0.0,0.0,0.0
refrigeration,test_utility_2,test_utility_1,single_family_li,4,0.0,0.0,0.0,0.0,0.0,0.0,0.0,0.0,0.0,0.0,0.0,0.0,0.0,0.0,0.0,0.0,0.0,0.0,0.0,0.0,0.0,0.0,0.0,0.0,0.0,0.0,0.0,0.0,0.0,0.0,0.0
refrigeration,test_utility_2,test_utility_1,single_family_li,5,0.0,0.0,0.0,0.0,0.0,0.0,0.0,0.0,0.0,0.0,0.0,0.0,0.0,0.0,0.0,0.0,0.0,0.0,0.0,0.0,0.0,0.0,0.0,0.0,0.0,0.0,0.0,0.0,0.0,0.0,0.0
refrigeration,test_utility_2,test_utility_1,single_family_li,6,0.0,0.0,0.0,0.0,0.0,0.0,0.0,0.0,0.0,0.0,0.0,0.0,0.0,0.0,0.0,0.0,0.0,0.0,0.0,0.0,0.0,0.0,0.0,0.0,0.0,0.0,0.0,0.0,0.0,0.0,0.0
refrigeration,test_utility_2,test_utility_1,single_family_li,7,0.0,0.0,0.0,0.0,0.0,0.0,0.0,0.0,0.0,0.0,0.0,0.0,0.0,0.0,0.0,0.0,0.0,0.0,0.0,0.0,0.0,0.0,0.0,0.0,0.0,0.0,0.0,0.0,0.0,0.0,0.0
refrigeration,test_utility_2,test_utility_1,single_family_li,8,0.0,0.0,0.0,0.0,0.0,0.0,0.0,0.0,0.0,0.0,0.0,0.0,0.0,0.0,0.0,0.0,0.0,0.0,0.0,0.0,0.0,0.0,0.0,0.0,0.0,0.0,0.0,0.0,0.0,0.0,0.0
refrigeration,test_utility_2,test_utility_1,single_family_li,9,0.0,0.0,0.0,0.0,0.0,0.0,0.0,0.0,0.0,0.0,0.0,0.0,0.0,0.0,0.0,0.0,0.0,0.0,0.0,0.0,0.0,0.0,0.0,0.0,0.0,0.0,0.0,0.0,0.0,0.0,0.0
refrigeration,test_utility_2,test_utility_1,single_family_li,10,0.0,0.0,0.0,0.0,0.0,0.0,0.0,0.0,0.0,0.0,0.0,0.0,0.0,0.0,0.0,0.0,0.0,0.0,0.0,0.0,0.0,0.0,0.0,0.0,0.0,0.0,0.0,0.0,0.0,0.0,0.0
refrigeration,test_utility_2,test_utility_1,single_family_li,11,0.0,0.0,0.0,0.0,0.0,0.0,0.0,0.0,0.0,0.0,0.0,0.0,0.0,0.0,0.0,0.0,0.0,0.0,0.0,0.0,0.0,0.0,0.0,0.0,0.0,0.0,0.0,0.0,0.0,0.0,0.0
refrigeration,test_utility_2,test_utility_1,single_family_li,12,0.0,0.0,0.0,0.0,0.0,0.0,0.0,0.0,0.0,0.0,0.0,0.0,0.0,0.0,0.0,0.0,0.0,0.0,0.0,0.0,0.0,0.0,0.0,0.0,0.0,0.0,0.0,0.0,0.0,0.0,0.0
refrigeration,test_utility_2,test_utility_1,single_family_li,13,0.0,0.0,0.0,0.0,0.0,0.0,0.0,0.0,0.0,0.0,0.0,0.0,0.0,0.0,0.0,0.0,0.0,0.0,0.0,0.0,0.0,0.0,0.0,0.0,0.0,0.0,0.0,0.0,0.0,0.0,0.0
refrigeration,test_utility_2,test_utility_1,single_family_li,14,0.0,0.0,0.0,0.0,0.0,0.0,0.0,0.0,0.0,0.0,0.0,0.0,0.0,0.0,0.0,0.0,0.0,0.0,0.0,0.0,0.0,0.0,0.0,0.0,0.0,0.0,0.0,0.0,0.0,0.0,0.0
refrigeration,test_utility_2,test_utility_1,single_family_li,15,0.0,0.0,0.0,0.0,0.0,0.0,0.0,0.0,0.0,0.0,0.0,0.0,0.0,0.0,0.0,0.0,0.0,0.0,0.0,0.0,0.0,0.0,0.0,0.0,0.0,0.0,0.0,0.0,0.0,0.0,0.0
refrigeration,test_utility_2,test_utility_1,single_family_li,16,0.0,0.0,0.0,0.0,0.0,0.0,0.0,0.0,0.0,0.0,0.0,0.0,0.0,0.0,0.0,0.0,0.0,0.0,0.0,0.0,0.0,0.0,0.0,0.0,0.0,0.0,0.0,0.0,0.0,0.0,0.0
refrigeration,test_utility_2,test_utility_1,single_family_li,17,0.0,0.0,0.0,0.0,0.0,0.0,0.0,0.0,0.0,0.0,0.0,0.0,0.0,0.0,0.0,0.0,0.0,0.0,0.0,0.0,0.0,0.0,0.0,0.0,0.0,0.0,0.0,0.0,0.0,0.0,0.0
refrigeration,test_utility_2,test_utility_1,single_family_li,18,0.0,0.0,0.0,0.0,0.0,0.0,0.0,0.0,0.0,0.0,0.0,0.0,0.0,0.0,0.0,0.0,0.0,0.0,0.0,0.0,0.0,0.0,0.0,0.0,0.0,0.0,0.0,0.0,0.0,0.0,0.0
refrigeration,test_utility_2,test_utility_1,single_family_li,19,0.0,0.0,0.0,0.0,0.0,0.0,0.0,0.0,0.0,0.0,0.0,0.0,0.0,0.0,0.0,0.0,0.0,0.0,0.0,0.0,0.0,0.0,0.0,0.0,0.0,0.0,0.0,0.0,0.0,0.0,0.0
refrigeration,test_utility_2,none,multifamily,0,0.0,0.0,0.0,0.0,0.0,0.0,0.0,0.0,0.0,0.0,0.0,0.0,0.0,0.0,0.0,0.0,0.0,0.0,0.0,0.0,0.0,0.0,0.0,0.0,0.0,0.0,0.0,0.0,0.0,0.0,0.0
refrigeration,test_utility_2,none,multifamily,1,0.0,0.0,0.0,0.0,0.0,0.0,0.0,0.0,0.0,0.0,0.0,0.0,0.0,0.0,0.0,0.0,0.0,0.0,0.0,0.0,0.0,0.0,0.0,0.0,0.0,0.0,0.0,0.0,0.0,0.0,0.0
refrigeration,test_utility_2,none,multifamily,2,0.0,0.0,0.0,0.0,0.0,0.0,0.0,0.0,0.0,0.0,0.0,0.0,0.0,0.0,0.0,0.0,0.0,0.0,0.0,0.0,0.0,0.0,0.0,0.0,0.0,0.0,0.0,0.0,0.0,0.0,0.0
refrigeration,test_utility_2,none,multifamily,3,0.0,0.0,0.0,0.0,0.0,0.0,0.0,0.0,0.0,0.0,0.0,0.0,0.0,0.0,0.0,0.0,0.0,0.0,0.0,0.0,0.0,0.0,0.0,0.0,0.0,0.0,0.0,0.0,0.0,0.0,0.0
refrigeration,test_utility_2,none,multifamily,4,0.0,0.0,0.0,0.0,0.0,0.0,0.0,0.0,0.0,0.0,0.0,0.0,0.0,0.0,0.0,0.0,0.0,0.0,0.0,0.0,0.0,0.0,0.0,0.0,0.0,0.0,0.0,0.0,0.0,0.0,0.0
refrigeration,test_utility_2,none,multifamily,5,0.0,0.0,0.0,0.0,0.0,0.0,0.0,0.0,0.0,0.0,0.0,0.0,0.0,0.0,0.0,0.0,0.0,0.0,0.0,0.0,0.0,0.0,0.0,0.0,0.0,0.0,0.0,0.0,0.0,0.0,0.0
refrigeration,test_utility_2,none,multifamily,6,0.0,0.0,0.0,0.0,0.0,0.0,0.0,0.0,0.0,0.0,0.0,0.0,0.0,0.0,0.0,0.0,0.0,0.0,0.0,0.0,0.0,0.0,0.0,0.0,0.0,0.0,0.0,0.0,0.0,0.0,0.0
refrigeration,test_utility_2,none,multifamily,7,0.0,0.0,0.0,0.0,0.0,0.0,0.0,0.0,0.0,0.0,0.0,0.0,0.0,0.0,0.0,0.0,0.0,0.0,0.0,0.0,0.0,0.0,0.0,0.0,0.0,0.0,0.0,0.0,0.0,0.0,0.0
refrigeration,test_utility_2,none,multifamily,8,0.0,0.0,0.0,0.0,0.0,0.0,0.0,0.0,0.0,0.0,0.0,0.0,0.0,0.0,0.0,0.0,0.0,0.0,0.0,0.0,0.0,0.0,0.0,0.0,0.0,0.0,0.0,0.0,0.0,0.0,0.0
refrigeration,test_utility_2,none,multifamily,9,0.0,0.0,0.0,0.0,0.0,0.0,0.0,0.0,0.0,0.0,0.0,0.0,0.0,0.0,0.0,0.0,0.0,0.0,0.0,0.0,0.0,0.0,0.0,0.0,0.0,0.0,0.0,0.0,0.0,0.0,0.0
refrigeration,test_utility_2,none,multifamily,10,0.0,0.0,0.0,0.0,0.0,0.0,0.0,0.0,0.0,0.0,0.0,0.0,0.0,0.0,0.0,0.0,0.0,0.0,0.0,0.0,0.0,0.0,0.0,0.0,0.0,0.0,0.0,0.0,0.0,0.0,0.0
refrigeration,test_utility_2,none,multifamily,11,0.0,0.0,0.0,0.0,0.0,0.0,0.0,0.0,0.0,0.0,0.0,0.0,0.0,0.0,0.0,0.0,0.0,0.0,0.0,0.0,0.0,0.0,0.0,0.0,0.0,0.0,0.0,0.0,0.0,0.0,0.0
refrigeration,test_utility_2,none,multifamily,12,0.0,0.0,0.0,0.0,0.0,0.0,0.0,0.0,0.0,0.0,0.0,0.0,0.0,0.0,0.0,0.0,0.0,0.0,0.0,0.0,0.0,0.0,0.0,0.0,0.0,0.0,0.0,0.0,0.0,0.0,0.0
refrigeration,test_utility_2,none,multifamily,13,0.0,0.0,0.0,0.0,0.0,0.0,0.0,0.0,0.0,0.0,0.0,0.0,0.0,0.0,0.0,0.0,0.0,0.0,0.0,0.0,0.0,0.0,0.0,0.0,0.0,0.0,0.0,0.0,0.0,0.0,0.0
refrigeration,test_utility_2,none,multifamily,14,0.0,0.0,0.0,0.0,0.0,0.0,0.0,0.0,0.0,0.0,0.0,0.0,0.0,0.0,0.0,0.0,0.0,0.0,0.0,0.0,0.0,0.0,0.0,0.0,0.0,0.0,0.0,0.0,0.0,0.0,0.0
refrigeration,test_utility_2,none,multifamily,15,0.0,0.0,0.0,0.0,0.0,0.0,0.0,0.0,0.0,0.0,0.0,0.0,0.0,0.0,0.0,0.0,0.0,0.0,0.0,0.0,0.0,0.0,0.0,0.0,0.0,0.0,0.0,0.0,0.0,0.0,0.0
refrigeration,test_utility_2,none,multifamily,16,0.0,0.0,0.0,0.0,0.0,0.0,0.0,0.0,0.0,0.0,0.0,0.0,0.0,0.0,0.0,0.0,0.0,0.0,0.0,0.0,0.0,0.0,0.0,0.0,0.0,0.0,0.0,0.0,0.0,0.0,0.0
refrigeration,test_utility_2,none,multifamily,17,0.0,0.0,0.0,0.0,0.0,0.0,0.0,0.0,0.0,0.0,0.0,0.0,0.0,0.0,0.0,0.0,0.0,0.0,0.0,0.0,0.0,0.0,0.0,0.0,0.0,0.0,0.0,0.0,0.0,0.0,0.0
refrigeration,test_utility_2,none,multifamily,18,0.0,0.0,0.0,0.0,0.0,0.0,0.0,0.0,0.0,0.0,0.0,0.0,0.0,0.0,0.0,0.0,0.0,0.0,0.0,0.0,0.0,0.0,0.0,0.0,0.0,0.0,0.0,0.0,0.0,0.0,0.0
refrigeration,test_utility_2,none,multifamily,19,0.0,0.0,0.0,0.0,0.0,0.0,0.0,0.0,0.0,0.0,0.0,0.0,0.0,0.0,0.0,0.0,0.0,0.0,0.0,0.0,0.0,0.0,0.0,0.0,0.0,0.0,0.0,0.0,0.0,0.0,0.0
refrigeration,test_utility_2,none,single_family,0,0.0,0.0,0.0,0.0,0.0,0.0,0.0,0.0,0.0,0.0,0.0,0.0,0.0,0.0,0.0,0.0,0.0,0.0,0.0,0.0,0.0,0.0,0.0,0.0,0.0,0.0,0.0,0.0,0.0,0.0,0.0
refrigeration,test_utility_2,none,single_family,1,0.0,0.0,0.0,0.0,0.0,0.0,0.0,0.0,0.0,0.0,0.0,0.0,0.0,0.0,0.0,0.0,0.0,0.0,0.0,0.0,0.0,0.0,0.0,0.0,0.0,0.0,0.0,0.0,0.0,0.0,0.0
refrigeration,test_utility_2,none,single_family,2,0.0,0.0,0.0,0.0,0.0,0.0,0.0,0.0,0.0,0.0,0.0,0.0,0.0,0.0,0.0,0.0,0.0,0.0,0.0,0.0,0.0,0.0,0.0,0.0,0.0,0.0,0.0,0.0,0.0,0.0,0.0
refrigeration,test_utility_2,none,single_family,3,0.0,0.0,0.0,0.0,0.0,0.0,0.0,0.0,0.0,0.0,0.0,0.0,0.0,0.0,0.0,0.0,0.0,0.0,0.0,0.0,0.0,0.0,0.0,0.0,0.0,0.0,0.0,0.0,0.0,0.0,0.0
refrigeration,test_utility_2,none,single_family,4,0.0,0.0,0.0,0.0,0.0,0.0,0.0,0.0,0.0,0.0,0.0,0.0,0.0,0.0,0.0,0.0,0.0,0.0,0.0,0.0,0.0,0.0,0.0,0.0,0.0,0.0,0.0,0.0,0.0,0.0,0.0
refrigeration,test_utility_2,none,single_family,5,0.0,0.0,0.0,0.0,0.0,0.0,0.0,0.0,0.0,0.0,0.0,0.0,0.0,0.0,0.0,0.0,0.0,0.0,0.0,0.0,0.0,0.0,0.0,0.0,0.0,0.0,0.0,0.0,0.0,0.0,0.0
refrigeration,test_utility_2,none,single_family,6,0.0,0.0,0.0,0.0,0.0,0.0,0.0,0.0,0.0,0.0,0.0,0.0,0.0,0.0,0.0,0.0,0.0,0.0,0.0,0.0,0.0,0.0,0.0,0.0,0.0,0.0,0.0,0.0,0.0,0.0,0.0
refrigeration,test_utility_2,none,single_family,7,0.0,0.0,0.0,0.0,0.0,0.0,0.0,0.0,0.0,0.0,0.0,0.0,0.0,0.0,0.0,0.0,0.0,0.0,0.0,0.0,0.0,0.0,0.0,0.0,0.0,0.0,0.0,0.0,0.0,0.0,0.0
refrigeration,test_utility_2,none,single_family,8,0.0,0.0,0.0,0.0,0.0,0.0,0.0,0.0,0.0,0.0,0.0,0.0,0.0,0.0,0.0,0.0,0.0,0.0,0.0,0.0,0.0,0.0,0.0,0.0,0.0,0.0,0.0,0.0,0.0,0.0,0.0
refrigeration,test_utility_2,none,single_family,9,0.0,0.0,0.0,0.0,0.0,0.0,0.0,0.0,0.0,0.0,0.0,0.0,0.0,0.0,0.0,0.0,0.0,0.0,0.0,0.0,0.0,0.0,0.0,0.0,0.0,0.0,0.0,0.0,0.0,0.0,0.0
refrigeration,test_utility_2,none,single_family,10,0.0,0.0,0.0,0.0,0.0,0.0,0.0,0.0,0.0,0.0,0.0,0.0,0.0,0.0,0.0,0.0,0.0,0.0,0.0,0.0,0.0,0.0,0.0,0.0,0.0,0.0,0.0,0.0,0.0,0.0,0.0
refrigeration,test_utility_2,none,single_family,11,0.0,0.0,0.0,0.0,0.0,0.0,0.0,0.0,0.0,0.0,0.0,0.0,0.0,0.0,0.0,0.0,0.0,0.0,0.0,0.0,0.0,0.0,0.0,0.0,0.0,0.0,0.0,0.0,0.0,0.0,0.0
refrigeration,test_utility_2,none,single_family,12,0.0,0.0,0.0,0.0,0.0,0.0,0.0,0.0,0.0,0.0,0.0,0.0,0.0,0.0,0.0,0.0,0.0,0.0,0.0,0.0,0.0,0.0,0.0,0.0,0.0,0.0,0.0,0.0,0.0,0.0,0.0
refrigeration,test_utility_2,none,single_family,13,0.0,0.0,0.0,0.0,0.0,0.0,0.0,0.0,0.0,0.0,0.0,0.0,0.0,0.0,0.0,0.0,0.0,0.0,0.0,0.0,0.0,0.0,0.0,0.0,0.0,0.0,0.0,0.0,0.0,0.0,0.0
refrigeration,test_utility_2,none,single_family,14,0.0,0.0,0.0,0.0,0.0,0.0,0.0,0.0,0.0,0.0,0.0,0.0,0.0,0.0,0.0,0.0,0.0,0.0,0.0,0.0,0.0,0.0,0.0,0.0,0.0,0.0,0.0,0.0,0.0,0.0,0.0
refrigeration,test_utility_2,none,single_family,15,0.0,0.0,0.0,0.0,0.0,0.0,0.0,0.0,0.0,0.0,0.0,0.0,0.0,0.0,0.0,0.0,0.0,0.0,0.0,0.0,0.0,0.0,0.0,0.0,0.0,0.0,0.0,0.0,0.0,0.0,0.0
refrigeration,test_utility_2,none,single_family,16,0.0,0.0,0.0,0.0,0.0,0.0,0.0,0.0,0.0,0.0,0.0,0.0,0.0,0.0,0.0,0.0,0.0,0.0,0.0,0.0,0.0,0.0,0.0,0.0,0.0,0.0,0.0,0.0,0.0,0.0,0.0
refrigeration,test_utility_2,none,single_family,17,0.0,0.0,0.0,0.0,0.0,0.0,0.0,0.0,0.0,0.0,0.0,0.0,0.0,0.0,0.0,0.0,0.0,0.0,0.0,0.0,0.0,0.0,0.0,0.0,0.0,0.0,0.0,0.0,0.0,0.0,0.0
refrigeration,test_utility_2,none,single_family,18,0.0,0.0,0.0,0.0,0.0,0.0,0.0,0.0,0.0,0.0,0.0,0.0,0.0,0.0,0.0,0.0,0.0,0.0,0.0,0.0,0.0,0.0,0.0,0.0,0.0,0.0,0.0,0.0,0.0,0.0,0.0
refrigeration,test_utility_2,none,single_family,19,0.0,0.0,0.0,0.0,0.0,0.0,0.0,0.0,0.0,0.0,0.0,0.0,0.0,0.0,0.0,0.0,0.0,0.0,0.0,0.0,0.0,0.0,0.0,0.0,0.0,0.0,0.0,0.0,0.0,0.0,0.0
refrigeration,test_utility_2,none,multifamily_li,0,0.0,0.0,0.0,0.0,0.0,0.0,0.0,0.0,0.0,0.0,0.0,0.0,0.0,0.0,0.0,0.0,0.0,0.0,0.0,0.0,0.0,0.0,0.0,0.0,0.0,0.0,0.0,0.0,0.0,0.0,0.0
refrigeration,test_utility_2,none,multifamily_li,1,0.0,0.0,0.0,0.0,0.0,0.0,0.0,0.0,0.0,0.0,0.0,0.0,0.0,0.0,0.0,0.0,0.0,0.0,0.0,0.0,0.0,0.0,0.0,0.0,0.0,0.0,0.0,0.0,0.0,0.0,0.0
refrigeration,test_utility_2,none,multifamily_li,2,0.0,0.0,0.0,0.0,0.0,0.0,0.0,0.0,0.0,0.0,0.0,0.0,0.0,0.0,0.0,0.0,0.0,0.0,0.0,0.0,0.0,0.0,0.0,0.0,0.0,0.0,0.0,0.0,0.0,0.0,0.0
refrigeration,test_utility_2,none,multifamily_li,3,0.0,0.0,0.0,0.0,0.0,0.0,0.0,0.0,0.0,0.0,0.0,0.0,0.0,0.0,0.0,0.0,0.0,0.0,0.0,0.0,0.0,0.0,0.0,0.0,0.0,0.0,0.0,0.0,0.0,0.0,0.0
refrigeration,test_utility_2,none,multifamily_li,4,0.0,0.0,0.0,0.0,0.0,0.0,0.0,0.0,0.0,0.0,0.0,0.0,0.0,0.0,0.0,0.0,0.0,0.0,0.0,0.0,0.0,0.0,0.0,0.0,0.0,0.0,0.0,0.0,0.0,0.0,0.0
refrigeration,test_utility_2,none,multifamily_li,5,0.0,0.0,0.0,0.0,0.0,0.0,0.0,0.0,0.0,0.0,0.0,0.0,0.0,0.0,0.0,0.0,0.0,0.0,0.0,0.0,0.0,0.0,0.0,0.0,0.0,0.0,0.0,0.0,0.0,0.0,0.0
refrigeration,test_utility_2,none,multifamily_li,6,0.0,0.0,0.0,0.0,0.0,0.0,0.0,0.0,0.0,0.0,0.0,0.0,0.0,0.0,0.0,0.0,0.0,0.0,0.0,0.0,0.0,0.0,0.0,0.0,0.0,0.0,0.0,0.0,0.0,0.0,0.0
refrigeration,test_utility_2,none,multifamily_li,7,0.0,0.0,0.0,0.0,0.0,0.0,0.0,0.0,0.0,0.0,0.0,0.0,0.0,0.0,0.0,0.0,0.0,0.0,0.0,0.0,0.0,0.0,0.0,0.0,0.0,0.0,0.0,0.0,0.0,0.0,0.0
refrigeration,test_utility_2,none,multifamily_li,8,0.0,0.0,0.0,0.0,0.0,0.0,0.0,0.0,0.0,0.0,0.0,0.0,0.0,0.0,0.0,0.0,0.0,0.0,0.0,0.0,0.0,0.0,0.0,0.0,0.0,0.0,0.0,0.0,0.0,0.0,0.0
refrigeration,test_utility_2,none,multifamily_li,9,0.0,0.0,0.0,0.0,0.0,0.0,0.0,0.0,0.0,0.0,0.0,0.0,0.0,0.0,0.0,0.0,0.0,0.0,0.0,0.0,0.0,0.0,0.0,0.0,0.0,0.0,0.0,0.0,0.0,0.0,0.0
refrigeration,test_utility_2,none,multifamily_li,10,0.0,0.0,0.0,0.0,0.0,0.0,0.0,0.0,0.0,0.0,0.0,0.0,0.0,0.0,0.0,0.0,0.0,0.0,0.0,0.0,0.0,0.0,0.0,0.0,0.0,0.0,0.0,0.0,0.0,0.0,0.0
refrigeration,test_utility_2,none,multifamily_li,11,0.0,0.0,0.0,0.0,0.0,0.0,0.0,0.0,0.0,0.0,0.0,0.0,0.0,0.0,0.0,0.0,0.0,0.0,0.0,0.0,0.0,0.0,0.0,0.0,0.0,0.0,0.0,0.0,0.0,0.0,0.0
refrigeration,test_utility_2,none,multifamily_li,12,0.0,0.0,0.0,0.0,0.0,0.0,0.0,0.0,0.0,0.0,0.0,0.0,0.0,0.0,0.0,0.0,0.0,0.0,0.0,0.0,0.0,0.0,0.0,0.0,0.0,0.0,0.0,0.0,0.0,0.0,0.0
refrigeration,test_utility_2,none,multifamily_li,13,0.0,0.0,0.0,0.0,0.0,0.0,0.0,0.0,0.0,0.0,0.0,0.0,0.0,0.0,0.0,0.0,0.0,0.0,0.0,0.0,0.0,0.0,0.0,0.0,0.0,0.0,0.0,0.0,0.0,0.0,0.0
refrigeration,test_utility_2,none,multifamily_li,14,0.0,0.0,0.0,0.0,0.0,0.0,0.0,0.0,0.0,0.0,0.0,0.0,0.0,0.0,0.0,0.0,0.0,0.0,0.0,0.0,0.0,0.0,0.0,0.0,0.0,0.0,0.0,0.0,0.0,0.0,0.0
refrigeration,test_utility_2,none,multifamily_li,15,0.0,0.0,0.0,0.0,0.0,0.0,0.0,0.0,0.0,0.0,0.0,0.0,0.0,0.0,0.0,0.0,0.0,0.0,0.0,0.0,0.0,0.0,0.0,0.0,0.0,0.0,0.0,0.0,0.0,0.0,0.0
refrigeration,test_utility_2,none,multifamily_li,16,0.0,0.0,0.0,0.0,0.0,0.0,0.0,0.0,0.0,0.0,0.0,0.0,0.0,0.0,0.0,0.0,0.0,0.0,0.0,0.0,0.0,0.0,0.0,0.0,0.0,0.0,0.0,0.0,0.0,0.0,0.0
refrigeration,test_utility_2,none,multifamily_li,17,0.0,0.0,0.0,0.0,0.0,0.0,0.0,0.0,0.0,0.0,0.0,0.0,0.0,0.0,0.0,0.0,0.0,0.0,0.0,0.0,0.0,0.0,0.0,0.0,0.0,0.0,0.0,0.0,0.0,0.0,0.0
refrigeration,test_utility_2,none,multifamily_li,18,0.0,0.0,0.0,0.0,0.0,0.0,0.0,0.0,0.0,0.0,0.0,0.0,0.0,0.0,0.0,0.0,0.0,0.0,0.0,0.0,0.0,0.0,0.0,0.0,0.0,0.0,0.0,0.0,0.0,0.0,0.0
refrigeration,test_utility_2,none,multifamily_li,19,0.0,0.0,0.0,0.0,0.0,0.0,0.0,0.0,0.0,0.0,0.0,0.0,0.0,0.0,0.0,0.0,0.0,0.0,0.0,0.0,0.0,0.0,0.0,0.0,0.0,0.0,0.0,0.0,0.0,0.0,0.0
refrigeration,test_utility_2,none,single_family_li,0,0.0,0.0,0.0,0.0,0.0,0.0,0.0,0.0,0.0,0.0,0.0,0.0,0.0,0.0,0.0,0.0,0.0,0.0,0.0,0.0,0.0,0.0,0.0,0.0,0.0,0.0,0.0,0.0,0.0,0.0,0.0
refrigeration,test_utility_2,none,single_family_li,1,0.0,0.0,0.0,0.0,0.0,0.0,0.0,0.0,0.0,0.0,0.0,0.0,0.0,0.0,0.0,0.0,0.0,0.0,0.0,0.0,0.0,0.0,0.0,0.0,0.0,0.0,0.0,0.0,0.0,0.0,0.0
refrigeration,test_utility_2,none,single_family_li,2,0.0,0.0,0.0,0.0,0.0,0.0,0.0,0.0,0.0,0.0,0.0,0.0,0.0,0.0,0.0,0.0,0.0,0.0,0.0,0.0,0.0,0.0,0.0,0.0,0.0,0.0,0.0,0.0,0.0,0.0,0.0
refrigeration,test_utility_2,none,single_family_li,3,0.0,0.0,0.0,0.0,0.0,0.0,0.0,0.0,0.0,0.0,0.0,0.0,0.0,0.0,0.0,0.0,0.0,0.0,0.0,0.0,0.0,0.0,0.0,0.0,0.0,0.0,0.0,0.0,0.0,0.0,0.0
refrigeration,test_utility_2,none,single_family_li,4,0.0,0.0,0.0,0.0,0.0,0.0,0.0,0.0,0.0,0.0,0.0,0.0,0.0,0.0,0.0,0.0,0.0,0.0,0.0,0.0,0.0,0.0,0.0,0.0,0.0,0.0,0.0,0.0,0.0,0.0,0.0
refrigeration,test_utility_2,none,single_family_li,5,0.0,0.0,0.0,0.0,0.0,0.0,0.0,0.0,0.0,0.0,0.0,0.0,0.0,0.0,0.0,0.0,0.0,0.0,0.0,0.0,0.0,0.0,0.0,0.0,0.0,0.0,0.0,0.0,0.0,0.0,0.0
refrigeration,test_utility_2,none,single_family_li,6,0.0,0.0,0.0,0.0,0.0,0.0,0.0,0.0,0.0,0.0,0.0,0.0,0.0,0.0,0.0,0.0,0.0,0.0,0.0,0.0,0.0,0.0,0.0,0.0,0.0,0.0,0.0,0.0,0.0,0.0,0.0
refrigeration,test_utility_2,none,single_family_li,7,0.0,0.0,0.0,0.0,0.0,0.0,0.0,0.0,0.0,0.0,0.0,0.0,0.0,0.0,0.0,0.0,0.0,0.0,0.0,0.0,0.0,0.0,0.0,0.0,0.0,0.0,0.0,0.0,0.0,0.0,0.0
refrigeration,test_utility_2,none,single_family_li,8,0.0,0.0,0.0,0.0,0.0,0.0,0.0,0.0,0.0,0.0,0.0,0.0,0.0,0.0,0.0,0.0,0.0,0.0,0.0,0.0,0.0,0.0,0.0,0.0,0.0,0.0,0.0,0.0,0.0,0.0,0.0
refrigeration,test_utility_2,none,single_family_li,9,0.0,0.0,0.0,0.0,0.0,0.0,0.0,0.0,0.0,0.0,0.0,0.0,0.0,0.0,0.0,0.0,0.0,0.0,0.0,0.0,0.0,0.0,0.0,0.0,0.0,0.0,0.0,0.0,0.0,0.0,0.0
refrigeration,test_utility_2,none,single_family_li,10,0.0,0.0,0.0,0.0,0.0,0.0,0.0,0.0,0.0,0.0,0.0,0.0,0.0,0.0,0.0,0.0,0.0,0.0,0.0,0.0,0.0,0.0,0.0,0.0,0.0,0.0,0.0,0.0,0.0,0.0,0.0
refrigeration,test_utility_2,none,single_family_li,11,0.0,0.0,0.0,0.0,0.0,0.0,0.0,0.0,0.0,0.0,0.0,0.0,0.0,0.0,0.0,0.0,0.0,0.0,0.0,0.0,0.0,0.0,0.0,0.0,0.0,0.0,0.0,0.0,0.0,0.0,0.0
refrigeration,test_utility_2,none,single_family_li,12,0.0,0.0,0.0,0.0,0.0,0.0,0.0,0.0,0.0,0.0,0.0,0.0,0.0,0.0,0.0,0.0,0.0,0.0,0.0,0.0,0.0,0.0,0.0,0.0,0.0,0.0,0.0,0.0,0.0,0.0,0.0
refrigeration,test_utility_2,none,single_family_li,13,0.0,0.0,0.0,0.0,0.0,0.0,0.0,0.0,0.0,0.0,0.0,0.0,0.0,0.0,0.0,0.0,0.0,0.0,0.0,0.0,0.0,0.0,0.0,0.0,0.0,0.0,0.0,0.0,0.0,0.0,0.0
refrigeration,test_utility_2,none,single_family_li,14,0.0,0.0,0.0,0.0,0.0,0.0,0.0,0.0,0.0,0.0,0.0,0.0,0.0,0.0,0.0,0.0,0.0,0.0,0.0,0.0,0.0,0.0,0.0,0.0,0.0,0.0,0.0,0.0,0.0,0.0,0.0
refrigeration,test_utility_2,none,single_family_li,15,0.0,0.0,0.0,0.0,0.0,0.0,0.0,0.0,0.0,0.0,0.0,0.0,0.0,0.0,0.0,0.0,0.0,0.0,0.0,0.0,0.0,0.0,0.0,0.0,0.0,0.0,0.0,0.0,0.0,0.0,0.0
refrigeration,test_utility_2,none,single_family_li,16,0.0,0.0,0.0,0.0,0.0,0.0,0.0,0.0,0.0,0.0,0.0,0.0,0.0,0.0,0.0,0.0,0.0,0.0,0.0,0.0,0.0,0.0,0.0,0.0,0.0,0.0,0.0,0.0,0.0,0.0,0.0
refrigeration,test_utility_2,none,single_family_li,17,0.0,0.0,0.0,0.0,0.0,0.0,0.0,0.0,0.0,0.0,0.0,0.0,0.0,0.0,0.0,0.0,0.0,0.0,0.0,0.0,0.0,0.0,0.0,0.0,0.0,0.0,0.0,0.0,0.0,0.0,0.0
refrigeration,test_utility_2,none,single_family_li,18,0.0,0.0,0.0,0.0,0.0,0.0,0.0,0.0,0.0,0.0,0.0,0.0,0.0,0.0,0.0,0.0,0.0,0.0,0.0,0.0,0.0,0.0,0.0,0.0,0.0,0.0,0.0,0.0,0.0,0.0,0.0
refrigeration,test_utility_2,none,single_family_li,19,0.0,0.0,0.0,0.0,0.0,0.0,0.0,0.0,0.0,0.0,0.0,0.0,0.0,0.0,0.0,0.0,0.0,0.0,0.0,0.0,0.0,0.0,0.0,0.0,0.0,0.0,0.0,0.0,0.0,0.0,0.0
refrigeration,test_utility_2,test_utility_2,multifamily,0,0.0,0.0,0.0,0.0,0.0,0.0,0.0,0.0,0.0,0.0,0.0,0.0,0.0,0.0,0.0,0.0,0.0,0.0,0.0,0.0,0.0,0.0,0.0,0.0,0.0,0.0,0.0,0.0,0.0,0.0,0.0
refrigeration,test_utility_2,test_utility_2,multifamily,1,0.0,0.0,0.0,0.0,0.0,0.0,0.0,0.0,0.0,0.0,0.0,0.0,0.0,0.0,0.0,0.0,0.0,0.0,0.0,0.0,0.0,0.0,0.0,0.0,0.0,0.0,0.0,0.0,0.0,0.0,0.0
refrigeration,test_utility_2,test_utility_2,multifamily,2,0.0,0.0,0.0,0.0,0.0,0.0,0.0,0.0,0.0,0.0,0.0,0.0,0.0,0.0,0.0,0.0,0.0,0.0,0.0,0.0,0.0,0.0,0.0,0.0,0.0,0.0,0.0,0.0,0.0,0.0,0.0
refrigeration,test_utility_2,test_utility_2,multifamily,3,0.0,0.0,0.0,0.0,0.0,0.0,0.0,0.0,0.0,0.0,0.0,0.0,0.0,0.0,0.0,0.0,0.0,0.0,0.0,0.0,0.0,0.0,0.0,0.0,0.0,0.0,0.0,0.0,0.0,0.0,0.0
refrigeration,test_utility_2,test_utility_2,multifamily,4,0.0,0.0,0.0,0.0,0.0,0.0,0.0,0.0,0.0,0.0,0.0,0.0,0.0,0.0,0.0,0.0,0.0,0.0,0.0,0.0,0.0,0.0,0.0,0.0,0.0,0.0,0.0,0.0,0.0,0.0,0.0
refrigeration,test_utility_2,test_utility_2,multifamily,5,0.0,0.0,0.0,0.0,0.0,0.0,0.0,0.0,0.0,0.0,0.0,0.0,0.0,0.0,0.0,0.0,0.0,0.0,0.0,0.0,0.0,0.0,0.0,0.0,0.0,0.0,0.0,0.0,0.0,0.0,0.0
refrigeration,test_utility_2,test_utility_2,multifamily,6,0.0,0.0,0.0,0.0,0.0,0.0,0.0,0.0,0.0,0.0,0.0,0.0,0.0,0.0,0.0,0.0,0.0,0.0,0.0,0.0,0.0,0.0,0.0,0.0,0.0,0.0,0.0,0.0,0.0,0.0,0.0
refrigeration,test_utility_2,test_utility_2,multifamily,7,0.0,0.0,0.0,0.0,0.0,0.0,0.0,0.0,0.0,0.0,0.0,0.0,0.0,0.0,0.0,0.0,0.0,0.0,0.0,0.0,0.0,0.0,0.0,0.0,0.0,0.0,0.0,0.0,0.0,0.0,0.0
refrigeration,test_utility_2,test_utility_2,multifamily,8,0.0,0.0,0.0,0.0,0.0,0.0,0.0,0.0,0.0,0.0,0.0,0.0,0.0,0.0,0.0,0.0,0.0,0.0,0.0,0.0,0.0,0.0,0.0,0.0,0.0,0.0,0.0,0.0,0.0,0.0,0.0
refrigeration,test_utility_2,test_utility_2,multifamily,9,0.0,0.0,0.0,0.0,0.0,0.0,0.0,0.0,0.0,0.0,0.0,0.0,0.0,0.0,0.0,0.0,0.0,0.0,0.0,0.0,0.0,0.0,0.0,0.0,0.0,0.0,0.0,0.0,0.0,0.0,0.0
refrigeration,test_utility_2,test_utility_2,multifamily,10,0.0,0.0,0.0,0.0,0.0,0.0,0.0,0.0,0.0,0.0,0.0,0.0,0.0,0.0,0.0,0.0,0.0,0.0,0.0,0.0,0.0,0.0,0.0,0.0,0.0,0.0,0.0,0.0,0.0,0.0,0.0
refrigeration,test_utility_2,test_utility_2,multifamily,11,0.0,0.0,0.0,0.0,0.0,0.0,0.0,0.0,0.0,0.0,0.0,0.0,0.0,0.0,0.0,0.0,0.0,0.0,0.0,0.0,0.0,0.0,0.0,0.0,0.0,0.0,0.0,0.0,0.0,0.0,0.0
refrigeration,test_utility_2,test_utility_2,multifamily,12,0.0,0.0,0.0,0.0,0.0,0.0,0.0,0.0,0.0,0.0,0.0,0.0,0.0,0.0,0.0,0.0,0.0,0.0,0.0,0.0,0.0,0.0,0.0,0.0,0.0,0.0,0.0,0.0,0.0,0.0,0.0
refrigeration,test_utility_2,test_utility_2,multifamily,13,0.0,0.0,0.0,0.0,0.0,0.0,0.0,0.0,0.0,0.0,0.0,0.0,0.0,0.0,0.0,0.0,0.0,0.0,0.0,0.0,0.0,0.0,0.0,0.0,0.0,0.0,0.0,0.0,0.0,0.0,0.0
refrigeration,test_utility_2,test_utility_2,multifamily,14,0.0,0.0,0.0,0.0,0.0,0.0,0.0,0.0,0.0,0.0,0.0,0.0,0.0,0.0,0.0,0.0,0.0,0.0,0.0,0.0,0.0,0.0,0.0,0.0,0.0,0.0,0.0,0.0,0.0,0.0,0.0
refrigeration,test_utility_2,test_utility_2,multifamily,15,0.0,0.0,0.0,0.0,0.0,0.0,0.0,0.0,0.0,0.0,0.0,0.0,0.0,0.0,0.0,0.0,0.0,0.0,0.0,0.0,0.0,0.0,0.0,0.0,0.0,0.0,0.0,0.0,0.0,0.0,0.0
refrigeration,test_utility_2,test_utility_2,multifamily,16,0.0,0.0,0.0,0.0,0.0,0.0,0.0,0.0,0.0,0.0,0.0,0.0,0.0,0.0,0.0,0.0,0.0,0.0,0.0,0.0,0.0,0.0,0.0,0.0,0.0,0.0,0.0,0.0,0.0,0.0,0.0
refrigeration,test_utility_2,test_utility_2,multifamily,17,0.0,0.0,0.0,0.0,0.0,0.0,0.0,0.0,0.0,0.0,0.0,0.0,0.0,0.0,0.0,0.0,0.0,0.0,0.0,0.0,0.0,0.0,0.0,0.0,0.0,0.0,0.0,0.0,0.0,0.0,0.0
refrigeration,test_utility_2,test_utility_2,multifamily,18,0.0,0.0,0.0,0.0,0.0,0.0,0.0,0.0,0.0,0.0,0.0,0.0,0.0,0.0,0.0,0.0,0.0,0.0,0.0,0.0,0.0,0.0,0.0,0.0,0.0,0.0,0.0,0.0,0.0,0.0,0.0
refrigeration,test_utility_2,test_utility_2,multifamily,19,0.0,0.0,0.0,0.0,0.0,0.0,0.0,0.0,0.0,0.0,0.0,0.0,0.0,0.0,0.0,0.0,0.0,0.0,0.0,0.0,0.0,0.0,0.0,0.0,0.0,0.0,0.0,0.0,0.0,0.0,0.0
refrigeration,test_utility_2,test_utility_2,single_family,0,0.0,0.0,0.0,0.0,0.0,0.0,0.0,0.0,0.0,0.0,0.0,0.0,0.0,0.0,0.0,0.0,0.0,0.0,0.0,0.0,0.0,0.0,0.0,0.0,0.0,0.0,0.0,0.0,0.0,0.0,0.0
refrigeration,test_utility_2,test_utility_2,single_family,1,0.0,0.0,0.0,0.0,0.0,0.0,0.0,0.0,0.0,0.0,0.0,0.0,0.0,0.0,0.0,0.0,0.0,0.0,0.0,0.0,0.0,0.0,0.0,0.0,0.0,0.0,0.0,0.0,0.0,0.0,0.0
refrigeration,test_utility_2,test_utility_2,single_family,2,0.0,0.0,0.0,0.0,0.0,0.0,0.0,0.0,0.0,0.0,0.0,0.0,0.0,0.0,0.0,0.0,0.0,0.0,0.0,0.0,0.0,0.0,0.0,0.0,0.0,0.0,0.0,0.0,0.0,0.0,0.0
refrigeration,test_utility_2,test_utility_2,single_family,3,0.0,0.0,0.0,0.0,0.0,0.0,0.0,0.0,0.0,0.0,0.0,0.0,0.0,0.0,0.0,0.0,0.0,0.0,0.0,0.0,0.0,0.0,0.0,0.0,0.0,0.0,0.0,0.0,0.0,0.0,0.0
refrigeration,test_utility_2,test_utility_2,single_family,4,0.0,0.0,0.0,0.0,0.0,0.0,0.0,0.0,0.0,0.0,0.0,0.0,0.0,0.0,0.0,0.0,0.0,0.0,0.0,0.0,0.0,0.0,0.0,0.0,0.0,0.0,0.0,0.0,0.0,0.0,0.0
refrigeration,test_utility_2,test_utility_2,single_family,5,0.0,0.0,0.0,0.0,0.0,0.0,0.0,0.0,0.0,0.0,0.0,0.0,0.0,0.0,0.0,0.0,0.0,0.0,0.0,0.0,0.0,0.0,0.0,0.0,0.0,0.0,0.0,0.0,0.0,0.0,0.0
refrigeration,test_utility_2,test_utility_2,single_family,6,0.0,0.0,0.0,0.0,0.0,0.0,0.0,0.0,0.0,0.0,0.0,0.0,0.0,0.0,0.0,0.0,0.0,0.0,0.0,0.0,0.0,0.0,0.0,0.0,0.0,0.0,0.0,0.0,0.0,0.0,0.0
refrigeration,test_utility_2,test_utility_2,single_family,7,0.0,0.0,0.0,0.0,0.0,0.0,0.0,0.0,0.0,0.0,0.0,0.0,0.0,0.0,0.0,0.0,0.0,0.0,0.0,0.0,0.0,0.0,0.0,0.0,0.0,0.0,0.0,0.0,0.0,0.0,0.0
refrigeration,test_utility_2,test_utility_2,single_family,8,0.0,0.0,0.0,0.0,0.0,0.0,0.0,0.0,0.0,0.0,0.0,0.0,0.0,0.0,0.0,0.0,0.0,0.0,0.0,0.0,0.0,0.0,0.0,0.0,0.0,0.0,0.0,0.0,0.0,0.0,0.0
refrigeration,test_utility_2,test_utility_2,single_family,9,0.0,0.0,0.0,0.0,0.0,0.0,0.0,0.0,0.0,0.0,0.0,0.0,0.0,0.0,0.0,0.0,0.0,0.0,0.0,0.0,0.0,0.0,0.0,0.0,0.0,0.0,0.0,0.0,0.0,0.0,0.0
refrigeration,test_utility_2,test_utility_2,single_family,10,0.0,0.0,0.0,0.0,0.0,0.0,0.0,0.0,0.0,0.0,0.0,0.0,0.0,0.0,0.0,0.0,0.0,0.0,0.0,0.0,0.0,0.0,0.0,0.0,0.0,0.0,0.0,0.0,0.0,0.0,0.0
refrigeration,test_utility_2,test_utility_2,single_family,11,0.0,0.0,0.0,0.0,0.0,0.0,0.0,0.0,0.0,0.0,0.0,0.0,0.0,0.0,0.0,0.0,0.0,0.0,0.0,0.0,0.0,0.0,0.0,0.0,0.0,0.0,0.0,0.0,0.0,0.0,0.0
refrigeration,test_utility_2,test_utility_2,single_family,12,0.0,0.0,0.0,0.0,0.0,0.0,0.0,0.0,0.0,0.0,0.0,0.0,0.0,0.0,0.0,0.0,0.0,0.0,0.0,0.0,0.0,0.0,0.0,0.0,0.0,0.0,0.0,0.0,0.0,0.0,0.0
refrigeration,test_utility_2,test_utility_2,single_family,13,0.0,0.0,0.0,0.0,0.0,0.0,0.0,0.0,0.0,0.0,0.0,0.0,0.0,0.0,0.0,0.0,0.0,0.0,0.0,0.0,0.0,0.0,0.0,0.0,0.0,0.0,0.0,0.0,0.0,0.0,0.0
refrigeration,test_utility_2,test_utility_2,single_family,14,0.0,0.0,0.0,0.0,0.0,0.0,0.0,0.0,0.0,0.0,0.0,0.0,0.0,0.0,0.0,0.0,0.0,0.0,0.0,0.0,0.0,0.0,0.0,0.0,0.0,0.0,0.0,0.0,0.0,0.0,0.0
refrigeration,test_utility_2,test_utility_2,single_family,15,0.0,0.0,0.0,0.0,0.0,0.0,0.0,0.0,0.0,0.0,0.0,0.0,0.0,0.0,0.0,0.0,0.0,0.0,0.0,0.0,0.0,0.0,0.0,0.0,0.0,0.0,0.0,0.0,0.0,0.0,0.0
refrigeration,test_utility_2,test_utility_2,single_family,16,0.0,0.0,0.0,0.0,0.0,0.0,0.0,0.0,0.0,0.0,0.0,0.0,0.0,0.0,0.0,0.0,0.0,0.0,0.0,0.0,0.0,0.0,0.0,0.0,0.0,0.0,0.0,0.0,0.0,0.0,0.0
refrigeration,test_utility_2,test_utility_2,single_family,17,0.0,0.0,0.0,0.0,0.0,0.0,0.0,0.0,0.0,0.0,0.0,0.0,0.0,0.0,0.0,0.0,0.0,0.0,0.0,0.0,0.0,0.0,0.0,0.0,0.0,0.0,0.0,0.0,0.0,0.0,0.0
refrigeration,test_utility_2,test_utility_2,single_family,18,0.0,0.0,0.0,0.0,0.0,0.0,0.0,0.0,0.0,0.0,0.0,0.0,0.0,0.0,0.0,0.0,0.0,0.0,0.0,0.0,0.0,0.0,0.0,0.0,0.0,0.0,0.0,0.0,0.0,0.0,0.0
refrigeration,test_utility_2,test_utility_2,single_family,19,0.0,0.0,0.0,0.0,0.0,0.0,0.0,0.0,0.0,0.0,0.0,0.0,0.0,0.0,0.0,0.0,0.0,0.0,0.0,0.0,0.0,0.0,0.0,0.0,0.0,0.0,0.0,0.0,0.0,0.0,0.0
refrigeration,test_utility_2,test_utility_2,multifamily_li,0,0.0,0.0,0.0,0.0,0.0,0.0,0.0,0.0,0.0,0.0,0.0,0.0,0.0,0.0,0.0,0.0,0.0,0.0,0.0,0.0,0.0,0.0,0.0,0.0,0.0,0.0,0.0,0.0,0.0,0.0,0.0
refrigeration,test_utility_2,test_utility_2,multifamily_li,1,0.0,0.0,0.0,0.0,0.0,0.0,0.0,0.0,0.0,0.0,0.0,0.0,0.0,0.0,0.0,0.0,0.0,0.0,0.0,0.0,0.0,0.0,0.0,0.0,0.0,0.0,0.0,0.0,0.0,0.0,0.0
refrigeration,test_utility_2,test_utility_2,multifamily_li,2,0.0,0.0,0.0,0.0,0.0,0.0,0.0,0.0,0.0,0.0,0.0,0.0,0.0,0.0,0.0,0.0,0.0,0.0,0.0,0.0,0.0,0.0,0.0,0.0,0.0,0.0,0.0,0.0,0.0,0.0,0.0
refrigeration,test_utility_2,test_utility_2,multifamily_li,3,0.0,0.0,0.0,0.0,0.0,0.0,0.0,0.0,0.0,0.0,0.0,0.0,0.0,0.0,0.0,0.0,0.0,0.0,0.0,0.0,0.0,0.0,0.0,0.0,0.0,0.0,0.0,0.0,0.0,0.0,0.0
refrigeration,test_utility_2,test_utility_2,multifamily_li,4,0.0,0.0,0.0,0.0,0.0,0.0,0.0,0.0,0.0,0.0,0.0,0.0,0.0,0.0,0.0,0.0,0.0,0.0,0.0,0.0,0.0,0.0,0.0,0.0,0.0,0.0,0.0,0.0,0.0,0.0,0.0
refrigeration,test_utility_2,test_utility_2,multifamily_li,5,0.0,0.0,0.0,0.0,0.0,0.0,0.0,0.0,0.0,0.0,0.0,0.0,0.0,0.0,0.0,0.0,0.0,0.0,0.0,0.0,0.0,0.0,0.0,0.0,0.0,0.0,0.0,0.0,0.0,0.0,0.0
refrigeration,test_utility_2,test_utility_2,multifamily_li,6,0.0,0.0,0.0,0.0,0.0,0.0,0.0,0.0,0.0,0.0,0.0,0.0,0.0,0.0,0.0,0.0,0.0,0.0,0.0,0.0,0.0,0.0,0.0,0.0,0.0,0.0,0.0,0.0,0.0,0.0,0.0
refrigeration,test_utility_2,test_utility_2,multifamily_li,7,0.0,0.0,0.0,0.0,0.0,0.0,0.0,0.0,0.0,0.0,0.0,0.0,0.0,0.0,0.0,0.0,0.0,0.0,0.0,0.0,0.0,0.0,0.0,0.0,0.0,0.0,0.0,0.0,0.0,0.0,0.0
refrigeration,test_utility_2,test_utility_2,multifamily_li,8,0.0,0.0,0.0,0.0,0.0,0.0,0.0,0.0,0.0,0.0,0.0,0.0,0.0,0.0,0.0,0.0,0.0,0.0,0.0,0.0,0.0,0.0,0.0,0.0,0.0,0.0,0.0,0.0,0.0,0.0,0.0
refrigeration,test_utility_2,test_utility_2,multifamily_li,9,0.0,0.0,0.0,0.0,0.0,0.0,0.0,0.0,0.0,0.0,0.0,0.0,0.0,0.0,0.0,0.0,0.0,0.0,0.0,0.0,0.0,0.0,0.0,0.0,0.0,0.0,0.0,0.0,0.0,0.0,0.0
refrigeration,test_utility_2,test_utility_2,multifamily_li,10,0.0,0.0,0.0,0.0,0.0,0.0,0.0,0.0,0.0,0.0,0.0,0.0,0.0,0.0,0.0,0.0,0.0,0.0,0.0,0.0,0.0,0.0,0.0,0.0,0.0,0.0,0.0,0.0,0.0,0.0,0.0
refrigeration,test_utility_2,test_utility_2,multifamily_li,11,0.0,0.0,0.0,0.0,0.0,0.0,0.0,0.0,0.0,0.0,0.0,0.0,0.0,0.0,0.0,0.0,0.0,0.0,0.0,0.0,0.0,0.0,0.0,0.0,0.0,0.0,0.0,0.0,0.0,0.0,0.0
refrigeration,test_utility_2,test_utility_2,multifamily_li,12,0.0,0.0,0.0,0.0,0.0,0.0,0.0,0.0,0.0,0.0,0.0,0.0,0.0,0.0,0.0,0.0,0.0,0.0,0.0,0.0,0.0,0.0,0.0,0.0,0.0,0.0,0.0,0.0,0.0,0.0,0.0
refrigeration,test_utility_2,test_utility_2,multifamily_li,13,0.0,0.0,0.0,0.0,0.0,0.0,0.0,0.0,0.0,0.0,0.0,0.0,0.0,0.0,0.0,0.0,0.0,0.0,0.0,0.0,0.0,0.0,0.0,0.0,0.0,0.0,0.0,0.0,0.0,0.0,0.0
refrigeration,test_utility_2,test_utility_2,multifamily_li,14,0.0,0.0,0.0,0.0,0.0,0.0,0.0,0.0,0.0,0.0,0.0,0.0,0.0,0.0,0.0,0.0,0.0,0.0,0.0,0.0,0.0,0.0,0.0,0.0,0.0,0.0,0.0,0.0,0.0,0.0,0.0
refrigeration,test_utility_2,test_utility_2,multifamily_li,15,0.0,0.0,0.0,0.0,0.0,0.0,0.0,0.0,0.0,0.0,0.0,0.0,0.0,0.0,0.0,0.0,0.0,0.0,0.0,0.0,0.0,0.0,0.0,0.0,0.0,0.0,0.0,0.0,0.0,0.0,0.0
refrigeration,test_utility_2,test_utility_2,multifamily_li,16,0.0,0.0,0.0,0.0,0.0,0.0,0.0,0.0,0.0,0.0,0.0,0.0,0.0,0.0,0.0,0.0,0.0,0.0,0.0,0.0,0.0,0.0,0.0,0.0,0.0,0.0,0.0,0.0,0.0,0.0,0.0
refrigeration,test_utility_2,test_utility_2,multifamily_li,17,0.0,0.0,0.0,0.0,0.0,0.0,0.0,0.0,0.0,0.0,0.0,0.0,0.0,0.0,0.0,0.0,0.0,0.0,0.0,0.0,0.0,0.0,0.0,0.0,0.0,0.0,0.0,0.0,0.0,0.0,0.0
refrigeration,test_utility_2,test_utility_2,multifamily_li,18,0.0,0.0,0.0,0.0,0.0,0.0,0.0,0.0,0.0,0.0,0.0,0.0,0.0,0.0,0.0,0.0,0.0,0.0,0.0,0.0,0.0,0.0,0.0,0.0,0.0,0.0,0.0,0.0,0.0,0.0,0.0
refrigeration,test_utility_2,test_utility_2,multifamily_li,19,0.0,0.0,0.0,0.0,0.0,0.0,0.0,0.0,0.0,0.0,0.0,0.0,0.0,0.0,0.0,0.0,0.0,0.0,0.0,0.0,0.0,0.0,0.0,0.0,0.0,0.0,0.0,0.0,0.0,0.0,0.0
refrigeration,test_utility_2,test_utility_2,single_family_li,0,0.0,0.0,0.0,0.0,0.0,0.0,0.0,0.0,0.0,0.0,0.0,0.0,0.0,0.0,0.0,0.0,0.0,0.0,0.0,0.0,0.0,0.0,0.0,0.0,0.0,0.0,0.0,0.0,0.0,0.0,0.0
refrigeration,test_utility_2,test_utility_2,single_family_li,1,0.0,0.0,0.0,0.0,0.0,0.0,0.0,0.0,0.0,0.0,0.0,0.0,0.0,0.0,0.0,0.0,0.0,0.0,0.0,0.0,0.0,0.0,0.0,0.0,0.0,0.0,0.0,0.0,0.0,0.0,0.0
refrigeration,test_utility_2,test_utility_2,single_family_li,2,0.0,0.0,0.0,0.0,0.0,0.0,0.0,0.0,0.0,0.0,0.0,0.0,0.0,0.0,0.0,0.0,0.0,0.0,0.0,0.0,0.0,0.0,0.0,0.0,0.0,0.0,0.0,0.0,0.0,0.0,0.0
refrigeration,test_utility_2,test_utility_2,single_family_li,3,0.0,0.0,0.0,0.0,0.0,0.0,0.0,0.0,0.0,0.0,0.0,0.0,0.0,0.0,0.0,0.0,0.0,0.0,0.0,0.0,0.0,0.0,0.0,0.0,0.0,0.0,0.0,0.0,0.0,0.0,0.0
refrigeration,test_utility_2,test_utility_2,single_family_li,4,0.0,0.0,0.0,0.0,0.0,0.0,0.0,0.0,0.0,0.0,0.0,0.0,0.0,0.0,0.0,0.0,0.0,0.0,0.0,0.0,0.0,0.0,0.0,0.0,0.0,0.0,0.0,0.0,0.0,0.0,0.0
refrigeration,test_utility_2,test_utility_2,single_family_li,5,0.0,0.0,0.0,0.0,0.0,0.0,0.0,0.0,0.0,0.0,0.0,0.0,0.0,0.0,0.0,0.0,0.0,0.0,0.0,0.0,0.0,0.0,0.0,0.0,0.0,0.0,0.0,0.0,0.0,0.0,0.0
refrigeration,test_utility_2,test_utility_2,single_family_li,6,0.0,0.0,0.0,0.0,0.0,0.0,0.0,0.0,0.0,0.0,0.0,0.0,0.0,0.0,0.0,0.0,0.0,0.0,0.0,0.0,0.0,0.0,0.0,0.0,0.0,0.0,0.0,0.0,0.0,0.0,0.0
refrigeration,test_utility_2,test_utility_2,single_family_li,7,0.0,0.0,0.0,0.0,0.0,0.0,0.0,0.0,0.0,0.0,0.0,0.0,0.0,0.0,0.0,0.0,0.0,0.0,0.0,0.0,0.0,0.0,0.0,0.0,0.0,0.0,0.0,0.0,0.0,0.0,0.0
refrigeration,test_utility_2,test_utility_2,single_family_li,8,0.0,0.0,0.0,0.0,0.0,0.0,0.0,0.0,0.0,0.0,0.0,0.0,0.0,0.0,0.0,0.0,0.0,0.0,0.0,0.0,0.0,0.0,0.0,0.0,0.0,0.0,0.0,0.0,0.0,0.0,0.0
refrigeration,test_utility_2,test_utility_2,single_family_li,9,0.0,0.0,0.0,0.0,0.0,0.0,0.0,0.0,0.0,0.0,0.0,0.0,0.0,0.0,0.0,0.0,0.0,0.0,0.0,0.0,0.0,0.0,0.0,0.0,0.0,0.0,0.0,0.0,0.0,0.0,0.0
refrigeration,test_utility_2,test_utility_2,single_family_li,10,0.0,0.0,0.0,0.0,0.0,0.0,0.0,0.0,0.0,0.0,0.0,0.0,0.0,0.0,0.0,0.0,0.0,0.0,0.0,0.0,0.0,0.0,0.0,0.0,0.0,0.0,0.0,0.0,0.0,0.0,0.0
refrigeration,test_utility_2,test_utility_2,single_family_li,11,0.0,0.0,0.0,0.0,0.0,0.0,0.0,0.0,0.0,0.0,0.0,0.0,0.0,0.0,0.0,0.0,0.0,0.0,0.0,0.0,0.0,0.0,0.0,0.0,0.0,0.0,0.0,0.0,0.0,0.0,0.0
refrigeration,test_utility_2,test_utility_2,single_family_li,12,0.0,0.0,0.0,0.0,0.0,0.0,0.0,0.0,0.0,0.0,0.0,0.0,0.0,0.0,0.0,0.0,0.0,0.0,0.0,0.0,0.0,0.0,0.0,0.0,0.0,0.0,0.0,0.0,0.0,0.0,0.0
refrigeration,test_utility_2,test_utility_2,single_family_li,13,0.0,0.0,0.0,0.0,0.0,0.0,0.0,0.0,0.0,0.0,0.0,0.0,0.0,0.0,0.0,0.0,0.0,0.0,0.0,0.0,0.0,0.0,0.0,0.0,0.0,0.0,0.0,0.0,0.0,0.0,0.0
refrigeration,test_utility_2,test_utility_2,single_family_li,14,0.0,0.0,0.0,0.0,0.0,0.0,0.0,0.0,0.0,0.0,0.0,0.0,0.0,0.0,0.0,0.0,0.0,0.0,0.0,0.0,0.0,0.0,0.0,0.0,0.0,0.0,0.0,0.0,0.0,0.0,0.0
refrigeration,test_utility_2,test_utility_2,single_family_li,15,0.0,0.0,0.0,0.0,0.0,0.0,0.0,0.0,0.0,0.0,0.0,0.0,0.0,0.0,0.0,0.0,0.0,0.0,0.0,0.0,0.0,0.0,0.0,0.0,0.0,0.0,0.0,0.0,0.0,0.0,0.0
refrigeration,test_utility_2,test_utility_2,single_family_li,16,0.0,0.0,0.0,0.0,0.0,0.0,0.0,0.0,0.0,0.0,0.0,0.0,0.0,0.0,0.0,0.0,0.0,0.0,0.0,0.0,0.0,0.0,0.0,0.0,0.0,0.0,0.0,0.0,0.0,0.0,0.0
refrigeration,test_utility_2,test_utility_2,single_family_li,17,0.0,0.0,0.0,0.0,0.0,0.0,0.0,0.0,0.0,0.0,0.0,0.0,0.0,0.0,0.0,0.0,0.0,0.0,0.0,0.0,0.0,0.0,0.0,0.0,0.0,0.0,0.0,0.0,0.0,0.0,0.0
refrigeration,test_utility_2,test_utility_2,single_family_li,18,0.0,0.0,0.0,0.0,0.0,0.0,0.0,0.0,0.0,0.0,0.0,0.0,0.0,0.0,0.0,0.0,0.0,0.0,0.0,0.0,0.0,0.0,0.0,0.0,0.0,0.0,0.0,0.0,0.0,0.0,0.0
refrigeration,test_utility_2,test_utility_2,single_family_li,19,0.0,0.0,0.0,0.0,0.0,0.0,0.0,0.0,0.0,0.0,0.0,0.0,0.0,0.0,0.0,0.0,0.0,0.0,0.0,0.0,0.0,0.0,0.0,0.0,0.0,0.0,0.0,0.0,0.0,0.0,0.0
heating_cooling,test_utility_1,test_utility_1,multifamily,0,0.0,0.0,0.0,0.0,0.0,0.0,0.0,0.0,0.0,0.0,0.0,0.0,0.0,0.0,0.0,0.0,0.0,0.0,0.0,0.0,0.0,0.0,0.0,0.0,0.0,0.0,0.0,0.0,0.0,0.0,0.0
heating_cooling,test_utility_1,test_utility_1,multifamily,1,0.0,0.0,0.0,0.0,0.0,0.0,0.0,0.0,0.0,0.0,0.0,0.0,0.0,0.0,0.0,0.0,0.0,0.0,0.0,0.0,0.0,0.0,0.0,0.0,0.0,0.0,0.0,0.0,0.0,0.0,0.0
heating_cooling,test_utility_1,test_utility_1,multifamily,2,0.0,0.0,0.0,0.0,0.0,0.0,0.0,0.0,0.0,0.0,0.0,0.0,0.0,0.0,0.0,0.0,0.0,0.0,0.0,0.0,0.0,0.0,0.0,0.0,0.0,0.0,0.0,0.0,0.0,0.0,0.0
heating_cooling,test_utility_1,test_utility_1,multifamily,3,0.0,0.0,0.0,0.0,0.0,0.0,0.0,0.0,0.0,0.0,0.0,0.0,0.0,0.0,0.0,0.0,0.0,0.0,0.0,0.0,0.0,0.0,0.0,0.0,0.0,0.0,0.0,0.0,0.0,0.0,0.0
heating_cooling,test_utility_1,test_utility_1,multifamily,4,0.0,0.0,0.0,0.0,0.0,0.0,0.0,0.0,0.0,0.0,0.0,0.0,0.0,0.0,0.0,0.0,0.0,0.0,0.0,0.0,0.0,0.0,0.0,0.0,0.0,0.0,0.0,0.0,0.0,0.0,0.0
heating_cooling,test_utility_1,test_utility_1,multifamily,5,0.0,0.0,0.0,0.0,0.0,0.0,0.0,0.0,0.0,0.0,0.0,0.0,0.0,0.0,0.0,0.0,0.0,0.0,0.0,0.0,0.0,0.0,0.0,0.0,0.0,0.0,0.0,0.0,0.0,0.0,0.0
heating_cooling,test_utility_1,test_utility_1,multifamily,6,0.0,0.0,0.0,0.0,0.0,0.0,0.0,0.0,0.0,0.0,0.0,0.0,0.0,0.0,0.0,0.0,0.0,0.0,0.0,0.0,0.0,0.0,0.0,0.0,0.0,0.0,0.0,0.0,0.0,0.0,0.0
heating_cooling,test_utility_1,test_utility_1,multifamily,7,0.0,0.0,0.0,0.0,0.0,0.0,0.0,0.0,0.0,0.0,0.0,0.0,0.0,0.0,0.0,0.0,0.0,0.0,0.0,0.0,0.0,0.0,0.0,0.0,0.0,0.0,0.0,0.0,0.0,0.0,0.0
heating_cooling,test_utility_1,test_utility_1,multifamily,8,0.0,0.0,0.0,0.0,0.0,0.0,0.0,0.0,0.0,0.0,0.0,0.0,0.0,0.0,0.0,0.0,0.0,0.0,0.0,0.0,0.0,0.0,0.0,0.0,0.0,0.0,0.0,0.0,0.0,0.0,0.0
heating_cooling,test_utility_1,test_utility_1,multifamily,9,0.0,0.0,0.0,0.0,0.0,0.0,0.0,0.0,0.0,0.0,0.0,0.0,0.0,0.0,0.0,0.0,0.0,0.0,0.0,0.0,0.0,0.0,0.0,0.0,0.0,0.0,0.0,0.0,0.0,0.0,0.0
heating_cooling,test_utility_1,test_utility_1,multifamily,10,0.0,0.0,0.0,0.0,0.0,0.0,0.0,0.0,0.0,0.0,0.0,0.0,0.0,0.0,0.0,0.0,0.0,0.0,0.0,0.0,0.0,0.0,0.0,0.0,0.0,0.0,0.0,0.0,0.0,0.0,0.0
heating_cooling,test_utility_1,test_utility_1,multifamily,11,0.0,0.0,0.0,0.0,0.0,0.0,0.0,0.0,0.0,0.0,0.0,0.0,0.0,0.0,0.0,0.0,0.0,0.0,0.0,0.0,0.0,0.0,0.0,0.0,0.0,0.0,0.0,0.0,0.0,0.0,0.0
heating_cooling,test_utility_1,test_utility_1,multifamily,12,0.0,0.0,0.0,0.0,0.0,0.0,0.0,0.0,0.0,0.0,0.0,0.0,0.0,0.0,0.0,0.0,0.0,0.0,0.0,0.0,0.0,0.0,0.0,0.0,0.0,0.0,0.0,0.0,0.0,0.0,0.0
heating_cooling,test_utility_1,test_utility_1,multifamily,13,0.0,0.0,0.0,0.0,0.0,0.0,0.0,0.0,0.0,0.0,0.0,0.0,0.0,0.0,0.0,0.0,0.0,0.0,0.0,0.0,0.0,0.0,0.0,0.0,0.0,0.0,0.0,0.0,0.0,0.0,0.0
heating_cooling,test_utility_1,test_utility_1,multifamily,14,0.0,0.0,0.0,0.0,0.0,0.0,0.0,0.0,0.0,0.0,0.0,0.0,0.0,0.0,0.0,0.0,0.0,0.0,0.0,0.0,0.0,0.0,0.0,0.0,0.0,0.0,0.0,0.0,0.0,0.0,0.0
heating_cooling,test_utility_1,test_utility_1,multifamily,15,0.0,0.0,0.0,0.0,0.0,0.0,0.0,0.0,0.0,0.0,0.0,0.0,0.0,0.0,0.0,0.0,0.0,0.0,0.0,0.0,0.0,0.0,0.0,0.0,0.0,0.0,0.0,0.0,0.0,0.0,0.0
heating_cooling,test_utility_1,test_utility_1,multifamily,16,0.0,0.0,0.0,0.0,0.0,0.0,0.0,0.0,0.0,0.0,0.0,0.0,0.0,0.0,0.0,0.0,0.0,0.0,0.0,0.0,0.0,0.0,0.0,0.0,0.0,0.0,0.0,0.0,0.0,0.0,0.0
heating_cooling,test_utility_1,test_utility_1,multifamily,17,0.0,0.0,0.0,0.0,0.0,0.0,0.0,0.0,0.0,0.0,0.0,0.0,0.0,0.0,0.0,0.0,0.0,0.0,0.0,0.0,0.0,0.0,0.0,0.0,0.0,0.0,0.0,0.0,0.0,0.0,0.0
heating_cooling,test_utility_1,test_utility_1,multifamily,18,0.0,0.0,0.0,0.0,0.0,0.0,0.0,0.0,0.0,0.0,0.0,0.0,0.0,0.0,0.0,0.0,0.0,0.0,0.0,0.0,0.0,0.0,0.0,0.0,0.0,0.0,0.0,0.0,0.0,0.0,0.0
heating_cooling,test_utility_1,test_utility_1,multifamily,19,0.0,0.0,0.0,0.0,0.0,0.0,0.0,0.0,0.0,0.0,0.0,0.0,0.0,0.0,0.0,0.0,0.0,0.0,0.0,0.0,0.0,0.0,0.0,0.0,0.0,0.0,0.0,0.0,0.0,0.0,0.0
heating_cooling,test_utility_1,test_utility_1,single_family,0,0.0,0.0,0.0,0.0,0.0,0.0,0.0,0.0,0.0,0.0,0.0,0.0,0.0,0.0,0.0,0.0,0.0,0.0,0.0,0.0,0.0,0.0,0.0,0.0,0.0,0.0,0.0,0.0,0.0,0.0,0.0
heating_cooling,test_utility_1,test_utility_1,single_family,1,0.0,0.0,0.0,0.0,0.0,0.0,0.0,0.0,0.0,0.0,0.0,0.0,0.0,0.0,0.0,0.0,0.0,0.0,0.0,0.0,0.0,0.0,0.0,0.0,0.0,0.0,0.0,0.0,0.0,0.0,0.0
heating_cooling,test_utility_1,test_utility_1,single_family,2,0.0,0.0,0.0,0.0,0.0,0.0,0.0,0.0,0.0,0.0,0.0,0.0,0.0,0.0,0.0,0.0,0.0,0.0,0.0,0.0,0.0,0.0,0.0,0.0,0.0,0.0,0.0,0.0,0.0,0.0,0.0
heating_cooling,test_utility_1,test_utility_1,single_family,3,0.0,0.0,0.0,0.0,0.0,0.0,0.0,0.0,0.0,0.0,0.0,0.0,0.0,0.0,0.0,0.0,0.0,0.0,0.0,0.0,0.0,0.0,0.0,0.0,0.0,0.0,0.0,0.0,0.0,0.0,0.0
heating_cooling,test_utility_1,test_utility_1,single_family,4,0.0,0.0,0.0,0.0,0.0,0.0,0.0,0.0,0.0,0.0,0.0,0.0,0.0,0.0,0.0,0.0,0.0,0.0,0.0,0.0,0.0,0.0,0.0,0.0,0.0,0.0,0.0,0.0,0.0,0.0,0.0
heating_cooling,test_utility_1,test_utility_1,single_family,5,0.0,0.0,0.0,0.0,0.0,0.0,0.0,0.0,0.0,0.0,0.0,0.0,0.0,0.0,0.0,0.0,0.0,0.0,0.0,0.0,0.0,0.0,0.0,0.0,0.0,0.0,0.0,0.0,0.0,0.0,0.0
heating_cooling,test_utility_1,test_utility_1,single_family,6,0.0,0.0,0.0,0.0,0.0,0.0,0.0,0.0,0.0,0.0,0.0,0.0,0.0,0.0,0.0,0.0,0.0,0.0,0.0,0.0,0.0,0.0,0.0,0.0,0.0,0.0,0.0,0.0,0.0,0.0,0.0
heating_cooling,test_utility_1,test_utility_1,single_family,7,0.0,0.0,0.0,0.0,0.0,0.0,0.0,0.0,0.0,0.0,0.0,0.0,0.0,0.0,0.0,0.0,0.0,0.0,0.0,0.0,0.0,0.0,0.0,0.0,0.0,0.0,0.0,0.0,0.0,0.0,0.0
heating_cooling,test_utility_1,test_utility_1,single_family,8,0.0,0.0,0.0,0.0,0.0,0.0,0.0,0.0,0.0,0.0,0.0,0.0,0.0,0.0,0.0,0.0,0.0,0.0,0.0,0.0,0.0,0.0,0.0,0.0,0.0,0.0,0.0,0.0,0.0,0.0,0.0
heating_cooling,test_utility_1,test_utility_1,single_family,9,0.0,0.0,0.0,0.0,0.0,0.0,0.0,0.0,0.0,0.0,0.0,0.0,0.0,0.0,0.0,0.0,0.0,0.0,0.0,0.0,0.0,0.0,0.0,0.0,0.0,0.0,0.0,0.0,0.0,0.0,0.0
heating_cooling,test_utility_1,test_utility_1,single_family,10,0.0,0.0,0.0,0.0,0.0,0.0,0.0,0.0,0.0,0.0,0.0,0.0,0.0,0.0,0.0,0.0,0.0,0.0,0.0,0.0,0.0,0.0,0.0,0.0,0.0,0.0,0.0,0.0,0.0,0.0,0.0
heating_cooling,test_utility_1,test_utility_1,single_family,11,0.0,0.0,0.0,0.0,0.0,0.0,0.0,0.0,0.0,0.0,0.0,0.0,0.0,0.0,0.0,0.0,0.0,0.0,0.0,0.0,0.0,0.0,0.0,0.0,0.0,0.0,0.0,0.0,0.0,0.0,0.0
heating_cooling,test_utility_1,test_utility_1,single_family,12,0.0,0.0,0.0,0.0,0.0,0.0,0.0,0.0,0.0,0.0,0.0,0.0,0.0,0.0,0.0,0.0,0.0,0.0,0.0,0.0,0.0,0.0,0.0,0.0,0.0,0.0,0.0,0.0,0.0,0.0,0.0
heating_cooling,test_utility_1,test_utility_1,single_family,13,0.0,0.0,0.0,0.0,0.0,0.0,0.0,0.0,0.0,0.0,0.0,0.0,0.0,0.0,0.0,0.0,0.0,0.0,0.0,0.0,0.0,0.0,0.0,0.0,0.0,0.0,0.0,0.0,0.0,0.0,0.0
heating_cooling,test_utility_1,test_utility_1,single_family,14,0.0,0.0,0.0,0.0,0.0,0.0,0.0,0.0,0.0,0.0,0.0,0.0,0.0,0.0,0.0,0.0,0.0,0.0,0.0,0.0,0.0,0.0,0.0,0.0,0.0,0.0,0.0,0.0,0.0,0.0,0.0
heating_cooling,test_utility_1,test_utility_1,single_family,15,0.0,0.0,0.0,0.0,0.0,0.0,0.0,0.0,0.0,0.0,0.0,0.0,0.0,0.0,0.0,0.0,0.0,0.0,0.0,0.0,0.0,0.0,0.0,0.0,0.0,0.0,0.0,0.0,0.0,0.0,0.0
heating_cooling,test_utility_1,test_utility_1,single_family,16,0.0,0.0,0.0,0.0,0.0,0.0,0.0,0.0,0.0,0.0,0.0,0.0,0.0,0.0,0.0,0.0,0.0,0.0,0.0,0.0,0.0,0.0,0.0,0.0,0.0,0.0,0.0,0.0,0.0,0.0,0.0
heating_cooling,test_utility_1,test_utility_1,single_family,17,0.0,0.0,0.0,0.0,0.0,0.0,0.0,0.0,0.0,0.0,0.0,0.0,0.0,0.0,0.0,0.0,0.0,0.0,0.0,0.0,0.0,0.0,0.0,0.0,0.0,0.0,0.0,0.0,0.0,0.0,0.0
heating_cooling,test_utility_1,test_utility_1,single_family,18,0.0,0.0,0.0,0.0,0.0,0.0,0.0,0.0,0.0,0.0,0.0,0.0,0.0,0.0,0.0,0.0,0.0,0.0,0.0,0.0,0.0,0.0,0.0,0.0,0.0,0.0,0.0,0.0,0.0,0.0,0.0
heating_cooling,test_utility_1,test_utility_1,single_family,19,0.0,0.0,0.0,0.0,0.0,0.0,0.0,0.0,0.0,0.0,0.0,0.0,0.0,0.0,0.0,0.0,0.0,0.0,0.0,0.0,0.0,0.0,0.0,0.0,0.0,0.0,0.0,0.0,0.0,0.0,0.0
heating_cooling,test_utility_1,test_utility_1,multifamily_li,0,0.0,0.0,0.0,0.0,0.0,0.0,0.0,0.0,0.0,0.0,0.0,0.0,0.0,0.0,0.0,0.0,0.0,0.0,0.0,0.0,0.0,0.0,0.0,0.0,0.0,0.0,0.0,0.0,0.0,0.0,0.0
heating_cooling,test_utility_1,test_utility_1,multifamily_li,1,0.0,0.0,0.0,0.0,0.0,0.0,0.0,0.0,0.0,0.0,0.0,0.0,0.0,0.0,0.0,0.0,0.0,0.0,0.0,0.0,0.0,0.0,0.0,0.0,0.0,0.0,0.0,0.0,0.0,0.0,0.0
heating_cooling,test_utility_1,test_utility_1,multifamily_li,2,0.0,0.0,0.0,0.0,0.0,0.0,0.0,0.0,0.0,0.0,0.0,0.0,0.0,0.0,0.0,0.0,0.0,0.0,0.0,0.0,0.0,0.0,0.0,0.0,0.0,0.0,0.0,0.0,0.0,0.0,0.0
heating_cooling,test_utility_1,test_utility_1,multifamily_li,3,0.0,0.0,0.0,0.0,0.0,0.0,0.0,0.0,0.0,0.0,0.0,0.0,0.0,0.0,0.0,0.0,0.0,0.0,0.0,0.0,0.0,0.0,0.0,0.0,0.0,0.0,0.0,0.0,0.0,0.0,0.0
heating_cooling,test_utility_1,test_utility_1,multifamily_li,4,0.0,0.0,0.0,0.0,0.0,0.0,0.0,0.0,0.0,0.0,0.0,0.0,0.0,0.0,0.0,0.0,0.0,0.0,0.0,0.0,0.0,0.0,0.0,0.0,0.0,0.0,0.0,0.0,0.0,0.0,0.0
heating_cooling,test_utility_1,test_utility_1,multifamily_li,5,0.0,0.0,0.0,0.0,0.0,0.0,0.0,0.0,0.0,0.0,0.0,0.0,0.0,0.0,0.0,0.0,0.0,0.0,0.0,0.0,0.0,0.0,0.0,0.0,0.0,0.0,0.0,0.0,0.0,0.0,0.0
heating_cooling,test_utility_1,test_utility_1,multifamily_li,6,0.0,0.0,0.0,0.0,0.0,0.0,0.0,0.0,0.0,0.0,0.0,0.0,0.0,0.0,0.0,0.0,0.0,0.0,0.0,0.0,0.0,0.0,0.0,0.0,0.0,0.0,0.0,0.0,0.0,0.0,0.0
heating_cooling,test_utility_1,test_utility_1,multifamily_li,7,0.0,0.0,0.0,0.0,0.0,0.0,0.0,0.0,0.0,0.0,0.0,0.0,0.0,0.0,0.0,0.0,0.0,0.0,0.0,0.0,0.0,0.0,0.0,0.0,0.0,0.0,0.0,0.0,0.0,0.0,0.0
heating_cooling,test_utility_1,test_utility_1,multifamily_li,8,0.0,0.0,0.0,0.0,0.0,0.0,0.0,0.0,0.0,0.0,0.0,0.0,0.0,0.0,0.0,0.0,0.0,0.0,0.0,0.0,0.0,0.0,0.0,0.0,0.0,0.0,0.0,0.0,0.0,0.0,0.0
heating_cooling,test_utility_1,test_utility_1,multifamily_li,9,0.0,0.0,0.0,0.0,0.0,0.0,0.0,0.0,0.0,0.0,0.0,0.0,0.0,0.0,0.0,0.0,0.0,0.0,0.0,0.0,0.0,0.0,0.0,0.0,0.0,0.0,0.0,0.0,0.0,0.0,0.0
heating_cooling,test_utility_1,test_utility_1,multifamily_li,10,0.0,0.0,0.0,0.0,0.0,0.0,0.0,0.0,0.0,0.0,0.0,0.0,0.0,0.0,0.0,0.0,0.0,0.0,0.0,0.0,0.0,0.0,0.0,0.0,0.0,0.0,0.0,0.0,0.0,0.0,0.0
heating_cooling,test_utility_1,test_utility_1,multifamily_li,11,0.0,0.0,0.0,0.0,0.0,0.0,0.0,0.0,0.0,0.0,0.0,0.0,0.0,0.0,0.0,0.0,0.0,0.0,0.0,0.0,0.0,0.0,0.0,0.0,0.0,0.0,0.0,0.0,0.0,0.0,0.0
heating_cooling,test_utility_1,test_utility_1,multifamily_li,12,0.0,0.0,0.0,0.0,0.0,0.0,0.0,0.0,0.0,0.0,0.0,0.0,0.0,0.0,0.0,0.0,0.0,0.0,0.0,0.0,0.0,0.0,0.0,0.0,0.0,0.0,0.0,0.0,0.0,0.0,0.0
heating_cooling,test_utility_1,test_utility_1,multifamily_li,13,0.0,0.0,0.0,0.0,0.0,0.0,0.0,0.0,0.0,0.0,0.0,0.0,0.0,0.0,0.0,0.0,0.0,0.0,0.0,0.0,0.0,0.0,0.0,0.0,0.0,0.0,0.0,0.0,0.0,0.0,0.0
heating_cooling,test_utility_1,test_utility_1,multifamily_li,14,0.0,0.0,0.0,0.0,0.0,0.0,0.0,0.0,0.0,0.0,0.0,0.0,0.0,0.0,0.0,0.0,0.0,0.0,0.0,0.0,0.0,0.0,0.0,0.0,0.0,0.0,0.0,0.0,0.0,0.0,0.0
heating_cooling,test_utility_1,test_utility_1,multifamily_li,15,0.0,0.0,0.0,0.0,0.0,0.0,0.0,0.0,0.0,0.0,0.0,0.0,0.0,0.0,0.0,0.0,0.0,0.0,0.0,0.0,0.0,0.0,0.0,0.0,0.0,0.0,0.0,0.0,0.0,0.0,0.0
heating_cooling,test_utility_1,test_utility_1,multifamily_li,16,0.0,0.0,0.0,0.0,0.0,0.0,0.0,0.0,0.0,0.0,0.0,0.0,0.0,0.0,0.0,0.0,0.0,0.0,0.0,0.0,0.0,0.0,0.0,0.0,0.0,0.0,0.0,0.0,0.0,0.0,0.0
heating_cooling,test_utility_1,test_utility_1,multifamily_li,17,0.0,0.0,0.0,0.0,0.0,0.0,0.0,0.0,0.0,0.0,0.0,0.0,0.0,0.0,0.0,0.0,0.0,0.0,0.0,0.0,0.0,0.0,0.0,0.0,0.0,0.0,0.0,0.0,0.0,0.0,0.0
heating_cooling,test_utility_1,test_utility_1,multifamily_li,18,0.0,0.0,0.0,0.0,0.0,0.0,0.0,0.0,0.0,0.0,0.0,0.0,0.0,0.0,0.0,0.0,0.0,0.0,0.0,0.0,0.0,0.0,0.0,0.0,0.0,0.0,0.0,0.0,0.0,0.0,0.0
heating_cooling,test_utility_1,test_utility_1,multifamily_li,19,0.0,0.0,0.0,0.0,0.0,0.0,0.0,0.0,0.0,0.0,0.0,0.0,0.0,0.0,0.0,0.0,0.0,0.0,0.0,0.0,0.0,0.0,0.0,0.0,0.0,0.0,0.0,0.0,0.0,0.0,0.0
heating_cooling,test_utility_1,test_utility_1,single_family_li,0,0.0,0.0,0.0,0.0,0.0,0.0,0.0,0.0,0.0,0.0,0.0,0.0,0.0,0.0,0.0,0.0,0.0,0.0,0.0,0.0,0.0,0.0,0.0,0.0,0.0,0.0,0.0,0.0,0.0,0.0,0.0
heating_cooling,test_utility_1,test_utility_1,single_family_li,1,0.0,0.0,0.0,0.0,0.0,0.0,0.0,0.0,0.0,0.0,0.0,0.0,0.0,0.0,0.0,0.0,0.0,0.0,0.0,0.0,0.0,0.0,0.0,0.0,0.0,0.0,0.0,0.0,0.0,0.0,0.0
heating_cooling,test_utility_1,test_utility_1,single_family_li,2,0.0,0.0,0.0,0.0,0.0,0.0,0.0,0.0,0.0,0.0,0.0,0.0,0.0,0.0,0.0,0.0,0.0,0.0,0.0,0.0,0.0,0.0,0.0,0.0,0.0,0.0,0.0,0.0,0.0,0.0,0.0
heating_cooling,test_utility_1,test_utility_1,single_family_li,3,0.0,0.0,0.0,0.0,0.0,0.0,0.0,0.0,0.0,0.0,0.0,0.0,0.0,0.0,0.0,0.0,0.0,0.0,0.0,0.0,0.0,0.0,0.0,0.0,0.0,0.0,0.0,0.0,0.0,0.0,0.0
heating_cooling,test_utility_1,test_utility_1,single_family_li,4,0.0,0.0,0.0,0.0,0.0,0.0,0.0,0.0,0.0,0.0,0.0,0.0,0.0,0.0,0.0,0.0,0.0,0.0,0.0,0.0,0.0,0.0,0.0,0.0,0.0,0.0,0.0,0.0,0.0,0.0,0.0
heating_cooling,test_utility_1,test_utility_1,single_family_li,5,0.0,0.0,0.0,0.0,0.0,0.0,0.0,0.0,0.0,0.0,0.0,0.0,0.0,0.0,0.0,0.0,0.0,0.0,0.0,0.0,0.0,0.0,0.0,0.0,0.0,0.0,0.0,0.0,0.0,0.0,0.0
heating_cooling,test_utility_1,test_utility_1,single_family_li,6,0.0,0.0,0.0,0.0,0.0,0.0,0.0,0.0,0.0,0.0,0.0,0.0,0.0,0.0,0.0,0.0,0.0,0.0,0.0,0.0,0.0,0.0,0.0,0.0,0.0,0.0,0.0,0.0,0.0,0.0,0.0
heating_cooling,test_utility_1,test_utility_1,single_family_li,7,0.0,0.0,0.0,0.0,0.0,0.0,0.0,0.0,0.0,0.0,0.0,0.0,0.0,0.0,0.0,0.0,0.0,0.0,0.0,0.0,0.0,0.0,0.0,0.0,0.0,0.0,0.0,0.0,0.0,0.0,0.0
heating_cooling,test_utility_1,test_utility_1,single_family_li,8,0.0,0.0,0.0,0.0,0.0,0.0,0.0,0.0,0.0,0.0,0.0,0.0,0.0,0.0,0.0,0.0,0.0,0.0,0.0,0.0,0.0,0.0,0.0,0.0,0.0,0.0,0.0,0.0,0.0,0.0,0.0
heating_cooling,test_utility_1,test_utility_1,single_family_li,9,0.0,0.0,0.0,0.0,0.0,0.0,0.0,0.0,0.0,0.0,0.0,0.0,0.0,0.0,0.0,0.0,0.0,0.0,0.0,0.0,0.0,0.0,0.0,0.0,0.0,0.0,0.0,0.0,0.0,0.0,0.0
heating_cooling,test_utility_1,test_utility_1,single_family_li,10,0.0,0.0,0.0,0.0,0.0,0.0,0.0,0.0,0.0,0.0,0.0,0.0,0.0,0.0,0.0,0.0,0.0,0.0,0.0,0.0,0.0,0.0,0.0,0.0,0.0,0.0,0.0,0.0,0.0,0.0,0.0
heating_cooling,test_utility_1,test_utility_1,single_family_li,11,0.0,0.0,0.0,0.0,0.0,0.0,0.0,0.0,0.0,0.0,0.0,0.0,0.0,0.0,0.0,0.0,0.0,0.0,0.0,0.0,0.0,0.0,0.0,0.0,0.0,0.0,0.0,0.0,0.0,0.0,0.0
heating_cooling,test_utility_1,test_utility_1,single_family_li,12,0.0,0.0,0.0,0.0,0.0,0.0,0.0,0.0,0.0,0.0,0.0,0.0,0.0,0.0,0.0,0.0,0.0,0.0,0.0,0.0,0.0,0.0,0.0,0.0,0.0,0.0,0.0,0.0,0.0,0.0,0.0
heating_cooling,test_utility_1,test_utility_1,single_family_li,13,0.0,0.0,0.0,0.0,0.0,0.0,0.0,0.0,0.0,0.0,0.0,0.0,0.0,0.0,0.0,0.0,0.0,0.0,0.0,0.0,0.0,0.0,0.0,0.0,0.0,0.0,0.0,0.0,0.0,0.0,0.0
heating_cooling,test_utility_1,test_utility_1,single_family_li,14,0.0,0.0,0.0,0.0,0.0,0.0,0.0,0.0,0.0,0.0,0.0,0.0,0.0,0.0,0.0,0.0,0.0,0.0,0.0,0.0,0.0,0.0,0.0,0.0,0.0,0.0,0.0,0.0,0.0,0.0,0.0
heating_cooling,test_utility_1,test_utility_1,single_family_li,15,0.0,0.0,0.0,0.0,0.0,0.0,0.0,0.0,0.0,0.0,0.0,0.0,0.0,0.0,0.0,0.0,0.0,0.0,0.0,0.0,0.0,0.0,0.0,0.0,0.0,0.0,0.0,0.0,0.0,0.0,0.0
heating_cooling,test_utility_1,test_utility_1,single_family_li,16,0.0,0.0,0.0,0.0,0.0,0.0,0.0,0.0,0.0,0.0,0.0,0.0,0.0,0.0,0.0,0.0,0.0,0.0,0.0,0.0,0.0,0.0,0.0,0.0,0.0,0.0,0.0,0.0,0.0,0.0,0.0
heating_cooling,test_utility_1,test_utility_1,single_family_li,17,0.0,0.0,0.0,0.0,0.0,0.0,0.0,0.0,0.0,0.0,0.0,0.0,0.0,0.0,0.0,0.0,0.0,0.0,0.0,0.0,0.0,0.0,0.0,0.0,0.0,0.0,0.0,0.0,0.0,0.0,0.0
heating_cooling,test_utility_1,test_utility_1,single_family_li,18,0.0,0.0,0.0,0.0,0.0,0.0,0.0,0.0,0.0,0.0,0.0,0.0,0.0,0.0,0.0,0.0,0.0,0.0,0.0,0.0,0.0,0.0,0.0,0.0,0.0,0.0,0.0,0.0,0.0,0.0,0.0
heating_cooling,test_utility_1,test_utility_1,single_family_li,19,0.0,0.0,0.0,0.0,0.0,0.0,0.0,0.0,0.0,0.0,0.0,0.0,0.0,0.0,0.0,0.0,0.0,0.0,0.0,0.0,0.0,0.0,0.0,0.0,0.0,0.0,0.0,0.0,0.0,0.0,0.0
heating_cooling,test_utility_1,none,multifamily,0,0.0,0.0,0.0,0.0,0.0,0.0,0.0,0.0,0.0,0.0,0.0,0.0,0.0,0.0,0.0,0.0,0.0,0.0,0.0,0.0,0.0,0.0,0.0,0.0,0.0,0.0,0.0,0.0,0.0,0.0,0.0
heating_cooling,test_utility_1,none,multifamily,1,0.0,0.0,0.0,0.0,0.0,0.0,0.0,0.0,0.0,0.0,0.0,0.0,0.0,0.0,0.0,0.0,0.0,0.0,0.0,0.0,0.0,0.0,0.0,0.0,0.0,0.0,0.0,0.0,0.0,0.0,0.0
heating_cooling,test_utility_1,none,multifamily,2,0.0,0.0,0.0,0.0,0.0,0.0,0.0,0.0,0.0,0.0,0.0,0.0,0.0,0.0,0.0,0.0,0.0,0.0,0.0,0.0,0.0,0.0,0.0,0.0,0.0,0.0,0.0,0.0,0.0,0.0,0.0
heating_cooling,test_utility_1,none,multifamily,3,0.0,0.0,0.0,0.0,0.0,0.0,0.0,0.0,0.0,0.0,0.0,0.0,0.0,0.0,0.0,0.0,0.0,0.0,0.0,0.0,0.0,0.0,0.0,0.0,0.0,0.0,0.0,0.0,0.0,0.0,0.0
heating_cooling,test_utility_1,none,multifamily,4,0.0,0.0,0.0,0.0,0.0,0.0,0.0,0.0,0.0,0.0,0.0,0.0,0.0,0.0,0.0,0.0,0.0,0.0,0.0,0.0,0.0,0.0,0.0,0.0,0.0,0.0,0.0,0.0,0.0,0.0,0.0
heating_cooling,test_utility_1,none,multifamily,5,0.0,0.0,0.0,0.0,0.0,0.0,0.0,0.0,0.0,0.0,0.0,0.0,0.0,0.0,0.0,0.0,0.0,0.0,0.0,0.0,0.0,0.0,0.0,0.0,0.0,0.0,0.0,0.0,0.0,0.0,0.0
heating_cooling,test_utility_1,none,multifamily,6,0.0,0.0,0.0,0.0,0.0,0.0,0.0,0.0,0.0,0.0,0.0,0.0,0.0,0.0,0.0,0.0,0.0,0.0,0.0,0.0,0.0,0.0,0.0,0.0,0.0,0.0,0.0,0.0,0.0,0.0,0.0
heating_cooling,test_utility_1,none,multifamily,7,0.0,0.0,0.0,0.0,0.0,0.0,0.0,0.0,0.0,0.0,0.0,0.0,0.0,0.0,0.0,0.0,0.0,0.0,0.0,0.0,0.0,0.0,0.0,0.0,0.0,0.0,0.0,0.0,0.0,0.0,0.0
heating_cooling,test_utility_1,none,multifamily,8,0.0,0.0,0.0,0.0,0.0,0.0,0.0,0.0,0.0,0.0,0.0,0.0,0.0,0.0,0.0,0.0,0.0,0.0,0.0,0.0,0.0,0.0,0.0,0.0,0.0,0.0,0.0,0.0,0.0,0.0,0.0
heating_cooling,test_utility_1,none,multifamily,9,0.0,0.0,0.0,0.0,0.0,0.0,0.0,0.0,0.0,0.0,0.0,0.0,0.0,0.0,0.0,0.0,0.0,0.0,0.0,0.0,0.0,0.0,0.0,0.0,0.0,0.0,0.0,0.0,0.0,0.0,0.0
heating_cooling,test_utility_1,none,multifamily,10,0.0,0.0,0.0,0.0,0.0,0.0,0.0,0.0,0.0,0.0,0.0,0.0,0.0,0.0,0.0,0.0,0.0,0.0,0.0,0.0,0.0,0.0,0.0,0.0,0.0,0.0,0.0,0.0,0.0,0.0,0.0
heating_cooling,test_utility_1,none,multifamily,11,0.0,0.0,0.0,0.0,0.0,0.0,0.0,0.0,0.0,0.0,0.0,0.0,0.0,0.0,0.0,0.0,0.0,0.0,0.0,0.0,0.0,0.0,0.0,0.0,0.0,0.0,0.0,0.0,0.0,0.0,0.0
heating_cooling,test_utility_1,none,multifamily,12,0.0,0.0,0.0,0.0,0.0,0.0,0.0,0.0,0.0,0.0,0.0,0.0,0.0,0.0,0.0,0.0,0.0,0.0,0.0,0.0,0.0,0.0,0.0,0.0,0.0,0.0,0.0,0.0,0.0,0.0,0.0
heating_cooling,test_utility_1,none,multifamily,13,0.0,0.0,0.0,0.0,0.0,0.0,0.0,0.0,0.0,0.0,0.0,0.0,0.0,0.0,0.0,0.0,0.0,0.0,0.0,0.0,0.0,0.0,0.0,0.0,0.0,0.0,0.0,0.0,0.0,0.0,0.0
heating_cooling,test_utility_1,none,multifamily,14,0.0,0.0,0.0,0.0,0.0,0.0,0.0,0.0,0.0,0.0,0.0,0.0,0.0,0.0,0.0,0.0,0.0,0.0,0.0,0.0,0.0,0.0,0.0,0.0,0.0,0.0,0.0,0.0,0.0,0.0,0.0
heating_cooling,test_utility_1,none,multifamily,15,0.0,0.0,0.0,0.0,0.0,0.0,0.0,0.0,0.0,0.0,0.0,0.0,0.0,0.0,0.0,0.0,0.0,0.0,0.0,0.0,0.0,0.0,0.0,0.0,0.0,0.0,0.0,0.0,0.0,0.0,0.0
heating_cooling,test_utility_1,none,multifamily,16,0.0,0.0,0.0,0.0,0.0,0.0,0.0,0.0,0.0,0.0,0.0,0.0,0.0,0.0,0.0,0.0,0.0,0.0,0.0,0.0,0.0,0.0,0.0,0.0,0.0,0.0,0.0,0.0,0.0,0.0,0.0
heating_cooling,test_utility_1,none,multifamily,17,0.0,0.0,0.0,0.0,0.0,0.0,0.0,0.0,0.0,0.0,0.0,0.0,0.0,0.0,0.0,0.0,0.0,0.0,0.0,0.0,0.0,0.0,0.0,0.0,0.0,0.0,0.0,0.0,0.0,0.0,0.0
heating_cooling,test_utility_1,none,multifamily,18,0.0,0.0,0.0,0.0,0.0,0.0,0.0,0.0,0.0,0.0,0.0,0.0,0.0,0.0,0.0,0.0,0.0,0.0,0.0,0.0,0.0,0.0,0.0,0.0,0.0,0.0,0.0,0.0,0.0,0.0,0.0
heating_cooling,test_utility_1,none,multifamily,19,0.0,0.0,0.0,0.0,0.0,0.0,0.0,0.0,0.0,0.0,0.0,0.0,0.0,0.0,0.0,0.0,0.0,0.0,0.0,0.0,0.0,0.0,0.0,0.0,0.0,0.0,0.0,0.0,0.0,0.0,0.0
heating_cooling,test_utility_1,none,single_family,0,0.0,0.0,0.0,0.0,0.0,0.0,0.0,0.0,0.0,0.0,0.0,0.0,0.0,0.0,0.0,0.0,0.0,0.0,0.0,0.0,0.0,0.0,0.0,0.0,0.0,0.0,0.0,0.0,0.0,0.0,0.0
heating_cooling,test_utility_1,none,single_family,1,0.0,0.0,0.0,0.0,0.0,0.0,0.0,0.0,0.0,0.0,0.0,0.0,0.0,0.0,0.0,0.0,0.0,0.0,0.0,0.0,0.0,0.0,0.0,0.0,0.0,0.0,0.0,0.0,0.0,0.0,0.0
heating_cooling,test_utility_1,none,single_family,2,0.0,0.0,0.0,0.0,0.0,0.0,0.0,0.0,0.0,0.0,0.0,0.0,0.0,0.0,0.0,0.0,0.0,0.0,0.0,0.0,0.0,0.0,0.0,0.0,0.0,0.0,0.0,0.0,0.0,0.0,0.0
heating_cooling,test_utility_1,none,single_family,3,0.0,0.0,0.0,0.0,0.0,0.0,0.0,0.0,0.0,0.0,0.0,0.0,0.0,0.0,0.0,0.0,0.0,0.0,0.0,0.0,0.0,0.0,0.0,0.0,0.0,0.0,0.0,0.0,0.0,0.0,0.0
heating_cooling,test_utility_1,none,single_family,4,0.0,0.0,0.0,0.0,0.0,0.0,0.0,0.0,0.0,0.0,0.0,0.0,0.0,0.0,0.0,0.0,0.0,0.0,0.0,0.0,0.0,0.0,0.0,0.0,0.0,0.0,0.0,0.0,0.0,0.0,0.0
heating_cooling,test_utility_1,none,single_family,5,0.0,0.0,0.0,0.0,0.0,0.0,0.0,0.0,0.0,0.0,0.0,0.0,0.0,0.0,0.0,0.0,0.0,0.0,0.0,0.0,0.0,0.0,0.0,0.0,0.0,0.0,0.0,0.0,0.0,0.0,0.0
heating_cooling,test_utility_1,none,single_family,6,0.0,0.0,0.0,0.0,0.0,0.0,0.0,0.0,0.0,0.0,0.0,0.0,0.0,0.0,0.0,0.0,0.0,0.0,0.0,0.0,0.0,0.0,0.0,0.0,0.0,0.0,0.0,0.0,0.0,0.0,0.0
heating_cooling,test_utility_1,none,single_family,7,0.0,0.0,0.0,0.0,0.0,0.0,0.0,0.0,0.0,0.0,0.0,0.0,0.0,0.0,0.0,0.0,0.0,0.0,0.0,0.0,0.0,0.0,0.0,0.0,0.0,0.0,0.0,0.0,0.0,0.0,0.0
heating_cooling,test_utility_1,none,single_family,8,0.0,0.0,0.0,0.0,0.0,0.0,0.0,0.0,0.0,0.0,0.0,0.0,0.0,0.0,0.0,0.0,0.0,0.0,0.0,0.0,0.0,0.0,0.0,0.0,0.0,0.0,0.0,0.0,0.0,0.0,0.0
heating_cooling,test_utility_1,none,single_family,9,0.0,0.0,0.0,0.0,0.0,0.0,0.0,0.0,0.0,0.0,0.0,0.0,0.0,0.0,0.0,0.0,0.0,0.0,0.0,0.0,0.0,0.0,0.0,0.0,0.0,0.0,0.0,0.0,0.0,0.0,0.0
heating_cooling,test_utility_1,none,single_family,10,0.0,0.0,0.0,0.0,0.0,0.0,0.0,0.0,0.0,0.0,0.0,0.0,0.0,0.0,0.0,0.0,0.0,0.0,0.0,0.0,0.0,0.0,0.0,0.0,0.0,0.0,0.0,0.0,0.0,0.0,0.0
heating_cooling,test_utility_1,none,single_family,11,0.0,0.0,0.0,0.0,0.0,0.0,0.0,0.0,0.0,0.0,0.0,0.0,0.0,0.0,0.0,0.0,0.0,0.0,0.0,0.0,0.0,0.0,0.0,0.0,0.0,0.0,0.0,0.0,0.0,0.0,0.0
heating_cooling,test_utility_1,none,single_family,12,0.0,0.0,0.0,0.0,0.0,0.0,0.0,0.0,0.0,0.0,0.0,0.0,0.0,0.0,0.0,0.0,0.0,0.0,0.0,0.0,0.0,0.0,0.0,0.0,0.0,0.0,0.0,0.0,0.0,0.0,0.0
heating_cooling,test_utility_1,none,single_family,13,0.0,0.0,0.0,0.0,0.0,0.0,0.0,0.0,0.0,0.0,0.0,0.0,0.0,0.0,0.0,0.0,0.0,0.0,0.0,0.0,0.0,0.0,0.0,0.0,0.0,0.0,0.0,0.0,0.0,0.0,0.0
heating_cooling,test_utility_1,none,single_family,14,0.0,0.0,0.0,0.0,0.0,0.0,0.0,0.0,0.0,0.0,0.0,0.0,0.0,0.0,0.0,0.0,0.0,0.0,0.0,0.0,0.0,0.0,0.0,0.0,0.0,0.0,0.0,0.0,0.0,0.0,0.0
heating_cooling,test_utility_1,none,single_family,15,0.0,0.0,0.0,0.0,0.0,0.0,0.0,0.0,0.0,0.0,0.0,0.0,0.0,0.0,0.0,0.0,0.0,0.0,0.0,0.0,0.0,0.0,0.0,0.0,0.0,0.0,0.0,0.0,0.0,0.0,0.0
heating_cooling,test_utility_1,none,single_family,16,0.0,0.0,0.0,0.0,0.0,0.0,0.0,0.0,0.0,0.0,0.0,0.0,0.0,0.0,0.0,0.0,0.0,0.0,0.0,0.0,0.0,0.0,0.0,0.0,0.0,0.0,0.0,0.0,0.0,0.0,0.0
heating_cooling,test_utility_1,none,single_family,17,0.0,0.0,0.0,0.0,0.0,0.0,0.0,0.0,0.0,0.0,0.0,0.0,0.0,0.0,0.0,0.0,0.0,0.0,0.0,0.0,0.0,0.0,0.0,0.0,0.0,0.0,0.0,0.0,0.0,0.0,0.0
heating_cooling,test_utility_1,none,single_family,18,0.0,0.0,0.0,0.0,0.0,0.0,0.0,0.0,0.0,0.0,0.0,0.0,0.0,0.0,0.0,0.0,0.0,0.0,0.0,0.0,0.0,0.0,0.0,0.0,0.0,0.0,0.0,0.0,0.0,0.0,0.0
heating_cooling,test_utility_1,none,single_family,19,0.0,0.0,0.0,0.0,0.0,0.0,0.0,0.0,0.0,0.0,0.0,0.0,0.0,0.0,0.0,0.0,0.0,0.0,0.0,0.0,0.0,0.0,0.0,0.0,0.0,0.0,0.0,0.0,0.0,0.0,0.0
heating_cooling,test_utility_1,none,multifamily_li,0,0.0,0.0,0.0,0.0,0.0,0.0,0.0,0.0,0.0,0.0,0.0,0.0,0.0,0.0,0.0,0.0,0.0,0.0,0.0,0.0,0.0,0.0,0.0,0.0,0.0,0.0,0.0,0.0,0.0,0.0,0.0
heating_cooling,test_utility_1,none,multifamily_li,1,0.0,0.0,0.0,0.0,0.0,0.0,0.0,0.0,0.0,0.0,0.0,0.0,0.0,0.0,0.0,0.0,0.0,0.0,0.0,0.0,0.0,0.0,0.0,0.0,0.0,0.0,0.0,0.0,0.0,0.0,0.0
heating_cooling,test_utility_1,none,multifamily_li,2,0.0,0.0,0.0,0.0,0.0,0.0,0.0,0.0,0.0,0.0,0.0,0.0,0.0,0.0,0.0,0.0,0.0,0.0,0.0,0.0,0.0,0.0,0.0,0.0,0.0,0.0,0.0,0.0,0.0,0.0,0.0
heating_cooling,test_utility_1,none,multifamily_li,3,0.0,0.0,0.0,0.0,0.0,0.0,0.0,0.0,0.0,0.0,0.0,0.0,0.0,0.0,0.0,0.0,0.0,0.0,0.0,0.0,0.0,0.0,0.0,0.0,0.0,0.0,0.0,0.0,0.0,0.0,0.0
heating_cooling,test_utility_1,none,multifamily_li,4,0.0,0.0,0.0,0.0,0.0,0.0,0.0,0.0,0.0,0.0,0.0,0.0,0.0,0.0,0.0,0.0,0.0,0.0,0.0,0.0,0.0,0.0,0.0,0.0,0.0,0.0,0.0,0.0,0.0,0.0,0.0
heating_cooling,test_utility_1,none,multifamily_li,5,0.0,0.0,0.0,0.0,0.0,0.0,0.0,0.0,0.0,0.0,0.0,0.0,0.0,0.0,0.0,0.0,0.0,0.0,0.0,0.0,0.0,0.0,0.0,0.0,0.0,0.0,0.0,0.0,0.0,0.0,0.0
heating_cooling,test_utility_1,none,multifamily_li,6,0.0,0.0,0.0,0.0,0.0,0.0,0.0,0.0,0.0,0.0,0.0,0.0,0.0,0.0,0.0,0.0,0.0,0.0,0.0,0.0,0.0,0.0,0.0,0.0,0.0,0.0,0.0,0.0,0.0,0.0,0.0
heating_cooling,test_utility_1,none,multifamily_li,7,0.0,0.0,0.0,0.0,0.0,0.0,0.0,0.0,0.0,0.0,0.0,0.0,0.0,0.0,0.0,0.0,0.0,0.0,0.0,0.0,0.0,0.0,0.0,0.0,0.0,0.0,0.0,0.0,0.0,0.0,0.0
heating_cooling,test_utility_1,none,multifamily_li,8,0.0,0.0,0.0,0.0,0.0,0.0,0.0,0.0,0.0,0.0,0.0,0.0,0.0,0.0,0.0,0.0,0.0,0.0,0.0,0.0,0.0,0.0,0.0,0.0,0.0,0.0,0.0,0.0,0.0,0.0,0.0
heating_cooling,test_utility_1,none,multifamily_li,9,0.0,0.0,0.0,0.0,0.0,0.0,0.0,0.0,0.0,0.0,0.0,0.0,0.0,0.0,0.0,0.0,0.0,0.0,0.0,0.0,0.0,0.0,0.0,0.0,0.0,0.0,0.0,0.0,0.0,0.0,0.0
heating_cooling,test_utility_1,none,multifamily_li,10,0.0,0.0,0.0,0.0,0.0,0.0,0.0,0.0,0.0,0.0,0.0,0.0,0.0,0.0,0.0,0.0,0.0,0.0,0.0,0.0,0.0,0.0,0.0,0.0,0.0,0.0,0.0,0.0,0.0,0.0,0.0
heating_cooling,test_utility_1,none,multifamily_li,11,0.0,0.0,0.0,0.0,0.0,0.0,0.0,0.0,0.0,0.0,0.0,0.0,0.0,0.0,0.0,0.0,0.0,0.0,0.0,0.0,0.0,0.0,0.0,0.0,0.0,0.0,0.0,0.0,0.0,0.0,0.0
heating_cooling,test_utility_1,none,multifamily_li,12,0.0,0.0,0.0,0.0,0.0,0.0,0.0,0.0,0.0,0.0,0.0,0.0,0.0,0.0,0.0,0.0,0.0,0.0,0.0,0.0,0.0,0.0,0.0,0.0,0.0,0.0,0.0,0.0,0.0,0.0,0.0
heating_cooling,test_utility_1,none,multifamily_li,13,0.0,0.0,0.0,0.0,0.0,0.0,0.0,0.0,0.0,0.0,0.0,0.0,0.0,0.0,0.0,0.0,0.0,0.0,0.0,0.0,0.0,0.0,0.0,0.0,0.0,0.0,0.0,0.0,0.0,0.0,0.0
heating_cooling,test_utility_1,none,multifamily_li,14,0.0,0.0,0.0,0.0,0.0,0.0,0.0,0.0,0.0,0.0,0.0,0.0,0.0,0.0,0.0,0.0,0.0,0.0,0.0,0.0,0.0,0.0,0.0,0.0,0.0,0.0,0.0,0.0,0.0,0.0,0.0
heating_cooling,test_utility_1,none,multifamily_li,15,0.0,0.0,0.0,0.0,0.0,0.0,0.0,0.0,0.0,0.0,0.0,0.0,0.0,0.0,0.0,0.0,0.0,0.0,0.0,0.0,0.0,0.0,0.0,0.0,0.0,0.0,0.0,0.0,0.0,0.0,0.0
heating_cooling,test_utility_1,none,multifamily_li,16,0.0,0.0,0.0,0.0,0.0,0.0,0.0,0.0,0.0,0.0,0.0,0.0,0.0,0.0,0.0,0.0,0.0,0.0,0.0,0.0,0.0,0.0,0.0,0.0,0.0,0.0,0.0,0.0,0.0,0.0,0.0
heating_cooling,test_utility_1,none,multifamily_li,17,0.0,0.0,0.0,0.0,0.0,0.0,0.0,0.0,0.0,0.0,0.0,0.0,0.0,0.0,0.0,0.0,0.0,0.0,0.0,0.0,0.0,0.0,0.0,0.0,0.0,0.0,0.0,0.0,0.0,0.0,0.0
heating_cooling,test_utility_1,none,multifamily_li,18,0.0,0.0,0.0,0.0,0.0,0.0,0.0,0.0,0.0,0.0,0.0,0.0,0.0,0.0,0.0,0.0,0.0,0.0,0.0,0.0,0.0,0.0,0.0,0.0,0.0,0.0,0.0,0.0,0.0,0.0,0.0
heating_cooling,test_utility_1,none,multifamily_li,19,0.0,0.0,0.0,0.0,0.0,0.0,0.0,0.0,0.0,0.0,0.0,0.0,0.0,0.0,0.0,0.0,0.0,0.0,0.0,0.0,0.0,0.0,0.0,0.0,0.0,0.0,0.0,0.0,0.0,0.0,0.0
heating_cooling,test_utility_1,none,single_family_li,0,0.0,0.0,0.0,0.0,0.0,0.0,0.0,0.0,0.0,0.0,0.0,0.0,0.0,0.0,0.0,0.0,0.0,0.0,0.0,0.0,0.0,0.0,0.0,0.0,0.0,0.0,0.0,0.0,0.0,0.0,0.0
heating_cooling,test_utility_1,none,single_family_li,1,0.0,0.0,0.0,0.0,0.0,0.0,0.0,0.0,0.0,0.0,0.0,0.0,0.0,0.0,0.0,0.0,0.0,0.0,0.0,0.0,0.0,0.0,0.0,0.0,0.0,0.0,0.0,0.0,0.0,0.0,0.0
heating_cooling,test_utility_1,none,single_family_li,2,0.0,0.0,0.0,0.0,0.0,0.0,0.0,0.0,0.0,0.0,0.0,0.0,0.0,0.0,0.0,0.0,0.0,0.0,0.0,0.0,0.0,0.0,0.0,0.0,0.0,0.0,0.0,0.0,0.0,0.0,0.0
heating_cooling,test_utility_1,none,single_family_li,3,0.0,0.0,0.0,0.0,0.0,0.0,0.0,0.0,0.0,0.0,0.0,0.0,0.0,0.0,0.0,0.0,0.0,0.0,0.0,0.0,0.0,0.0,0.0,0.0,0.0,0.0,0.0,0.0,0.0,0.0,0.0
heating_cooling,test_utility_1,none,single_family_li,4,0.0,0.0,0.0,0.0,0.0,0.0,0.0,0.0,0.0,0.0,0.0,0.0,0.0,0.0,0.0,0.0,0.0,0.0,0.0,0.0,0.0,0.0,0.0,0.0,0.0,0.0,0.0,0.0,0.0,0.0,0.0
heating_cooling,test_utility_1,none,single_family_li,5,0.0,0.0,0.0,0.0,0.0,0.0,0.0,0.0,0.0,0.0,0.0,0.0,0.0,0.0,0.0,0.0,0.0,0.0,0.0,0.0,0.0,0.0,0.0,0.0,0.0,0.0,0.0,0.0,0.0,0.0,0.0
heating_cooling,test_utility_1,none,single_family_li,6,0.0,0.0,0.0,0.0,0.0,0.0,0.0,0.0,0.0,0.0,0.0,0.0,0.0,0.0,0.0,0.0,0.0,0.0,0.0,0.0,0.0,0.0,0.0,0.0,0.0,0.0,0.0,0.0,0.0,0.0,0.0
heating_cooling,test_utility_1,none,single_family_li,7,0.0,0.0,0.0,0.0,0.0,0.0,0.0,0.0,0.0,0.0,0.0,0.0,0.0,0.0,0.0,0.0,0.0,0.0,0.0,0.0,0.0,0.0,0.0,0.0,0.0,0.0,0.0,0.0,0.0,0.0,0.0
heating_cooling,test_utility_1,none,single_family_li,8,0.0,0.0,0.0,0.0,0.0,0.0,0.0,0.0,0.0,0.0,0.0,0.0,0.0,0.0,0.0,0.0,0.0,0.0,0.0,0.0,0.0,0.0,0.0,0.0,0.0,0.0,0.0,0.0,0.0,0.0,0.0
heating_cooling,test_utility_1,none,single_family_li,9,0.0,0.0,0.0,0.0,0.0,0.0,0.0,0.0,0.0,0.0,0.0,0.0,0.0,0.0,0.0,0.0,0.0,0.0,0.0,0.0,0.0,0.0,0.0,0.0,0.0,0.0,0.0,0.0,0.0,0.0,0.0
heating_cooling,test_utility_1,none,single_family_li,10,0.0,0.0,0.0,0.0,0.0,0.0,0.0,0.0,0.0,0.0,0.0,0.0,0.0,0.0,0.0,0.0,0.0,0.0,0.0,0.0,0.0,0.0,0.0,0.0,0.0,0.0,0.0,0.0,0.0,0.0,0.0
heating_cooling,test_utility_1,none,single_family_li,11,0.0,0.0,0.0,0.0,0.0,0.0,0.0,0.0,0.0,0.0,0.0,0.0,0.0,0.0,0.0,0.0,0.0,0.0,0.0,0.0,0.0,0.0,0.0,0.0,0.0,0.0,0.0,0.0,0.0,0.0,0.0
heating_cooling,test_utility_1,none,single_family_li,12,0.0,0.0,0.0,0.0,0.0,0.0,0.0,0.0,0.0,0.0,0.0,0.0,0.0,0.0,0.0,0.0,0.0,0.0,0.0,0.0,0.0,0.0,0.0,0.0,0.0,0.0,0.0,0.0,0.0,0.0,0.0
heating_cooling,test_utility_1,none,single_family_li,13,0.0,0.0,0.0,0.0,0.0,0.0,0.0,0.0,0.0,0.0,0.0,0.0,0.0,0.0,0.0,0.0,0.0,0.0,0.0,0.0,0.0,0.0,0.0,0.0,0.0,0.0,0.0,0.0,0.0,0.0,0.0
heating_cooling,test_utility_1,none,single_family_li,14,0.0,0.0,0.0,0.0,0.0,0.0,0.0,0.0,0.0,0.0,0.0,0.0,0.0,0.0,0.0,0.0,0.0,0.0,0.0,0.0,0.0,0.0,0.0,0.0,0.0,0.0,0.0,0.0,0.0,0.0,0.0
heating_cooling,test_utility_1,none,single_family_li,15,0.0,0.0,0.0,0.0,0.0,0.0,0.0,0.0,0.0,0.0,0.0,0.0,0.0,0.0,0.0,0.0,0.0,0.0,0.0,0.0,0.0,0.0,0.0,0.0,0.0,0.0,0.0,0.0,0.0,0.0,0.0
heating_cooling,test_utility_1,none,single_family_li,16,0.0,0.0,0.0,0.0,0.0,0.0,0.0,0.0,0.0,0.0,0.0,0.0,0.0,0.0,0.0,0.0,0.0,0.0,0.0,0.0,0.0,0.0,0.0,0.0,0.0,0.0,0.0,0.0,0.0,0.0,0.0
heating_cooling,test_utility_1,none,single_family_li,17,0.0,0.0,0.0,0.0,0.0,0.0,0.0,0.0,0.0,0.0,0.0,0.0,0.0,0.0,0.0,0.0,0.0,0.0,0.0,0.0,0.0,0.0,0.0,0.0,0.0,0.0,0.0,0.0,0.0,0.0,0.0
heating_cooling,test_utility_1,none,single_family_li,18,0.0,0.0,0.0,0.0,0.0,0.0,0.0,0.0,0.0,0.0,0.0,0.0,0.0,0.0,0.0,0.0,0.0,0.0,0.0,0.0,0.0,0.0,0.0,0.0,0.0,0.0,0.0,0.0,0.0,0.0,0.0
heating_cooling,test_utility_1,none,single_family_li,19,0.0,0.0,0.0,0.0,0.0,0.0,0.0,0.0,0.0,0.0,0.0,0.0,0.0,0.0,0.0,0.0,0.0,0.0,0.0,0.0,0.0,0.0,0.0,0.0,0.0,0.0,0.0,0.0,0.0,0.0,0.0
heating_cooling,test_utility_1,test_utility_2,multifamily,0,0.0,0.0,0.0,0.0,0.0,0.0,0.0,0.0,0.0,0.0,0.0,0.0,0.0,0.0,0.0,0.0,0.0,0.0,0.0,0.0,0.0,0.0,0.0,0.0,0.0,0.0,0.0,0.0,0.0,0.0,0.0
heating_cooling,test_utility_1,test_utility_2,multifamily,1,0.0,0.0,0.0,0.0,0.0,0.0,0.0,0.0,0.0,0.0,0.0,0.0,0.0,0.0,0.0,0.0,0.0,0.0,0.0,0.0,0.0,0.0,0.0,0.0,0.0,0.0,0.0,0.0,0.0,0.0,0.0
heating_cooling,test_utility_1,test_utility_2,multifamily,2,0.0,0.0,0.0,0.0,0.0,0.0,0.0,0.0,0.0,0.0,0.0,0.0,0.0,0.0,0.0,0.0,0.0,0.0,0.0,0.0,0.0,0.0,0.0,0.0,0.0,0.0,0.0,0.0,0.0,0.0,0.0
heating_cooling,test_utility_1,test_utility_2,multifamily,3,0.0,0.0,0.0,0.0,0.0,0.0,0.0,0.0,0.0,0.0,0.0,0.0,0.0,0.0,0.0,0.0,0.0,0.0,0.0,0.0,0.0,0.0,0.0,0.0,0.0,0.0,0.0,0.0,0.0,0.0,0.0
heating_cooling,test_utility_1,test_utility_2,multifamily,4,0.0,0.0,0.0,0.0,0.0,0.0,0.0,0.0,0.0,0.0,0.0,0.0,0.0,0.0,0.0,0.0,0.0,0.0,0.0,0.0,0.0,0.0,0.0,0.0,0.0,0.0,0.0,0.0,0.0,0.0,0.0
heating_cooling,test_utility_1,test_utility_2,multifamily,5,0.0,0.0,0.0,0.0,0.0,0.0,0.0,0.0,0.0,0.0,0.0,0.0,0.0,0.0,0.0,0.0,0.0,0.0,0.0,0.0,0.0,0.0,0.0,0.0,0.0,0.0,0.0,0.0,0.0,0.0,0.0
heating_cooling,test_utility_1,test_utility_2,multifamily,6,0.0,0.0,0.0,0.0,0.0,0.0,0.0,0.0,0.0,0.0,0.0,0.0,0.0,0.0,0.0,0.0,0.0,0.0,0.0,0.0,0.0,0.0,0.0,0.0,0.0,0.0,0.0,0.0,0.0,0.0,0.0
heating_cooling,test_utility_1,test_utility_2,multifamily,7,0.0,0.0,0.0,0.0,0.0,0.0,0.0,0.0,0.0,0.0,0.0,0.0,0.0,0.0,0.0,0.0,0.0,0.0,0.0,0.0,0.0,0.0,0.0,0.0,0.0,0.0,0.0,0.0,0.0,0.0,0.0
heating_cooling,test_utility_1,test_utility_2,multifamily,8,0.0,0.0,0.0,0.0,0.0,0.0,0.0,0.0,0.0,0.0,0.0,0.0,0.0,0.0,0.0,0.0,0.0,0.0,0.0,0.0,0.0,0.0,0.0,0.0,0.0,0.0,0.0,0.0,0.0,0.0,0.0
heating_cooling,test_utility_1,test_utility_2,multifamily,9,0.0,0.0,0.0,0.0,0.0,0.0,0.0,0.0,0.0,0.0,0.0,0.0,0.0,0.0,0.0,0.0,0.0,0.0,0.0,0.0,0.0,0.0,0.0,0.0,0.0,0.0,0.0,0.0,0.0,0.0,0.0
heating_cooling,test_utility_1,test_utility_2,multifamily,10,0.0,0.0,0.0,0.0,0.0,0.0,0.0,0.0,0.0,0.0,0.0,0.0,0.0,0.0,0.0,0.0,0.0,0.0,0.0,0.0,0.0,0.0,0.0,0.0,0.0,0.0,0.0,0.0,0.0,0.0,0.0
heating_cooling,test_utility_1,test_utility_2,multifamily,11,0.0,0.0,0.0,0.0,0.0,0.0,0.0,0.0,0.0,0.0,0.0,0.0,0.0,0.0,0.0,0.0,0.0,0.0,0.0,0.0,0.0,0.0,0.0,0.0,0.0,0.0,0.0,0.0,0.0,0.0,0.0
heating_cooling,test_utility_1,test_utility_2,multifamily,12,0.0,0.0,0.0,0.0,0.0,0.0,0.0,0.0,0.0,0.0,0.0,0.0,0.0,0.0,0.0,0.0,0.0,0.0,0.0,0.0,0.0,0.0,0.0,0.0,0.0,0.0,0.0,0.0,0.0,0.0,0.0
heating_cooling,test_utility_1,test_utility_2,multifamily,13,0.0,0.0,0.0,0.0,0.0,0.0,0.0,0.0,0.0,0.0,0.0,0.0,0.0,0.0,0.0,0.0,0.0,0.0,0.0,0.0,0.0,0.0,0.0,0.0,0.0,0.0,0.0,0.0,0.0,0.0,0.0
heating_cooling,test_utility_1,test_utility_2,multifamily,14,0.0,0.0,0.0,0.0,0.0,0.0,0.0,0.0,0.0,0.0,0.0,0.0,0.0,0.0,0.0,0.0,0.0,0.0,0.0,0.0,0.0,0.0,0.0,0.0,0.0,0.0,0.0,0.0,0.0,0.0,0.0
heating_cooling,test_utility_1,test_utility_2,multifamily,15,0.0,0.0,0.0,0.0,0.0,0.0,0.0,0.0,0.0,0.0,0.0,0.0,0.0,0.0,0.0,0.0,0.0,0.0,0.0,0.0,0.0,0.0,0.0,0.0,0.0,0.0,0.0,0.0,0.0,0.0,0.0
heating_cooling,test_utility_1,test_utility_2,multifamily,16,0.0,0.0,0.0,0.0,0.0,0.0,0.0,0.0,0.0,0.0,0.0,0.0,0.0,0.0,0.0,0.0,0.0,0.0,0.0,0.0,0.0,0.0,0.0,0.0,0.0,0.0,0.0,0.0,0.0,0.0,0.0
heating_cooling,test_utility_1,test_utility_2,multifamily,17,0.0,0.0,0.0,0.0,0.0,0.0,0.0,0.0,0.0,0.0,0.0,0.0,0.0,0.0,0.0,0.0,0.0,0.0,0.0,0.0,0.0,0.0,0.0,0.0,0.0,0.0,0.0,0.0,0.0,0.0,0.0
heating_cooling,test_utility_1,test_utility_2,multifamily,18,0.0,0.0,0.0,0.0,0.0,0.0,0.0,0.0,0.0,0.0,0.0,0.0,0.0,0.0,0.0,0.0,0.0,0.0,0.0,0.0,0.0,0.0,0.0,0.0,0.0,0.0,0.0,0.0,0.0,0.0,0.0
heating_cooling,test_utility_1,test_utility_2,multifamily,19,0.0,0.0,0.0,0.0,0.0,0.0,0.0,0.0,0.0,0.0,0.0,0.0,0.0,0.0,0.0,0.0,0.0,0.0,0.0,0.0,0.0,0.0,0.0,0.0,0.0,0.0,0.0,0.0,0.0,0.0,0.0
heating_cooling,test_utility_1,test_utility_2,single_family,0,0.0,0.0,0.0,0.0,0.0,0.0,0.0,0.0,0.0,0.0,0.0,0.0,0.0,0.0,0.0,0.0,0.0,0.0,0.0,0.0,0.0,0.0,0.0,0.0,0.0,0.0,0.0,0.0,0.0,0.0,0.0
heating_cooling,test_utility_1,test_utility_2,single_family,1,0.0,0.0,0.0,0.0,0.0,0.0,0.0,0.0,0.0,0.0,0.0,0.0,0.0,0.0,0.0,0.0,0.0,0.0,0.0,0.0,0.0,0.0,0.0,0.0,0.0,0.0,0.0,0.0,0.0,0.0,0.0
heating_cooling,test_utility_1,test_utility_2,single_family,2,0.0,0.0,0.0,0.0,0.0,0.0,0.0,0.0,0.0,0.0,0.0,0.0,0.0,0.0,0.0,0.0,0.0,0.0,0.0,0.0,0.0,0.0,0.0,0.0,0.0,0.0,0.0,0.0,0.0,0.0,0.0
heating_cooling,test_utility_1,test_utility_2,single_family,3,0.0,0.0,0.0,0.0,0.0,0.0,0.0,0.0,0.0,0.0,0.0,0.0,0.0,0.0,0.0,0.0,0.0,0.0,0.0,0.0,0.0,0.0,0.0,0.0,0.0,0.0,0.0,0.0,0.0,0.0,0.0
heating_cooling,test_utility_1,test_utility_2,single_family,4,0.0,0.0,0.0,0.0,0.0,0.0,0.0,0.0,0.0,0.0,0.0,0.0,0.0,0.0,0.0,0.0,0.0,0.0,0.0,0.0,0.0,0.0,0.0,0.0,0.0,0.0,0.0,0.0,0.0,0.0,0.0
heating_cooling,test_utility_1,test_utility_2,single_family,5,0.0,0.0,0.0,0.0,0.0,0.0,0.0,0.0,0.0,0.0,0.0,0.0,0.0,0.0,0.0,0.0,0.0,0.0,0.0,0.0,0.0,0.0,0.0,0.0,0.0,0.0,0.0,0.0,0.0,0.0,0.0
heating_cooling,test_utility_1,test_utility_2,single_family,6,0.0,0.0,0.0,0.0,0.0,0.0,0.0,0.0,0.0,0.0,0.0,0.0,0.0,0.0,0.0,0.0,0.0,0.0,0.0,0.0,0.0,0.0,0.0,0.0,0.0,0.0,0.0,0.0,0.0,0.0,0.0
heating_cooling,test_utility_1,test_utility_2,single_family,7,0.0,0.0,0.0,0.0,0.0,0.0,0.0,0.0,0.0,0.0,0.0,0.0,0.0,0.0,0.0,0.0,0.0,0.0,0.0,0.0,0.0,0.0,0.0,0.0,0.0,0.0,0.0,0.0,0.0,0.0,0.0
heating_cooling,test_utility_1,test_utility_2,single_family,8,0.0,0.0,0.0,0.0,0.0,0.0,0.0,0.0,0.0,0.0,0.0,0.0,0.0,0.0,0.0,0.0,0.0,0.0,0.0,0.0,0.0,0.0,0.0,0.0,0.0,0.0,0.0,0.0,0.0,0.0,0.0
heating_cooling,test_utility_1,test_utility_2,single_family,9,0.0,0.0,0.0,0.0,0.0,0.0,0.0,0.0,0.0,0.0,0.0,0.0,0.0,0.0,0.0,0.0,0.0,0.0,0.0,0.0,0.0,0.0,0.0,0.0,0.0,0.0,0.0,0.0,0.0,0.0,0.0
heating_cooling,test_utility_1,test_utility_2,single_family,10,0.0,0.0,0.0,0.0,0.0,0.0,0.0,0.0,0.0,0.0,0.0,0.0,0.0,0.0,0.0,0.0,0.0,0.0,0.0,0.0,0.0,0.0,0.0,0.0,0.0,0.0,0.0,0.0,0.0,0.0,0.0
heating_cooling,test_utility_1,test_utility_2,single_family,11,0.0,0.0,0.0,0.0,0.0,0.0,0.0,0.0,0.0,0.0,0.0,0.0,0.0,0.0,0.0,0.0,0.0,0.0,0.0,0.0,0.0,0.0,0.0,0.0,0.0,0.0,0.0,0.0,0.0,0.0,0.0
heating_cooling,test_utility_1,test_utility_2,single_family,12,0.0,0.0,0.0,0.0,0.0,0.0,0.0,0.0,0.0,0.0,0.0,0.0,0.0,0.0,0.0,0.0,0.0,0.0,0.0,0.0,0.0,0.0,0.0,0.0,0.0,0.0,0.0,0.0,0.0,0.0,0.0
heating_cooling,test_utility_1,test_utility_2,single_family,13,0.0,0.0,0.0,0.0,0.0,0.0,0.0,0.0,0.0,0.0,0.0,0.0,0.0,0.0,0.0,0.0,0.0,0.0,0.0,0.0,0.0,0.0,0.0,0.0,0.0,0.0,0.0,0.0,0.0,0.0,0.0
heating_cooling,test_utility_1,test_utility_2,single_family,14,0.0,0.0,0.0,0.0,0.0,0.0,0.0,0.0,0.0,0.0,0.0,0.0,0.0,0.0,0.0,0.0,0.0,0.0,0.0,0.0,0.0,0.0,0.0,0.0,0.0,0.0,0.0,0.0,0.0,0.0,0.0
heating_cooling,test_utility_1,test_utility_2,single_family,15,0.0,0.0,0.0,0.0,0.0,0.0,0.0,0.0,0.0,0.0,0.0,0.0,0.0,0.0,0.0,0.0,0.0,0.0,0.0,0.0,0.0,0.0,0.0,0.0,0.0,0.0,0.0,0.0,0.0,0.0,0.0
heating_cooling,test_utility_1,test_utility_2,single_family,16,0.0,0.0,0.0,0.0,0.0,0.0,0.0,0.0,0.0,0.0,0.0,0.0,0.0,0.0,0.0,0.0,0.0,0.0,0.0,0.0,0.0,0.0,0.0,0.0,0.0,0.0,0.0,0.0,0.0,0.0,0.0
heating_cooling,test_utility_1,test_utility_2,single_family,17,0.0,0.0,0.0,0.0,0.0,0.0,0.0,0.0,0.0,0.0,0.0,0.0,0.0,0.0,0.0,0.0,0.0,0.0,0.0,0.0,0.0,0.0,0.0,0.0,0.0,0.0,0.0,0.0,0.0,0.0,0.0
heating_cooling,test_utility_1,test_utility_2,single_family,18,0.0,0.0,0.0,0.0,0.0,0.0,0.0,0.0,0.0,0.0,0.0,0.0,0.0,0.0,0.0,0.0,0.0,0.0,0.0,0.0,0.0,0.0,0.0,0.0,0.0,0.0,0.0,0.0,0.0,0.0,0.0
heating_cooling,test_utility_1,test_utility_2,single_family,19,0.0,0.0,0.0,0.0,0.0,0.0,0.0,0.0,0.0,0.0,0.0,0.0,0.0,0.0,0.0,0.0,0.0,0.0,0.0,0.0,0.0,0.0,0.0,0.0,0.0,0.0,0.0,0.0,0.0,0.0,0.0
heating_cooling,test_utility_1,test_utility_2,multifamily_li,0,0.0,0.0,0.0,0.0,0.0,0.0,0.0,0.0,0.0,0.0,0.0,0.0,0.0,0.0,0.0,0.0,0.0,0.0,0.0,0.0,0.0,0.0,0.0,0.0,0.0,0.0,0.0,0.0,0.0,0.0,0.0
heating_cooling,test_utility_1,test_utility_2,multifamily_li,1,0.0,0.0,0.0,0.0,0.0,0.0,0.0,0.0,0.0,0.0,0.0,0.0,0.0,0.0,0.0,0.0,0.0,0.0,0.0,0.0,0.0,0.0,0.0,0.0,0.0,0.0,0.0,0.0,0.0,0.0,0.0
heating_cooling,test_utility_1,test_utility_2,multifamily_li,2,0.0,0.0,0.0,0.0,0.0,0.0,0.0,0.0,0.0,0.0,0.0,0.0,0.0,0.0,0.0,0.0,0.0,0.0,0.0,0.0,0.0,0.0,0.0,0.0,0.0,0.0,0.0,0.0,0.0,0.0,0.0
heating_cooling,test_utility_1,test_utility_2,multifamily_li,3,0.0,0.0,0.0,0.0,0.0,0.0,0.0,0.0,0.0,0.0,0.0,0.0,0.0,0.0,0.0,0.0,0.0,0.0,0.0,0.0,0.0,0.0,0.0,0.0,0.0,0.0,0.0,0.0,0.0,0.0,0.0
heating_cooling,test_utility_1,test_utility_2,multifamily_li,4,0.0,0.0,0.0,0.0,0.0,0.0,0.0,0.0,0.0,0.0,0.0,0.0,0.0,0.0,0.0,0.0,0.0,0.0,0.0,0.0,0.0,0.0,0.0,0.0,0.0,0.0,0.0,0.0,0.0,0.0,0.0
heating_cooling,test_utility_1,test_utility_2,multifamily_li,5,0.0,0.0,0.0,0.0,0.0,0.0,0.0,0.0,0.0,0.0,0.0,0.0,0.0,0.0,0.0,0.0,0.0,0.0,0.0,0.0,0.0,0.0,0.0,0.0,0.0,0.0,0.0,0.0,0.0,0.0,0.0
heating_cooling,test_utility_1,test_utility_2,multifamily_li,6,0.0,0.0,0.0,0.0,0.0,0.0,0.0,0.0,0.0,0.0,0.0,0.0,0.0,0.0,0.0,0.0,0.0,0.0,0.0,0.0,0.0,0.0,0.0,0.0,0.0,0.0,0.0,0.0,0.0,0.0,0.0
heating_cooling,test_utility_1,test_utility_2,multifamily_li,7,0.0,0.0,0.0,0.0,0.0,0.0,0.0,0.0,0.0,0.0,0.0,0.0,0.0,0.0,0.0,0.0,0.0,0.0,0.0,0.0,0.0,0.0,0.0,0.0,0.0,0.0,0.0,0.0,0.0,0.0,0.0
heating_cooling,test_utility_1,test_utility_2,multifamily_li,8,0.0,0.0,0.0,0.0,0.0,0.0,0.0,0.0,0.0,0.0,0.0,0.0,0.0,0.0,0.0,0.0,0.0,0.0,0.0,0.0,0.0,0.0,0.0,0.0,0.0,0.0,0.0,0.0,0.0,0.0,0.0
heating_cooling,test_utility_1,test_utility_2,multifamily_li,9,0.0,0.0,0.0,0.0,0.0,0.0,0.0,0.0,0.0,0.0,0.0,0.0,0.0,0.0,0.0,0.0,0.0,0.0,0.0,0.0,0.0,0.0,0.0,0.0,0.0,0.0,0.0,0.0,0.0,0.0,0.0
heating_cooling,test_utility_1,test_utility_2,multifamily_li,10,0.0,0.0,0.0,0.0,0.0,0.0,0.0,0.0,0.0,0.0,0.0,0.0,0.0,0.0,0.0,0.0,0.0,0.0,0.0,0.0,0.0,0.0,0.0,0.0,0.0,0.0,0.0,0.0,0.0,0.0,0.0
heating_cooling,test_utility_1,test_utility_2,multifamily_li,11,0.0,0.0,0.0,0.0,0.0,0.0,0.0,0.0,0.0,0.0,0.0,0.0,0.0,0.0,0.0,0.0,0.0,0.0,0.0,0.0,0.0,0.0,0.0,0.0,0.0,0.0,0.0,0.0,0.0,0.0,0.0
heating_cooling,test_utility_1,test_utility_2,multifamily_li,12,0.0,0.0,0.0,0.0,0.0,0.0,0.0,0.0,0.0,0.0,0.0,0.0,0.0,0.0,0.0,0.0,0.0,0.0,0.0,0.0,0.0,0.0,0.0,0.0,0.0,0.0,0.0,0.0,0.0,0.0,0.0
heating_cooling,test_utility_1,test_utility_2,multifamily_li,13,0.0,0.0,0.0,0.0,0.0,0.0,0.0,0.0,0.0,0.0,0.0,0.0,0.0,0.0,0.0,0.0,0.0,0.0,0.0,0.0,0.0,0.0,0.0,0.0,0.0,0.0,0.0,0.0,0.0,0.0,0.0
heating_cooling,test_utility_1,test_utility_2,multifamily_li,14,0.0,0.0,0.0,0.0,0.0,0.0,0.0,0.0,0.0,0.0,0.0,0.0,0.0,0.0,0.0,0.0,0.0,0.0,0.0,0.0,0.0,0.0,0.0,0.0,0.0,0.0,0.0,0.0,0.0,0.0,0.0
heating_cooling,test_utility_1,test_utility_2,multifamily_li,15,0.0,0.0,0.0,0.0,0.0,0.0,0.0,0.0,0.0,0.0,0.0,0.0,0.0,0.0,0.0,0.0,0.0,0.0,0.0,0.0,0.0,0.0,0.0,0.0,0.0,0.0,0.0,0.0,0.0,0.0,0.0
heating_cooling,test_utility_1,test_utility_2,multifamily_li,16,0.0,0.0,0.0,0.0,0.0,0.0,0.0,0.0,0.0,0.0,0.0,0.0,0.0,0.0,0.0,0.0,0.0,0.0,0.0,0.0,0.0,0.0,0.0,0.0,0.0,0.0,0.0,0.0,0.0,0.0,0.0
heating_cooling,test_utility_1,test_utility_2,multifamily_li,17,0.0,0.0,0.0,0.0,0.0,0.0,0.0,0.0,0.0,0.0,0.0,0.0,0.0,0.0,0.0,0.0,0.0,0.0,0.0,0.0,0.0,0.0,0.0,0.0,0.0,0.0,0.0,0.0,0.0,0.0,0.0
heating_cooling,test_utility_1,test_utility_2,multifamily_li,18,0.0,0.0,0.0,0.0,0.0,0.0,0.0,0.0,0.0,0.0,0.0,0.0,0.0,0.0,0.0,0.0,0.0,0.0,0.0,0.0,0.0,0.0,0.0,0.0,0.0,0.0,0.0,0.0,0.0,0.0,0.0
heating_cooling,test_utility_1,test_utility_2,multifamily_li,19,0.0,0.0,0.0,0.0,0.0,0.0,0.0,0.0,0.0,0.0,0.0,0.0,0.0,0.0,0.0,0.0,0.0,0.0,0.0,0.0,0.0,0.0,0.0,0.0,0.0,0.0,0.0,0.0,0.0,0.0,0.0
heating_cooling,test_utility_1,test_utility_2,single_family_li,0,0.0,0.0,0.0,0.0,0.0,0.0,0.0,0.0,0.0,0.0,0.0,0.0,0.0,0.0,0.0,0.0,0.0,0.0,0.0,0.0,0.0,0.0,0.0,0.0,0.0,0.0,0.0,0.0,0.0,0.0,0.0
heating_cooling,test_utility_1,test_utility_2,single_family_li,1,0.0,0.0,0.0,0.0,0.0,0.0,0.0,0.0,0.0,0.0,0.0,0.0,0.0,0.0,0.0,0.0,0.0,0.0,0.0,0.0,0.0,0.0,0.0,0.0,0.0,0.0,0.0,0.0,0.0,0.0,0.0
heating_cooling,test_utility_1,test_utility_2,single_family_li,2,0.0,0.0,0.0,0.0,0.0,0.0,0.0,0.0,0.0,0.0,0.0,0.0,0.0,0.0,0.0,0.0,0.0,0.0,0.0,0.0,0.0,0.0,0.0,0.0,0.0,0.0,0.0,0.0,0.0,0.0,0.0
heating_cooling,test_utility_1,test_utility_2,single_family_li,3,0.0,0.0,0.0,0.0,0.0,0.0,0.0,0.0,0.0,0.0,0.0,0.0,0.0,0.0,0.0,0.0,0.0,0.0,0.0,0.0,0.0,0.0,0.0,0.0,0.0,0.0,0.0,0.0,0.0,0.0,0.0
heating_cooling,test_utility_1,test_utility_2,single_family_li,4,0.0,0.0,0.0,0.0,0.0,0.0,0.0,0.0,0.0,0.0,0.0,0.0,0.0,0.0,0.0,0.0,0.0,0.0,0.0,0.0,0.0,0.0,0.0,0.0,0.0,0.0,0.0,0.0,0.0,0.0,0.0
heating_cooling,test_utility_1,test_utility_2,single_family_li,5,0.0,0.0,0.0,0.0,0.0,0.0,0.0,0.0,0.0,0.0,0.0,0.0,0.0,0.0,0.0,0.0,0.0,0.0,0.0,0.0,0.0,0.0,0.0,0.0,0.0,0.0,0.0,0.0,0.0,0.0,0.0
heating_cooling,test_utility_1,test_utility_2,single_family_li,6,0.0,0.0,0.0,0.0,0.0,0.0,0.0,0.0,0.0,0.0,0.0,0.0,0.0,0.0,0.0,0.0,0.0,0.0,0.0,0.0,0.0,0.0,0.0,0.0,0.0,0.0,0.0,0.0,0.0,0.0,0.0
heating_cooling,test_utility_1,test_utility_2,single_family_li,7,0.0,0.0,0.0,0.0,0.0,0.0,0.0,0.0,0.0,0.0,0.0,0.0,0.0,0.0,0.0,0.0,0.0,0.0,0.0,0.0,0.0,0.0,0.0,0.0,0.0,0.0,0.0,0.0,0.0,0.0,0.0
heating_cooling,test_utility_1,test_utility_2,single_family_li,8,0.0,0.0,0.0,0.0,0.0,0.0,0.0,0.0,0.0,0.0,0.0,0.0,0.0,0.0,0.0,0.0,0.0,0.0,0.0,0.0,0.0,0.0,0.0,0.0,0.0,0.0,0.0,0.0,0.0,0.0,0.0
heating_cooling,test_utility_1,test_utility_2,single_family_li,9,0.0,0.0,0.0,0.0,0.0,0.0,0.0,0.0,0.0,0.0,0.0,0.0,0.0,0.0,0.0,0.0,0.0,0.0,0.0,0.0,0.0,0.0,0.0,0.0,0.0,0.0,0.0,0.0,0.0,0.0,0.0
heating_cooling,test_utility_1,test_utility_2,single_family_li,10,0.0,0.0,0.0,0.0,0.0,0.0,0.0,0.0,0.0,0.0,0.0,0.0,0.0,0.0,0.0,0.0,0.0,0.0,0.0,0.0,0.0,0.0,0.0,0.0,0.0,0.0,0.0,0.0,0.0,0.0,0.0
heating_cooling,test_utility_1,test_utility_2,single_family_li,11,0.0,0.0,0.0,0.0,0.0,0.0,0.0,0.0,0.0,0.0,0.0,0.0,0.0,0.0,0.0,0.0,0.0,0.0,0.0,0.0,0.0,0.0,0.0,0.0,0.0,0.0,0.0,0.0,0.0,0.0,0.0
heating_cooling,test_utility_1,test_utility_2,single_family_li,12,0.0,0.0,0.0,0.0,0.0,0.0,0.0,0.0,0.0,0.0,0.0,0.0,0.0,0.0,0.0,0.0,0.0,0.0,0.0,0.0,0.0,0.0,0.0,0.0,0.0,0.0,0.0,0.0,0.0,0.0,0.0
heating_cooling,test_utility_1,test_utility_2,single_family_li,13,0.0,0.0,0.0,0.0,0.0,0.0,0.0,0.0,0.0,0.0,0.0,0.0,0.0,0.0,0.0,0.0,0.0,0.0,0.0,0.0,0.0,0.0,0.0,0.0,0.0,0.0,0.0,0.0,0.0,0.0,0.0
heating_cooling,test_utility_1,test_utility_2,single_family_li,14,0.0,0.0,0.0,0.0,0.0,0.0,0.0,0.0,0.0,0.0,0.0,0.0,0.0,0.0,0.0,0.0,0.0,0.0,0.0,0.0,0.0,0.0,0.0,0.0,0.0,0.0,0.0,0.0,0.0,0.0,0.0
heating_cooling,test_utility_1,test_utility_2,single_family_li,15,0.0,0.0,0.0,0.0,0.0,0.0,0.0,0.0,0.0,0.0,0.0,0.0,0.0,0.0,0.0,0.0,0.0,0.0,0.0,0.0,0.0,0.0,0.0,0.0,0.0,0.0,0.0,0.0,0.0,0.0,0.0
heating_cooling,test_utility_1,test_utility_2,single_family_li,16,0.0,0.0,0.0,0.0,0.0,0.0,0.0,0.0,0.0,0.0,0.0,0.0,0.0,0.0,0.0,0.0,0.0,0.0,0.0,0.0,0.0,0.0,0.0,0.0,0.0,0.0,0.0,0.0,0.0,0.0,0.0
heating_cooling,test_utility_1,test_utility_2,single_family_li,17,0.0,0.0,0.0,0.0,0.0,0.0,0.0,0.0,0.0,0.0,0.0,0.0,0.0,0.0,0.0,0.0,0.0,0.0,0.0,0.0,0.0,0.0,0.0,0.0,0.0,0.0,0.0,0.0,0.0,0.0,0.0
heating_cooling,test_utility_1,test_utility_2,single_family_li,18,0.0,0.0,0.0,0.0,0.0,0.0,0.0,0.0,0.0,0.0,0.0,0.0,0.0,0.0,0.0,0.0,0.0,0.0,0.0,0.0,0.0,0.0,0.0,0.0,0.0,0.0,0.0,0.0,0.0,0.0,0.0
heating_cooling,test_utility_1,test_utility_2,single_family_li,19,0.0,0.0,0.0,0.0,0.0,0.0,0.0,0.0,0.0,0.0,0.0,0.0,0.0,0.0,0.0,0.0,0.0,0.0,0.0,0.0,0.0,0.0,0.0,0.0,0.0,0.0,0.0,0.0,0.0,0.0,0.0
heating_cooling,none,test_utility_1,multifamily,0,0.0,0.0,0.0,0.0,0.0,0.0,0.0,0.0,0.0,0.0,0.0,0.0,0.0,0.0,0.0,0.0,0.0,0.0,0.0,0.0,0.0,0.0,0.0,0.0,0.0,0.0,0.0,0.0,0.0,0.0,0.0
heating_cooling,none,test_utility_1,multifamily,1,0.0,0.0,0.0,0.0,0.0,0.0,0.0,0.0,0.0,0.0,0.0,0.0,0.0,0.0,0.0,0.0,0.0,0.0,0.0,0.0,0.0,0.0,0.0,0.0,0.0,0.0,0.0,0.0,0.0,0.0,0.0
heating_cooling,none,test_utility_1,multifamily,2,0.0,0.0,0.0,0.0,0.0,0.0,0.0,0.0,0.0,0.0,0.0,0.0,0.0,0.0,0.0,0.0,0.0,0.0,0.0,0.0,0.0,0.0,0.0,0.0,0.0,0.0,0.0,0.0,0.0,0.0,0.0
heating_cooling,none,test_utility_1,multifamily,3,0.0,0.0,0.0,0.0,0.0,0.0,0.0,0.0,0.0,0.0,0.0,0.0,0.0,0.0,0.0,0.0,0.0,0.0,0.0,0.0,0.0,0.0,0.0,0.0,0.0,0.0,0.0,0.0,0.0,0.0,0.0
heating_cooling,none,test_utility_1,multifamily,4,0.0,0.0,0.0,0.0,0.0,0.0,0.0,0.0,0.0,0.0,0.0,0.0,0.0,0.0,0.0,0.0,0.0,0.0,0.0,0.0,0.0,0.0,0.0,0.0,0.0,0.0,0.0,0.0,0.0,0.0,0.0
heating_cooling,none,test_utility_1,multifamily,5,0.0,0.0,0.0,0.0,0.0,0.0,0.0,0.0,0.0,0.0,0.0,0.0,0.0,0.0,0.0,0.0,0.0,0.0,0.0,0.0,0.0,0.0,0.0,0.0,0.0,0.0,0.0,0.0,0.0,0.0,0.0
heating_cooling,none,test_utility_1,multifamily,6,0.0,0.0,0.0,0.0,0.0,0.0,0.0,0.0,0.0,0.0,0.0,0.0,0.0,0.0,0.0,0.0,0.0,0.0,0.0,0.0,0.0,0.0,0.0,0.0,0.0,0.0,0.0,0.0,0.0,0.0,0.0
heating_cooling,none,test_utility_1,multifamily,7,0.0,0.0,0.0,0.0,0.0,0.0,0.0,0.0,0.0,0.0,0.0,0.0,0.0,0.0,0.0,0.0,0.0,0.0,0.0,0.0,0.0,0.0,0.0,0.0,0.0,0.0,0.0,0.0,0.0,0.0,0.0
heating_cooling,none,test_utility_1,multifamily,8,0.0,0.0,0.0,0.0,0.0,0.0,0.0,0.0,0.0,0.0,0.0,0.0,0.0,0.0,0.0,0.0,0.0,0.0,0.0,0.0,0.0,0.0,0.0,0.0,0.0,0.0,0.0,0.0,0.0,0.0,0.0
heating_cooling,none,test_utility_1,multifamily,9,0.0,0.0,0.0,0.0,0.0,0.0,0.0,0.0,0.0,0.0,0.0,0.0,0.0,0.0,0.0,0.0,0.0,0.0,0.0,0.0,0.0,0.0,0.0,0.0,0.0,0.0,0.0,0.0,0.0,0.0,0.0
heating_cooling,none,test_utility_1,multifamily,10,0.0,0.0,0.0,0.0,0.0,0.0,0.0,0.0,0.0,0.0,0.0,0.0,0.0,0.0,0.0,0.0,0.0,0.0,0.0,0.0,0.0,0.0,0.0,0.0,0.0,0.0,0.0,0.0,0.0,0.0,0.0
heating_cooling,none,test_utility_1,multifamily,11,0.0,0.0,0.0,0.0,0.0,0.0,0.0,0.0,0.0,0.0,0.0,0.0,0.0,0.0,0.0,0.0,0.0,0.0,0.0,0.0,0.0,0.0,0.0,0.0,0.0,0.0,0.0,0.0,0.0,0.0,0.0
heating_cooling,none,test_utility_1,multifamily,12,0.0,0.0,0.0,0.0,0.0,0.0,0.0,0.0,0.0,0.0,0.0,0.0,0.0,0.0,0.0,0.0,0.0,0.0,0.0,0.0,0.0,0.0,0.0,0.0,0.0,0.0,0.0,0.0,0.0,0.0,0.0
heating_cooling,none,test_utility_1,multifamily,13,0.0,0.0,0.0,0.0,0.0,0.0,0.0,0.0,0.0,0.0,0.0,0.0,0.0,0.0,0.0,0.0,0.0,0.0,0.0,0.0,0.0,0.0,0.0,0.0,0.0,0.0,0.0,0.0,0.0,0.0,0.0
heating_cooling,none,test_utility_1,multifamily,14,0.0,0.0,0.0,0.0,0.0,0.0,0.0,0.0,0.0,0.0,0.0,0.0,0.0,0.0,0.0,0.0,0.0,0.0,0.0,0.0,0.0,0.0,0.0,0.0,0.0,0.0,0.0,0.0,0.0,0.0,0.0
heating_cooling,none,test_utility_1,multifamily,15,0.0,0.0,0.0,0.0,0.0,0.0,0.0,0.0,0.0,0.0,0.0,0.0,0.0,0.0,0.0,0.0,0.0,0.0,0.0,0.0,0.0,0.0,0.0,0.0,0.0,0.0,0.0,0.0,0.0,0.0,0.0
heating_cooling,none,test_utility_1,multifamily,16,0.0,0.0,0.0,0.0,0.0,0.0,0.0,0.0,0.0,0.0,0.0,0.0,0.0,0.0,0.0,0.0,0.0,0.0,0.0,0.0,0.0,0.0,0.0,0.0,0.0,0.0,0.0,0.0,0.0,0.0,0.0
heating_cooling,none,test_utility_1,multifamily,17,0.0,0.0,0.0,0.0,0.0,0.0,0.0,0.0,0.0,0.0,0.0,0.0,0.0,0.0,0.0,0.0,0.0,0.0,0.0,0.0,0.0,0.0,0.0,0.0,0.0,0.0,0.0,0.0,0.0,0.0,0.0
heating_cooling,none,test_utility_1,multifamily,18,0.0,0.0,0.0,0.0,0.0,0.0,0.0,0.0,0.0,0.0,0.0,0.0,0.0,0.0,0.0,0.0,0.0,0.0,0.0,0.0,0.0,0.0,0.0,0.0,0.0,0.0,0.0,0.0,0.0,0.0,0.0
heating_cooling,none,test_utility_1,multifamily,19,0.0,0.0,0.0,0.0,0.0,0.0,0.0,0.0,0.0,0.0,0.0,0.0,0.0,0.0,0.0,0.0,0.0,0.0,0.0,0.0,0.0,0.0,0.0,0.0,0.0,0.0,0.0,0.0,0.0,0.0,0.0
heating_cooling,none,test_utility_1,single_family,0,0.0,0.0,0.0,0.0,0.0,0.0,0.0,0.0,0.0,0.0,0.0,0.0,0.0,0.0,0.0,0.0,0.0,0.0,0.0,0.0,0.0,0.0,0.0,0.0,0.0,0.0,0.0,0.0,0.0,0.0,0.0
heating_cooling,none,test_utility_1,single_family,1,0.0,0.0,0.0,0.0,0.0,0.0,0.0,0.0,0.0,0.0,0.0,0.0,0.0,0.0,0.0,0.0,0.0,0.0,0.0,0.0,0.0,0.0,0.0,0.0,0.0,0.0,0.0,0.0,0.0,0.0,0.0
heating_cooling,none,test_utility_1,single_family,2,0.0,0.0,0.0,0.0,0.0,0.0,0.0,0.0,0.0,0.0,0.0,0.0,0.0,0.0,0.0,0.0,0.0,0.0,0.0,0.0,0.0,0.0,0.0,0.0,0.0,0.0,0.0,0.0,0.0,0.0,0.0
heating_cooling,none,test_utility_1,single_family,3,0.0,0.0,0.0,0.0,0.0,0.0,0.0,0.0,0.0,0.0,0.0,0.0,0.0,0.0,0.0,0.0,0.0,0.0,0.0,0.0,0.0,0.0,0.0,0.0,0.0,0.0,0.0,0.0,0.0,0.0,0.0
heating_cooling,none,test_utility_1,single_family,4,0.0,0.0,0.0,0.0,0.0,0.0,0.0,0.0,0.0,0.0,0.0,0.0,0.0,0.0,0.0,0.0,0.0,0.0,0.0,0.0,0.0,0.0,0.0,0.0,0.0,0.0,0.0,0.0,0.0,0.0,0.0
heating_cooling,none,test_utility_1,single_family,5,0.0,0.0,0.0,0.0,0.0,0.0,0.0,0.0,0.0,0.0,0.0,0.0,0.0,0.0,0.0,0.0,0.0,0.0,0.0,0.0,0.0,0.0,0.0,0.0,0.0,0.0,0.0,0.0,0.0,0.0,0.0
heating_cooling,none,test_utility_1,single_family,6,0.0,0.0,0.0,0.0,0.0,0.0,0.0,0.0,0.0,0.0,0.0,0.0,0.0,0.0,0.0,0.0,0.0,0.0,0.0,0.0,0.0,0.0,0.0,0.0,0.0,0.0,0.0,0.0,0.0,0.0,0.0
heating_cooling,none,test_utility_1,single_family,7,0.0,0.0,0.0,0.0,0.0,0.0,0.0,0.0,0.0,0.0,0.0,0.0,0.0,0.0,0.0,0.0,0.0,0.0,0.0,0.0,0.0,0.0,0.0,0.0,0.0,0.0,0.0,0.0,0.0,0.0,0.0
heating_cooling,none,test_utility_1,single_family,8,0.0,0.0,0.0,0.0,0.0,0.0,0.0,0.0,0.0,0.0,0.0,0.0,0.0,0.0,0.0,0.0,0.0,0.0,0.0,0.0,0.0,0.0,0.0,0.0,0.0,0.0,0.0,0.0,0.0,0.0,0.0
heating_cooling,none,test_utility_1,single_family,9,0.0,0.0,0.0,0.0,0.0,0.0,0.0,0.0,0.0,0.0,0.0,0.0,0.0,0.0,0.0,0.0,0.0,0.0,0.0,0.0,0.0,0.0,0.0,0.0,0.0,0.0,0.0,0.0,0.0,0.0,0.0
heating_cooling,none,test_utility_1,single_family,10,0.0,0.0,0.0,0.0,0.0,0.0,0.0,0.0,0.0,0.0,0.0,0.0,0.0,0.0,0.0,0.0,0.0,0.0,0.0,0.0,0.0,0.0,0.0,0.0,0.0,0.0,0.0,0.0,0.0,0.0,0.0
heating_cooling,none,test_utility_1,single_family,11,0.0,0.0,0.0,0.0,0.0,0.0,0.0,0.0,0.0,0.0,0.0,0.0,0.0,0.0,0.0,0.0,0.0,0.0,0.0,0.0,0.0,0.0,0.0,0.0,0.0,0.0,0.0,0.0,0.0,0.0,0.0
heating_cooling,none,test_utility_1,single_family,12,0.0,0.0,0.0,0.0,0.0,0.0,0.0,0.0,0.0,0.0,0.0,0.0,0.0,0.0,0.0,0.0,0.0,0.0,0.0,0.0,0.0,0.0,0.0,0.0,0.0,0.0,0.0,0.0,0.0,0.0,0.0
heating_cooling,none,test_utility_1,single_family,13,0.0,0.0,0.0,0.0,0.0,0.0,0.0,0.0,0.0,0.0,0.0,0.0,0.0,0.0,0.0,0.0,0.0,0.0,0.0,0.0,0.0,0.0,0.0,0.0,0.0,0.0,0.0,0.0,0.0,0.0,0.0
heating_cooling,none,test_utility_1,single_family,14,0.0,0.0,0.0,0.0,0.0,0.0,0.0,0.0,0.0,0.0,0.0,0.0,0.0,0.0,0.0,0.0,0.0,0.0,0.0,0.0,0.0,0.0,0.0,0.0,0.0,0.0,0.0,0.0,0.0,0.0,0.0
heating_cooling,none,test_utility_1,single_family,15,0.0,0.0,0.0,0.0,0.0,0.0,0.0,0.0,0.0,0.0,0.0,0.0,0.0,0.0,0.0,0.0,0.0,0.0,0.0,0.0,0.0,0.0,0.0,0.0,0.0,0.0,0.0,0.0,0.0,0.0,0.0
heating_cooling,none,test_utility_1,single_family,16,0.0,0.0,0.0,0.0,0.0,0.0,0.0,0.0,0.0,0.0,0.0,0.0,0.0,0.0,0.0,0.0,0.0,0.0,0.0,0.0,0.0,0.0,0.0,0.0,0.0,0.0,0.0,0.0,0.0,0.0,0.0
heating_cooling,none,test_utility_1,single_family,17,0.0,0.0,0.0,0.0,0.0,0.0,0.0,0.0,0.0,0.0,0.0,0.0,0.0,0.0,0.0,0.0,0.0,0.0,0.0,0.0,0.0,0.0,0.0,0.0,0.0,0.0,0.0,0.0,0.0,0.0,0.0
heating_cooling,none,test_utility_1,single_family,18,0.0,0.0,0.0,0.0,0.0,0.0,0.0,0.0,0.0,0.0,0.0,0.0,0.0,0.0,0.0,0.0,0.0,0.0,0.0,0.0,0.0,0.0,0.0,0.0,0.0,0.0,0.0,0.0,0.0,0.0,0.0
heating_cooling,none,test_utility_1,single_family,19,0.0,0.0,0.0,0.0,0.0,0.0,0.0,0.0,0.0,0.0,0.0,0.0,0.0,0.0,0.0,0.0,0.0,0.0,0.0,0.0,0.0,0.0,0.0,0.0,0.0,0.0,0.0,0.0,0.0,0.0,0.0
heating_cooling,none,test_utility_1,multifamily_li,0,0.0,0.0,0.0,0.0,0.0,0.0,0.0,0.0,0.0,0.0,0.0,0.0,0.0,0.0,0.0,0.0,0.0,0.0,0.0,0.0,0.0,0.0,0.0,0.0,0.0,0.0,0.0,0.0,0.0,0.0,0.0
heating_cooling,none,test_utility_1,multifamily_li,1,0.0,0.0,0.0,0.0,0.0,0.0,0.0,0.0,0.0,0.0,0.0,0.0,0.0,0.0,0.0,0.0,0.0,0.0,0.0,0.0,0.0,0.0,0.0,0.0,0.0,0.0,0.0,0.0,0.0,0.0,0.0
heating_cooling,none,test_utility_1,multifamily_li,2,0.0,0.0,0.0,0.0,0.0,0.0,0.0,0.0,0.0,0.0,0.0,0.0,0.0,0.0,0.0,0.0,0.0,0.0,0.0,0.0,0.0,0.0,0.0,0.0,0.0,0.0,0.0,0.0,0.0,0.0,0.0
heating_cooling,none,test_utility_1,multifamily_li,3,0.0,0.0,0.0,0.0,0.0,0.0,0.0,0.0,0.0,0.0,0.0,0.0,0.0,0.0,0.0,0.0,0.0,0.0,0.0,0.0,0.0,0.0,0.0,0.0,0.0,0.0,0.0,0.0,0.0,0.0,0.0
heating_cooling,none,test_utility_1,multifamily_li,4,0.0,0.0,0.0,0.0,0.0,0.0,0.0,0.0,0.0,0.0,0.0,0.0,0.0,0.0,0.0,0.0,0.0,0.0,0.0,0.0,0.0,0.0,0.0,0.0,0.0,0.0,0.0,0.0,0.0,0.0,0.0
heating_cooling,none,test_utility_1,multifamily_li,5,0.0,0.0,0.0,0.0,0.0,0.0,0.0,0.0,0.0,0.0,0.0,0.0,0.0,0.0,0.0,0.0,0.0,0.0,0.0,0.0,0.0,0.0,0.0,0.0,0.0,0.0,0.0,0.0,0.0,0.0,0.0
heating_cooling,none,test_utility_1,multifamily_li,6,0.0,0.0,0.0,0.0,0.0,0.0,0.0,0.0,0.0,0.0,0.0,0.0,0.0,0.0,0.0,0.0,0.0,0.0,0.0,0.0,0.0,0.0,0.0,0.0,0.0,0.0,0.0,0.0,0.0,0.0,0.0
heating_cooling,none,test_utility_1,multifamily_li,7,0.0,0.0,0.0,0.0,0.0,0.0,0.0,0.0,0.0,0.0,0.0,0.0,0.0,0.0,0.0,0.0,0.0,0.0,0.0,0.0,0.0,0.0,0.0,0.0,0.0,0.0,0.0,0.0,0.0,0.0,0.0
heating_cooling,none,test_utility_1,multifamily_li,8,0.0,0.0,0.0,0.0,0.0,0.0,0.0,0.0,0.0,0.0,0.0,0.0,0.0,0.0,0.0,0.0,0.0,0.0,0.0,0.0,0.0,0.0,0.0,0.0,0.0,0.0,0.0,0.0,0.0,0.0,0.0
heating_cooling,none,test_utility_1,multifamily_li,9,0.0,0.0,0.0,0.0,0.0,0.0,0.0,0.0,0.0,0.0,0.0,0.0,0.0,0.0,0.0,0.0,0.0,0.0,0.0,0.0,0.0,0.0,0.0,0.0,0.0,0.0,0.0,0.0,0.0,0.0,0.0
heating_cooling,none,test_utility_1,multifamily_li,10,0.0,0.0,0.0,0.0,0.0,0.0,0.0,0.0,0.0,0.0,0.0,0.0,0.0,0.0,0.0,0.0,0.0,0.0,0.0,0.0,0.0,0.0,0.0,0.0,0.0,0.0,0.0,0.0,0.0,0.0,0.0
heating_cooling,none,test_utility_1,multifamily_li,11,0.0,0.0,0.0,0.0,0.0,0.0,0.0,0.0,0.0,0.0,0.0,0.0,0.0,0.0,0.0,0.0,0.0,0.0,0.0,0.0,0.0,0.0,0.0,0.0,0.0,0.0,0.0,0.0,0.0,0.0,0.0
heating_cooling,none,test_utility_1,multifamily_li,12,0.0,0.0,0.0,0.0,0.0,0.0,0.0,0.0,0.0,0.0,0.0,0.0,0.0,0.0,0.0,0.0,0.0,0.0,0.0,0.0,0.0,0.0,0.0,0.0,0.0,0.0,0.0,0.0,0.0,0.0,0.0
heating_cooling,none,test_utility_1,multifamily_li,13,0.0,0.0,0.0,0.0,0.0,0.0,0.0,0.0,0.0,0.0,0.0,0.0,0.0,0.0,0.0,0.0,0.0,0.0,0.0,0.0,0.0,0.0,0.0,0.0,0.0,0.0,0.0,0.0,0.0,0.0,0.0
heating_cooling,none,test_utility_1,multifamily_li,14,0.0,0.0,0.0,0.0,0.0,0.0,0.0,0.0,0.0,0.0,0.0,0.0,0.0,0.0,0.0,0.0,0.0,0.0,0.0,0.0,0.0,0.0,0.0,0.0,0.0,0.0,0.0,0.0,0.0,0.0,0.0
heating_cooling,none,test_utility_1,multifamily_li,15,0.0,0.0,0.0,0.0,0.0,0.0,0.0,0.0,0.0,0.0,0.0,0.0,0.0,0.0,0.0,0.0,0.0,0.0,0.0,0.0,0.0,0.0,0.0,0.0,0.0,0.0,0.0,0.0,0.0,0.0,0.0
heating_cooling,none,test_utility_1,multifamily_li,16,0.0,0.0,0.0,0.0,0.0,0.0,0.0,0.0,0.0,0.0,0.0,0.0,0.0,0.0,0.0,0.0,0.0,0.0,0.0,0.0,0.0,0.0,0.0,0.0,0.0,0.0,0.0,0.0,0.0,0.0,0.0
heating_cooling,none,test_utility_1,multifamily_li,17,0.0,0.0,0.0,0.0,0.0,0.0,0.0,0.0,0.0,0.0,0.0,0.0,0.0,0.0,0.0,0.0,0.0,0.0,0.0,0.0,0.0,0.0,0.0,0.0,0.0,0.0,0.0,0.0,0.0,0.0,0.0
heating_cooling,none,test_utility_1,multifamily_li,18,0.0,0.0,0.0,0.0,0.0,0.0,0.0,0.0,0.0,0.0,0.0,0.0,0.0,0.0,0.0,0.0,0.0,0.0,0.0,0.0,0.0,0.0,0.0,0.0,0.0,0.0,0.0,0.0,0.0,0.0,0.0
heating_cooling,none,test_utility_1,multifamily_li,19,0.0,0.0,0.0,0.0,0.0,0.0,0.0,0.0,0.0,0.0,0.0,0.0,0.0,0.0,0.0,0.0,0.0,0.0,0.0,0.0,0.0,0.0,0.0,0.0,0.0,0.0,0.0,0.0,0.0,0.0,0.0
heating_cooling,none,test_utility_1,single_family_li,0,0.0,0.0,0.0,0.0,0.0,0.0,0.0,0.0,0.0,0.0,0.0,0.0,0.0,0.0,0.0,0.0,0.0,0.0,0.0,0.0,0.0,0.0,0.0,0.0,0.0,0.0,0.0,0.0,0.0,0.0,0.0
heating_cooling,none,test_utility_1,single_family_li,1,0.0,0.0,0.0,0.0,0.0,0.0,0.0,0.0,0.0,0.0,0.0,0.0,0.0,0.0,0.0,0.0,0.0,0.0,0.0,0.0,0.0,0.0,0.0,0.0,0.0,0.0,0.0,0.0,0.0,0.0,0.0
heating_cooling,none,test_utility_1,single_family_li,2,0.0,0.0,0.0,0.0,0.0,0.0,0.0,0.0,0.0,0.0,0.0,0.0,0.0,0.0,0.0,0.0,0.0,0.0,0.0,0.0,0.0,0.0,0.0,0.0,0.0,0.0,0.0,0.0,0.0,0.0,0.0
heating_cooling,none,test_utility_1,single_family_li,3,0.0,0.0,0.0,0.0,0.0,0.0,0.0,0.0,0.0,0.0,0.0,0.0,0.0,0.0,0.0,0.0,0.0,0.0,0.0,0.0,0.0,0.0,0.0,0.0,0.0,0.0,0.0,0.0,0.0,0.0,0.0
heating_cooling,none,test_utility_1,single_family_li,4,0.0,0.0,0.0,0.0,0.0,0.0,0.0,0.0,0.0,0.0,0.0,0.0,0.0,0.0,0.0,0.0,0.0,0.0,0.0,0.0,0.0,0.0,0.0,0.0,0.0,0.0,0.0,0.0,0.0,0.0,0.0
heating_cooling,none,test_utility_1,single_family_li,5,0.0,0.0,0.0,0.0,0.0,0.0,0.0,0.0,0.0,0.0,0.0,0.0,0.0,0.0,0.0,0.0,0.0,0.0,0.0,0.0,0.0,0.0,0.0,0.0,0.0,0.0,0.0,0.0,0.0,0.0,0.0
heating_cooling,none,test_utility_1,single_family_li,6,0.0,0.0,0.0,0.0,0.0,0.0,0.0,0.0,0.0,0.0,0.0,0.0,0.0,0.0,0.0,0.0,0.0,0.0,0.0,0.0,0.0,0.0,0.0,0.0,0.0,0.0,0.0,0.0,0.0,0.0,0.0
heating_cooling,none,test_utility_1,single_family_li,7,0.0,0.0,0.0,0.0,0.0,0.0,0.0,0.0,0.0,0.0,0.0,0.0,0.0,0.0,0.0,0.0,0.0,0.0,0.0,0.0,0.0,0.0,0.0,0.0,0.0,0.0,0.0,0.0,0.0,0.0,0.0
heating_cooling,none,test_utility_1,single_family_li,8,0.0,0.0,0.0,0.0,0.0,0.0,0.0,0.0,0.0,0.0,0.0,0.0,0.0,0.0,0.0,0.0,0.0,0.0,0.0,0.0,0.0,0.0,0.0,0.0,0.0,0.0,0.0,0.0,0.0,0.0,0.0
heating_cooling,none,test_utility_1,single_family_li,9,0.0,0.0,0.0,0.0,0.0,0.0,0.0,0.0,0.0,0.0,0.0,0.0,0.0,0.0,0.0,0.0,0.0,0.0,0.0,0.0,0.0,0.0,0.0,0.0,0.0,0.0,0.0,0.0,0.0,0.0,0.0
heating_cooling,none,test_utility_1,single_family_li,10,0.0,0.0,0.0,0.0,0.0,0.0,0.0,0.0,0.0,0.0,0.0,0.0,0.0,0.0,0.0,0.0,0.0,0.0,0.0,0.0,0.0,0.0,0.0,0.0,0.0,0.0,0.0,0.0,0.0,0.0,0.0
heating_cooling,none,test_utility_1,single_family_li,11,0.0,0.0,0.0,0.0,0.0,0.0,0.0,0.0,0.0,0.0,0.0,0.0,0.0,0.0,0.0,0.0,0.0,0.0,0.0,0.0,0.0,0.0,0.0,0.0,0.0,0.0,0.0,0.0,0.0,0.0,0.0
heating_cooling,none,test_utility_1,single_family_li,12,0.0,0.0,0.0,0.0,0.0,0.0,0.0,0.0,0.0,0.0,0.0,0.0,0.0,0.0,0.0,0.0,0.0,0.0,0.0,0.0,0.0,0.0,0.0,0.0,0.0,0.0,0.0,0.0,0.0,0.0,0.0
heating_cooling,none,test_utility_1,single_family_li,13,0.0,0.0,0.0,0.0,0.0,0.0,0.0,0.0,0.0,0.0,0.0,0.0,0.0,0.0,0.0,0.0,0.0,0.0,0.0,0.0,0.0,0.0,0.0,0.0,0.0,0.0,0.0,0.0,0.0,0.0,0.0
heating_cooling,none,test_utility_1,single_family_li,14,0.0,0.0,0.0,0.0,0.0,0.0,0.0,0.0,0.0,0.0,0.0,0.0,0.0,0.0,0.0,0.0,0.0,0.0,0.0,0.0,0.0,0.0,0.0,0.0,0.0,0.0,0.0,0.0,0.0,0.0,0.0
heating_cooling,none,test_utility_1,single_family_li,15,0.0,0.0,0.0,0.0,0.0,0.0,0.0,0.0,0.0,0.0,0.0,0.0,0.0,0.0,0.0,0.0,0.0,0.0,0.0,0.0,0.0,0.0,0.0,0.0,0.0,0.0,0.0,0.0,0.0,0.0,0.0
heating_cooling,none,test_utility_1,single_family_li,16,0.0,0.0,0.0,0.0,0.0,0.0,0.0,0.0,0.0,0.0,0.0,0.0,0.0,0.0,0.0,0.0,0.0,0.0,0.0,0.0,0.0,0.0,0.0,0.0,0.0,0.0,0.0,0.0,0.0,0.0,0.0
heating_cooling,none,test_utility_1,single_family_li,17,0.0,0.0,0.0,0.0,0.0,0.0,0.0,0.0,0.0,0.0,0.0,0.0,0.0,0.0,0.0,0.0,0.0,0.0,0.0,0.0,0.0,0.0,0.0,0.0,0.0,0.0,0.0,0.0,0.0,0.0,0.0
heating_cooling,none,test_utility_1,single_family_li,18,0.0,0.0,0.0,0.0,0.0,0.0,0.0,0.0,0.0,0.0,0.0,0.0,0.0,0.0,0.0,0.0,0.0,0.0,0.0,0.0,0.0,0.0,0.0,0.0,0.0,0.0,0.0,0.0,0.0,0.0,0.0
heating_cooling,none,test_utility_1,single_family_li,19,0.0,0.0,0.0,0.0,0.0,0.0,0.0,0.0,0.0,0.0,0.0,0.0,0.0,0.0,0.0,0.0,0.0,0.0,0.0,0.0,0.0,0.0,0.0,0.0,0.0,0.0,0.0,0.0,0.0,0.0,0.0
heating_cooling,none,none,multifamily,0,0.0,0.0,0.0,0.0,0.0,0.0,0.0,0.0,0.0,0.0,0.0,0.0,0.0,0.0,0.0,0.0,0.0,0.0,0.0,0.0,0.0,0.0,0.0,0.0,0.0,0.0,0.0,0.0,0.0,0.0,0.0
heating_cooling,none,none,multifamily,1,0.0,0.0,0.0,0.0,0.0,0.0,0.0,0.0,0.0,0.0,0.0,0.0,0.0,0.0,0.0,0.0,0.0,0.0,0.0,0.0,0.0,0.0,0.0,0.0,0.0,0.0,0.0,0.0,0.0,0.0,0.0
heating_cooling,none,none,multifamily,2,0.0,0.0,0.0,0.0,0.0,0.0,0.0,0.0,0.0,0.0,0.0,0.0,0.0,0.0,0.0,0.0,0.0,0.0,0.0,0.0,0.0,0.0,0.0,0.0,0.0,0.0,0.0,0.0,0.0,0.0,0.0
heating_cooling,none,none,multifamily,3,0.0,0.0,0.0,0.0,0.0,0.0,0.0,0.0,0.0,0.0,0.0,0.0,0.0,0.0,0.0,0.0,0.0,0.0,0.0,0.0,0.0,0.0,0.0,0.0,0.0,0.0,0.0,0.0,0.0,0.0,0.0
heating_cooling,none,none,multifamily,4,0.0,0.0,0.0,0.0,0.0,0.0,0.0,0.0,0.0,0.0,0.0,0.0,0.0,0.0,0.0,0.0,0.0,0.0,0.0,0.0,0.0,0.0,0.0,0.0,0.0,0.0,0.0,0.0,0.0,0.0,0.0
heating_cooling,none,none,multifamily,5,0.0,0.0,0.0,0.0,0.0,0.0,0.0,0.0,0.0,0.0,0.0,0.0,0.0,0.0,0.0,0.0,0.0,0.0,0.0,0.0,0.0,0.0,0.0,0.0,0.0,0.0,0.0,0.0,0.0,0.0,0.0
heating_cooling,none,none,multifamily,6,0.0,0.0,0.0,0.0,0.0,0.0,0.0,0.0,0.0,0.0,0.0,0.0,0.0,0.0,0.0,0.0,0.0,0.0,0.0,0.0,0.0,0.0,0.0,0.0,0.0,0.0,0.0,0.0,0.0,0.0,0.0
heating_cooling,none,none,multifamily,7,0.0,0.0,0.0,0.0,0.0,0.0,0.0,0.0,0.0,0.0,0.0,0.0,0.0,0.0,0.0,0.0,0.0,0.0,0.0,0.0,0.0,0.0,0.0,0.0,0.0,0.0,0.0,0.0,0.0,0.0,0.0
heating_cooling,none,none,multifamily,8,0.0,0.0,0.0,0.0,0.0,0.0,0.0,0.0,0.0,0.0,0.0,0.0,0.0,0.0,0.0,0.0,0.0,0.0,0.0,0.0,0.0,0.0,0.0,0.0,0.0,0.0,0.0,0.0,0.0,0.0,0.0
heating_cooling,none,none,multifamily,9,0.0,0.0,0.0,0.0,0.0,0.0,0.0,0.0,0.0,0.0,0.0,0.0,0.0,0.0,0.0,0.0,0.0,0.0,0.0,0.0,0.0,0.0,0.0,0.0,0.0,0.0,0.0,0.0,0.0,0.0,0.0
heating_cooling,none,none,multifamily,10,0.0,0.0,0.0,0.0,0.0,0.0,0.0,0.0,0.0,0.0,0.0,0.0,0.0,0.0,0.0,0.0,0.0,0.0,0.0,0.0,0.0,0.0,0.0,0.0,0.0,0.0,0.0,0.0,0.0,0.0,0.0
heating_cooling,none,none,multifamily,11,0.0,0.0,0.0,0.0,0.0,0.0,0.0,0.0,0.0,0.0,0.0,0.0,0.0,0.0,0.0,0.0,0.0,0.0,0.0,0.0,0.0,0.0,0.0,0.0,0.0,0.0,0.0,0.0,0.0,0.0,0.0
heating_cooling,none,none,multifamily,12,0.0,0.0,0.0,0.0,0.0,0.0,0.0,0.0,0.0,0.0,0.0,0.0,0.0,0.0,0.0,0.0,0.0,0.0,0.0,0.0,0.0,0.0,0.0,0.0,0.0,0.0,0.0,0.0,0.0,0.0,0.0
heating_cooling,none,none,multifamily,13,0.0,0.0,0.0,0.0,0.0,0.0,0.0,0.0,0.0,0.0,0.0,0.0,0.0,0.0,0.0,0.0,0.0,0.0,0.0,0.0,0.0,0.0,0.0,0.0,0.0,0.0,0.0,0.0,0.0,0.0,0.0
heating_cooling,none,none,multifamily,14,0.0,0.0,0.0,0.0,0.0,0.0,0.0,0.0,0.0,0.0,0.0,0.0,0.0,0.0,0.0,0.0,0.0,0.0,0.0,0.0,0.0,0.0,0.0,0.0,0.0,0.0,0.0,0.0,0.0,0.0,0.0
heating_cooling,none,none,multifamily,15,0.0,0.0,0.0,0.0,0.0,0.0,0.0,0.0,0.0,0.0,0.0,0.0,0.0,0.0,0.0,0.0,0.0,0.0,0.0,0.0,0.0,0.0,0.0,0.0,0.0,0.0,0.0,0.0,0.0,0.0,0.0
heating_cooling,none,none,multifamily,16,0.0,0.0,0.0,0.0,0.0,0.0,0.0,0.0,0.0,0.0,0.0,0.0,0.0,0.0,0.0,0.0,0.0,0.0,0.0,0.0,0.0,0.0,0.0,0.0,0.0,0.0,0.0,0.0,0.0,0.0,0.0
heating_cooling,none,none,multifamily,17,0.0,0.0,0.0,0.0,0.0,0.0,0.0,0.0,0.0,0.0,0.0,0.0,0.0,0.0,0.0,0.0,0.0,0.0,0.0,0.0,0.0,0.0,0.0,0.0,0.0,0.0,0.0,0.0,0.0,0.0,0.0
heating_cooling,none,none,multifamily,18,0.0,0.0,0.0,0.0,0.0,0.0,0.0,0.0,0.0,0.0,0.0,0.0,0.0,0.0,0.0,0.0,0.0,0.0,0.0,0.0,0.0,0.0,0.0,0.0,0.0,0.0,0.0,0.0,0.0,0.0,0.0
heating_cooling,none,none,multifamily,19,0.0,0.0,0.0,0.0,0.0,0.0,0.0,0.0,0.0,0.0,0.0,0.0,0.0,0.0,0.0,0.0,0.0,0.0,0.0,0.0,0.0,0.0,0.0,0.0,0.0,0.0,0.0,0.0,0.0,0.0,0.0
heating_cooling,none,none,single_family,0,0.0,0.0,0.0,0.0,0.0,0.0,0.0,0.0,0.0,0.0,0.0,0.0,0.0,0.0,0.0,0.0,0.0,0.0,0.0,0.0,0.0,0.0,0.0,0.0,0.0,0.0,0.0,0.0,0.0,0.0,0.0
heating_cooling,none,none,single_family,1,0.0,0.0,0.0,0.0,0.0,0.0,0.0,0.0,0.0,0.0,0.0,0.0,0.0,0.0,0.0,0.0,0.0,0.0,0.0,0.0,0.0,0.0,0.0,0.0,0.0,0.0,0.0,0.0,0.0,0.0,0.0
heating_cooling,none,none,single_family,2,0.0,0.0,0.0,0.0,0.0,0.0,0.0,0.0,0.0,0.0,0.0,0.0,0.0,0.0,0.0,0.0,0.0,0.0,0.0,0.0,0.0,0.0,0.0,0.0,0.0,0.0,0.0,0.0,0.0,0.0,0.0
heating_cooling,none,none,single_family,3,0.0,0.0,0.0,0.0,0.0,0.0,0.0,0.0,0.0,0.0,0.0,0.0,0.0,0.0,0.0,0.0,0.0,0.0,0.0,0.0,0.0,0.0,0.0,0.0,0.0,0.0,0.0,0.0,0.0,0.0,0.0
heating_cooling,none,none,single_family,4,0.0,0.0,0.0,0.0,0.0,0.0,0.0,0.0,0.0,0.0,0.0,0.0,0.0,0.0,0.0,0.0,0.0,0.0,0.0,0.0,0.0,0.0,0.0,0.0,0.0,0.0,0.0,0.0,0.0,0.0,0.0
heating_cooling,none,none,single_family,5,0.0,0.0,0.0,0.0,0.0,0.0,0.0,0.0,0.0,0.0,0.0,0.0,0.0,0.0,0.0,0.0,0.0,0.0,0.0,0.0,0.0,0.0,0.0,0.0,0.0,0.0,0.0,0.0,0.0,0.0,0.0
heating_cooling,none,none,single_family,6,0.0,0.0,0.0,0.0,0.0,0.0,0.0,0.0,0.0,0.0,0.0,0.0,0.0,0.0,0.0,0.0,0.0,0.0,0.0,0.0,0.0,0.0,0.0,0.0,0.0,0.0,0.0,0.0,0.0,0.0,0.0
heating_cooling,none,none,single_family,7,0.0,0.0,0.0,0.0,0.0,0.0,0.0,0.0,0.0,0.0,0.0,0.0,0.0,0.0,0.0,0.0,0.0,0.0,0.0,0.0,0.0,0.0,0.0,0.0,0.0,0.0,0.0,0.0,0.0,0.0,0.0
heating_cooling,none,none,single_family,8,0.0,0.0,0.0,0.0,0.0,0.0,0.0,0.0,0.0,0.0,0.0,0.0,0.0,0.0,0.0,0.0,0.0,0.0,0.0,0.0,0.0,0.0,0.0,0.0,0.0,0.0,0.0,0.0,0.0,0.0,0.0
heating_cooling,none,none,single_family,9,0.0,0.0,0.0,0.0,0.0,0.0,0.0,0.0,0.0,0.0,0.0,0.0,0.0,0.0,0.0,0.0,0.0,0.0,0.0,0.0,0.0,0.0,0.0,0.0,0.0,0.0,0.0,0.0,0.0,0.0,0.0
heating_cooling,none,none,single_family,10,0.0,0.0,0.0,0.0,0.0,0.0,0.0,0.0,0.0,0.0,0.0,0.0,0.0,0.0,0.0,0.0,0.0,0.0,0.0,0.0,0.0,0.0,0.0,0.0,0.0,0.0,0.0,0.0,0.0,0.0,0.0
heating_cooling,none,none,single_family,11,0.0,0.0,0.0,0.0,0.0,0.0,0.0,0.0,0.0,0.0,0.0,0.0,0.0,0.0,0.0,0.0,0.0,0.0,0.0,0.0,0.0,0.0,0.0,0.0,0.0,0.0,0.0,0.0,0.0,0.0,0.0
heating_cooling,none,none,single_family,12,0.0,0.0,0.0,0.0,0.0,0.0,0.0,0.0,0.0,0.0,0.0,0.0,0.0,0.0,0.0,0.0,0.0,0.0,0.0,0.0,0.0,0.0,0.0,0.0,0.0,0.0,0.0,0.0,0.0,0.0,0.0
heating_cooling,none,none,single_family,13,0.0,0.0,0.0,0.0,0.0,0.0,0.0,0.0,0.0,0.0,0.0,0.0,0.0,0.0,0.0,0.0,0.0,0.0,0.0,0.0,0.0,0.0,0.0,0.0,0.0,0.0,0.0,0.0,0.0,0.0,0.0
heating_cooling,none,none,single_family,14,0.0,0.0,0.0,0.0,0.0,0.0,0.0,0.0,0.0,0.0,0.0,0.0,0.0,0.0,0.0,0.0,0.0,0.0,0.0,0.0,0.0,0.0,0.0,0.0,0.0,0.0,0.0,0.0,0.0,0.0,0.0
heating_cooling,none,none,single_family,15,0.0,0.0,0.0,0.0,0.0,0.0,0.0,0.0,0.0,0.0,0.0,0.0,0.0,0.0,0.0,0.0,0.0,0.0,0.0,0.0,0.0,0.0,0.0,0.0,0.0,0.0,0.0,0.0,0.0,0.0,0.0
heating_cooling,none,none,single_family,16,0.0,0.0,0.0,0.0,0.0,0.0,0.0,0.0,0.0,0.0,0.0,0.0,0.0,0.0,0.0,0.0,0.0,0.0,0.0,0.0,0.0,0.0,0.0,0.0,0.0,0.0,0.0,0.0,0.0,0.0,0.0
heating_cooling,none,none,single_family,17,0.0,0.0,0.0,0.0,0.0,0.0,0.0,0.0,0.0,0.0,0.0,0.0,0.0,0.0,0.0,0.0,0.0,0.0,0.0,0.0,0.0,0.0,0.0,0.0,0.0,0.0,0.0,0.0,0.0,0.0,0.0
heating_cooling,none,none,single_family,18,0.0,0.0,0.0,0.0,0.0,0.0,0.0,0.0,0.0,0.0,0.0,0.0,0.0,0.0,0.0,0.0,0.0,0.0,0.0,0.0,0.0,0.0,0.0,0.0,0.0,0.0,0.0,0.0,0.0,0.0,0.0
heating_cooling,none,none,single_family,19,0.0,0.0,0.0,0.0,0.0,0.0,0.0,0.0,0.0,0.0,0.0,0.0,0.0,0.0,0.0,0.0,0.0,0.0,0.0,0.0,0.0,0.0,0.0,0.0,0.0,0.0,0.0,0.0,0.0,0.0,0.0
heating_cooling,none,none,multifamily_li,0,0.0,0.0,0.0,0.0,0.0,0.0,0.0,0.0,0.0,0.0,0.0,0.0,0.0,0.0,0.0,0.0,0.0,0.0,0.0,0.0,0.0,0.0,0.0,0.0,0.0,0.0,0.0,0.0,0.0,0.0,0.0
heating_cooling,none,none,multifamily_li,1,0.0,0.0,0.0,0.0,0.0,0.0,0.0,0.0,0.0,0.0,0.0,0.0,0.0,0.0,0.0,0.0,0.0,0.0,0.0,0.0,0.0,0.0,0.0,0.0,0.0,0.0,0.0,0.0,0.0,0.0,0.0
heating_cooling,none,none,multifamily_li,2,0.0,0.0,0.0,0.0,0.0,0.0,0.0,0.0,0.0,0.0,0.0,0.0,0.0,0.0,0.0,0.0,0.0,0.0,0.0,0.0,0.0,0.0,0.0,0.0,0.0,0.0,0.0,0.0,0.0,0.0,0.0
heating_cooling,none,none,multifamily_li,3,0.0,0.0,0.0,0.0,0.0,0.0,0.0,0.0,0.0,0.0,0.0,0.0,0.0,0.0,0.0,0.0,0.0,0.0,0.0,0.0,0.0,0.0,0.0,0.0,0.0,0.0,0.0,0.0,0.0,0.0,0.0
heating_cooling,none,none,multifamily_li,4,0.0,0.0,0.0,0.0,0.0,0.0,0.0,0.0,0.0,0.0,0.0,0.0,0.0,0.0,0.0,0.0,0.0,0.0,0.0,0.0,0.0,0.0,0.0,0.0,0.0,0.0,0.0,0.0,0.0,0.0,0.0
heating_cooling,none,none,multifamily_li,5,0.0,0.0,0.0,0.0,0.0,0.0,0.0,0.0,0.0,0.0,0.0,0.0,0.0,0.0,0.0,0.0,0.0,0.0,0.0,0.0,0.0,0.0,0.0,0.0,0.0,0.0,0.0,0.0,0.0,0.0,0.0
heating_cooling,none,none,multifamily_li,6,0.0,0.0,0.0,0.0,0.0,0.0,0.0,0.0,0.0,0.0,0.0,0.0,0.0,0.0,0.0,0.0,0.0,0.0,0.0,0.0,0.0,0.0,0.0,0.0,0.0,0.0,0.0,0.0,0.0,0.0,0.0
heating_cooling,none,none,multifamily_li,7,0.0,0.0,0.0,0.0,0.0,0.0,0.0,0.0,0.0,0.0,0.0,0.0,0.0,0.0,0.0,0.0,0.0,0.0,0.0,0.0,0.0,0.0,0.0,0.0,0.0,0.0,0.0,0.0,0.0,0.0,0.0
heating_cooling,none,none,multifamily_li,8,0.0,0.0,0.0,0.0,0.0,0.0,0.0,0.0,0.0,0.0,0.0,0.0,0.0,0.0,0.0,0.0,0.0,0.0,0.0,0.0,0.0,0.0,0.0,0.0,0.0,0.0,0.0,0.0,0.0,0.0,0.0
heating_cooling,none,none,multifamily_li,9,0.0,0.0,0.0,0.0,0.0,0.0,0.0,0.0,0.0,0.0,0.0,0.0,0.0,0.0,0.0,0.0,0.0,0.0,0.0,0.0,0.0,0.0,0.0,0.0,0.0,0.0,0.0,0.0,0.0,0.0,0.0
heating_cooling,none,none,multifamily_li,10,0.0,0.0,0.0,0.0,0.0,0.0,0.0,0.0,0.0,0.0,0.0,0.0,0.0,0.0,0.0,0.0,0.0,0.0,0.0,0.0,0.0,0.0,0.0,0.0,0.0,0.0,0.0,0.0,0.0,0.0,0.0
heating_cooling,none,none,multifamily_li,11,0.0,0.0,0.0,0.0,0.0,0.0,0.0,0.0,0.0,0.0,0.0,0.0,0.0,0.0,0.0,0.0,0.0,0.0,0.0,0.0,0.0,0.0,0.0,0.0,0.0,0.0,0.0,0.0,0.0,0.0,0.0
heating_cooling,none,none,multifamily_li,12,0.0,0.0,0.0,0.0,0.0,0.0,0.0,0.0,0.0,0.0,0.0,0.0,0.0,0.0,0.0,0.0,0.0,0.0,0.0,0.0,0.0,0.0,0.0,0.0,0.0,0.0,0.0,0.0,0.0,0.0,0.0
heating_cooling,none,none,multifamily_li,13,0.0,0.0,0.0,0.0,0.0,0.0,0.0,0.0,0.0,0.0,0.0,0.0,0.0,0.0,0.0,0.0,0.0,0.0,0.0,0.0,0.0,0.0,0.0,0.0,0.0,0.0,0.0,0.0,0.0,0.0,0.0
heating_cooling,none,none,multifamily_li,14,0.0,0.0,0.0,0.0,0.0,0.0,0.0,0.0,0.0,0.0,0.0,0.0,0.0,0.0,0.0,0.0,0.0,0.0,0.0,0.0,0.0,0.0,0.0,0.0,0.0,0.0,0.0,0.0,0.0,0.0,0.0
heating_cooling,none,none,multifamily_li,15,0.0,0.0,0.0,0.0,0.0,0.0,0.0,0.0,0.0,0.0,0.0,0.0,0.0,0.0,0.0,0.0,0.0,0.0,0.0,0.0,0.0,0.0,0.0,0.0,0.0,0.0,0.0,0.0,0.0,0.0,0.0
heating_cooling,none,none,multifamily_li,16,0.0,0.0,0.0,0.0,0.0,0.0,0.0,0.0,0.0,0.0,0.0,0.0,0.0,0.0,0.0,0.0,0.0,0.0,0.0,0.0,0.0,0.0,0.0,0.0,0.0,0.0,0.0,0.0,0.0,0.0,0.0
heating_cooling,none,none,multifamily_li,17,0.0,0.0,0.0,0.0,0.0,0.0,0.0,0.0,0.0,0.0,0.0,0.0,0.0,0.0,0.0,0.0,0.0,0.0,0.0,0.0,0.0,0.0,0.0,0.0,0.0,0.0,0.0,0.0,0.0,0.0,0.0
heating_cooling,none,none,multifamily_li,18,0.0,0.0,0.0,0.0,0.0,0.0,0.0,0.0,0.0,0.0,0.0,0.0,0.0,0.0,0.0,0.0,0.0,0.0,0.0,0.0,0.0,0.0,0.0,0.0,0.0,0.0,0.0,0.0,0.0,0.0,0.0
heating_cooling,none,none,multifamily_li,19,0.0,0.0,0.0,0.0,0.0,0.0,0.0,0.0,0.0,0.0,0.0,0.0,0.0,0.0,0.0,0.0,0.0,0.0,0.0,0.0,0.0,0.0,0.0,0.0,0.0,0.0,0.0,0.0,0.0,0.0,0.0
heating_cooling,none,none,single_family_li,0,0.0,0.0,0.0,0.0,0.0,0.0,0.0,0.0,0.0,0.0,0.0,0.0,0.0,0.0,0.0,0.0,0.0,0.0,0.0,0.0,0.0,0.0,0.0,0.0,0.0,0.0,0.0,0.0,0.0,0.0,0.0
heating_cooling,none,none,single_family_li,1,0.0,0.0,0.0,0.0,0.0,0.0,0.0,0.0,0.0,0.0,0.0,0.0,0.0,0.0,0.0,0.0,0.0,0.0,0.0,0.0,0.0,0.0,0.0,0.0,0.0,0.0,0.0,0.0,0.0,0.0,0.0
heating_cooling,none,none,single_family_li,2,0.0,0.0,0.0,0.0,0.0,0.0,0.0,0.0,0.0,0.0,0.0,0.0,0.0,0.0,0.0,0.0,0.0,0.0,0.0,0.0,0.0,0.0,0.0,0.0,0.0,0.0,0.0,0.0,0.0,0.0,0.0
heating_cooling,none,none,single_family_li,3,0.0,0.0,0.0,0.0,0.0,0.0,0.0,0.0,0.0,0.0,0.0,0.0,0.0,0.0,0.0,0.0,0.0,0.0,0.0,0.0,0.0,0.0,0.0,0.0,0.0,0.0,0.0,0.0,0.0,0.0,0.0
heating_cooling,none,none,single_family_li,4,0.0,0.0,0.0,0.0,0.0,0.0,0.0,0.0,0.0,0.0,0.0,0.0,0.0,0.0,0.0,0.0,0.0,0.0,0.0,0.0,0.0,0.0,0.0,0.0,0.0,0.0,0.0,0.0,0.0,0.0,0.0
heating_cooling,none,none,single_family_li,5,0.0,0.0,0.0,0.0,0.0,0.0,0.0,0.0,0.0,0.0,0.0,0.0,0.0,0.0,0.0,0.0,0.0,0.0,0.0,0.0,0.0,0.0,0.0,0.0,0.0,0.0,0.0,0.0,0.0,0.0,0.0
heating_cooling,none,none,single_family_li,6,0.0,0.0,0.0,0.0,0.0,0.0,0.0,0.0,0.0,0.0,0.0,0.0,0.0,0.0,0.0,0.0,0.0,0.0,0.0,0.0,0.0,0.0,0.0,0.0,0.0,0.0,0.0,0.0,0.0,0.0,0.0
heating_cooling,none,none,single_family_li,7,0.0,0.0,0.0,0.0,0.0,0.0,0.0,0.0,0.0,0.0,0.0,0.0,0.0,0.0,0.0,0.0,0.0,0.0,0.0,0.0,0.0,0.0,0.0,0.0,0.0,0.0,0.0,0.0,0.0,0.0,0.0
heating_cooling,none,none,single_family_li,8,0.0,0.0,0.0,0.0,0.0,0.0,0.0,0.0,0.0,0.0,0.0,0.0,0.0,0.0,0.0,0.0,0.0,0.0,0.0,0.0,0.0,0.0,0.0,0.0,0.0,0.0,0.0,0.0,0.0,0.0,0.0
heating_cooling,none,none,single_family_li,9,0.0,0.0,0.0,0.0,0.0,0.0,0.0,0.0,0.0,0.0,0.0,0.0,0.0,0.0,0.0,0.0,0.0,0.0,0.0,0.0,0.0,0.0,0.0,0.0,0.0,0.0,0.0,0.0,0.0,0.0,0.0
heating_cooling,none,none,single_family_li,10,0.0,0.0,0.0,0.0,0.0,0.0,0.0,0.0,0.0,0.0,0.0,0.0,0.0,0.0,0.0,0.0,0.0,0.0,0.0,0.0,0.0,0.0,0.0,0.0,0.0,0.0,0.0,0.0,0.0,0.0,0.0
heating_cooling,none,none,single_family_li,11,0.0,0.0,0.0,0.0,0.0,0.0,0.0,0.0,0.0,0.0,0.0,0.0,0.0,0.0,0.0,0.0,0.0,0.0,0.0,0.0,0.0,0.0,0.0,0.0,0.0,0.0,0.0,0.0,0.0,0.0,0.0
heating_cooling,none,none,single_family_li,12,0.0,0.0,0.0,0.0,0.0,0.0,0.0,0.0,0.0,0.0,0.0,0.0,0.0,0.0,0.0,0.0,0.0,0.0,0.0,0.0,0.0,0.0,0.0,0.0,0.0,0.0,0.0,0.0,0.0,0.0,0.0
heating_cooling,none,none,single_family_li,13,0.0,0.0,0.0,0.0,0.0,0.0,0.0,0.0,0.0,0.0,0.0,0.0,0.0,0.0,0.0,0.0,0.0,0.0,0.0,0.0,0.0,0.0,0.0,0.0,0.0,0.0,0.0,0.0,0.0,0.0,0.0
heating_cooling,none,none,single_family_li,14,0.0,0.0,0.0,0.0,0.0,0.0,0.0,0.0,0.0,0.0,0.0,0.0,0.0,0.0,0.0,0.0,0.0,0.0,0.0,0.0,0.0,0.0,0.0,0.0,0.0,0.0,0.0,0.0,0.0,0.0,0.0
heating_cooling,none,none,single_family_li,15,0.0,0.0,0.0,0.0,0.0,0.0,0.0,0.0,0.0,0.0,0.0,0.0,0.0,0.0,0.0,0.0,0.0,0.0,0.0,0.0,0.0,0.0,0.0,0.0,0.0,0.0,0.0,0.0,0.0,0.0,0.0
heating_cooling,none,none,single_family_li,16,0.0,0.0,0.0,0.0,0.0,0.0,0.0,0.0,0.0,0.0,0.0,0.0,0.0,0.0,0.0,0.0,0.0,0.0,0.0,0.0,0.0,0.0,0.0,0.0,0.0,0.0,0.0,0.0,0.0,0.0,0.0
heating_cooling,none,none,single_family_li,17,0.0,0.0,0.0,0.0,0.0,0.0,0.0,0.0,0.0,0.0,0.0,0.0,0.0,0.0,0.0,0.0,0.0,0.0,0.0,0.0,0.0,0.0,0.0,0.0,0.0,0.0,0.0,0.0,0.0,0.0,0.0
heating_cooling,none,none,single_family_li,18,0.0,0.0,0.0,0.0,0.0,0.0,0.0,0.0,0.0,0.0,0.0,0.0,0.0,0.0,0.0,0.0,0.0,0.0,0.0,0.0,0.0,0.0,0.0,0.0,0.0,0.0,0.0,0.0,0.0,0.0,0.0
heating_cooling,none,none,single_family_li,19,0.0,0.0,0.0,0.0,0.0,0.0,0.0,0.0,0.0,0.0,0.0,0.0,0.0,0.0,0.0,0.0,0.0,0.0,0.0,0.0,0.0,0.0,0.0,0.0,0.0,0.0,0.0,0.0,0.0,0.0,0.0
heating_cooling,none,test_utility_2,multifamily,0,0.0,0.0,0.0,0.0,0.0,0.0,0.0,0.0,0.0,0.0,0.0,0.0,0.0,0.0,0.0,0.0,0.0,0.0,0.0,0.0,0.0,0.0,0.0,0.0,0.0,0.0,0.0,0.0,0.0,0.0,0.0
heating_cooling,none,test_utility_2,multifamily,1,0.0,0.0,0.0,0.0,0.0,0.0,0.0,0.0,0.0,0.0,0.0,0.0,0.0,0.0,0.0,0.0,0.0,0.0,0.0,0.0,0.0,0.0,0.0,0.0,0.0,0.0,0.0,0.0,0.0,0.0,0.0
heating_cooling,none,test_utility_2,multifamily,2,0.0,0.0,0.0,0.0,0.0,0.0,0.0,0.0,0.0,0.0,0.0,0.0,0.0,0.0,0.0,0.0,0.0,0.0,0.0,0.0,0.0,0.0,0.0,0.0,0.0,0.0,0.0,0.0,0.0,0.0,0.0
heating_cooling,none,test_utility_2,multifamily,3,0.0,0.0,0.0,0.0,0.0,0.0,0.0,0.0,0.0,0.0,0.0,0.0,0.0,0.0,0.0,0.0,0.0,0.0,0.0,0.0,0.0,0.0,0.0,0.0,0.0,0.0,0.0,0.0,0.0,0.0,0.0
heating_cooling,none,test_utility_2,multifamily,4,0.0,0.0,0.0,0.0,0.0,0.0,0.0,0.0,0.0,0.0,0.0,0.0,0.0,0.0,0.0,0.0,0.0,0.0,0.0,0.0,0.0,0.0,0.0,0.0,0.0,0.0,0.0,0.0,0.0,0.0,0.0
heating_cooling,none,test_utility_2,multifamily,5,0.0,0.0,0.0,0.0,0.0,0.0,0.0,0.0,0.0,0.0,0.0,0.0,0.0,0.0,0.0,0.0,0.0,0.0,0.0,0.0,0.0,0.0,0.0,0.0,0.0,0.0,0.0,0.0,0.0,0.0,0.0
heating_cooling,none,test_utility_2,multifamily,6,0.0,0.0,0.0,0.0,0.0,0.0,0.0,0.0,0.0,0.0,0.0,0.0,0.0,0.0,0.0,0.0,0.0,0.0,0.0,0.0,0.0,0.0,0.0,0.0,0.0,0.0,0.0,0.0,0.0,0.0,0.0
heating_cooling,none,test_utility_2,multifamily,7,0.0,0.0,0.0,0.0,0.0,0.0,0.0,0.0,0.0,0.0,0.0,0.0,0.0,0.0,0.0,0.0,0.0,0.0,0.0,0.0,0.0,0.0,0.0,0.0,0.0,0.0,0.0,0.0,0.0,0.0,0.0
heating_cooling,none,test_utility_2,multifamily,8,0.0,0.0,0.0,0.0,0.0,0.0,0.0,0.0,0.0,0.0,0.0,0.0,0.0,0.0,0.0,0.0,0.0,0.0,0.0,0.0,0.0,0.0,0.0,0.0,0.0,0.0,0.0,0.0,0.0,0.0,0.0
heating_cooling,none,test_utility_2,multifamily,9,0.0,0.0,0.0,0.0,0.0,0.0,0.0,0.0,0.0,0.0,0.0,0.0,0.0,0.0,0.0,0.0,0.0,0.0,0.0,0.0,0.0,0.0,0.0,0.0,0.0,0.0,0.0,0.0,0.0,0.0,0.0
heating_cooling,none,test_utility_2,multifamily,10,0.0,0.0,0.0,0.0,0.0,0.0,0.0,0.0,0.0,0.0,0.0,0.0,0.0,0.0,0.0,0.0,0.0,0.0,0.0,0.0,0.0,0.0,0.0,0.0,0.0,0.0,0.0,0.0,0.0,0.0,0.0
heating_cooling,none,test_utility_2,multifamily,11,0.0,0.0,0.0,0.0,0.0,0.0,0.0,0.0,0.0,0.0,0.0,0.0,0.0,0.0,0.0,0.0,0.0,0.0,0.0,0.0,0.0,0.0,0.0,0.0,0.0,0.0,0.0,0.0,0.0,0.0,0.0
heating_cooling,none,test_utility_2,multifamily,12,0.0,0.0,0.0,0.0,0.0,0.0,0.0,0.0,0.0,0.0,0.0,0.0,0.0,0.0,0.0,0.0,0.0,0.0,0.0,0.0,0.0,0.0,0.0,0.0,0.0,0.0,0.0,0.0,0.0,0.0,0.0
heating_cooling,none,test_utility_2,multifamily,13,0.0,0.0,0.0,0.0,0.0,0.0,0.0,0.0,0.0,0.0,0.0,0.0,0.0,0.0,0.0,0.0,0.0,0.0,0.0,0.0,0.0,0.0,0.0,0.0,0.0,0.0,0.0,0.0,0.0,0.0,0.0
heating_cooling,none,test_utility_2,multifamily,14,0.0,0.0,0.0,0.0,0.0,0.0,0.0,0.0,0.0,0.0,0.0,0.0,0.0,0.0,0.0,0.0,0.0,0.0,0.0,0.0,0.0,0.0,0.0,0.0,0.0,0.0,0.0,0.0,0.0,0.0,0.0
heating_cooling,none,test_utility_2,multifamily,15,0.0,0.0,0.0,0.0,0.0,0.0,0.0,0.0,0.0,0.0,0.0,0.0,0.0,0.0,0.0,0.0,0.0,0.0,0.0,0.0,0.0,0.0,0.0,0.0,0.0,0.0,0.0,0.0,0.0,0.0,0.0
heating_cooling,none,test_utility_2,multifamily,16,0.0,0.0,0.0,0.0,0.0,0.0,0.0,0.0,0.0,0.0,0.0,0.0,0.0,0.0,0.0,0.0,0.0,0.0,0.0,0.0,0.0,0.0,0.0,0.0,0.0,0.0,0.0,0.0,0.0,0.0,0.0
heating_cooling,none,test_utility_2,multifamily,17,0.0,0.0,0.0,0.0,0.0,0.0,0.0,0.0,0.0,0.0,0.0,0.0,0.0,0.0,0.0,0.0,0.0,0.0,0.0,0.0,0.0,0.0,0.0,0.0,0.0,0.0,0.0,0.0,0.0,0.0,0.0
heating_cooling,none,test_utility_2,multifamily,18,0.0,0.0,0.0,0.0,0.0,0.0,0.0,0.0,0.0,0.0,0.0,0.0,0.0,0.0,0.0,0.0,0.0,0.0,0.0,0.0,0.0,0.0,0.0,0.0,0.0,0.0,0.0,0.0,0.0,0.0,0.0
heating_cooling,none,test_utility_2,multifamily,19,0.0,0.0,0.0,0.0,0.0,0.0,0.0,0.0,0.0,0.0,0.0,0.0,0.0,0.0,0.0,0.0,0.0,0.0,0.0,0.0,0.0,0.0,0.0,0.0,0.0,0.0,0.0,0.0,0.0,0.0,0.0
heating_cooling,none,test_utility_2,single_family,0,0.0,0.0,0.0,0.0,0.0,0.0,0.0,0.0,0.0,0.0,0.0,0.0,0.0,0.0,0.0,0.0,0.0,0.0,0.0,0.0,0.0,0.0,0.0,0.0,0.0,0.0,0.0,0.0,0.0,0.0,0.0
heating_cooling,none,test_utility_2,single_family,1,0.0,0.0,0.0,0.0,0.0,0.0,0.0,0.0,0.0,0.0,0.0,0.0,0.0,0.0,0.0,0.0,0.0,0.0,0.0,0.0,0.0,0.0,0.0,0.0,0.0,0.0,0.0,0.0,0.0,0.0,0.0
heating_cooling,none,test_utility_2,single_family,2,0.0,0.0,0.0,0.0,0.0,0.0,0.0,0.0,0.0,0.0,0.0,0.0,0.0,0.0,0.0,0.0,0.0,0.0,0.0,0.0,0.0,0.0,0.0,0.0,0.0,0.0,0.0,0.0,0.0,0.0,0.0
heating_cooling,none,test_utility_2,single_family,3,0.0,0.0,0.0,0.0,0.0,0.0,0.0,0.0,0.0,0.0,0.0,0.0,0.0,0.0,0.0,0.0,0.0,0.0,0.0,0.0,0.0,0.0,0.0,0.0,0.0,0.0,0.0,0.0,0.0,0.0,0.0
heating_cooling,none,test_utility_2,single_family,4,0.0,0.0,0.0,0.0,0.0,0.0,0.0,0.0,0.0,0.0,0.0,0.0,0.0,0.0,0.0,0.0,0.0,0.0,0.0,0.0,0.0,0.0,0.0,0.0,0.0,0.0,0.0,0.0,0.0,0.0,0.0
heating_cooling,none,test_utility_2,single_family,5,0.0,0.0,0.0,0.0,0.0,0.0,0.0,0.0,0.0,0.0,0.0,0.0,0.0,0.0,0.0,0.0,0.0,0.0,0.0,0.0,0.0,0.0,0.0,0.0,0.0,0.0,0.0,0.0,0.0,0.0,0.0
heating_cooling,none,test_utility_2,single_family,6,0.0,0.0,0.0,0.0,0.0,0.0,0.0,0.0,0.0,0.0,0.0,0.0,0.0,0.0,0.0,0.0,0.0,0.0,0.0,0.0,0.0,0.0,0.0,0.0,0.0,0.0,0.0,0.0,0.0,0.0,0.0
heating_cooling,none,test_utility_2,single_family,7,0.0,0.0,0.0,0.0,0.0,0.0,0.0,0.0,0.0,0.0,0.0,0.0,0.0,0.0,0.0,0.0,0.0,0.0,0.0,0.0,0.0,0.0,0.0,0.0,0.0,0.0,0.0,0.0,0.0,0.0,0.0
heating_cooling,none,test_utility_2,single_family,8,0.0,0.0,0.0,0.0,0.0,0.0,0.0,0.0,0.0,0.0,0.0,0.0,0.0,0.0,0.0,0.0,0.0,0.0,0.0,0.0,0.0,0.0,0.0,0.0,0.0,0.0,0.0,0.0,0.0,0.0,0.0
heating_cooling,none,test_utility_2,single_family,9,0.0,0.0,0.0,0.0,0.0,0.0,0.0,0.0,0.0,0.0,0.0,0.0,0.0,0.0,0.0,0.0,0.0,0.0,0.0,0.0,0.0,0.0,0.0,0.0,0.0,0.0,0.0,0.0,0.0,0.0,0.0
heating_cooling,none,test_utility_2,single_family,10,0.0,0.0,0.0,0.0,0.0,0.0,0.0,0.0,0.0,0.0,0.0,0.0,0.0,0.0,0.0,0.0,0.0,0.0,0.0,0.0,0.0,0.0,0.0,0.0,0.0,0.0,0.0,0.0,0.0,0.0,0.0
heating_cooling,none,test_utility_2,single_family,11,0.0,0.0,0.0,0.0,0.0,0.0,0.0,0.0,0.0,0.0,0.0,0.0,0.0,0.0,0.0,0.0,0.0,0.0,0.0,0.0,0.0,0.0,0.0,0.0,0.0,0.0,0.0,0.0,0.0,0.0,0.0
heating_cooling,none,test_utility_2,single_family,12,0.0,0.0,0.0,0.0,0.0,0.0,0.0,0.0,0.0,0.0,0.0,0.0,0.0,0.0,0.0,0.0,0.0,0.0,0.0,0.0,0.0,0.0,0.0,0.0,0.0,0.0,0.0,0.0,0.0,0.0,0.0
heating_cooling,none,test_utility_2,single_family,13,0.0,0.0,0.0,0.0,0.0,0.0,0.0,0.0,0.0,0.0,0.0,0.0,0.0,0.0,0.0,0.0,0.0,0.0,0.0,0.0,0.0,0.0,0.0,0.0,0.0,0.0,0.0,0.0,0.0,0.0,0.0
heating_cooling,none,test_utility_2,single_family,14,0.0,0.0,0.0,0.0,0.0,0.0,0.0,0.0,0.0,0.0,0.0,0.0,0.0,0.0,0.0,0.0,0.0,0.0,0.0,0.0,0.0,0.0,0.0,0.0,0.0,0.0,0.0,0.0,0.0,0.0,0.0
heating_cooling,none,test_utility_2,single_family,15,0.0,0.0,0.0,0.0,0.0,0.0,0.0,0.0,0.0,0.0,0.0,0.0,0.0,0.0,0.0,0.0,0.0,0.0,0.0,0.0,0.0,0.0,0.0,0.0,0.0,0.0,0.0,0.0,0.0,0.0,0.0
heating_cooling,none,test_utility_2,single_family,16,0.0,0.0,0.0,0.0,0.0,0.0,0.0,0.0,0.0,0.0,0.0,0.0,0.0,0.0,0.0,0.0,0.0,0.0,0.0,0.0,0.0,0.0,0.0,0.0,0.0,0.0,0.0,0.0,0.0,0.0,0.0
heating_cooling,none,test_utility_2,single_family,17,0.0,0.0,0.0,0.0,0.0,0.0,0.0,0.0,0.0,0.0,0.0,0.0,0.0,0.0,0.0,0.0,0.0,0.0,0.0,0.0,0.0,0.0,0.0,0.0,0.0,0.0,0.0,0.0,0.0,0.0,0.0
heating_cooling,none,test_utility_2,single_family,18,0.0,0.0,0.0,0.0,0.0,0.0,0.0,0.0,0.0,0.0,0.0,0.0,0.0,0.0,0.0,0.0,0.0,0.0,0.0,0.0,0.0,0.0,0.0,0.0,0.0,0.0,0.0,0.0,0.0,0.0,0.0
heating_cooling,none,test_utility_2,single_family,19,0.0,0.0,0.0,0.0,0.0,0.0,0.0,0.0,0.0,0.0,0.0,0.0,0.0,0.0,0.0,0.0,0.0,0.0,0.0,0.0,0.0,0.0,0.0,0.0,0.0,0.0,0.0,0.0,0.0,0.0,0.0
heating_cooling,none,test_utility_2,multifamily_li,0,0.0,0.0,0.0,0.0,0.0,0.0,0.0,0.0,0.0,0.0,0.0,0.0,0.0,0.0,0.0,0.0,0.0,0.0,0.0,0.0,0.0,0.0,0.0,0.0,0.0,0.0,0.0,0.0,0.0,0.0,0.0
heating_cooling,none,test_utility_2,multifamily_li,1,0.0,0.0,0.0,0.0,0.0,0.0,0.0,0.0,0.0,0.0,0.0,0.0,0.0,0.0,0.0,0.0,0.0,0.0,0.0,0.0,0.0,0.0,0.0,0.0,0.0,0.0,0.0,0.0,0.0,0.0,0.0
heating_cooling,none,test_utility_2,multifamily_li,2,0.0,0.0,0.0,0.0,0.0,0.0,0.0,0.0,0.0,0.0,0.0,0.0,0.0,0.0,0.0,0.0,0.0,0.0,0.0,0.0,0.0,0.0,0.0,0.0,0.0,0.0,0.0,0.0,0.0,0.0,0.0
heating_cooling,none,test_utility_2,multifamily_li,3,0.0,0.0,0.0,0.0,0.0,0.0,0.0,0.0,0.0,0.0,0.0,0.0,0.0,0.0,0.0,0.0,0.0,0.0,0.0,0.0,0.0,0.0,0.0,0.0,0.0,0.0,0.0,0.0,0.0,0.0,0.0
heating_cooling,none,test_utility_2,multifamily_li,4,0.0,0.0,0.0,0.0,0.0,0.0,0.0,0.0,0.0,0.0,0.0,0.0,0.0,0.0,0.0,0.0,0.0,0.0,0.0,0.0,0.0,0.0,0.0,0.0,0.0,0.0,0.0,0.0,0.0,0.0,0.0
heating_cooling,none,test_utility_2,multifamily_li,5,0.0,0.0,0.0,0.0,0.0,0.0,0.0,0.0,0.0,0.0,0.0,0.0,0.0,0.0,0.0,0.0,0.0,0.0,0.0,0.0,0.0,0.0,0.0,0.0,0.0,0.0,0.0,0.0,0.0,0.0,0.0
heating_cooling,none,test_utility_2,multifamily_li,6,0.0,0.0,0.0,0.0,0.0,0.0,0.0,0.0,0.0,0.0,0.0,0.0,0.0,0.0,0.0,0.0,0.0,0.0,0.0,0.0,0.0,0.0,0.0,0.0,0.0,0.0,0.0,0.0,0.0,0.0,0.0
heating_cooling,none,test_utility_2,multifamily_li,7,0.0,0.0,0.0,0.0,0.0,0.0,0.0,0.0,0.0,0.0,0.0,0.0,0.0,0.0,0.0,0.0,0.0,0.0,0.0,0.0,0.0,0.0,0.0,0.0,0.0,0.0,0.0,0.0,0.0,0.0,0.0
heating_cooling,none,test_utility_2,multifamily_li,8,0.0,0.0,0.0,0.0,0.0,0.0,0.0,0.0,0.0,0.0,0.0,0.0,0.0,0.0,0.0,0.0,0.0,0.0,0.0,0.0,0.0,0.0,0.0,0.0,0.0,0.0,0.0,0.0,0.0,0.0,0.0
heating_cooling,none,test_utility_2,multifamily_li,9,0.0,0.0,0.0,0.0,0.0,0.0,0.0,0.0,0.0,0.0,0.0,0.0,0.0,0.0,0.0,0.0,0.0,0.0,0.0,0.0,0.0,0.0,0.0,0.0,0.0,0.0,0.0,0.0,0.0,0.0,0.0
heating_cooling,none,test_utility_2,multifamily_li,10,0.0,0.0,0.0,0.0,0.0,0.0,0.0,0.0,0.0,0.0,0.0,0.0,0.0,0.0,0.0,0.0,0.0,0.0,0.0,0.0,0.0,0.0,0.0,0.0,0.0,0.0,0.0,0.0,0.0,0.0,0.0
heating_cooling,none,test_utility_2,multifamily_li,11,0.0,0.0,0.0,0.0,0.0,0.0,0.0,0.0,0.0,0.0,0.0,0.0,0.0,0.0,0.0,0.0,0.0,0.0,0.0,0.0,0.0,0.0,0.0,0.0,0.0,0.0,0.0,0.0,0.0,0.0,0.0
heating_cooling,none,test_utility_2,multifamily_li,12,0.0,0.0,0.0,0.0,0.0,0.0,0.0,0.0,0.0,0.0,0.0,0.0,0.0,0.0,0.0,0.0,0.0,0.0,0.0,0.0,0.0,0.0,0.0,0.0,0.0,0.0,0.0,0.0,0.0,0.0,0.0
heating_cooling,none,test_utility_2,multifamily_li,13,0.0,0.0,0.0,0.0,0.0,0.0,0.0,0.0,0.0,0.0,0.0,0.0,0.0,0.0,0.0,0.0,0.0,0.0,0.0,0.0,0.0,0.0,0.0,0.0,0.0,0.0,0.0,0.0,0.0,0.0,0.0
heating_cooling,none,test_utility_2,multifamily_li,14,0.0,0.0,0.0,0.0,0.0,0.0,0.0,0.0,0.0,0.0,0.0,0.0,0.0,0.0,0.0,0.0,0.0,0.0,0.0,0.0,0.0,0.0,0.0,0.0,0.0,0.0,0.0,0.0,0.0,0.0,0.0
heating_cooling,none,test_utility_2,multifamily_li,15,0.0,0.0,0.0,0.0,0.0,0.0,0.0,0.0,0.0,0.0,0.0,0.0,0.0,0.0,0.0,0.0,0.0,0.0,0.0,0.0,0.0,0.0,0.0,0.0,0.0,0.0,0.0,0.0,0.0,0.0,0.0
heating_cooling,none,test_utility_2,multifamily_li,16,0.0,0.0,0.0,0.0,0.0,0.0,0.0,0.0,0.0,0.0,0.0,0.0,0.0,0.0,0.0,0.0,0.0,0.0,0.0,0.0,0.0,0.0,0.0,0.0,0.0,0.0,0.0,0.0,0.0,0.0,0.0
heating_cooling,none,test_utility_2,multifamily_li,17,0.0,0.0,0.0,0.0,0.0,0.0,0.0,0.0,0.0,0.0,0.0,0.0,0.0,0.0,0.0,0.0,0.0,0.0,0.0,0.0,0.0,0.0,0.0,0.0,0.0,0.0,0.0,0.0,0.0,0.0,0.0
heating_cooling,none,test_utility_2,multifamily_li,18,0.0,0.0,0.0,0.0,0.0,0.0,0.0,0.0,0.0,0.0,0.0,0.0,0.0,0.0,0.0,0.0,0.0,0.0,0.0,0.0,0.0,0.0,0.0,0.0,0.0,0.0,0.0,0.0,0.0,0.0,0.0
heating_cooling,none,test_utility_2,multifamily_li,19,0.0,0.0,0.0,0.0,0.0,0.0,0.0,0.0,0.0,0.0,0.0,0.0,0.0,0.0,0.0,0.0,0.0,0.0,0.0,0.0,0.0,0.0,0.0,0.0,0.0,0.0,0.0,0.0,0.0,0.0,0.0
heating_cooling,none,test_utility_2,single_family_li,0,0.0,0.0,0.0,0.0,0.0,0.0,0.0,0.0,0.0,0.0,0.0,0.0,0.0,0.0,0.0,0.0,0.0,0.0,0.0,0.0,0.0,0.0,0.0,0.0,0.0,0.0,0.0,0.0,0.0,0.0,0.0
heating_cooling,none,test_utility_2,single_family_li,1,0.0,0.0,0.0,0.0,0.0,0.0,0.0,0.0,0.0,0.0,0.0,0.0,0.0,0.0,0.0,0.0,0.0,0.0,0.0,0.0,0.0,0.0,0.0,0.0,0.0,0.0,0.0,0.0,0.0,0.0,0.0
heating_cooling,none,test_utility_2,single_family_li,2,0.0,0.0,0.0,0.0,0.0,0.0,0.0,0.0,0.0,0.0,0.0,0.0,0.0,0.0,0.0,0.0,0.0,0.0,0.0,0.0,0.0,0.0,0.0,0.0,0.0,0.0,0.0,0.0,0.0,0.0,0.0
heating_cooling,none,test_utility_2,single_family_li,3,0.0,0.0,0.0,0.0,0.0,0.0,0.0,0.0,0.0,0.0,0.0,0.0,0.0,0.0,0.0,0.0,0.0,0.0,0.0,0.0,0.0,0.0,0.0,0.0,0.0,0.0,0.0,0.0,0.0,0.0,0.0
heating_cooling,none,test_utility_2,single_family_li,4,0.0,0.0,0.0,0.0,0.0,0.0,0.0,0.0,0.0,0.0,0.0,0.0,0.0,0.0,0.0,0.0,0.0,0.0,0.0,0.0,0.0,0.0,0.0,0.0,0.0,0.0,0.0,0.0,0.0,0.0,0.0
heating_cooling,none,test_utility_2,single_family_li,5,0.0,0.0,0.0,0.0,0.0,0.0,0.0,0.0,0.0,0.0,0.0,0.0,0.0,0.0,0.0,0.0,0.0,0.0,0.0,0.0,0.0,0.0,0.0,0.0,0.0,0.0,0.0,0.0,0.0,0.0,0.0
heating_cooling,none,test_utility_2,single_family_li,6,0.0,0.0,0.0,0.0,0.0,0.0,0.0,0.0,0.0,0.0,0.0,0.0,0.0,0.0,0.0,0.0,0.0,0.0,0.0,0.0,0.0,0.0,0.0,0.0,0.0,0.0,0.0,0.0,0.0,0.0,0.0
heating_cooling,none,test_utility_2,single_family_li,7,0.0,0.0,0.0,0.0,0.0,0.0,0.0,0.0,0.0,0.0,0.0,0.0,0.0,0.0,0.0,0.0,0.0,0.0,0.0,0.0,0.0,0.0,0.0,0.0,0.0,0.0,0.0,0.0,0.0,0.0,0.0
heating_cooling,none,test_utility_2,single_family_li,8,0.0,0.0,0.0,0.0,0.0,0.0,0.0,0.0,0.0,0.0,0.0,0.0,0.0,0.0,0.0,0.0,0.0,0.0,0.0,0.0,0.0,0.0,0.0,0.0,0.0,0.0,0.0,0.0,0.0,0.0,0.0
heating_cooling,none,test_utility_2,single_family_li,9,0.0,0.0,0.0,0.0,0.0,0.0,0.0,0.0,0.0,0.0,0.0,0.0,0.0,0.0,0.0,0.0,0.0,0.0,0.0,0.0,0.0,0.0,0.0,0.0,0.0,0.0,0.0,0.0,0.0,0.0,0.0
heating_cooling,none,test_utility_2,single_family_li,10,0.0,0.0,0.0,0.0,0.0,0.0,0.0,0.0,0.0,0.0,0.0,0.0,0.0,0.0,0.0,0.0,0.0,0.0,0.0,0.0,0.0,0.0,0.0,0.0,0.0,0.0,0.0,0.0,0.0,0.0,0.0
heating_cooling,none,test_utility_2,single_family_li,11,0.0,0.0,0.0,0.0,0.0,0.0,0.0,0.0,0.0,0.0,0.0,0.0,0.0,0.0,0.0,0.0,0.0,0.0,0.0,0.0,0.0,0.0,0.0,0.0,0.0,0.0,0.0,0.0,0.0,0.0,0.0
heating_cooling,none,test_utility_2,single_family_li,12,0.0,0.0,0.0,0.0,0.0,0.0,0.0,0.0,0.0,0.0,0.0,0.0,0.0,0.0,0.0,0.0,0.0,0.0,0.0,0.0,0.0,0.0,0.0,0.0,0.0,0.0,0.0,0.0,0.0,0.0,0.0
heating_cooling,none,test_utility_2,single_family_li,13,0.0,0.0,0.0,0.0,0.0,0.0,0.0,0.0,0.0,0.0,0.0,0.0,0.0,0.0,0.0,0.0,0.0,0.0,0.0,0.0,0.0,0.0,0.0,0.0,0.0,0.0,0.0,0.0,0.0,0.0,0.0
heating_cooling,none,test_utility_2,single_family_li,14,0.0,0.0,0.0,0.0,0.0,0.0,0.0,0.0,0.0,0.0,0.0,0.0,0.0,0.0,0.0,0.0,0.0,0.0,0.0,0.0,0.0,0.0,0.0,0.0,0.0,0.0,0.0,0.0,0.0,0.0,0.0
heating_cooling,none,test_utility_2,single_family_li,15,0.0,0.0,0.0,0.0,0.0,0.0,0.0,0.0,0.0,0.0,0.0,0.0,0.0,0.0,0.0,0.0,0.0,0.0,0.0,0.0,0.0,0.0,0.0,0.0,0.0,0.0,0.0,0.0,0.0,0.0,0.0
heating_cooling,none,test_utility_2,single_family_li,16,0.0,0.0,0.0,0.0,0.0,0.0,0.0,0.0,0.0,0.0,0.0,0.0,0.0,0.0,0.0,0.0,0.0,0.0,0.0,0.0,0.0,0.0,0.0,0.0,0.0,0.0,0.0,0.0,0.0,0.0,0.0
heating_cooling,none,test_utility_2,single_family_li,17,0.0,0.0,0.0,0.0,0.0,0.0,0.0,0.0,0.0,0.0,0.0,0.0,0.0,0.0,0.0,0.0,0.0,0.0,0.0,0.0,0.0,0.0,0.0,0.0,0.0,0.0,0.0,0.0,0.0,0.0,0.0
heating_cooling,none,test_utility_2,single_family_li,18,0.0,0.0,0.0,0.0,0.0,0.0,0.0,0.0,0.0,0.0,0.0,0.0,0.0,0.0,0.0,0.0,0.0,0.0,0.0,0.0,0.0,0.0,0.0,0.0,0.0,0.0,0.0,0.0,0.0,0.0,0.0
heating_cooling,none,test_utility_2,single_family_li,19,0.0,0.0,0.0,0.0,0.0,0.0,0.0,0.0,0.0,0.0,0.0,0.0,0.0,0.0,0.0,0.0,0.0,0.0,0.0,0.0,0.0,0.0,0.0,0.0,0.0,0.0,0.0,0.0,0.0,0.0,0.0
heating_cooling,test_utility_2,test_utility_1,multifamily,0,0.0,0.0,0.0,0.0,0.0,0.0,0.0,0.0,0.0,0.0,0.0,0.0,0.0,0.0,0.0,0.0,0.0,0.0,0.0,0.0,0.0,0.0,0.0,0.0,0.0,0.0,0.0,0.0,0.0,0.0,0.0
heating_cooling,test_utility_2,test_utility_1,multifamily,1,0.0,0.0,0.0,0.0,0.0,0.0,0.0,0.0,0.0,0.0,0.0,0.0,0.0,0.0,0.0,0.0,0.0,0.0,0.0,0.0,0.0,0.0,0.0,0.0,0.0,0.0,0.0,0.0,0.0,0.0,0.0
heating_cooling,test_utility_2,test_utility_1,multifamily,2,0.0,0.0,0.0,0.0,0.0,0.0,0.0,0.0,0.0,0.0,0.0,0.0,0.0,0.0,0.0,0.0,0.0,0.0,0.0,0.0,0.0,0.0,0.0,0.0,0.0,0.0,0.0,0.0,0.0,0.0,0.0
heating_cooling,test_utility_2,test_utility_1,multifamily,3,0.0,0.0,0.0,0.0,0.0,0.0,0.0,0.0,0.0,0.0,0.0,0.0,0.0,0.0,0.0,0.0,0.0,0.0,0.0,0.0,0.0,0.0,0.0,0.0,0.0,0.0,0.0,0.0,0.0,0.0,0.0
heating_cooling,test_utility_2,test_utility_1,multifamily,4,0.0,0.0,0.0,0.0,0.0,0.0,0.0,0.0,0.0,0.0,0.0,0.0,0.0,0.0,0.0,0.0,0.0,0.0,0.0,0.0,0.0,0.0,0.0,0.0,0.0,0.0,0.0,0.0,0.0,0.0,0.0
heating_cooling,test_utility_2,test_utility_1,multifamily,5,0.0,0.0,0.0,0.0,0.0,0.0,0.0,0.0,0.0,0.0,0.0,0.0,0.0,0.0,0.0,0.0,0.0,0.0,0.0,0.0,0.0,0.0,0.0,0.0,0.0,0.0,0.0,0.0,0.0,0.0,0.0
heating_cooling,test_utility_2,test_utility_1,multifamily,6,0.0,0.0,0.0,0.0,0.0,0.0,0.0,0.0,0.0,0.0,0.0,0.0,0.0,0.0,0.0,0.0,0.0,0.0,0.0,0.0,0.0,0.0,0.0,0.0,0.0,0.0,0.0,0.0,0.0,0.0,0.0
heating_cooling,test_utility_2,test_utility_1,multifamily,7,0.0,0.0,0.0,0.0,0.0,0.0,0.0,0.0,0.0,0.0,0.0,0.0,0.0,0.0,0.0,0.0,0.0,0.0,0.0,0.0,0.0,0.0,0.0,0.0,0.0,0.0,0.0,0.0,0.0,0.0,0.0
heating_cooling,test_utility_2,test_utility_1,multifamily,8,0.0,0.0,0.0,0.0,0.0,0.0,0.0,0.0,0.0,0.0,0.0,0.0,0.0,0.0,0.0,0.0,0.0,0.0,0.0,0.0,0.0,0.0,0.0,0.0,0.0,0.0,0.0,0.0,0.0,0.0,0.0
heating_cooling,test_utility_2,test_utility_1,multifamily,9,0.0,0.0,0.0,0.0,0.0,0.0,0.0,0.0,0.0,0.0,0.0,0.0,0.0,0.0,0.0,0.0,0.0,0.0,0.0,0.0,0.0,0.0,0.0,0.0,0.0,0.0,0.0,0.0,0.0,0.0,0.0
heating_cooling,test_utility_2,test_utility_1,multifamily,10,0.0,0.0,0.0,0.0,0.0,0.0,0.0,0.0,0.0,0.0,0.0,0.0,0.0,0.0,0.0,0.0,0.0,0.0,0.0,0.0,0.0,0.0,0.0,0.0,0.0,0.0,0.0,0.0,0.0,0.0,0.0
heating_cooling,test_utility_2,test_utility_1,multifamily,11,0.0,0.0,0.0,0.0,0.0,0.0,0.0,0.0,0.0,0.0,0.0,0.0,0.0,0.0,0.0,0.0,0.0,0.0,0.0,0.0,0.0,0.0,0.0,0.0,0.0,0.0,0.0,0.0,0.0,0.0,0.0
heating_cooling,test_utility_2,test_utility_1,multifamily,12,0.0,0.0,0.0,0.0,0.0,0.0,0.0,0.0,0.0,0.0,0.0,0.0,0.0,0.0,0.0,0.0,0.0,0.0,0.0,0.0,0.0,0.0,0.0,0.0,0.0,0.0,0.0,0.0,0.0,0.0,0.0
heating_cooling,test_utility_2,test_utility_1,multifamily,13,0.0,0.0,0.0,0.0,0.0,0.0,0.0,0.0,0.0,0.0,0.0,0.0,0.0,0.0,0.0,0.0,0.0,0.0,0.0,0.0,0.0,0.0,0.0,0.0,0.0,0.0,0.0,0.0,0.0,0.0,0.0
heating_cooling,test_utility_2,test_utility_1,multifamily,14,0.0,0.0,0.0,0.0,0.0,0.0,0.0,0.0,0.0,0.0,0.0,0.0,0.0,0.0,0.0,0.0,0.0,0.0,0.0,0.0,0.0,0.0,0.0,0.0,0.0,0.0,0.0,0.0,0.0,0.0,0.0
heating_cooling,test_utility_2,test_utility_1,multifamily,15,0.0,0.0,0.0,0.0,0.0,0.0,0.0,0.0,0.0,0.0,0.0,0.0,0.0,0.0,0.0,0.0,0.0,0.0,0.0,0.0,0.0,0.0,0.0,0.0,0.0,0.0,0.0,0.0,0.0,0.0,0.0
heating_cooling,test_utility_2,test_utility_1,multifamily,16,0.0,0.0,0.0,0.0,0.0,0.0,0.0,0.0,0.0,0.0,0.0,0.0,0.0,0.0,0.0,0.0,0.0,0.0,0.0,0.0,0.0,0.0,0.0,0.0,0.0,0.0,0.0,0.0,0.0,0.0,0.0
heating_cooling,test_utility_2,test_utility_1,multifamily,17,0.0,0.0,0.0,0.0,0.0,0.0,0.0,0.0,0.0,0.0,0.0,0.0,0.0,0.0,0.0,0.0,0.0,0.0,0.0,0.0,0.0,0.0,0.0,0.0,0.0,0.0,0.0,0.0,0.0,0.0,0.0
heating_cooling,test_utility_2,test_utility_1,multifamily,18,0.0,0.0,0.0,0.0,0.0,0.0,0.0,0.0,0.0,0.0,0.0,0.0,0.0,0.0,0.0,0.0,0.0,0.0,0.0,0.0,0.0,0.0,0.0,0.0,0.0,0.0,0.0,0.0,0.0,0.0,0.0
heating_cooling,test_utility_2,test_utility_1,multifamily,19,0.0,0.0,0.0,0.0,0.0,0.0,0.0,0.0,0.0,0.0,0.0,0.0,0.0,0.0,0.0,0.0,0.0,0.0,0.0,0.0,0.0,0.0,0.0,0.0,0.0,0.0,0.0,0.0,0.0,0.0,0.0
heating_cooling,test_utility_2,test_utility_1,single_family,0,0.0,0.0,0.0,0.0,0.0,0.0,0.0,0.0,0.0,0.0,0.0,0.0,0.0,0.0,0.0,0.0,0.0,0.0,0.0,0.0,0.0,0.0,0.0,0.0,0.0,0.0,0.0,0.0,0.0,0.0,0.0
heating_cooling,test_utility_2,test_utility_1,single_family,1,0.0,0.0,0.0,0.0,0.0,0.0,0.0,0.0,0.0,0.0,0.0,0.0,0.0,0.0,0.0,0.0,0.0,0.0,0.0,0.0,0.0,0.0,0.0,0.0,0.0,0.0,0.0,0.0,0.0,0.0,0.0
heating_cooling,test_utility_2,test_utility_1,single_family,2,0.0,0.0,0.0,0.0,0.0,0.0,0.0,0.0,0.0,0.0,0.0,0.0,0.0,0.0,0.0,0.0,0.0,0.0,0.0,0.0,0.0,0.0,0.0,0.0,0.0,0.0,0.0,0.0,0.0,0.0,0.0
heating_cooling,test_utility_2,test_utility_1,single_family,3,0.0,0.0,0.0,0.0,0.0,0.0,0.0,0.0,0.0,0.0,0.0,0.0,0.0,0.0,0.0,0.0,0.0,0.0,0.0,0.0,0.0,0.0,0.0,0.0,0.0,0.0,0.0,0.0,0.0,0.0,0.0
heating_cooling,test_utility_2,test_utility_1,single_family,4,0.0,0.0,0.0,0.0,0.0,0.0,0.0,0.0,0.0,0.0,0.0,0.0,0.0,0.0,0.0,0.0,0.0,0.0,0.0,0.0,0.0,0.0,0.0,0.0,0.0,0.0,0.0,0.0,0.0,0.0,0.0
heating_cooling,test_utility_2,test_utility_1,single_family,5,0.0,0.0,0.0,0.0,0.0,0.0,0.0,0.0,0.0,0.0,0.0,0.0,0.0,0.0,0.0,0.0,0.0,0.0,0.0,0.0,0.0,0.0,0.0,0.0,0.0,0.0,0.0,0.0,0.0,0.0,0.0
heating_cooling,test_utility_2,test_utility_1,single_family,6,0.0,0.0,0.0,0.0,0.0,0.0,0.0,0.0,0.0,0.0,0.0,0.0,0.0,0.0,0.0,0.0,0.0,0.0,0.0,0.0,0.0,0.0,0.0,0.0,0.0,0.0,0.0,0.0,0.0,0.0,0.0
heating_cooling,test_utility_2,test_utility_1,single_family,7,0.0,0.0,0.0,0.0,0.0,0.0,0.0,0.0,0.0,0.0,0.0,0.0,0.0,0.0,0.0,0.0,0.0,0.0,0.0,0.0,0.0,0.0,0.0,0.0,0.0,0.0,0.0,0.0,0.0,0.0,0.0
heating_cooling,test_utility_2,test_utility_1,single_family,8,0.0,0.0,0.0,0.0,0.0,0.0,0.0,0.0,0.0,0.0,0.0,0.0,0.0,0.0,0.0,0.0,0.0,0.0,0.0,0.0,0.0,0.0,0.0,0.0,0.0,0.0,0.0,0.0,0.0,0.0,0.0
heating_cooling,test_utility_2,test_utility_1,single_family,9,0.0,0.0,0.0,0.0,0.0,0.0,0.0,0.0,0.0,0.0,0.0,0.0,0.0,0.0,0.0,0.0,0.0,0.0,0.0,0.0,0.0,0.0,0.0,0.0,0.0,0.0,0.0,0.0,0.0,0.0,0.0
heating_cooling,test_utility_2,test_utility_1,single_family,10,0.0,0.0,0.0,0.0,0.0,0.0,0.0,0.0,0.0,0.0,0.0,0.0,0.0,0.0,0.0,0.0,0.0,0.0,0.0,0.0,0.0,0.0,0.0,0.0,0.0,0.0,0.0,0.0,0.0,0.0,0.0
heating_cooling,test_utility_2,test_utility_1,single_family,11,0.0,0.0,0.0,0.0,0.0,0.0,0.0,0.0,0.0,0.0,0.0,0.0,0.0,0.0,0.0,0.0,0.0,0.0,0.0,0.0,0.0,0.0,0.0,0.0,0.0,0.0,0.0,0.0,0.0,0.0,0.0
heating_cooling,test_utility_2,test_utility_1,single_family,12,0.0,0.0,0.0,0.0,0.0,0.0,0.0,0.0,0.0,0.0,0.0,0.0,0.0,0.0,0.0,0.0,0.0,0.0,0.0,0.0,0.0,0.0,0.0,0.0,0.0,0.0,0.0,0.0,0.0,0.0,0.0
heating_cooling,test_utility_2,test_utility_1,single_family,13,0.0,0.0,0.0,0.0,0.0,0.0,0.0,0.0,0.0,0.0,0.0,0.0,0.0,0.0,0.0,0.0,0.0,0.0,0.0,0.0,0.0,0.0,0.0,0.0,0.0,0.0,0.0,0.0,0.0,0.0,0.0
heating_cooling,test_utility_2,test_utility_1,single_family,14,0.0,0.0,0.0,0.0,0.0,0.0,0.0,0.0,0.0,0.0,0.0,0.0,0.0,0.0,0.0,0.0,0.0,0.0,0.0,0.0,0.0,0.0,0.0,0.0,0.0,0.0,0.0,0.0,0.0,0.0,0.0
heating_cooling,test_utility_2,test_utility_1,single_family,15,0.0,0.0,0.0,0.0,0.0,0.0,0.0,0.0,0.0,0.0,0.0,0.0,0.0,0.0,0.0,0.0,0.0,0.0,0.0,0.0,0.0,0.0,0.0,0.0,0.0,0.0,0.0,0.0,0.0,0.0,0.0
heating_cooling,test_utility_2,test_utility_1,single_family,16,0.0,0.0,0.0,0.0,0.0,0.0,0.0,0.0,0.0,0.0,0.0,0.0,0.0,0.0,0.0,0.0,0.0,0.0,0.0,0.0,0.0,0.0,0.0,0.0,0.0,0.0,0.0,0.0,0.0,0.0,0.0
heating_cooling,test_utility_2,test_utility_1,single_family,17,0.0,0.0,0.0,0.0,0.0,0.0,0.0,0.0,0.0,0.0,0.0,0.0,0.0,0.0,0.0,0.0,0.0,0.0,0.0,0.0,0.0,0.0,0.0,0.0,0.0,0.0,0.0,0.0,0.0,0.0,0.0
heating_cooling,test_utility_2,test_utility_1,single_family,18,0.0,0.0,0.0,0.0,0.0,0.0,0.0,0.0,0.0,0.0,0.0,0.0,0.0,0.0,0.0,0.0,0.0,0.0,0.0,0.0,0.0,0.0,0.0,0.0,0.0,0.0,0.0,0.0,0.0,0.0,0.0
heating_cooling,test_utility_2,test_utility_1,single_family,19,0.0,0.0,0.0,0.0,0.0,0.0,0.0,0.0,0.0,0.0,0.0,0.0,0.0,0.0,0.0,0.0,0.0,0.0,0.0,0.0,0.0,0.0,0.0,0.0,0.0,0.0,0.0,0.0,0.0,0.0,0.0
heating_cooling,test_utility_2,test_utility_1,multifamily_li,0,0.0,0.0,0.0,0.0,0.0,0.0,0.0,0.0,0.0,0.0,0.0,0.0,0.0,0.0,0.0,0.0,0.0,0.0,0.0,0.0,0.0,0.0,0.0,0.0,0.0,0.0,0.0,0.0,0.0,0.0,0.0
heating_cooling,test_utility_2,test_utility_1,multifamily_li,1,0.0,0.0,0.0,0.0,0.0,0.0,0.0,0.0,0.0,0.0,0.0,0.0,0.0,0.0,0.0,0.0,0.0,0.0,0.0,0.0,0.0,0.0,0.0,0.0,0.0,0.0,0.0,0.0,0.0,0.0,0.0
heating_cooling,test_utility_2,test_utility_1,multifamily_li,2,0.0,0.0,0.0,0.0,0.0,0.0,0.0,0.0,0.0,0.0,0.0,0.0,0.0,0.0,0.0,0.0,0.0,0.0,0.0,0.0,0.0,0.0,0.0,0.0,0.0,0.0,0.0,0.0,0.0,0.0,0.0
heating_cooling,test_utility_2,test_utility_1,multifamily_li,3,0.0,0.0,0.0,0.0,0.0,0.0,0.0,0.0,0.0,0.0,0.0,0.0,0.0,0.0,0.0,0.0,0.0,0.0,0.0,0.0,0.0,0.0,0.0,0.0,0.0,0.0,0.0,0.0,0.0,0.0,0.0
heating_cooling,test_utility_2,test_utility_1,multifamily_li,4,0.0,0.0,0.0,0.0,0.0,0.0,0.0,0.0,0.0,0.0,0.0,0.0,0.0,0.0,0.0,0.0,0.0,0.0,0.0,0.0,0.0,0.0,0.0,0.0,0.0,0.0,0.0,0.0,0.0,0.0,0.0
heating_cooling,test_utility_2,test_utility_1,multifamily_li,5,0.0,0.0,0.0,0.0,0.0,0.0,0.0,0.0,0.0,0.0,0.0,0.0,0.0,0.0,0.0,0.0,0.0,0.0,0.0,0.0,0.0,0.0,0.0,0.0,0.0,0.0,0.0,0.0,0.0,0.0,0.0
heating_cooling,test_utility_2,test_utility_1,multifamily_li,6,0.0,0.0,0.0,0.0,0.0,0.0,0.0,0.0,0.0,0.0,0.0,0.0,0.0,0.0,0.0,0.0,0.0,0.0,0.0,0.0,0.0,0.0,0.0,0.0,0.0,0.0,0.0,0.0,0.0,0.0,0.0
heating_cooling,test_utility_2,test_utility_1,multifamily_li,7,0.0,0.0,0.0,0.0,0.0,0.0,0.0,0.0,0.0,0.0,0.0,0.0,0.0,0.0,0.0,0.0,0.0,0.0,0.0,0.0,0.0,0.0,0.0,0.0,0.0,0.0,0.0,0.0,0.0,0.0,0.0
heating_cooling,test_utility_2,test_utility_1,multifamily_li,8,0.0,0.0,0.0,0.0,0.0,0.0,0.0,0.0,0.0,0.0,0.0,0.0,0.0,0.0,0.0,0.0,0.0,0.0,0.0,0.0,0.0,0.0,0.0,0.0,0.0,0.0,0.0,0.0,0.0,0.0,0.0
heating_cooling,test_utility_2,test_utility_1,multifamily_li,9,0.0,0.0,0.0,0.0,0.0,0.0,0.0,0.0,0.0,0.0,0.0,0.0,0.0,0.0,0.0,0.0,0.0,0.0,0.0,0.0,0.0,0.0,0.0,0.0,0.0,0.0,0.0,0.0,0.0,0.0,0.0
heating_cooling,test_utility_2,test_utility_1,multifamily_li,10,0.0,0.0,0.0,0.0,0.0,0.0,0.0,0.0,0.0,0.0,0.0,0.0,0.0,0.0,0.0,0.0,0.0,0.0,0.0,0.0,0.0,0.0,0.0,0.0,0.0,0.0,0.0,0.0,0.0,0.0,0.0
heating_cooling,test_utility_2,test_utility_1,multifamily_li,11,0.0,0.0,0.0,0.0,0.0,0.0,0.0,0.0,0.0,0.0,0.0,0.0,0.0,0.0,0.0,0.0,0.0,0.0,0.0,0.0,0.0,0.0,0.0,0.0,0.0,0.0,0.0,0.0,0.0,0.0,0.0
heating_cooling,test_utility_2,test_utility_1,multifamily_li,12,0.0,0.0,0.0,0.0,0.0,0.0,0.0,0.0,0.0,0.0,0.0,0.0,0.0,0.0,0.0,0.0,0.0,0.0,0.0,0.0,0.0,0.0,0.0,0.0,0.0,0.0,0.0,0.0,0.0,0.0,0.0
heating_cooling,test_utility_2,test_utility_1,multifamily_li,13,0.0,0.0,0.0,0.0,0.0,0.0,0.0,0.0,0.0,0.0,0.0,0.0,0.0,0.0,0.0,0.0,0.0,0.0,0.0,0.0,0.0,0.0,0.0,0.0,0.0,0.0,0.0,0.0,0.0,0.0,0.0
heating_cooling,test_utility_2,test_utility_1,multifamily_li,14,0.0,0.0,0.0,0.0,0.0,0.0,0.0,0.0,0.0,0.0,0.0,0.0,0.0,0.0,0.0,0.0,0.0,0.0,0.0,0.0,0.0,0.0,0.0,0.0,0.0,0.0,0.0,0.0,0.0,0.0,0.0
heating_cooling,test_utility_2,test_utility_1,multifamily_li,15,0.0,0.0,0.0,0.0,0.0,0.0,0.0,0.0,0.0,0.0,0.0,0.0,0.0,0.0,0.0,0.0,0.0,0.0,0.0,0.0,0.0,0.0,0.0,0.0,0.0,0.0,0.0,0.0,0.0,0.0,0.0
heating_cooling,test_utility_2,test_utility_1,multifamily_li,16,0.0,0.0,0.0,0.0,0.0,0.0,0.0,0.0,0.0,0.0,0.0,0.0,0.0,0.0,0.0,0.0,0.0,0.0,0.0,0.0,0.0,0.0,0.0,0.0,0.0,0.0,0.0,0.0,0.0,0.0,0.0
heating_cooling,test_utility_2,test_utility_1,multifamily_li,17,0.0,0.0,0.0,0.0,0.0,0.0,0.0,0.0,0.0,0.0,0.0,0.0,0.0,0.0,0.0,0.0,0.0,0.0,0.0,0.0,0.0,0.0,0.0,0.0,0.0,0.0,0.0,0.0,0.0,0.0,0.0
heating_cooling,test_utility_2,test_utility_1,multifamily_li,18,0.0,0.0,0.0,0.0,0.0,0.0,0.0,0.0,0.0,0.0,0.0,0.0,0.0,0.0,0.0,0.0,0.0,0.0,0.0,0.0,0.0,0.0,0.0,0.0,0.0,0.0,0.0,0.0,0.0,0.0,0.0
heating_cooling,test_utility_2,test_utility_1,multifamily_li,19,0.0,0.0,0.0,0.0,0.0,0.0,0.0,0.0,0.0,0.0,0.0,0.0,0.0,0.0,0.0,0.0,0.0,0.0,0.0,0.0,0.0,0.0,0.0,0.0,0.0,0.0,0.0,0.0,0.0,0.0,0.0
heating_cooling,test_utility_2,test_utility_1,single_family_li,0,0.0,0.0,0.0,0.0,0.0,0.0,0.0,0.0,0.0,0.0,0.0,0.0,0.0,0.0,0.0,0.0,0.0,0.0,0.0,0.0,0.0,0.0,0.0,0.0,0.0,0.0,0.0,0.0,0.0,0.0,0.0
heating_cooling,test_utility_2,test_utility_1,single_family_li,1,0.0,0.0,0.0,0.0,0.0,0.0,0.0,0.0,0.0,0.0,0.0,0.0,0.0,0.0,0.0,0.0,0.0,0.0,0.0,0.0,0.0,0.0,0.0,0.0,0.0,0.0,0.0,0.0,0.0,0.0,0.0
heating_cooling,test_utility_2,test_utility_1,single_family_li,2,0.0,0.0,0.0,0.0,0.0,0.0,0.0,0.0,0.0,0.0,0.0,0.0,0.0,0.0,0.0,0.0,0.0,0.0,0.0,0.0,0.0,0.0,0.0,0.0,0.0,0.0,0.0,0.0,0.0,0.0,0.0
heating_cooling,test_utility_2,test_utility_1,single_family_li,3,0.0,0.0,0.0,0.0,0.0,0.0,0.0,0.0,0.0,0.0,0.0,0.0,0.0,0.0,0.0,0.0,0.0,0.0,0.0,0.0,0.0,0.0,0.0,0.0,0.0,0.0,0.0,0.0,0.0,0.0,0.0
heating_cooling,test_utility_2,test_utility_1,single_family_li,4,0.0,0.0,0.0,0.0,0.0,0.0,0.0,0.0,0.0,0.0,0.0,0.0,0.0,0.0,0.0,0.0,0.0,0.0,0.0,0.0,0.0,0.0,0.0,0.0,0.0,0.0,0.0,0.0,0.0,0.0,0.0
heating_cooling,test_utility_2,test_utility_1,single_family_li,5,0.0,0.0,0.0,0.0,0.0,0.0,0.0,0.0,0.0,0.0,0.0,0.0,0.0,0.0,0.0,0.0,0.0,0.0,0.0,0.0,0.0,0.0,0.0,0.0,0.0,0.0,0.0,0.0,0.0,0.0,0.0
heating_cooling,test_utility_2,test_utility_1,single_family_li,6,0.0,0.0,0.0,0.0,0.0,0.0,0.0,0.0,0.0,0.0,0.0,0.0,0.0,0.0,0.0,0.0,0.0,0.0,0.0,0.0,0.0,0.0,0.0,0.0,0.0,0.0,0.0,0.0,0.0,0.0,0.0
heating_cooling,test_utility_2,test_utility_1,single_family_li,7,0.0,0.0,0.0,0.0,0.0,0.0,0.0,0.0,0.0,0.0,0.0,0.0,0.0,0.0,0.0,0.0,0.0,0.0,0.0,0.0,0.0,0.0,0.0,0.0,0.0,0.0,0.0,0.0,0.0,0.0,0.0
heating_cooling,test_utility_2,test_utility_1,single_family_li,8,0.0,0.0,0.0,0.0,0.0,0.0,0.0,0.0,0.0,0.0,0.0,0.0,0.0,0.0,0.0,0.0,0.0,0.0,0.0,0.0,0.0,0.0,0.0,0.0,0.0,0.0,0.0,0.0,0.0,0.0,0.0
heating_cooling,test_utility_2,test_utility_1,single_family_li,9,0.0,0.0,0.0,0.0,0.0,0.0,0.0,0.0,0.0,0.0,0.0,0.0,0.0,0.0,0.0,0.0,0.0,0.0,0.0,0.0,0.0,0.0,0.0,0.0,0.0,0.0,0.0,0.0,0.0,0.0,0.0
heating_cooling,test_utility_2,test_utility_1,single_family_li,10,0.0,0.0,0.0,0.0,0.0,0.0,0.0,0.0,0.0,0.0,0.0,0.0,0.0,0.0,0.0,0.0,0.0,0.0,0.0,0.0,0.0,0.0,0.0,0.0,0.0,0.0,0.0,0.0,0.0,0.0,0.0
heating_cooling,test_utility_2,test_utility_1,single_family_li,11,0.0,0.0,0.0,0.0,0.0,0.0,0.0,0.0,0.0,0.0,0.0,0.0,0.0,0.0,0.0,0.0,0.0,0.0,0.0,0.0,0.0,0.0,0.0,0.0,0.0,0.0,0.0,0.0,0.0,0.0,0.0
heating_cooling,test_utility_2,test_utility_1,single_family_li,12,0.0,0.0,0.0,0.0,0.0,0.0,0.0,0.0,0.0,0.0,0.0,0.0,0.0,0.0,0.0,0.0,0.0,0.0,0.0,0.0,0.0,0.0,0.0,0.0,0.0,0.0,0.0,0.0,0.0,0.0,0.0
heating_cooling,test_utility_2,test_utility_1,single_family_li,13,0.0,0.0,0.0,0.0,0.0,0.0,0.0,0.0,0.0,0.0,0.0,0.0,0.0,0.0,0.0,0.0,0.0,0.0,0.0,0.0,0.0,0.0,0.0,0.0,0.0,0.0,0.0,0.0,0.0,0.0,0.0
heating_cooling,test_utility_2,test_utility_1,single_family_li,14,0.0,0.0,0.0,0.0,0.0,0.0,0.0,0.0,0.0,0.0,0.0,0.0,0.0,0.0,0.0,0.0,0.0,0.0,0.0,0.0,0.0,0.0,0.0,0.0,0.0,0.0,0.0,0.0,0.0,0.0,0.0
heating_cooling,test_utility_2,test_utility_1,single_family_li,15,0.0,0.0,0.0,0.0,0.0,0.0,0.0,0.0,0.0,0.0,0.0,0.0,0.0,0.0,0.0,0.0,0.0,0.0,0.0,0.0,0.0,0.0,0.0,0.0,0.0,0.0,0.0,0.0,0.0,0.0,0.0
heating_cooling,test_utility_2,test_utility_1,single_family_li,16,0.0,0.0,0.0,0.0,0.0,0.0,0.0,0.0,0.0,0.0,0.0,0.0,0.0,0.0,0.0,0.0,0.0,0.0,0.0,0.0,0.0,0.0,0.0,0.0,0.0,0.0,0.0,0.0,0.0,0.0,0.0
heating_cooling,test_utility_2,test_utility_1,single_family_li,17,0.0,0.0,0.0,0.0,0.0,0.0,0.0,0.0,0.0,0.0,0.0,0.0,0.0,0.0,0.0,0.0,0.0,0.0,0.0,0.0,0.0,0.0,0.0,0.0,0.0,0.0,0.0,0.0,0.0,0.0,0.0
heating_cooling,test_utility_2,test_utility_1,single_family_li,18,0.0,0.0,0.0,0.0,0.0,0.0,0.0,0.0,0.0,0.0,0.0,0.0,0.0,0.0,0.0,0.0,0.0,0.0,0.0,0.0,0.0,0.0,0.0,0.0,0.0,0.0,0.0,0.0,0.0,0.0,0.0
heating_cooling,test_utility_2,test_utility_1,single_family_li,19,0.0,0.0,0.0,0.0,0.0,0.0,0.0,0.0,0.0,0.0,0.0,0.0,0.0,0.0,0.0,0.0,0.0,0.0,0.0,0.0,0.0,0.0,0.0,0.0,0.0,0.0,0.0,0.0,0.0,0.0,0.0
heating_cooling,test_utility_2,none,multifamily,0,0.0,0.0,0.0,0.0,0.0,0.0,0.0,0.0,0.0,0.0,0.0,0.0,0.0,0.0,0.0,0.0,0.0,0.0,0.0,0.0,0.0,0.0,0.0,0.0,0.0,0.0,0.0,0.0,0.0,0.0,0.0
heating_cooling,test_utility_2,none,multifamily,1,0.0,0.0,0.0,0.0,0.0,0.0,0.0,0.0,0.0,0.0,0.0,0.0,0.0,0.0,0.0,0.0,0.0,0.0,0.0,0.0,0.0,0.0,0.0,0.0,0.0,0.0,0.0,0.0,0.0,0.0,0.0
heating_cooling,test_utility_2,none,multifamily,2,0.0,0.0,0.0,0.0,0.0,0.0,0.0,0.0,0.0,0.0,0.0,0.0,0.0,0.0,0.0,0.0,0.0,0.0,0.0,0.0,0.0,0.0,0.0,0.0,0.0,0.0,0.0,0.0,0.0,0.0,0.0
heating_cooling,test_utility_2,none,multifamily,3,0.0,0.0,0.0,0.0,0.0,0.0,0.0,0.0,0.0,0.0,0.0,0.0,0.0,0.0,0.0,0.0,0.0,0.0,0.0,0.0,0.0,0.0,0.0,0.0,0.0,0.0,0.0,0.0,0.0,0.0,0.0
heating_cooling,test_utility_2,none,multifamily,4,0.0,0.0,0.0,0.0,0.0,0.0,0.0,0.0,0.0,0.0,0.0,0.0,0.0,0.0,0.0,0.0,0.0,0.0,0.0,0.0,0.0,0.0,0.0,0.0,0.0,0.0,0.0,0.0,0.0,0.0,0.0
heating_cooling,test_utility_2,none,multifamily,5,0.0,0.0,0.0,0.0,0.0,0.0,0.0,0.0,0.0,0.0,0.0,0.0,0.0,0.0,0.0,0.0,0.0,0.0,0.0,0.0,0.0,0.0,0.0,0.0,0.0,0.0,0.0,0.0,0.0,0.0,0.0
heating_cooling,test_utility_2,none,multifamily,6,0.0,0.0,0.0,0.0,0.0,0.0,0.0,0.0,0.0,0.0,0.0,0.0,0.0,0.0,0.0,0.0,0.0,0.0,0.0,0.0,0.0,0.0,0.0,0.0,0.0,0.0,0.0,0.0,0.0,0.0,0.0
heating_cooling,test_utility_2,none,multifamily,7,0.0,0.0,0.0,0.0,0.0,0.0,0.0,0.0,0.0,0.0,0.0,0.0,0.0,0.0,0.0,0.0,0.0,0.0,0.0,0.0,0.0,0.0,0.0,0.0,0.0,0.0,0.0,0.0,0.0,0.0,0.0
heating_cooling,test_utility_2,none,multifamily,8,0.0,0.0,0.0,0.0,0.0,0.0,0.0,0.0,0.0,0.0,0.0,0.0,0.0,0.0,0.0,0.0,0.0,0.0,0.0,0.0,0.0,0.0,0.0,0.0,0.0,0.0,0.0,0.0,0.0,0.0,0.0
heating_cooling,test_utility_2,none,multifamily,9,0.0,0.0,0.0,0.0,0.0,0.0,0.0,0.0,0.0,0.0,0.0,0.0,0.0,0.0,0.0,0.0,0.0,0.0,0.0,0.0,0.0,0.0,0.0,0.0,0.0,0.0,0.0,0.0,0.0,0.0,0.0
heating_cooling,test_utility_2,none,multifamily,10,0.0,0.0,0.0,0.0,0.0,0.0,0.0,0.0,0.0,0.0,0.0,0.0,0.0,0.0,0.0,0.0,0.0,0.0,0.0,0.0,0.0,0.0,0.0,0.0,0.0,0.0,0.0,0.0,0.0,0.0,0.0
heating_cooling,test_utility_2,none,multifamily,11,0.0,0.0,0.0,0.0,0.0,0.0,0.0,0.0,0.0,0.0,0.0,0.0,0.0,0.0,0.0,0.0,0.0,0.0,0.0,0.0,0.0,0.0,0.0,0.0,0.0,0.0,0.0,0.0,0.0,0.0,0.0
heating_cooling,test_utility_2,none,multifamily,12,0.0,0.0,0.0,0.0,0.0,0.0,0.0,0.0,0.0,0.0,0.0,0.0,0.0,0.0,0.0,0.0,0.0,0.0,0.0,0.0,0.0,0.0,0.0,0.0,0.0,0.0,0.0,0.0,0.0,0.0,0.0
heating_cooling,test_utility_2,none,multifamily,13,0.0,0.0,0.0,0.0,0.0,0.0,0.0,0.0,0.0,0.0,0.0,0.0,0.0,0.0,0.0,0.0,0.0,0.0,0.0,0.0,0.0,0.0,0.0,0.0,0.0,0.0,0.0,0.0,0.0,0.0,0.0
heating_cooling,test_utility_2,none,multifamily,14,0.0,0.0,0.0,0.0,0.0,0.0,0.0,0.0,0.0,0.0,0.0,0.0,0.0,0.0,0.0,0.0,0.0,0.0,0.0,0.0,0.0,0.0,0.0,0.0,0.0,0.0,0.0,0.0,0.0,0.0,0.0
heating_cooling,test_utility_2,none,multifamily,15,0.0,0.0,0.0,0.0,0.0,0.0,0.0,0.0,0.0,0.0,0.0,0.0,0.0,0.0,0.0,0.0,0.0,0.0,0.0,0.0,0.0,0.0,0.0,0.0,0.0,0.0,0.0,0.0,0.0,0.0,0.0
heating_cooling,test_utility_2,none,multifamily,16,0.0,0.0,0.0,0.0,0.0,0.0,0.0,0.0,0.0,0.0,0.0,0.0,0.0,0.0,0.0,0.0,0.0,0.0,0.0,0.0,0.0,0.0,0.0,0.0,0.0,0.0,0.0,0.0,0.0,0.0,0.0
heating_cooling,test_utility_2,none,multifamily,17,0.0,0.0,0.0,0.0,0.0,0.0,0.0,0.0,0.0,0.0,0.0,0.0,0.0,0.0,0.0,0.0,0.0,0.0,0.0,0.0,0.0,0.0,0.0,0.0,0.0,0.0,0.0,0.0,0.0,0.0,0.0
heating_cooling,test_utility_2,none,multifamily,18,0.0,0.0,0.0,0.0,0.0,0.0,0.0,0.0,0.0,0.0,0.0,0.0,0.0,0.0,0.0,0.0,0.0,0.0,0.0,0.0,0.0,0.0,0.0,0.0,0.0,0.0,0.0,0.0,0.0,0.0,0.0
heating_cooling,test_utility_2,none,multifamily,19,0.0,0.0,0.0,0.0,0.0,0.0,0.0,0.0,0.0,0.0,0.0,0.0,0.0,0.0,0.0,0.0,0.0,0.0,0.0,0.0,0.0,0.0,0.0,0.0,0.0,0.0,0.0,0.0,0.0,0.0,0.0
heating_cooling,test_utility_2,none,single_family,0,0.0,0.0,0.0,0.0,0.0,0.0,0.0,0.0,0.0,0.0,0.0,0.0,0.0,0.0,0.0,0.0,0.0,0.0,0.0,0.0,0.0,0.0,0.0,0.0,0.0,0.0,0.0,0.0,0.0,0.0,0.0
heating_cooling,test_utility_2,none,single_family,1,0.0,0.0,0.0,0.0,0.0,0.0,0.0,0.0,0.0,0.0,0.0,0.0,0.0,0.0,0.0,0.0,0.0,0.0,0.0,0.0,0.0,0.0,0.0,0.0,0.0,0.0,0.0,0.0,0.0,0.0,0.0
heating_cooling,test_utility_2,none,single_family,2,0.0,0.0,0.0,0.0,0.0,0.0,0.0,0.0,0.0,0.0,0.0,0.0,0.0,0.0,0.0,0.0,0.0,0.0,0.0,0.0,0.0,0.0,0.0,0.0,0.0,0.0,0.0,0.0,0.0,0.0,0.0
heating_cooling,test_utility_2,none,single_family,3,0.0,0.0,0.0,0.0,0.0,0.0,0.0,0.0,0.0,0.0,0.0,0.0,0.0,0.0,0.0,0.0,0.0,0.0,0.0,0.0,0.0,0.0,0.0,0.0,0.0,0.0,0.0,0.0,0.0,0.0,0.0
heating_cooling,test_utility_2,none,single_family,4,0.0,0.0,0.0,0.0,0.0,0.0,0.0,0.0,0.0,0.0,0.0,0.0,0.0,0.0,0.0,0.0,0.0,0.0,0.0,0.0,0.0,0.0,0.0,0.0,0.0,0.0,0.0,0.0,0.0,0.0,0.0
heating_cooling,test_utility_2,none,single_family,5,0.0,0.0,0.0,0.0,0.0,0.0,0.0,0.0,0.0,0.0,0.0,0.0,0.0,0.0,0.0,0.0,0.0,0.0,0.0,0.0,0.0,0.0,0.0,0.0,0.0,0.0,0.0,0.0,0.0,0.0,0.0
heating_cooling,test_utility_2,none,single_family,6,0.0,0.0,0.0,0.0,0.0,0.0,0.0,0.0,0.0,0.0,0.0,0.0,0.0,0.0,0.0,0.0,0.0,0.0,0.0,0.0,0.0,0.0,0.0,0.0,0.0,0.0,0.0,0.0,0.0,0.0,0.0
heating_cooling,test_utility_2,none,single_family,7,0.0,0.0,0.0,0.0,0.0,0.0,0.0,0.0,0.0,0.0,0.0,0.0,0.0,0.0,0.0,0.0,0.0,0.0,0.0,0.0,0.0,0.0,0.0,0.0,0.0,0.0,0.0,0.0,0.0,0.0,0.0
heating_cooling,test_utility_2,none,single_family,8,0.0,0.0,0.0,0.0,0.0,0.0,0.0,0.0,0.0,0.0,0.0,0.0,0.0,0.0,0.0,0.0,0.0,0.0,0.0,0.0,0.0,0.0,0.0,0.0,0.0,0.0,0.0,0.0,0.0,0.0,0.0
heating_cooling,test_utility_2,none,single_family,9,0.0,0.0,0.0,0.0,0.0,0.0,0.0,0.0,0.0,0.0,0.0,0.0,0.0,0.0,0.0,0.0,0.0,0.0,0.0,0.0,0.0,0.0,0.0,0.0,0.0,0.0,0.0,0.0,0.0,0.0,0.0
heating_cooling,test_utility_2,none,single_family,10,0.0,0.0,0.0,0.0,0.0,0.0,0.0,0.0,0.0,0.0,0.0,0.0,0.0,0.0,0.0,0.0,0.0,0.0,0.0,0.0,0.0,0.0,0.0,0.0,0.0,0.0,0.0,0.0,0.0,0.0,0.0
heating_cooling,test_utility_2,none,single_family,11,0.0,0.0,0.0,0.0,0.0,0.0,0.0,0.0,0.0,0.0,0.0,0.0,0.0,0.0,0.0,0.0,0.0,0.0,0.0,0.0,0.0,0.0,0.0,0.0,0.0,0.0,0.0,0.0,0.0,0.0,0.0
heating_cooling,test_utility_2,none,single_family,12,0.0,0.0,0.0,0.0,0.0,0.0,0.0,0.0,0.0,0.0,0.0,0.0,0.0,0.0,0.0,0.0,0.0,0.0,0.0,0.0,0.0,0.0,0.0,0.0,0.0,0.0,0.0,0.0,0.0,0.0,0.0
heating_cooling,test_utility_2,none,single_family,13,0.0,0.0,0.0,0.0,0.0,0.0,0.0,0.0,0.0,0.0,0.0,0.0,0.0,0.0,0.0,0.0,0.0,0.0,0.0,0.0,0.0,0.0,0.0,0.0,0.0,0.0,0.0,0.0,0.0,0.0,0.0
heating_cooling,test_utility_2,none,single_family,14,0.0,0.0,0.0,0.0,0.0,0.0,0.0,0.0,0.0,0.0,0.0,0.0,0.0,0.0,0.0,0.0,0.0,0.0,0.0,0.0,0.0,0.0,0.0,0.0,0.0,0.0,0.0,0.0,0.0,0.0,0.0
heating_cooling,test_utility_2,none,single_family,15,0.0,0.0,0.0,0.0,0.0,0.0,0.0,0.0,0.0,0.0,0.0,0.0,0.0,0.0,0.0,0.0,0.0,0.0,0.0,0.0,0.0,0.0,0.0,0.0,0.0,0.0,0.0,0.0,0.0,0.0,0.0
heating_cooling,test_utility_2,none,single_family,16,0.0,0.0,0.0,0.0,0.0,0.0,0.0,0.0,0.0,0.0,0.0,0.0,0.0,0.0,0.0,0.0,0.0,0.0,0.0,0.0,0.0,0.0,0.0,0.0,0.0,0.0,0.0,0.0,0.0,0.0,0.0
heating_cooling,test_utility_2,none,single_family,17,0.0,0.0,0.0,0.0,0.0,0.0,0.0,0.0,0.0,0.0,0.0,0.0,0.0,0.0,0.0,0.0,0.0,0.0,0.0,0.0,0.0,0.0,0.0,0.0,0.0,0.0,0.0,0.0,0.0,0.0,0.0
heating_cooling,test_utility_2,none,single_family,18,0.0,0.0,0.0,0.0,0.0,0.0,0.0,0.0,0.0,0.0,0.0,0.0,0.0,0.0,0.0,0.0,0.0,0.0,0.0,0.0,0.0,0.0,0.0,0.0,0.0,0.0,0.0,0.0,0.0,0.0,0.0
heating_cooling,test_utility_2,none,single_family,19,0.0,0.0,0.0,0.0,0.0,0.0,0.0,0.0,0.0,0.0,0.0,0.0,0.0,0.0,0.0,0.0,0.0,0.0,0.0,0.0,0.0,0.0,0.0,0.0,0.0,0.0,0.0,0.0,0.0,0.0,0.0
heating_cooling,test_utility_2,none,multifamily_li,0,0.0,0.0,0.0,0.0,0.0,0.0,0.0,0.0,0.0,0.0,0.0,0.0,0.0,0.0,0.0,0.0,0.0,0.0,0.0,0.0,0.0,0.0,0.0,0.0,0.0,0.0,0.0,0.0,0.0,0.0,0.0
heating_cooling,test_utility_2,none,multifamily_li,1,0.0,0.0,0.0,0.0,0.0,0.0,0.0,0.0,0.0,0.0,0.0,0.0,0.0,0.0,0.0,0.0,0.0,0.0,0.0,0.0,0.0,0.0,0.0,0.0,0.0,0.0,0.0,0.0,0.0,0.0,0.0
heating_cooling,test_utility_2,none,multifamily_li,2,0.0,0.0,0.0,0.0,0.0,0.0,0.0,0.0,0.0,0.0,0.0,0.0,0.0,0.0,0.0,0.0,0.0,0.0,0.0,0.0,0.0,0.0,0.0,0.0,0.0,0.0,0.0,0.0,0.0,0.0,0.0
heating_cooling,test_utility_2,none,multifamily_li,3,0.0,0.0,0.0,0.0,0.0,0.0,0.0,0.0,0.0,0.0,0.0,0.0,0.0,0.0,0.0,0.0,0.0,0.0,0.0,0.0,0.0,0.0,0.0,0.0,0.0,0.0,0.0,0.0,0.0,0.0,0.0
heating_cooling,test_utility_2,none,multifamily_li,4,0.0,0.0,0.0,0.0,0.0,0.0,0.0,0.0,0.0,0.0,0.0,0.0,0.0,0.0,0.0,0.0,0.0,0.0,0.0,0.0,0.0,0.0,0.0,0.0,0.0,0.0,0.0,0.0,0.0,0.0,0.0
heating_cooling,test_utility_2,none,multifamily_li,5,0.0,0.0,0.0,0.0,0.0,0.0,0.0,0.0,0.0,0.0,0.0,0.0,0.0,0.0,0.0,0.0,0.0,0.0,0.0,0.0,0.0,0.0,0.0,0.0,0.0,0.0,0.0,0.0,0.0,0.0,0.0
heating_cooling,test_utility_2,none,multifamily_li,6,0.0,0.0,0.0,0.0,0.0,0.0,0.0,0.0,0.0,0.0,0.0,0.0,0.0,0.0,0.0,0.0,0.0,0.0,0.0,0.0,0.0,0.0,0.0,0.0,0.0,0.0,0.0,0.0,0.0,0.0,0.0
heating_cooling,test_utility_2,none,multifamily_li,7,0.0,0.0,0.0,0.0,0.0,0.0,0.0,0.0,0.0,0.0,0.0,0.0,0.0,0.0,0.0,0.0,0.0,0.0,0.0,0.0,0.0,0.0,0.0,0.0,0.0,0.0,0.0,0.0,0.0,0.0,0.0
heating_cooling,test_utility_2,none,multifamily_li,8,0.0,0.0,0.0,0.0,0.0,0.0,0.0,0.0,0.0,0.0,0.0,0.0,0.0,0.0,0.0,0.0,0.0,0.0,0.0,0.0,0.0,0.0,0.0,0.0,0.0,0.0,0.0,0.0,0.0,0.0,0.0
heating_cooling,test_utility_2,none,multifamily_li,9,0.0,0.0,0.0,0.0,0.0,0.0,0.0,0.0,0.0,0.0,0.0,0.0,0.0,0.0,0.0,0.0,0.0,0.0,0.0,0.0,0.0,0.0,0.0,0.0,0.0,0.0,0.0,0.0,0.0,0.0,0.0
heating_cooling,test_utility_2,none,multifamily_li,10,0.0,0.0,0.0,0.0,0.0,0.0,0.0,0.0,0.0,0.0,0.0,0.0,0.0,0.0,0.0,0.0,0.0,0.0,0.0,0.0,0.0,0.0,0.0,0.0,0.0,0.0,0.0,0.0,0.0,0.0,0.0
heating_cooling,test_utility_2,none,multifamily_li,11,0.0,0.0,0.0,0.0,0.0,0.0,0.0,0.0,0.0,0.0,0.0,0.0,0.0,0.0,0.0,0.0,0.0,0.0,0.0,0.0,0.0,0.0,0.0,0.0,0.0,0.0,0.0,0.0,0.0,0.0,0.0
heating_cooling,test_utility_2,none,multifamily_li,12,0.0,0.0,0.0,0.0,0.0,0.0,0.0,0.0,0.0,0.0,0.0,0.0,0.0,0.0,0.0,0.0,0.0,0.0,0.0,0.0,0.0,0.0,0.0,0.0,0.0,0.0,0.0,0.0,0.0,0.0,0.0
heating_cooling,test_utility_2,none,multifamily_li,13,0.0,0.0,0.0,0.0,0.0,0.0,0.0,0.0,0.0,0.0,0.0,0.0,0.0,0.0,0.0,0.0,0.0,0.0,0.0,0.0,0.0,0.0,0.0,0.0,0.0,0.0,0.0,0.0,0.0,0.0,0.0
heating_cooling,test_utility_2,none,multifamily_li,14,0.0,0.0,0.0,0.0,0.0,0.0,0.0,0.0,0.0,0.0,0.0,0.0,0.0,0.0,0.0,0.0,0.0,0.0,0.0,0.0,0.0,0.0,0.0,0.0,0.0,0.0,0.0,0.0,0.0,0.0,0.0
heating_cooling,test_utility_2,none,multifamily_li,15,0.0,0.0,0.0,0.0,0.0,0.0,0.0,0.0,0.0,0.0,0.0,0.0,0.0,0.0,0.0,0.0,0.0,0.0,0.0,0.0,0.0,0.0,0.0,0.0,0.0,0.0,0.0,0.0,0.0,0.0,0.0
heating_cooling,test_utility_2,none,multifamily_li,16,0.0,0.0,0.0,0.0,0.0,0.0,0.0,0.0,0.0,0.0,0.0,0.0,0.0,0.0,0.0,0.0,0.0,0.0,0.0,0.0,0.0,0.0,0.0,0.0,0.0,0.0,0.0,0.0,0.0,0.0,0.0
heating_cooling,test_utility_2,none,multifamily_li,17,0.0,0.0,0.0,0.0,0.0,0.0,0.0,0.0,0.0,0.0,0.0,0.0,0.0,0.0,0.0,0.0,0.0,0.0,0.0,0.0,0.0,0.0,0.0,0.0,0.0,0.0,0.0,0.0,0.0,0.0,0.0
heating_cooling,test_utility_2,none,multifamily_li,18,0.0,0.0,0.0,0.0,0.0,0.0,0.0,0.0,0.0,0.0,0.0,0.0,0.0,0.0,0.0,0.0,0.0,0.0,0.0,0.0,0.0,0.0,0.0,0.0,0.0,0.0,0.0,0.0,0.0,0.0,0.0
heating_cooling,test_utility_2,none,multifamily_li,19,0.0,0.0,0.0,0.0,0.0,0.0,0.0,0.0,0.0,0.0,0.0,0.0,0.0,0.0,0.0,0.0,0.0,0.0,0.0,0.0,0.0,0.0,0.0,0.0,0.0,0.0,0.0,0.0,0.0,0.0,0.0
heating_cooling,test_utility_2,none,single_family_li,0,0.0,0.0,0.0,0.0,0.0,0.0,0.0,0.0,0.0,0.0,0.0,0.0,0.0,0.0,0.0,0.0,0.0,0.0,0.0,0.0,0.0,0.0,0.0,0.0,0.0,0.0,0.0,0.0,0.0,0.0,0.0
heating_cooling,test_utility_2,none,single_family_li,1,0.0,0.0,0.0,0.0,0.0,0.0,0.0,0.0,0.0,0.0,0.0,0.0,0.0,0.0,0.0,0.0,0.0,0.0,0.0,0.0,0.0,0.0,0.0,0.0,0.0,0.0,0.0,0.0,0.0,0.0,0.0
heating_cooling,test_utility_2,none,single_family_li,2,0.0,0.0,0.0,0.0,0.0,0.0,0.0,0.0,0.0,0.0,0.0,0.0,0.0,0.0,0.0,0.0,0.0,0.0,0.0,0.0,0.0,0.0,0.0,0.0,0.0,0.0,0.0,0.0,0.0,0.0,0.0
heating_cooling,test_utility_2,none,single_family_li,3,0.0,0.0,0.0,0.0,0.0,0.0,0.0,0.0,0.0,0.0,0.0,0.0,0.0,0.0,0.0,0.0,0.0,0.0,0.0,0.0,0.0,0.0,0.0,0.0,0.0,0.0,0.0,0.0,0.0,0.0,0.0
heating_cooling,test_utility_2,none,single_family_li,4,0.0,0.0,0.0,0.0,0.0,0.0,0.0,0.0,0.0,0.0,0.0,0.0,0.0,0.0,0.0,0.0,0.0,0.0,0.0,0.0,0.0,0.0,0.0,0.0,0.0,0.0,0.0,0.0,0.0,0.0,0.0
heating_cooling,test_utility_2,none,single_family_li,5,0.0,0.0,0.0,0.0,0.0,0.0,0.0,0.0,0.0,0.0,0.0,0.0,0.0,0.0,0.0,0.0,0.0,0.0,0.0,0.0,0.0,0.0,0.0,0.0,0.0,0.0,0.0,0.0,0.0,0.0,0.0
heating_cooling,test_utility_2,none,single_family_li,6,0.0,0.0,0.0,0.0,0.0,0.0,0.0,0.0,0.0,0.0,0.0,0.0,0.0,0.0,0.0,0.0,0.0,0.0,0.0,0.0,0.0,0.0,0.0,0.0,0.0,0.0,0.0,0.0,0.0,0.0,0.0
heating_cooling,test_utility_2,none,single_family_li,7,0.0,0.0,0.0,0.0,0.0,0.0,0.0,0.0,0.0,0.0,0.0,0.0,0.0,0.0,0.0,0.0,0.0,0.0,0.0,0.0,0.0,0.0,0.0,0.0,0.0,0.0,0.0,0.0,0.0,0.0,0.0
heating_cooling,test_utility_2,none,single_family_li,8,0.0,0.0,0.0,0.0,0.0,0.0,0.0,0.0,0.0,0.0,0.0,0.0,0.0,0.0,0.0,0.0,0.0,0.0,0.0,0.0,0.0,0.0,0.0,0.0,0.0,0.0,0.0,0.0,0.0,0.0,0.0
heating_cooling,test_utility_2,none,single_family_li,9,0.0,0.0,0.0,0.0,0.0,0.0,0.0,0.0,0.0,0.0,0.0,0.0,0.0,0.0,0.0,0.0,0.0,0.0,0.0,0.0,0.0,0.0,0.0,0.0,0.0,0.0,0.0,0.0,0.0,0.0,0.0
heating_cooling,test_utility_2,none,single_family_li,10,0.0,0.0,0.0,0.0,0.0,0.0,0.0,0.0,0.0,0.0,0.0,0.0,0.0,0.0,0.0,0.0,0.0,0.0,0.0,0.0,0.0,0.0,0.0,0.0,0.0,0.0,0.0,0.0,0.0,0.0,0.0
heating_cooling,test_utility_2,none,single_family_li,11,0.0,0.0,0.0,0.0,0.0,0.0,0.0,0.0,0.0,0.0,0.0,0.0,0.0,0.0,0.0,0.0,0.0,0.0,0.0,0.0,0.0,0.0,0.0,0.0,0.0,0.0,0.0,0.0,0.0,0.0,0.0
heating_cooling,test_utility_2,none,single_family_li,12,0.0,0.0,0.0,0.0,0.0,0.0,0.0,0.0,0.0,0.0,0.0,0.0,0.0,0.0,0.0,0.0,0.0,0.0,0.0,0.0,0.0,0.0,0.0,0.0,0.0,0.0,0.0,0.0,0.0,0.0,0.0
heating_cooling,test_utility_2,none,single_family_li,13,0.0,0.0,0.0,0.0,0.0,0.0,0.0,0.0,0.0,0.0,0.0,0.0,0.0,0.0,0.0,0.0,0.0,0.0,0.0,0.0,0.0,0.0,0.0,0.0,0.0,0.0,0.0,0.0,0.0,0.0,0.0
heating_cooling,test_utility_2,none,single_family_li,14,0.0,0.0,0.0,0.0,0.0,0.0,0.0,0.0,0.0,0.0,0.0,0.0,0.0,0.0,0.0,0.0,0.0,0.0,0.0,0.0,0.0,0.0,0.0,0.0,0.0,0.0,0.0,0.0,0.0,0.0,0.0
heating_cooling,test_utility_2,none,single_family_li,15,0.0,0.0,0.0,0.0,0.0,0.0,0.0,0.0,0.0,0.0,0.0,0.0,0.0,0.0,0.0,0.0,0.0,0.0,0.0,0.0,0.0,0.0,0.0,0.0,0.0,0.0,0.0,0.0,0.0,0.0,0.0
heating_cooling,test_utility_2,none,single_family_li,16,0.0,0.0,0.0,0.0,0.0,0.0,0.0,0.0,0.0,0.0,0.0,0.0,0.0,0.0,0.0,0.0,0.0,0.0,0.0,0.0,0.0,0.0,0.0,0.0,0.0,0.0,0.0,0.0,0.0,0.0,0.0
heating_cooling,test_utility_2,none,single_family_li,17,0.0,0.0,0.0,0.0,0.0,0.0,0.0,0.0,0.0,0.0,0.0,0.0,0.0,0.0,0.0,0.0,0.0,0.0,0.0,0.0,0.0,0.0,0.0,0.0,0.0,0.0,0.0,0.0,0.0,0.0,0.0
heating_cooling,test_utility_2,none,single_family_li,18,0.0,0.0,0.0,0.0,0.0,0.0,0.0,0.0,0.0,0.0,0.0,0.0,0.0,0.0,0.0,0.0,0.0,0.0,0.0,0.0,0.0,0.0,0.0,0.0,0.0,0.0,0.0,0.0,0.0,0.0,0.0
heating_cooling,test_utility_2,none,single_family_li,19,0.0,0.0,0.0,0.0,0.0,0.0,0.0,0.0,0.0,0.0,0.0,0.0,0.0,0.0,0.0,0.0,0.0,0.0,0.0,0.0,0.0,0.0,0.0,0.0,0.0,0.0,0.0,0.0,0.0,0.0,0.0
heating_cooling,test_utility_2,test_utility_2,multifamily,0,0.0,0.0,0.0,0.0,0.0,0.0,0.0,0.0,0.0,0.0,0.0,0.0,0.0,0.0,0.0,0.0,0.0,0.0,0.0,0.0,0.0,0.0,0.0,0.0,0.0,0.0,0.0,0.0,0.0,0.0,0.0
heating_cooling,test_utility_2,test_utility_2,multifamily,1,0.0,0.0,0.0,0.0,0.0,0.0,0.0,0.0,0.0,0.0,0.0,0.0,0.0,0.0,0.0,0.0,0.0,0.0,0.0,0.0,0.0,0.0,0.0,0.0,0.0,0.0,0.0,0.0,0.0,0.0,0.0
heating_cooling,test_utility_2,test_utility_2,multifamily,2,0.0,0.0,0.0,0.0,0.0,0.0,0.0,0.0,0.0,0.0,0.0,0.0,0.0,0.0,0.0,0.0,0.0,0.0,0.0,0.0,0.0,0.0,0.0,0.0,0.0,0.0,0.0,0.0,0.0,0.0,0.0
heating_cooling,test_utility_2,test_utility_2,multifamily,3,0.0,0.0,0.0,0.0,0.0,0.0,0.0,0.0,0.0,0.0,0.0,0.0,0.0,0.0,0.0,0.0,0.0,0.0,0.0,0.0,0.0,0.0,0.0,0.0,0.0,0.0,0.0,0.0,0.0,0.0,0.0
heating_cooling,test_utility_2,test_utility_2,multifamily,4,0.0,0.0,0.0,0.0,0.0,0.0,0.0,0.0,0.0,0.0,0.0,0.0,0.0,0.0,0.0,0.0,0.0,0.0,0.0,0.0,0.0,0.0,0.0,0.0,0.0,0.0,0.0,0.0,0.0,0.0,0.0
heating_cooling,test_utility_2,test_utility_2,multifamily,5,0.0,0.0,0.0,0.0,0.0,0.0,0.0,0.0,0.0,0.0,0.0,0.0,0.0,0.0,0.0,0.0,0.0,0.0,0.0,0.0,0.0,0.0,0.0,0.0,0.0,0.0,0.0,0.0,0.0,0.0,0.0
heating_cooling,test_utility_2,test_utility_2,multifamily,6,0.0,0.0,0.0,0.0,0.0,0.0,0.0,0.0,0.0,0.0,0.0,0.0,0.0,0.0,0.0,0.0,0.0,0.0,0.0,0.0,0.0,0.0,0.0,0.0,0.0,0.0,0.0,0.0,0.0,0.0,0.0
heating_cooling,test_utility_2,test_utility_2,multifamily,7,0.0,0.0,0.0,0.0,0.0,0.0,0.0,0.0,0.0,0.0,0.0,0.0,0.0,0.0,0.0,0.0,0.0,0.0,0.0,0.0,0.0,0.0,0.0,0.0,0.0,0.0,0.0,0.0,0.0,0.0,0.0
heating_cooling,test_utility_2,test_utility_2,multifamily,8,0.0,0.0,0.0,0.0,0.0,0.0,0.0,0.0,0.0,0.0,0.0,0.0,0.0,0.0,0.0,0.0,0.0,0.0,0.0,0.0,0.0,0.0,0.0,0.0,0.0,0.0,0.0,0.0,0.0,0.0,0.0
heating_cooling,test_utility_2,test_utility_2,multifamily,9,0.0,0.0,0.0,0.0,0.0,0.0,0.0,0.0,0.0,0.0,0.0,0.0,0.0,0.0,0.0,0.0,0.0,0.0,0.0,0.0,0.0,0.0,0.0,0.0,0.0,0.0,0.0,0.0,0.0,0.0,0.0
heating_cooling,test_utility_2,test_utility_2,multifamily,10,0.0,0.0,0.0,0.0,0.0,0.0,0.0,0.0,0.0,0.0,0.0,0.0,0.0,0.0,0.0,0.0,0.0,0.0,0.0,0.0,0.0,0.0,0.0,0.0,0.0,0.0,0.0,0.0,0.0,0.0,0.0
heating_cooling,test_utility_2,test_utility_2,multifamily,11,0.0,0.0,0.0,0.0,0.0,0.0,0.0,0.0,0.0,0.0,0.0,0.0,0.0,0.0,0.0,0.0,0.0,0.0,0.0,0.0,0.0,0.0,0.0,0.0,0.0,0.0,0.0,0.0,0.0,0.0,0.0
heating_cooling,test_utility_2,test_utility_2,multifamily,12,0.0,0.0,0.0,0.0,0.0,0.0,0.0,0.0,0.0,0.0,0.0,0.0,0.0,0.0,0.0,0.0,0.0,0.0,0.0,0.0,0.0,0.0,0.0,0.0,0.0,0.0,0.0,0.0,0.0,0.0,0.0
heating_cooling,test_utility_2,test_utility_2,multifamily,13,0.0,0.0,0.0,0.0,0.0,0.0,0.0,0.0,0.0,0.0,0.0,0.0,0.0,0.0,0.0,0.0,0.0,0.0,0.0,0.0,0.0,0.0,0.0,0.0,0.0,0.0,0.0,0.0,0.0,0.0,0.0
heating_cooling,test_utility_2,test_utility_2,multifamily,14,0.0,0.0,0.0,0.0,0.0,0.0,0.0,0.0,0.0,0.0,0.0,0.0,0.0,0.0,0.0,0.0,0.0,0.0,0.0,0.0,0.0,0.0,0.0,0.0,0.0,0.0,0.0,0.0,0.0,0.0,0.0
heating_cooling,test_utility_2,test_utility_2,multifamily,15,0.0,0.0,0.0,0.0,0.0,0.0,0.0,0.0,0.0,0.0,0.0,0.0,0.0,0.0,0.0,0.0,0.0,0.0,0.0,0.0,0.0,0.0,0.0,0.0,0.0,0.0,0.0,0.0,0.0,0.0,0.0
heating_cooling,test_utility_2,test_utility_2,multifamily,16,0.0,0.0,0.0,0.0,0.0,0.0,0.0,0.0,0.0,0.0,0.0,0.0,0.0,0.0,0.0,0.0,0.0,0.0,0.0,0.0,0.0,0.0,0.0,0.0,0.0,0.0,0.0,0.0,0.0,0.0,0.0
heating_cooling,test_utility_2,test_utility_2,multifamily,17,0.0,0.0,0.0,0.0,0.0,0.0,0.0,0.0,0.0,0.0,0.0,0.0,0.0,0.0,0.0,0.0,0.0,0.0,0.0,0.0,0.0,0.0,0.0,0.0,0.0,0.0,0.0,0.0,0.0,0.0,0.0
heating_cooling,test_utility_2,test_utility_2,multifamily,18,0.0,0.0,0.0,0.0,0.0,0.0,0.0,0.0,0.0,0.0,0.0,0.0,0.0,0.0,0.0,0.0,0.0,0.0,0.0,0.0,0.0,0.0,0.0,0.0,0.0,0.0,0.0,0.0,0.0,0.0,0.0
heating_cooling,test_utility_2,test_utility_2,multifamily,19,0.0,0.0,0.0,0.0,0.0,0.0,0.0,0.0,0.0,0.0,0.0,0.0,0.0,0.0,0.0,0.0,0.0,0.0,0.0,0.0,0.0,0.0,0.0,0.0,0.0,0.0,0.0,0.0,0.0,0.0,0.0
heating_cooling,test_utility_2,test_utility_2,single_family,0,0.0,0.0,0.0,0.0,0.0,0.0,0.0,0.0,0.0,0.0,0.0,0.0,0.0,0.0,0.0,0.0,0.0,0.0,0.0,0.0,0.0,0.0,0.0,0.0,0.0,0.0,0.0,0.0,0.0,0.0,0.0
heating_cooling,test_utility_2,test_utility_2,single_family,1,0.0,0.0,0.0,0.0,0.0,0.0,0.0,0.0,0.0,0.0,0.0,0.0,0.0,0.0,0.0,0.0,0.0,0.0,0.0,0.0,0.0,0.0,0.0,0.0,0.0,0.0,0.0,0.0,0.0,0.0,0.0
heating_cooling,test_utility_2,test_utility_2,single_family,2,0.0,0.0,0.0,0.0,0.0,0.0,0.0,0.0,0.0,0.0,0.0,0.0,0.0,0.0,0.0,0.0,0.0,0.0,0.0,0.0,0.0,0.0,0.0,0.0,0.0,0.0,0.0,0.0,0.0,0.0,0.0
heating_cooling,test_utility_2,test_utility_2,single_family,3,0.0,0.0,0.0,0.0,0.0,0.0,0.0,0.0,0.0,0.0,0.0,0.0,0.0,0.0,0.0,0.0,0.0,0.0,0.0,0.0,0.0,0.0,0.0,0.0,0.0,0.0,0.0,0.0,0.0,0.0,0.0
heating_cooling,test_utility_2,test_utility_2,single_family,4,0.0,0.0,0.0,0.0,0.0,0.0,0.0,0.0,0.0,0.0,0.0,0.0,0.0,0.0,0.0,0.0,0.0,0.0,0.0,0.0,0.0,0.0,0.0,0.0,0.0,0.0,0.0,0.0,0.0,0.0,0.0
heating_cooling,test_utility_2,test_utility_2,single_family,5,0.0,0.0,0.0,0.0,0.0,0.0,0.0,0.0,0.0,0.0,0.0,0.0,0.0,0.0,0.0,0.0,0.0,0.0,0.0,0.0,0.0,0.0,0.0,0.0,0.0,0.0,0.0,0.0,0.0,0.0,0.0
heating_cooling,test_utility_2,test_utility_2,single_family,6,0.0,0.0,0.0,0.0,0.0,0.0,0.0,0.0,0.0,0.0,0.0,0.0,0.0,0.0,0.0,0.0,0.0,0.0,0.0,0.0,0.0,0.0,0.0,0.0,0.0,0.0,0.0,0.0,0.0,0.0,0.0
heating_cooling,test_utility_2,test_utility_2,single_family,7,0.0,0.0,0.0,0.0,0.0,0.0,0.0,0.0,0.0,0.0,0.0,0.0,0.0,0.0,0.0,0.0,0.0,0.0,0.0,0.0,0.0,0.0,0.0,0.0,0.0,0.0,0.0,0.0,0.0,0.0,0.0
heating_cooling,test_utility_2,test_utility_2,single_family,8,0.0,0.0,0.0,0.0,0.0,0.0,0.0,0.0,0.0,0.0,0.0,0.0,0.0,0.0,0.0,0.0,0.0,0.0,0.0,0.0,0.0,0.0,0.0,0.0,0.0,0.0,0.0,0.0,0.0,0.0,0.0
heating_cooling,test_utility_2,test_utility_2,single_family,9,0.0,0.0,0.0,0.0,0.0,0.0,0.0,0.0,0.0,0.0,0.0,0.0,0.0,0.0,0.0,0.0,0.0,0.0,0.0,0.0,0.0,0.0,0.0,0.0,0.0,0.0,0.0,0.0,0.0,0.0,0.0
heating_cooling,test_utility_2,test_utility_2,single_family,10,0.0,0.0,0.0,0.0,0.0,0.0,0.0,0.0,0.0,0.0,0.0,0.0,0.0,0.0,0.0,0.0,0.0,0.0,0.0,0.0,0.0,0.0,0.0,0.0,0.0,0.0,0.0,0.0,0.0,0.0,0.0
heating_cooling,test_utility_2,test_utility_2,single_family,11,0.0,0.0,0.0,0.0,0.0,0.0,0.0,0.0,0.0,0.0,0.0,0.0,0.0,0.0,0.0,0.0,0.0,0.0,0.0,0.0,0.0,0.0,0.0,0.0,0.0,0.0,0.0,0.0,0.0,0.0,0.0
heating_cooling,test_utility_2,test_utility_2,single_family,12,0.0,0.0,0.0,0.0,0.0,0.0,0.0,0.0,0.0,0.0,0.0,0.0,0.0,0.0,0.0,0.0,0.0,0.0,0.0,0.0,0.0,0.0,0.0,0.0,0.0,0.0,0.0,0.0,0.0,0.0,0.0
heating_cooling,test_utility_2,test_utility_2,single_family,13,0.0,0.0,0.0,0.0,0.0,0.0,0.0,0.0,0.0,0.0,0.0,0.0,0.0,0.0,0.0,0.0,0.0,0.0,0.0,0.0,0.0,0.0,0.0,0.0,0.0,0.0,0.0,0.0,0.0,0.0,0.0
heating_cooling,test_utility_2,test_utility_2,single_family,14,0.0,0.0,0.0,0.0,0.0,0.0,0.0,0.0,0.0,0.0,0.0,0.0,0.0,0.0,0.0,0.0,0.0,0.0,0.0,0.0,0.0,0.0,0.0,0.0,0.0,0.0,0.0,0.0,0.0,0.0,0.0
heating_cooling,test_utility_2,test_utility_2,single_family,15,0.0,0.0,0.0,0.0,0.0,0.0,0.0,0.0,0.0,0.0,0.0,0.0,0.0,0.0,0.0,0.0,0.0,0.0,0.0,0.0,0.0,0.0,0.0,0.0,0.0,0.0,0.0,0.0,0.0,0.0,0.0
heating_cooling,test_utility_2,test_utility_2,single_family,16,0.0,0.0,0.0,0.0,0.0,0.0,0.0,0.0,0.0,0.0,0.0,0.0,0.0,0.0,0.0,0.0,0.0,0.0,0.0,0.0,0.0,0.0,0.0,0.0,0.0,0.0,0.0,0.0,0.0,0.0,0.0
heating_cooling,test_utility_2,test_utility_2,single_family,17,0.0,0.0,0.0,0.0,0.0,0.0,0.0,0.0,0.0,0.0,0.0,0.0,0.0,0.0,0.0,0.0,0.0,0.0,0.0,0.0,0.0,0.0,0.0,0.0,0.0,0.0,0.0,0.0,0.0,0.0,0.0
heating_cooling,test_utility_2,test_utility_2,single_family,18,0.0,0.0,0.0,0.0,0.0,0.0,0.0,0.0,0.0,0.0,0.0,0.0,0.0,0.0,0.0,0.0,0.0,0.0,0.0,0.0,0.0,0.0,0.0,0.0,0.0,0.0,0.0,0.0,0.0,0.0,0.0
heating_cooling,test_utility_2,test_utility_2,single_family,19,0.0,0.0,0.0,0.0,0.0,0.0,0.0,0.0,0.0,0.0,0.0,0.0,0.0,0.0,0.0,0.0,0.0,0.0,0.0,0.0,0.0,0.0,0.0,0.0,0.0,0.0,0.0,0.0,0.0,0.0,0.0
heating_cooling,test_utility_2,test_utility_2,multifamily_li,0,0.0,0.0,0.0,0.0,0.0,0.0,0.0,0.0,0.0,0.0,0.0,0.0,0.0,0.0,0.0,0.0,0.0,0.0,0.0,0.0,0.0,0.0,0.0,0.0,0.0,0.0,0.0,0.0,0.0,0.0,0.0
heating_cooling,test_utility_2,test_utility_2,multifamily_li,1,0.0,0.0,0.0,0.0,0.0,0.0,0.0,0.0,0.0,0.0,0.0,0.0,0.0,0.0,0.0,0.0,0.0,0.0,0.0,0.0,0.0,0.0,0.0,0.0,0.0,0.0,0.0,0.0,0.0,0.0,0.0
heating_cooling,test_utility_2,test_utility_2,multifamily_li,2,0.0,0.0,0.0,0.0,0.0,0.0,0.0,0.0,0.0,0.0,0.0,0.0,0.0,0.0,0.0,0.0,0.0,0.0,0.0,0.0,0.0,0.0,0.0,0.0,0.0,0.0,0.0,0.0,0.0,0.0,0.0
heating_cooling,test_utility_2,test_utility_2,multifamily_li,3,0.0,0.0,0.0,0.0,0.0,0.0,0.0,0.0,0.0,0.0,0.0,0.0,0.0,0.0,0.0,0.0,0.0,0.0,0.0,0.0,0.0,0.0,0.0,0.0,0.0,0.0,0.0,0.0,0.0,0.0,0.0
heating_cooling,test_utility_2,test_utility_2,multifamily_li,4,0.0,0.0,0.0,0.0,0.0,0.0,0.0,0.0,0.0,0.0,0.0,0.0,0.0,0.0,0.0,0.0,0.0,0.0,0.0,0.0,0.0,0.0,0.0,0.0,0.0,0.0,0.0,0.0,0.0,0.0,0.0
heating_cooling,test_utility_2,test_utility_2,multifamily_li,5,0.0,0.0,0.0,0.0,0.0,0.0,0.0,0.0,0.0,0.0,0.0,0.0,0.0,0.0,0.0,0.0,0.0,0.0,0.0,0.0,0.0,0.0,0.0,0.0,0.0,0.0,0.0,0.0,0.0,0.0,0.0
heating_cooling,test_utility_2,test_utility_2,multifamily_li,6,0.0,0.0,0.0,0.0,0.0,0.0,0.0,0.0,0.0,0.0,0.0,0.0,0.0,0.0,0.0,0.0,0.0,0.0,0.0,0.0,0.0,0.0,0.0,0.0,0.0,0.0,0.0,0.0,0.0,0.0,0.0
heating_cooling,test_utility_2,test_utility_2,multifamily_li,7,0.0,0.0,0.0,0.0,0.0,0.0,0.0,0.0,0.0,0.0,0.0,0.0,0.0,0.0,0.0,0.0,0.0,0.0,0.0,0.0,0.0,0.0,0.0,0.0,0.0,0.0,0.0,0.0,0.0,0.0,0.0
heating_cooling,test_utility_2,test_utility_2,multifamily_li,8,0.0,0.0,0.0,0.0,0.0,0.0,0.0,0.0,0.0,0.0,0.0,0.0,0.0,0.0,0.0,0.0,0.0,0.0,0.0,0.0,0.0,0.0,0.0,0.0,0.0,0.0,0.0,0.0,0.0,0.0,0.0
heating_cooling,test_utility_2,test_utility_2,multifamily_li,9,0.0,0.0,0.0,0.0,0.0,0.0,0.0,0.0,0.0,0.0,0.0,0.0,0.0,0.0,0.0,0.0,0.0,0.0,0.0,0.0,0.0,0.0,0.0,0.0,0.0,0.0,0.0,0.0,0.0,0.0,0.0
heating_cooling,test_utility_2,test_utility_2,multifamily_li,10,0.0,0.0,0.0,0.0,0.0,0.0,0.0,0.0,0.0,0.0,0.0,0.0,0.0,0.0,0.0,0.0,0.0,0.0,0.0,0.0,0.0,0.0,0.0,0.0,0.0,0.0,0.0,0.0,0.0,0.0,0.0
heating_cooling,test_utility_2,test_utility_2,multifamily_li,11,0.0,0.0,0.0,0.0,0.0,0.0,0.0,0.0,0.0,0.0,0.0,0.0,0.0,0.0,0.0,0.0,0.0,0.0,0.0,0.0,0.0,0.0,0.0,0.0,0.0,0.0,0.0,0.0,0.0,0.0,0.0
heating_cooling,test_utility_2,test_utility_2,multifamily_li,12,0.0,0.0,0.0,0.0,0.0,0.0,0.0,0.0,0.0,0.0,0.0,0.0,0.0,0.0,0.0,0.0,0.0,0.0,0.0,0.0,0.0,0.0,0.0,0.0,0.0,0.0,0.0,0.0,0.0,0.0,0.0
heating_cooling,test_utility_2,test_utility_2,multifamily_li,13,0.0,0.0,0.0,0.0,0.0,0.0,0.0,0.0,0.0,0.0,0.0,0.0,0.0,0.0,0.0,0.0,0.0,0.0,0.0,0.0,0.0,0.0,0.0,0.0,0.0,0.0,0.0,0.0,0.0,0.0,0.0
heating_cooling,test_utility_2,test_utility_2,multifamily_li,14,0.0,0.0,0.0,0.0,0.0,0.0,0.0,0.0,0.0,0.0,0.0,0.0,0.0,0.0,0.0,0.0,0.0,0.0,0.0,0.0,0.0,0.0,0.0,0.0,0.0,0.0,0.0,0.0,0.0,0.0,0.0
heating_cooling,test_utility_2,test_utility_2,multifamily_li,15,0.0,0.0,0.0,0.0,0.0,0.0,0.0,0.0,0.0,0.0,0.0,0.0,0.0,0.0,0.0,0.0,0.0,0.0,0.0,0.0,0.0,0.0,0.0,0.0,0.0,0.0,0.0,0.0,0.0,0.0,0.0
heating_cooling,test_utility_2,test_utility_2,multifamily_li,16,0.0,0.0,0.0,0.0,0.0,0.0,0.0,0.0,0.0,0.0,0.0,0.0,0.0,0.0,0.0,0.0,0.0,0.0,0.0,0.0,0.0,0.0,0.0,0.0,0.0,0.0,0.0,0.0,0.0,0.0,0.0
heating_cooling,test_utility_2,test_utility_2,multifamily_li,17,0.0,0.0,0.0,0.0,0.0,0.0,0.0,0.0,0.0,0.0,0.0,0.0,0.0,0.0,0.0,0.0,0.0,0.0,0.0,0.0,0.0,0.0,0.0,0.0,0.0,0.0,0.0,0.0,0.0,0.0,0.0
heating_cooling,test_utility_2,test_utility_2,multifamily_li,18,0.0,0.0,0.0,0.0,0.0,0.0,0.0,0.0,0.0,0.0,0.0,0.0,0.0,0.0,0.0,0.0,0.0,0.0,0.0,0.0,0.0,0.0,0.0,0.0,0.0,0.0,0.0,0.0,0.0,0.0,0.0
heating_cooling,test_utility_2,test_utility_2,multifamily_li,19,0.0,0.0,0.0,0.0,0.0,0.0,0.0,0.0,0.0,0.0,0.0,0.0,0.0,0.0,0.0,0.0,0.0,0.0,0.0,0.0,0.0,0.0,0.0,0.0,0.0,0.0,0.0,0.0,0.0,0.0,0.0
heating_cooling,test_utility_2,test_utility_2,single_family_li,0,0.0,0.0,0.0,0.0,0.0,0.0,0.0,0.0,0.0,0.0,0.0,0.0,0.0,0.0,0.0,0.0,0.0,0.0,0.0,0.0,0.0,0.0,0.0,0.0,0.0,0.0,0.0,0.0,0.0,0.0,0.0
heating_cooling,test_utility_2,test_utility_2,single_family_li,1,0.0,0.0,0.0,0.0,0.0,0.0,0.0,0.0,0.0,0.0,0.0,0.0,0.0,0.0,0.0,0.0,0.0,0.0,0.0,0.0,0.0,0.0,0.0,0.0,0.0,0.0,0.0,0.0,0.0,0.0,0.0
heating_cooling,test_utility_2,test_utility_2,single_family_li,2,0.0,0.0,0.0,0.0,0.0,0.0,0.0,0.0,0.0,0.0,0.0,0.0,0.0,0.0,0.0,0.0,0.0,0.0,0.0,0.0,0.0,0.0,0.0,0.0,0.0,0.0,0.0,0.0,0.0,0.0,0.0
heating_cooling,test_utility_2,test_utility_2,single_family_li,3,0.0,0.0,0.0,0.0,0.0,0.0,0.0,0.0,0.0,0.0,0.0,0.0,0.0,0.0,0.0,0.0,0.0,0.0,0.0,0.0,0.0,0.0,0.0,0.0,0.0,0.0,0.0,0.0,0.0,0.0,0.0
heating_cooling,test_utility_2,test_utility_2,single_family_li,4,0.0,0.0,0.0,0.0,0.0,0.0,0.0,0.0,0.0,0.0,0.0,0.0,0.0,0.0,0.0,0.0,0.0,0.0,0.0,0.0,0.0,0.0,0.0,0.0,0.0,0.0,0.0,0.0,0.0,0.0,0.0
heating_cooling,test_utility_2,test_utility_2,single_family_li,5,0.0,0.0,0.0,0.0,0.0,0.0,0.0,0.0,0.0,0.0,0.0,0.0,0.0,0.0,0.0,0.0,0.0,0.0,0.0,0.0,0.0,0.0,0.0,0.0,0.0,0.0,0.0,0.0,0.0,0.0,0.0
heating_cooling,test_utility_2,test_utility_2,single_family_li,6,0.0,0.0,0.0,0.0,0.0,0.0,0.0,0.0,0.0,0.0,0.0,0.0,0.0,0.0,0.0,0.0,0.0,0.0,0.0,0.0,0.0,0.0,0.0,0.0,0.0,0.0,0.0,0.0,0.0,0.0,0.0
heating_cooling,test_utility_2,test_utility_2,single_family_li,7,0.0,0.0,0.0,0.0,0.0,0.0,0.0,0.0,0.0,0.0,0.0,0.0,0.0,0.0,0.0,0.0,0.0,0.0,0.0,0.0,0.0,0.0,0.0,0.0,0.0,0.0,0.0,0.0,0.0,0.0,0.0
heating_cooling,test_utility_2,test_utility_2,single_family_li,8,0.0,0.0,0.0,0.0,0.0,0.0,0.0,0.0,0.0,0.0,0.0,0.0,0.0,0.0,0.0,0.0,0.0,0.0,0.0,0.0,0.0,0.0,0.0,0.0,0.0,0.0,0.0,0.0,0.0,0.0,0.0
heating_cooling,test_utility_2,test_utility_2,single_family_li,9,0.0,0.0,0.0,0.0,0.0,0.0,0.0,0.0,0.0,0.0,0.0,0.0,0.0,0.0,0.0,0.0,0.0,0.0,0.0,0.0,0.0,0.0,0.0,0.0,0.0,0.0,0.0,0.0,0.0,0.0,0.0
heating_cooling,test_utility_2,test_utility_2,single_family_li,10,0.0,0.0,0.0,0.0,0.0,0.0,0.0,0.0,0.0,0.0,0.0,0.0,0.0,0.0,0.0,0.0,0.0,0.0,0.0,0.0,0.0,0.0,0.0,0.0,0.0,0.0,0.0,0.0,0.0,0.0,0.0
heating_cooling,test_utility_2,test_utility_2,single_family_li,11,0.0,0.0,0.0,0.0,0.0,0.0,0.0,0.0,0.0,0.0,0.0,0.0,0.0,0.0,0.0,0.0,0.0,0.0,0.0,0.0,0.0,0.0,0.0,0.0,0.0,0.0,0.0,0.0,0.0,0.0,0.0
heating_cooling,test_utility_2,test_utility_2,single_family_li,12,0.0,0.0,0.0,0.0,0.0,0.0,0.0,0.0,0.0,0.0,0.0,0.0,0.0,0.0,0.0,0.0,0.0,0.0,0.0,0.0,0.0,0.0,0.0,0.0,0.0,0.0,0.0,0.0,0.0,0.0,0.0
heating_cooling,test_utility_2,test_utility_2,single_family_li,13,0.0,0.0,0.0,0.0,0.0,0.0,0.0,0.0,0.0,0.0,0.0,0.0,0.0,0.0,0.0,0.0,0.0,0.0,0.0,0.0,0.0,0.0,0.0,0.0,0.0,0.0,0.0,0.0,0.0,0.0,0.0
heating_cooling,test_utility_2,test_utility_2,single_family_li,14,0.0,0.0,0.0,0.0,0.0,0.0,0.0,0.0,0.0,0.0,0.0,0.0,0.0,0.0,0.0,0.0,0.0,0.0,0.0,0.0,0.0,0.0,0.0,0.0,0.0,0.0,0.0,0.0,0.0,0.0,0.0
heating_cooling,test_utility_2,test_utility_2,single_family_li,15,0.0,0.0,0.0,0.0,0.0,0.0,0.0,0.0,0.0,0.0,0.0,0.0,0.0,0.0,0.0,0.0,0.0,0.0,0.0,0.0,0.0,0.0,0.0,0.0,0.0,0.0,0.0,0.0,0.0,0.0,0.0
heating_cooling,test_utility_2,test_utility_2,single_family_li,16,0.0,0.0,0.0,0.0,0.0,0.0,0.0,0.0,0.0,0.0,0.0,0.0,0.0,0.0,0.0,0.0,0.0,0.0,0.0,0.0,0.0,0.0,0.0,0.0,0.0,0.0,0.0,0.0,0.0,0.0,0.0
heating_cooling,test_utility_2,test_utility_2,single_family_li,17,0.0,0.0,0.0,0.0,0.0,0.0,0.0,0.0,0.0,0.0,0.0,0.0,0.0,0.0,0.0,0.0,0.0,0.0,0.0,0.0,0.0,0.0,0.0,0.0,0.0,0.0,0.0,0.0,0.0,0.0,0.0
heating_cooling,test_utility_2,test_utility_2,single_family_li,18,0.0,0.0,0.0,0.0,0.0,0.0,0.0,0.0,0.0,0.0,0.0,0.0,0.0,0.0,0.0,0.0,0.0,0.0,0.0,0.0,0.0,0.0,0.0,0.0,0.0,0.0,0.0,0.0,0.0,0.0,0.0
heating_cooling,test_utility_2,test_utility_2,single_family_li,19,0.0,0.0,0.0,0.0,0.0,0.0,0.0,0.0,0.0,0.0,0.0,0.0,0.0,0.0,0.0,0.0,0.0,0.0,0.0,0.0,0.0,0.0,0.0,0.0,0.0,0.0,0.0,0.0,0.0,0.0,0.0
